customer_id,customer_name,segment,state,city,acquisition_channel
C00001,Alex Moore,Consumer,Florida,Orlando,Organic Search
C00002,Emerson Williams,Home Office,Florida,Jacksonville,Email
C00003,Taylor Davis,Consumer,California,Los Angeles,Referral
C00004,Emerson White,Consumer,Ohio,Cleveland,Referral
C00005,Alex Miller,Home Office,North Carolina,Raleigh,Paid Search
C00006,Casey Davis,Corporate,North Carolina,Charlotte,Email
C00007,Morgan Thomas,Corporate,Washington,Tacoma,Paid Search
C00008,Rowan Garcia,Consumer,Texas,San Antonio,Email
C00009,Jamie Robinson,Corporate,Missouri,Springfield,Organic Search
C00010,Jordan Wilson,Corporate,New York,New York,Organic Search
C00011,Quinn Moore,Corporate,Florida,Tampa,Organic Search
C00012,Parker Davis,Home Office,Virginia,Richmond,Direct
C00013,Blake Miller,Home Office,New York,Rochester,Organic Search
C00014,Rowan Jackson,Corporate,Pennsylvania,Allentown,Direct
C00015,Cameron Anderson,Consumer,Missouri,St. Louis,Email
C00016,Quinn Moore,Consumer,New Jersey,Newark,Referral
C00017,Avery Martin,Corporate,New Jersey,Trenton,Social
C00018,Drew Jones,Consumer,Illinois,Naperville,Referral
C00019,Drew Martinez,Corporate,Missouri,Springfield,Social
C00020,Cameron Jones,Home Office,Virginia,Richmond,Email
C00021,Morgan Jones,Home Office,Texas,Dallas,Direct
C00022,Blake Williams,Corporate,Arizona,Tucson,Referral
C00023,Skyler Moore,Home Office,Massachusetts,Boston,Direct
C00024,Emerson Moore,Home Office,Florida,Tampa,Email
C00025,Reese Miller,Corporate,Michigan,Detroit,Direct
C00026,Skyler Miller,Home Office,North Carolina,Charlotte,Direct
C00027,Skyler Robinson,Consumer,Michigan,Detroit,Paid Search
C00028,Emerson Thompson,Consumer,Pennsylvania,Allentown,Paid Search
C00029,Alex Brown,Corporate,Tennessee,Memphis,Organic Search
C00030,Cameron Martinez,Consumer,Texas,Houston,Direct
C00031,Taylor Garcia,Consumer,Tennessee,Nashville,Direct
C00032,Emerson Miller,Corporate,Tennessee,Knoxville,Referral
C00033,Avery Garcia,Home Office,Arizona,Mesa,Organic Search
C00034,Quinn Thomas,Corporate,Michigan,Ann Arbor,Social
C00035,Cameron Wilson,Consumer,Florida,Tampa,Email
C00036,Emerson Wilson,Home Office,Maryland,Baltimore,Email
C00037,Jordan Wilson,Consumer,New York,New York,Paid Search
C00038,Skyler Wilson,Corporate,New York,Rochester,Social
C00039,Emerson Jones,Home Office,Ohio,Cincinnati,Referral
C00040,Cameron Martin,Corporate,Tennessee,Nashville,Email
C00041,Reese Thomas,Corporate,Florida,Jacksonville,Social
C00042,Morgan Johnson,Corporate,Texas,Austin,Email
C00043,Avery Davis,Home Office,Georgia,Savannah,Organic Search
C00044,Riley Moore,Corporate,Arizona,Phoenix,Email
C00045,Emerson Brown,Consumer,Massachusetts,Cambridge,Referral
C00046,Taylor Wilson,Consumer,California,San Francisco,Social
C00047,Avery Jackson,Consumer,Tennessee,Nashville,Social
C00048,Quinn Moore,Corporate,California,San Jose,Social
C00049,Logan Jones,Consumer,Missouri,Kansas City,Organic Search
C00050,Dakota Garcia,Consumer,Texas,Austin,Email
C00051,Dakota Martin,Home Office,Texas,Dallas,Email
C00052,Taylor Miller,Consumer,Indiana,Evansville,Email
C00053,Quinn Brown,Home Office,Georgia,Atlanta,Referral
C00054,Jordan Robinson,Consumer,Wisconsin,Madison,Direct
C00055,Dakota Thompson,Corporate,Maryland,Frederick,Organic Search
C00056,Cameron Moore,Corporate,New Jersey,Newark,Direct
C00057,Rowan Anderson,Consumer,Michigan,Detroit,Social
C00058,Dakota Brown,Consumer,Wisconsin,Green Bay,Organic Search
C00059,Drew Jones,Corporate,Indiana,Indianapolis,Organic Search
C00060,Jamie Miller,Corporate,Virginia,Arlington,Direct
C00061,Blake Thompson,Consumer,Michigan,Ann Arbor,Referral
C00062,Morgan Jones,Corporate,Michigan,Detroit,Email
C00063,Casey Moore,Corporate,Missouri,Springfield,Organic Search
C00064,Avery Moore,Home Office,New Jersey,Jersey City,Paid Search
C00065,Taylor White,Corporate,Texas,Houston,Email
C00066,Casey Moore,Consumer,New Jersey,Trenton,Social
C00067,Reese Garcia,Consumer,Missouri,St. Louis,Email
C00068,Emerson Johnson,Corporate,Illinois,Naperville,Referral
C00069,Reese Jones,Consumer,Illinois,Aurora,Paid Search
C00070,Parker Davis,Home Office,Texas,Dallas,Direct
C00071,Parker Garcia,Corporate,Florida,Orlando,Organic Search
C00072,Riley White,Consumer,Pennsylvania,Philadelphia,Direct
C00073,Reese Wilson,Corporate,New Jersey,Newark,Direct
C00074,Quinn Johnson,Corporate,Florida,Orlando,Organic Search
C00075,Parker Taylor,Consumer,Massachusetts,Boston,Email
C00076,Quinn Anderson,Corporate,Ohio,Columbus,Paid Search
C00077,Skyler Jackson,Home Office,Virginia,Arlington,Paid Search
C00078,Morgan Moore,Consumer,California,San Jose,Email
C00079,Blake White,Corporate,Florida,Tampa,Social
C00080,Skyler Brown,Corporate,Wisconsin,Green Bay,Organic Search
C00081,Jordan White,Consumer,North Carolina,Durham,Referral
C00082,Parker White,Consumer,Ohio,Cincinnati,Paid Search
C00083,Sam Brown,Home Office,Wisconsin,Madison,Referral
C00084,Reese Anderson,Corporate,Michigan,Ann Arbor,Paid Search
C00085,Casey Davis,Corporate,Missouri,Springfield,Social
C00086,Blake Martinez,Corporate,Pennsylvania,Pittsburgh,Referral
C00087,Jamie Taylor,Consumer,California,San Francisco,Referral
C00088,Sam Harris,Corporate,Wisconsin,Madison,Direct
C00089,Skyler Martin,Home Office,Ohio,Columbus,Direct
C00090,Jamie Thompson,Home Office,New York,Rochester,Referral
C00091,Taylor Wilson,Home Office,New Jersey,Jersey City,Organic Search
C00092,Casey Smith,Consumer,Ohio,Columbus,Social
C00093,Taylor Harris,Corporate,Wisconsin,Green Bay,Referral
C00094,Quinn Martin,Corporate,Ohio,Columbus,Organic Search
C00095,Morgan White,Consumer,California,San Diego,Direct
C00096,Rowan Johnson,Home Office,Indiana,Indianapolis,Email
C00097,Casey Harris,Home Office,Massachusetts,Cambridge,Referral
C00098,Sam Harris,Home Office,Wisconsin,Green Bay,Referral
C00099,Emerson Harris,Consumer,Arizona,Mesa,Social
C00100,Drew Wilson,Home Office,Massachusetts,Worcester,Referral
C00101,Cameron Moore,Corporate,Tennessee,Nashville,Direct
C00102,Cameron Moore,Corporate,Michigan,Grand Rapids,Referral
C00103,Casey Jones,Consumer,New York,Buffalo,Direct
C00104,Avery Williams,Corporate,Illinois,Aurora,Paid Search
C00105,Rowan White,Consumer,Missouri,St. Louis,Social
C00106,Dakota Smith,Home Office,Washington,Spokane,Social
C00107,Parker Taylor,Corporate,California,San Francisco,Referral
C00108,Blake Wilson,Corporate,Missouri,St. Louis,Paid Search
C00109,Logan Smith,Corporate,Arizona,Tucson,Direct
C00110,Riley Harris,Consumer,Washington,Tacoma,Referral
C00111,Quinn Martinez,Home Office,California,Los Angeles,Email
C00112,Casey Harris,Consumer,Arizona,Phoenix,Paid Search
C00113,Sam Davis,Corporate,Washington,Spokane,Paid Search
C00114,Drew White,Corporate,Washington,Seattle,Social
C00115,Emerson Johnson,Corporate,California,San Diego,Direct
C00116,Jordan Smith,Consumer,New York,New York,Email
C00117,Casey Wilson,Consumer,Wisconsin,Madison,Direct
C00118,Dakota Davis,Corporate,Florida,Tampa,Paid Search
C00119,Blake Robinson,Home Office,Pennsylvania,Allentown,Email
C00120,Jamie Brown,Home Office,Pennsylvania,Philadelphia,Paid Search
C00121,Quinn Jackson,Home Office,Maryland,Baltimore,Email
C00122,Cameron Brown,Home Office,Maryland,Frederick,Direct
C00123,Morgan Martinez,Consumer,Wisconsin,Madison,Referral
C00124,Parker Williams,Home Office,Arizona,Mesa,Paid Search
C00125,Reese Martin,Consumer,California,San Francisco,Paid Search
C00126,Casey White,Consumer,Massachusetts,Cambridge,Referral
C00127,Blake Garcia,Corporate,North Carolina,Raleigh,Social
C00128,Drew Anderson,Consumer,Maryland,Baltimore,Paid Search
C00129,Cameron Harris,Home Office,Massachusetts,Cambridge,Direct
C00130,Sam Smith,Corporate,Washington,Spokane,Organic Search
C00131,Avery Thomas,Corporate,Tennessee,Memphis,Paid Search
C00132,Drew Garcia,Consumer,Wisconsin,Green Bay,Organic Search
C00133,Cameron White,Corporate,New York,Rochester,Organic Search
C00134,Logan Harris,Consumer,Tennessee,Nashville,Paid Search
C00135,Quinn Wilson,Corporate,Georgia,Augusta,Referral
C00136,Logan Garcia,Home Office,Virginia,Richmond,Social
C00137,Sam Thomas,Home Office,Missouri,Kansas City,Paid Search
C00138,Drew Wilson,Consumer,Michigan,Ann Arbor,Organic Search
C00139,Morgan Garcia,Home Office,New Jersey,Newark,Organic Search
C00140,Logan Moore,Home Office,Ohio,Cincinnati,Referral
C00141,Jamie Brown,Consumer,Wisconsin,Madison,Organic Search
C00142,Riley Taylor,Consumer,Virginia,Arlington,Referral
C00143,Drew Johnson,Consumer,Illinois,Naperville,Paid Search
C00144,Logan Brown,Consumer,Illinois,Naperville,Paid Search
C00145,Logan Harris,Corporate,Tennessee,Nashville,Email
C00146,Logan Brown,Consumer,North Carolina,Raleigh,Social
C00147,Dakota Johnson,Consumer,New York,New York,Referral
C00148,Taylor Wilson,Consumer,Michigan,Ann Arbor,Social
C00149,Blake Robinson,Consumer,Wisconsin,Green Bay,Social
C00150,Rowan Taylor,Home Office,Massachusetts,Worcester,Paid Search
C00151,Blake Johnson,Home Office,Maryland,Rockville,Email
C00152,Avery Moore,Home Office,Ohio,Columbus,Organic Search
C00153,Riley Garcia,Consumer,Georgia,Atlanta,Email
C00154,Rowan Robinson,Corporate,Arizona,Tucson,Email
C00155,Jamie Taylor,Home Office,Georgia,Savannah,Email
C00156,Drew Martinez,Home Office,Georgia,Atlanta,Social
C00157,Emerson Wilson,Home Office,Florida,Orlando,Paid Search
C00158,Taylor Johnson,Consumer,Illinois,Aurora,Referral
C00159,Jamie Harris,Consumer,Maryland,Frederick,Direct
C00160,Quinn Moore,Home Office,Michigan,Ann Arbor,Social
C00161,Taylor Robinson,Consumer,Massachusetts,Worcester,Direct
C00162,Blake Moore,Consumer,New Jersey,Newark,Organic Search
C00163,Dakota Smith,Home Office,Maryland,Frederick,Referral
C00164,Riley Martin,Home Office,Texas,San Antonio,Paid Search
C00165,Dakota White,Home Office,Pennsylvania,Pittsburgh,Email
C00166,Parker White,Corporate,Tennessee,Memphis,Direct
C00167,Riley Anderson,Corporate,Florida,Jacksonville,Paid Search
C00168,Emerson Johnson,Corporate,Washington,Seattle,Paid Search
C00169,Sam Brown,Corporate,North Carolina,Durham,Email
C00170,Rowan White,Consumer,Missouri,St. Louis,Referral
C00171,Blake Martin,Home Office,Virginia,Richmond,Email
C00172,Drew Garcia,Consumer,Ohio,Cleveland,Social
C00173,Morgan Smith,Home Office,Tennessee,Knoxville,Organic Search
C00174,Jamie Garcia,Consumer,Pennsylvania,Allentown,Social
C00175,Cameron Brown,Corporate,New York,New York,Direct
C00176,Logan Taylor,Home Office,Illinois,Naperville,Paid Search
C00177,Logan Martin,Consumer,Arizona,Tucson,Referral
C00178,Quinn Davis,Home Office,Illinois,Naperville,Direct
C00179,Taylor Moore,Corporate,Illinois,Aurora,Referral
C00180,Alex Taylor,Home Office,North Carolina,Raleigh,Referral
C00181,Logan Jones,Corporate,Maryland,Rockville,Social
C00182,Sam Garcia,Home Office,Virginia,Richmond,Social
C00183,Avery Wilson,Home Office,New Jersey,Jersey City,Organic Search
C00184,Jordan Anderson,Home Office,Arizona,Tucson,Direct
C00185,Quinn Jones,Corporate,Washington,Seattle,Organic Search
C00186,Dakota Anderson,Consumer,Indiana,Fort Wayne,Email
C00187,Rowan Smith,Home Office,Indiana,Indianapolis,Social
C00188,Taylor Martin,Corporate,Illinois,Aurora,Referral
C00189,Taylor Anderson,Home Office,Washington,Tacoma,Social
C00190,Logan Garcia,Consumer,New Jersey,Trenton,Email
C00191,Jamie Wilson,Home Office,Georgia,Atlanta,Social
C00192,Morgan Harris,Consumer,Florida,Tampa,Email
C00193,Sam Johnson,Corporate,Texas,Austin,Paid Search
C00194,Casey Wilson,Home Office,Arizona,Tucson,Referral
C00195,Riley Miller,Consumer,Pennsylvania,Allentown,Social
C00196,Cameron Martin,Home Office,Wisconsin,Milwaukee,Organic Search
C00197,Drew Harris,Corporate,Massachusetts,Cambridge,Email
C00198,Jamie Garcia,Consumer,Massachusetts,Boston,Social
C00199,Dakota Taylor,Home Office,Virginia,Richmond,Direct
C00200,Rowan Taylor,Consumer,North Carolina,Raleigh,Social
C00201,Cameron Jackson,Home Office,Florida,Tampa,Referral
C00202,Jamie Smith,Home Office,Michigan,Grand Rapids,Paid Search
C00203,Dakota Johnson,Home Office,California,San Francisco,Paid Search
C00204,Blake Thomas,Consumer,Georgia,Augusta,Organic Search
C00205,Drew Jones,Home Office,Wisconsin,Milwaukee,Direct
C00206,Jamie Harris,Consumer,Texas,Austin,Direct
C00207,Taylor Taylor,Corporate,Illinois,Naperville,Social
C00208,Avery Jones,Home Office,Pennsylvania,Pittsburgh,Referral
C00209,Drew Miller,Corporate,Indiana,Fort Wayne,Paid Search
C00210,Morgan Harris,Consumer,New Jersey,Newark,Organic Search
C00211,Emerson Thomas,Consumer,Washington,Spokane,Email
C00212,Emerson Brown,Corporate,North Carolina,Raleigh,Direct
C00213,Dakota Jackson,Home Office,North Carolina,Raleigh,Email
C00214,Logan Smith,Home Office,Georgia,Augusta,Paid Search
C00215,Cameron Williams,Home Office,Wisconsin,Madison,Direct
C00216,Reese Brown,Consumer,Michigan,Detroit,Email
C00217,Logan Brown,Consumer,Michigan,Detroit,Referral
C00218,Quinn Harris,Corporate,Illinois,Naperville,Direct
C00219,Reese Martinez,Home Office,Missouri,Springfield,Organic Search
C00220,Morgan Martin,Home Office,Arizona,Tucson,Paid Search
C00221,Parker Davis,Corporate,Texas,San Antonio,Organic Search
C00222,Morgan Thomas,Home Office,Virginia,Arlington,Paid Search
C00223,Quinn Moore,Consumer,Texas,Houston,Social
C00224,Avery Robinson,Consumer,New York,New York,Paid Search
C00225,Casey Martinez,Consumer,Georgia,Atlanta,Referral
C00226,Dakota Davis,Consumer,Ohio,Cleveland,Organic Search
C00227,Alex Moore,Consumer,Wisconsin,Milwaukee,Referral
C00228,Riley Brown,Home Office,North Carolina,Charlotte,Organic Search
C00229,Parker Wilson,Home Office,California,San Jose,Email
C00230,Drew Johnson,Consumer,Pennsylvania,Allentown,Social
C00231,Morgan Williams,Corporate,Indiana,Fort Wayne,Paid Search
C00232,Dakota Brown,Corporate,Indiana,Evansville,Organic Search
C00233,Jordan Thompson,Corporate,Wisconsin,Madison,Direct
C00234,Jordan Martin,Corporate,California,San Francisco,Direct
C00235,Logan Harris,Consumer,Florida,Miami,Paid Search
C00236,Casey Williams,Consumer,Wisconsin,Madison,Referral
C00237,Emerson Anderson,Corporate,Maryland,Rockville,Referral
C00238,Rowan Thompson,Home Office,Michigan,Grand Rapids,Email
C00239,Emerson Davis,Corporate,Florida,Jacksonville,Organic Search
C00240,Sam Harris,Corporate,Arizona,Tucson,Direct
C00241,Sam White,Corporate,Florida,Tampa,Paid Search
C00242,Logan Williams,Consumer,Illinois,Chicago,Email
C00243,Morgan Thomas,Consumer,Arizona,Mesa,Email
C00244,Emerson Garcia,Corporate,Maryland,Rockville,Email
C00245,Parker White,Home Office,Arizona,Phoenix,Paid Search
C00246,Jamie Thomas,Consumer,Wisconsin,Green Bay,Referral
C00247,Casey Martin,Consumer,Ohio,Columbus,Paid Search
C00248,Parker Brown,Corporate,Missouri,Springfield,Organic Search
C00249,Emerson Robinson,Home Office,Arizona,Mesa,Direct
C00250,Alex Robinson,Home Office,Missouri,Springfield,Paid Search
C00251,Riley Moore,Home Office,California,San Jose,Paid Search
C00252,Alex Miller,Consumer,Virginia,Arlington,Direct
C00253,Taylor Jones,Home Office,Washington,Tacoma,Email
C00254,Skyler Davis,Corporate,New York,Buffalo,Social
C00255,Riley Thomas,Corporate,New Jersey,Trenton,Paid Search
C00256,Blake Williams,Consumer,Maryland,Baltimore,Organic Search
C00257,Jordan Williams,Corporate,Wisconsin,Madison,Direct
C00258,Logan Robinson,Corporate,Arizona,Tucson,Paid Search
C00259,Skyler Brown,Corporate,Ohio,Cleveland,Email
C00260,Dakota Martin,Home Office,Michigan,Ann Arbor,Paid Search
C00261,Cameron Jackson,Home Office,Texas,Houston,Email
C00262,Jamie Davis,Consumer,Ohio,Cleveland,Paid Search
C00263,Morgan Smith,Corporate,New Jersey,Trenton,Social
C00264,Casey Jackson,Home Office,Pennsylvania,Allentown,Organic Search
C00265,Emerson Thomas,Consumer,Indiana,Fort Wayne,Direct
C00266,Reese Smith,Corporate,Texas,Houston,Paid Search
C00267,Reese Martinez,Corporate,Maryland,Rockville,Direct
C00268,Jamie Brown,Corporate,Arizona,Phoenix,Paid Search
C00269,Blake Harris,Home Office,Pennsylvania,Pittsburgh,Email
C00270,Morgan Wilson,Corporate,Arizona,Mesa,Social
C00271,Taylor Jackson,Corporate,Indiana,Evansville,Paid Search
C00272,Sam Miller,Consumer,Georgia,Augusta,Direct
C00273,Skyler Thompson,Consumer,Florida,Tampa,Paid Search
C00274,Cameron Brown,Consumer,Illinois,Aurora,Organic Search
C00275,Blake Jones,Home Office,Pennsylvania,Philadelphia,Organic Search
C00276,Rowan Martinez,Home Office,Tennessee,Memphis,Direct
C00277,Blake Anderson,Home Office,Maryland,Frederick,Organic Search
C00278,Taylor Martin,Corporate,Massachusetts,Cambridge,Paid Search
C00279,Dakota Johnson,Corporate,North Carolina,Durham,Email
C00280,Rowan Harris,Consumer,Michigan,Detroit,Paid Search
C00281,Taylor Williams,Home Office,Michigan,Ann Arbor,Referral
C00282,Rowan Martinez,Home Office,Washington,Tacoma,Email
C00283,Dakota Davis,Corporate,Massachusetts,Cambridge,Social
C00284,Casey Johnson,Corporate,Indiana,Indianapolis,Paid Search
C00285,Skyler Miller,Consumer,New York,New York,Direct
C00286,Rowan Thompson,Home Office,Massachusetts,Cambridge,Organic Search
C00287,Parker Taylor,Corporate,Virginia,Richmond,Paid Search
C00288,Jordan Anderson,Consumer,Wisconsin,Madison,Email
C00289,Quinn Taylor,Corporate,Missouri,Springfield,Direct
C00290,Casey Anderson,Consumer,Wisconsin,Green Bay,Direct
C00291,Parker Taylor,Home Office,Illinois,Naperville,Direct
C00292,Casey Robinson,Home Office,Washington,Seattle,Paid Search
C00293,Quinn Anderson,Consumer,Missouri,Springfield,Direct
C00294,Taylor White,Home Office,Indiana,Fort Wayne,Email
C00295,Jamie Miller,Consumer,Virginia,Richmond,Social
C00296,Cameron Jones,Consumer,Ohio,Columbus,Paid Search
C00297,Skyler Garcia,Home Office,Florida,Miami,Direct
C00298,Blake Jones,Home Office,New Jersey,Jersey City,Organic Search
C00299,Riley Robinson,Consumer,Pennsylvania,Allentown,Social
C00300,Reese Thomas,Home Office,Texas,Dallas,Social
C00301,Jamie Harris,Consumer,Wisconsin,Green Bay,Organic Search
C00302,Logan Davis,Corporate,Michigan,Ann Arbor,Referral
C00303,Rowan Taylor,Corporate,Massachusetts,Cambridge,Referral
C00304,Riley Davis,Home Office,Arizona,Phoenix,Paid Search
C00305,Logan Thomas,Home Office,Texas,Houston,Direct
C00306,Morgan Taylor,Consumer,Indiana,Indianapolis,Paid Search
C00307,Skyler Jones,Corporate,Massachusetts,Boston,Organic Search
C00308,Parker Smith,Corporate,Massachusetts,Boston,Social
C00309,Parker Wilson,Corporate,Indiana,Indianapolis,Paid Search
C00310,Alex Anderson,Consumer,Georgia,Augusta,Direct
C00311,Casey Jones,Consumer,New Jersey,Jersey City,Social
C00312,Logan Harris,Home Office,Illinois,Chicago,Email
C00313,Drew Davis,Consumer,California,San Francisco,Email
C00314,Cameron Taylor,Consumer,Michigan,Detroit,Organic Search
C00315,Blake Harris,Consumer,Arizona,Phoenix,Social
C00316,Emerson Smith,Home Office,Wisconsin,Green Bay,Referral
C00317,Casey Taylor,Corporate,Georgia,Atlanta,Referral
C00318,Cameron Martinez,Corporate,Virginia,Virginia Beach,Direct
C00319,Skyler Thomas,Consumer,New York,Rochester,Referral
C00320,Skyler Garcia,Consumer,Indiana,Fort Wayne,Social
C00321,Quinn Thomas,Corporate,Texas,Houston,Paid Search
C00322,Parker Wilson,Home Office,New York,Rochester,Direct
C00323,Dakota Anderson,Consumer,Florida,Miami,Paid Search
C00324,Sam Miller,Home Office,Missouri,Kansas City,Direct
C00325,Riley Jones,Consumer,Tennessee,Knoxville,Social
C00326,Jamie Davis,Consumer,Texas,Dallas,Email
C00327,Jamie Thompson,Corporate,New Jersey,Trenton,Social
C00328,Jordan Davis,Corporate,North Carolina,Raleigh,Email
C00329,Drew Brown,Corporate,New Jersey,Jersey City,Social
C00330,Quinn Anderson,Consumer,Massachusetts,Worcester,Direct
C00331,Parker Thompson,Corporate,Tennessee,Nashville,Direct
C00332,Taylor White,Home Office,Arizona,Phoenix,Referral
C00333,Sam Brown,Consumer,Michigan,Grand Rapids,Direct
C00334,Jamie Harris,Home Office,Michigan,Ann Arbor,Social
C00335,Rowan Thomas,Corporate,Pennsylvania,Philadelphia,Direct
C00336,Blake White,Corporate,Virginia,Arlington,Email
C00337,Quinn Thomas,Home Office,New York,Rochester,Direct
C00338,Alex Jones,Home Office,Pennsylvania,Allentown,Social
C00339,Casey Williams,Consumer,Texas,Austin,Paid Search
C00340,Dakota Johnson,Home Office,Washington,Seattle,Direct
C00341,Parker Thomas,Corporate,Massachusetts,Boston,Referral
C00342,Skyler Thomas,Corporate,Illinois,Aurora,Direct
C00343,Cameron Brown,Consumer,North Carolina,Durham,Organic Search
C00344,Skyler Jackson,Home Office,Tennessee,Nashville,Paid Search
C00345,Rowan Davis,Home Office,North Carolina,Raleigh,Direct
C00346,Avery Brown,Consumer,Tennessee,Nashville,Social
C00347,Rowan Williams,Home Office,Pennsylvania,Pittsburgh,Direct
C00348,Taylor Garcia,Home Office,Virginia,Richmond,Paid Search
C00349,Riley Thomas,Home Office,Pennsylvania,Philadelphia,Email
C00350,Casey Wilson,Corporate,Ohio,Columbus,Paid Search
C00351,Dakota Thomas,Corporate,Missouri,Springfield,Organic Search
C00352,Taylor Williams,Corporate,Wisconsin,Madison,Direct
C00353,Skyler White,Corporate,Tennessee,Knoxville,Email
C00354,Sam Williams,Corporate,Illinois,Aurora,Direct
C00355,Parker Jones,Home Office,Indiana,Evansville,Referral
C00356,Casey White,Home Office,Pennsylvania,Philadelphia,Email
C00357,Casey Taylor,Consumer,Indiana,Indianapolis,Paid Search
C00358,Parker Thompson,Corporate,Georgia,Atlanta,Paid Search
C00359,Emerson Moore,Consumer,Ohio,Cincinnati,Paid Search
C00360,Emerson Williams,Home Office,Wisconsin,Green Bay,Organic Search
C00361,Dakota Jones,Consumer,Maryland,Rockville,Referral
C00362,Sam Martinez,Consumer,Wisconsin,Milwaukee,Email
C00363,Dakota Moore,Home Office,Texas,Dallas,Referral
C00364,Blake Smith,Corporate,Arizona,Mesa,Referral
C00365,Jamie Martin,Consumer,Michigan,Ann Arbor,Social
C00366,Rowan Williams,Home Office,Michigan,Detroit,Organic Search
C00367,Reese Martin,Corporate,Massachusetts,Boston,Paid Search
C00368,Casey Anderson,Home Office,Wisconsin,Madison,Direct
C00369,Quinn Jones,Corporate,Virginia,Arlington,Referral
C00370,Sam Wilson,Corporate,Florida,Miami,Paid Search
C00371,Cameron Jones,Consumer,Massachusetts,Boston,Paid Search
C00372,Blake White,Consumer,Washington,Seattle,Paid Search
C00373,Sam Davis,Consumer,Maryland,Frederick,Referral
C00374,Logan Taylor,Corporate,Massachusetts,Boston,Email
C00375,Skyler Harris,Consumer,Washington,Seattle,Referral
C00376,Jordan Johnson,Corporate,Virginia,Richmond,Referral
C00377,Jamie Garcia,Consumer,Tennessee,Nashville,Social
C00378,Drew Thomas,Corporate,Illinois,Aurora,Email
C00379,Jordan Martinez,Home Office,Washington,Seattle,Paid Search
C00380,Jamie Williams,Corporate,Missouri,Springfield,Social
C00381,Drew Robinson,Home Office,Missouri,Springfield,Email
C00382,Morgan Jackson,Corporate,Illinois,Aurora,Referral
C00383,Casey Davis,Home Office,Virginia,Arlington,Social
C00384,Jordan Johnson,Consumer,Indiana,Indianapolis,Direct
C00385,Logan Thompson,Corporate,New Jersey,Newark,Referral
C00386,Casey Anderson,Home Office,Indiana,Fort Wayne,Organic Search
C00387,Blake Taylor,Home Office,Washington,Spokane,Referral
C00388,Emerson Martin,Home Office,Indiana,Evansville,Paid Search
C00389,Alex Thomas,Corporate,Tennessee,Knoxville,Email
C00390,Dakota Taylor,Home Office,Arizona,Mesa,Direct
C00391,Blake Martin,Corporate,California,San Diego,Direct
C00392,Dakota Martin,Consumer,Texas,San Antonio,Organic Search
C00393,Jordan Martinez,Home Office,Georgia,Atlanta,Organic Search
C00394,Rowan Anderson,Corporate,California,San Diego,Social
C00395,Reese Thompson,Home Office,Ohio,Cleveland,Direct
C00396,Casey Thompson,Consumer,Texas,Austin,Direct
C00397,Skyler Jackson,Corporate,Tennessee,Nashville,Social
C00398,Sam Garcia,Corporate,Missouri,Springfield,Direct
C00399,Blake Martin,Consumer,North Carolina,Charlotte,Paid Search
C00400,Jamie Wilson,Corporate,Missouri,Kansas City,Direct
C00401,Logan Anderson,Corporate,Ohio,Cleveland,Referral
C00402,Jamie Brown,Home Office,North Carolina,Durham,Referral
C00403,Quinn Thomas,Consumer,Washington,Spokane,Email
C00404,Taylor Thomas,Corporate,Michigan,Ann Arbor,Paid Search
C00405,Avery Davis,Home Office,Tennessee,Memphis,Referral
C00406,Casey Brown,Home Office,North Carolina,Durham,Referral
C00407,Cameron Johnson,Home Office,Georgia,Augusta,Organic Search
C00408,Jordan Brown,Corporate,Georgia,Savannah,Direct
C00409,Morgan Jones,Consumer,Tennessee,Knoxville,Organic Search
C00410,Logan Martin,Home Office,Arizona,Phoenix,Paid Search
C00411,Jamie Johnson,Consumer,New Jersey,Trenton,Referral
C00412,Emerson Johnson,Consumer,Georgia,Savannah,Organic Search
C00413,Quinn Martin,Consumer,Texas,Austin,Email
C00414,Jamie Martinez,Home Office,California,Los Angeles,Paid Search
C00415,Rowan Garcia,Home Office,Michigan,Grand Rapids,Organic Search
C00416,Rowan Moore,Consumer,Indiana,Indianapolis,Paid Search
C00417,Rowan Moore,Home Office,Pennsylvania,Philadelphia,Email
C00418,Jamie Martinez,Home Office,New Jersey,Newark,Organic Search
C00419,Quinn White,Home Office,Wisconsin,Madison,Email
C00420,Morgan Miller,Consumer,Washington,Spokane,Paid Search
C00421,Alex Moore,Corporate,Georgia,Atlanta,Social
C00422,Sam Taylor,Home Office,North Carolina,Durham,Referral
C00423,Drew Thomas,Home Office,California,San Diego,Email
C00424,Rowan Taylor,Consumer,Florida,Jacksonville,Direct
C00425,Jamie Brown,Home Office,Indiana,Fort Wayne,Paid Search
C00426,Cameron Wilson,Consumer,Wisconsin,Madison,Organic Search
C00427,Blake Thomas,Corporate,Massachusetts,Cambridge,Referral
C00428,Emerson Davis,Consumer,Tennessee,Knoxville,Referral
C00429,Skyler Harris,Home Office,New York,Rochester,Paid Search
C00430,Dakota Brown,Consumer,New York,Rochester,Referral
C00431,Dakota Garcia,Consumer,Ohio,Columbus,Paid Search
C00432,Rowan Brown,Home Office,Indiana,Indianapolis,Direct
C00433,Logan Williams,Home Office,Maryland,Frederick,Email
C00434,Casey Thompson,Corporate,Massachusetts,Worcester,Referral
C00435,Emerson Harris,Home Office,Texas,Austin,Direct
C00436,Quinn Moore,Consumer,California,San Diego,Referral
C00437,Jordan White,Corporate,New York,Rochester,Email
C00438,Jordan Williams,Corporate,Missouri,St. Louis,Paid Search
C00439,Riley Jones,Home Office,Arizona,Mesa,Direct
C00440,Parker Jackson,Corporate,Arizona,Tucson,Social
C00441,Emerson Jones,Home Office,New York,Buffalo,Email
C00442,Emerson Jackson,Home Office,Pennsylvania,Philadelphia,Direct
C00443,Alex Smith,Corporate,Georgia,Savannah,Direct
C00444,Reese Garcia,Corporate,Missouri,St. Louis,Organic Search
C00445,Parker Jones,Corporate,Massachusetts,Boston,Direct
C00446,Jordan White,Home Office,Florida,Miami,Organic Search
C00447,Taylor Brown,Home Office,Ohio,Columbus,Social
C00448,Jordan Wilson,Home Office,Wisconsin,Milwaukee,Social
C00449,Cameron Garcia,Consumer,Massachusetts,Boston,Organic Search
C00450,Jamie Wilson,Home Office,Indiana,Evansville,Paid Search
C00451,Blake Anderson,Consumer,Maryland,Frederick,Organic Search
C00452,Cameron White,Corporate,Indiana,Fort Wayne,Email
C00453,Dakota Miller,Home Office,Missouri,Springfield,Social
C00454,Logan Johnson,Corporate,Missouri,Springfield,Direct
C00455,Skyler Anderson,Home Office,Washington,Spokane,Social
C00456,Jamie Jackson,Consumer,Illinois,Naperville,Social
C00457,Cameron Taylor,Home Office,Georgia,Atlanta,Social
C00458,Emerson White,Corporate,Texas,Dallas,Social
C00459,Drew Davis,Corporate,Georgia,Augusta,Email
C00460,Parker Williams,Home Office,Massachusetts,Cambridge,Organic Search
C00461,Drew Jackson,Home Office,Texas,Houston,Email
C00462,Dakota Garcia,Consumer,Ohio,Cleveland,Organic Search
C00463,Jamie Smith,Consumer,New Jersey,Newark,Direct
C00464,Logan Wilson,Home Office,Florida,Orlando,Social
C00465,Emerson Anderson,Corporate,Georgia,Savannah,Social
C00466,Parker Taylor,Corporate,Missouri,Kansas City,Referral
C00467,Rowan Brown,Home Office,Tennessee,Memphis,Paid Search
C00468,Parker Anderson,Corporate,Ohio,Columbus,Referral
C00469,Casey Smith,Corporate,Georgia,Augusta,Referral
C00470,Reese Taylor,Consumer,Maryland,Baltimore,Paid Search
C00471,Quinn Martinez,Consumer,Georgia,Savannah,Referral
C00472,Drew Martin,Home Office,New Jersey,Trenton,Direct
C00473,Rowan Miller,Home Office,Tennessee,Memphis,Organic Search
C00474,Emerson Martin,Consumer,Illinois,Naperville,Direct
C00475,Skyler Johnson,Consumer,Texas,Houston,Email
C00476,Casey Wilson,Consumer,Arizona,Mesa,Organic Search
C00477,Avery Thompson,Corporate,California,San Jose,Email
C00478,Blake Martin,Home Office,Wisconsin,Madison,Email
C00479,Emerson Garcia,Corporate,California,Los Angeles,Email
C00480,Drew Garcia,Corporate,Indiana,Indianapolis,Referral
C00481,Riley Brown,Consumer,Arizona,Mesa,Organic Search
C00482,Avery Robinson,Home Office,Georgia,Savannah,Paid Search
C00483,Quinn Williams,Corporate,North Carolina,Raleigh,Social
C00484,Cameron Wilson,Corporate,Maryland,Rockville,Email
C00485,Taylor Jackson,Corporate,Texas,San Antonio,Referral
C00486,Jordan Smith,Home Office,Tennessee,Nashville,Email
C00487,Reese Anderson,Home Office,Tennessee,Nashville,Referral
C00488,Cameron Davis,Home Office,Texas,San Antonio,Paid Search
C00489,Taylor Moore,Home Office,Texas,Houston,Organic Search
C00490,Alex Davis,Home Office,New Jersey,Newark,Direct
C00491,Taylor Taylor,Consumer,Washington,Tacoma,Organic Search
C00492,Quinn Garcia,Corporate,Maryland,Frederick,Direct
C00493,Taylor Thompson,Home Office,Illinois,Aurora,Email
C00494,Reese Wilson,Consumer,Florida,Tampa,Referral
C00495,Blake Jackson,Corporate,Wisconsin,Milwaukee,Direct
C00496,Rowan Martin,Consumer,North Carolina,Raleigh,Referral
C00497,Reese Miller,Home Office,Washington,Tacoma,Direct
C00498,Taylor Robinson,Corporate,Washington,Seattle,Direct
C00499,Taylor Moore,Consumer,New York,Buffalo,Direct
C00500,Quinn Anderson,Corporate,Illinois,Chicago,Email
C00501,Jamie Harris,Corporate,California,San Jose,Email
C00502,Taylor Miller,Corporate,Illinois,Aurora,Referral
C00503,Skyler White,Consumer,Missouri,St. Louis,Email
C00504,Emerson Williams,Home Office,Virginia,Arlington,Paid Search
C00505,Alex Taylor,Corporate,Washington,Spokane,Email
C00506,Cameron Martinez,Home Office,Missouri,St. Louis,Direct
C00507,Riley Jones,Corporate,Washington,Spokane,Paid Search
C00508,Casey Williams,Consumer,Tennessee,Memphis,Paid Search
C00509,Jamie Martin,Consumer,Arizona,Tucson,Paid Search
C00510,Logan Robinson,Home Office,Georgia,Atlanta,Social
C00511,Casey Taylor,Consumer,Florida,Jacksonville,Paid Search
C00512,Quinn Anderson,Corporate,Wisconsin,Madison,Social
C00513,Casey Taylor,Corporate,Wisconsin,Green Bay,Direct
C00514,Logan Anderson,Consumer,Ohio,Cleveland,Paid Search
C00515,Logan Martinez,Consumer,Michigan,Grand Rapids,Social
C00516,Quinn Thomas,Consumer,North Carolina,Durham,Organic Search
C00517,Emerson Miller,Home Office,Maryland,Rockville,Email
C00518,Avery Harris,Corporate,Massachusetts,Cambridge,Email
C00519,Logan Jones,Home Office,Arizona,Tucson,Organic Search
C00520,Casey White,Corporate,North Carolina,Charlotte,Social
C00521,Logan Martinez,Corporate,Wisconsin,Green Bay,Referral
C00522,Emerson Johnson,Corporate,Arizona,Mesa,Referral
C00523,Taylor Brown,Consumer,Wisconsin,Green Bay,Direct
C00524,Riley Robinson,Consumer,Virginia,Arlington,Direct
C00525,Sam White,Consumer,Washington,Seattle,Email
C00526,Cameron Thompson,Home Office,North Carolina,Durham,Referral
C00527,Dakota Wilson,Corporate,Maryland,Frederick,Social
C00528,Dakota Thompson,Consumer,Massachusetts,Worcester,Email
C00529,Morgan Taylor,Corporate,Tennessee,Nashville,Email
C00530,Parker Taylor,Corporate,Illinois,Aurora,Organic Search
C00531,Logan Thomas,Corporate,Indiana,Indianapolis,Social
C00532,Sam Williams,Corporate,Massachusetts,Boston,Direct
C00533,Alex Anderson,Home Office,Florida,Miami,Direct
C00534,Cameron Thompson,Consumer,Pennsylvania,Allentown,Organic Search
C00535,Emerson White,Corporate,New Jersey,Newark,Social
C00536,Riley White,Corporate,Pennsylvania,Philadelphia,Direct
C00537,Avery Harris,Home Office,Wisconsin,Madison,Social
C00538,Avery Davis,Corporate,California,Los Angeles,Referral
C00539,Emerson Miller,Corporate,Florida,Tampa,Organic Search
C00540,Morgan Moore,Home Office,Massachusetts,Worcester,Referral
C00541,Blake Jackson,Home Office,New Jersey,Jersey City,Referral
C00542,Parker Thomas,Corporate,Florida,Orlando,Direct
C00543,Blake Martinez,Consumer,Michigan,Ann Arbor,Organic Search
C00544,Morgan Wilson,Corporate,New Jersey,Newark,Organic Search
C00545,Casey Thompson,Corporate,Virginia,Richmond,Referral
C00546,Dakota Jackson,Corporate,Illinois,Chicago,Social
C00547,Riley Garcia,Consumer,Missouri,Kansas City,Paid Search
C00548,Riley Anderson,Corporate,Illinois,Naperville,Email
C00549,Alex Martin,Consumer,Virginia,Virginia Beach,Social
C00550,Skyler Martin,Corporate,Missouri,Springfield,Social
C00551,Rowan Martin,Consumer,Arizona,Phoenix,Referral
C00552,Cameron Taylor,Consumer,California,San Jose,Organic Search
C00553,Jamie Miller,Corporate,Missouri,Springfield,Direct
C00554,Emerson Thompson,Consumer,Tennessee,Knoxville,Email
C00555,Emerson Thomas,Home Office,North Carolina,Charlotte,Direct
C00556,Emerson Davis,Corporate,Massachusetts,Boston,Direct
C00557,Jamie Johnson,Corporate,Georgia,Savannah,Paid Search
C00558,Rowan Brown,Consumer,New York,New York,Direct
C00559,Parker Robinson,Home Office,Maryland,Frederick,Organic Search
C00560,Casey Davis,Consumer,Wisconsin,Milwaukee,Referral
C00561,Emerson Moore,Home Office,Virginia,Arlington,Organic Search
C00562,Jamie Taylor,Home Office,New Jersey,Jersey City,Referral
C00563,Casey White,Consumer,Florida,Tampa,Direct
C00564,Casey Wilson,Consumer,Illinois,Naperville,Paid Search
C00565,Quinn Martin,Consumer,Georgia,Augusta,Direct
C00566,Reese Jackson,Corporate,North Carolina,Charlotte,Direct
C00567,Quinn Thompson,Home Office,New York,Buffalo,Direct
C00568,Rowan Martin,Corporate,Virginia,Arlington,Email
C00569,Rowan Thomas,Consumer,New York,Rochester,Social
C00570,Reese Davis,Corporate,Ohio,Cleveland,Paid Search
C00571,Sam Garcia,Home Office,Michigan,Detroit,Referral
C00572,Sam Johnson,Consumer,Tennessee,Nashville,Direct
C00573,Alex Brown,Consumer,Massachusetts,Worcester,Social
C00574,Reese Davis,Home Office,California,San Diego,Direct
C00575,Riley Moore,Consumer,Michigan,Ann Arbor,Paid Search
C00576,Taylor Thomas,Home Office,North Carolina,Durham,Organic Search
C00577,Quinn Taylor,Home Office,Texas,Dallas,Social
C00578,Morgan Smith,Consumer,New York,Buffalo,Email
C00579,Dakota Wilson,Home Office,Illinois,Naperville,Social
C00580,Alex Anderson,Consumer,California,San Francisco,Direct
C00581,Logan Williams,Consumer,Illinois,Aurora,Email
C00582,Morgan Anderson,Corporate,Florida,Tampa,Organic Search
C00583,Casey Jones,Consumer,Washington,Tacoma,Referral
C00584,Blake Miller,Corporate,California,San Jose,Direct
C00585,Casey White,Home Office,Ohio,Cincinnati,Social
C00586,Taylor Brown,Consumer,Ohio,Columbus,Referral
C00587,Parker White,Corporate,Washington,Seattle,Organic Search
C00588,Taylor Wilson,Home Office,North Carolina,Durham,Referral
C00589,Jamie Smith,Home Office,Wisconsin,Madison,Organic Search
C00590,Blake Thompson,Consumer,Indiana,Evansville,Social
C00591,Jordan Wilson,Corporate,Michigan,Grand Rapids,Email
C00592,Logan Robinson,Consumer,Georgia,Augusta,Email
C00593,Sam Jones,Corporate,Virginia,Arlington,Social
C00594,Emerson Miller,Corporate,Virginia,Virginia Beach,Email
C00595,Taylor Smith,Corporate,Maryland,Baltimore,Email
C00596,Quinn Thompson,Corporate,Texas,San Antonio,Social
C00597,Taylor Garcia,Home Office,Washington,Tacoma,Organic Search
C00598,Taylor Taylor,Consumer,North Carolina,Durham,Organic Search
C00599,Emerson Anderson,Corporate,Illinois,Naperville,Direct
C00600,Jamie White,Home Office,New York,New York,Email
C00601,Taylor White,Consumer,Georgia,Savannah,Referral
C00602,Jordan Taylor,Home Office,Wisconsin,Green Bay,Direct
C00603,Morgan Smith,Home Office,Pennsylvania,Philadelphia,Direct
C00604,Riley Martin,Corporate,California,San Jose,Organic Search
C00605,Casey Moore,Home Office,Virginia,Virginia Beach,Email
C00606,Reese Moore,Home Office,New Jersey,Newark,Paid Search
C00607,Taylor Martin,Corporate,Maryland,Rockville,Paid Search
C00608,Logan Martinez,Consumer,Texas,Austin,Organic Search
C00609,Morgan Martinez,Home Office,North Carolina,Durham,Email
C00610,Skyler Smith,Consumer,Georgia,Atlanta,Organic Search
C00611,Logan Thomas,Corporate,Texas,Dallas,Organic Search
C00612,Emerson White,Consumer,Texas,Austin,Organic Search
C00613,Sam Moore,Consumer,Arizona,Mesa,Paid Search
C00614,Skyler Johnson,Consumer,Florida,Orlando,Referral
C00615,Quinn Williams,Corporate,Texas,Austin,Paid Search
C00616,Taylor Garcia,Corporate,New Jersey,Newark,Paid Search
C00617,Jamie Martinez,Corporate,Ohio,Cincinnati,Referral
C00618,Rowan Thomas,Home Office,Georgia,Savannah,Organic Search
C00619,Cameron Jones,Consumer,Missouri,Kansas City,Email
C00620,Emerson Thomas,Home Office,Georgia,Augusta,Email
C00621,Alex Jackson,Home Office,New Jersey,Trenton,Paid Search
C00622,Avery Thompson,Consumer,Florida,Jacksonville,Social
C00623,Casey Moore,Consumer,Texas,Houston,Organic Search
C00624,Reese Thomas,Corporate,Indiana,Evansville,Email
C00625,Morgan Thompson,Consumer,Maryland,Rockville,Social
C00626,Dakota Martinez,Consumer,New York,Buffalo,Direct
C00627,Cameron Taylor,Corporate,Illinois,Aurora,Social
C00628,Sam Harris,Corporate,New Jersey,Newark,Email
C00629,Casey Martinez,Consumer,Ohio,Columbus,Email
C00630,Rowan Harris,Corporate,Pennsylvania,Pittsburgh,Email
C00631,Parker Davis,Corporate,Missouri,Kansas City,Social
C00632,Morgan Williams,Consumer,North Carolina,Durham,Paid Search
C00633,Jordan Davis,Corporate,Wisconsin,Milwaukee,Email
C00634,Parker Jackson,Home Office,Georgia,Atlanta,Direct
C00635,Drew Miller,Consumer,Michigan,Grand Rapids,Social
C00636,Emerson Wilson,Consumer,Missouri,Kansas City,Email
C00637,Morgan Smith,Consumer,Illinois,Chicago,Organic Search
C00638,Quinn Thomas,Home Office,Ohio,Cincinnati,Direct
C00639,Dakota Martinez,Corporate,New York,New York,Email
C00640,Avery Harris,Consumer,New York,New York,Paid Search
C00641,Jordan Harris,Consumer,Florida,Orlando,Referral
C00642,Quinn Martin,Consumer,Arizona,Tucson,Direct
C00643,Riley Thomas,Consumer,Arizona,Phoenix,Paid Search
C00644,Rowan Jones,Consumer,North Carolina,Durham,Referral
C00645,Cameron Taylor,Corporate,Wisconsin,Madison,Referral
C00646,Jordan Williams,Corporate,Tennessee,Memphis,Organic Search
C00647,Avery Thompson,Consumer,Arizona,Mesa,Referral
C00648,Quinn Thomas,Corporate,California,San Francisco,Paid Search
C00649,Skyler Anderson,Corporate,Maryland,Frederick,Organic Search
C00650,Sam Robinson,Consumer,California,Los Angeles,Paid Search
C00651,Logan Thompson,Corporate,Texas,Dallas,Organic Search
C00652,Cameron Wilson,Corporate,Florida,Miami,Organic Search
C00653,Quinn Thomas,Consumer,Maryland,Baltimore,Organic Search
C00654,Sam Thomas,Home Office,Maryland,Baltimore,Direct
C00655,Dakota Martinez,Consumer,Virginia,Arlington,Organic Search
C00656,Emerson Taylor,Consumer,Tennessee,Memphis,Email
C00657,Jordan Wilson,Home Office,New York,New York,Email
C00658,Logan Smith,Corporate,Indiana,Evansville,Organic Search
C00659,Sam Miller,Corporate,Illinois,Chicago,Email
C00660,Dakota Jones,Consumer,Illinois,Naperville,Paid Search
C00661,Parker Jackson,Home Office,New York,New York,Paid Search
C00662,Sam Jones,Consumer,Michigan,Ann Arbor,Social
C00663,Sam Miller,Home Office,Tennessee,Knoxville,Direct
C00664,Parker Wilson,Home Office,Wisconsin,Green Bay,Organic Search
C00665,Jamie Taylor,Consumer,Washington,Seattle,Direct
C00666,Dakota Jackson,Home Office,California,Los Angeles,Organic Search
C00667,Sam Robinson,Consumer,Wisconsin,Green Bay,Referral
C00668,Logan Jones,Corporate,Florida,Miami,Organic Search
C00669,Sam Miller,Home Office,Virginia,Virginia Beach,Direct
C00670,Rowan Smith,Corporate,New Jersey,Newark,Organic Search
C00671,Parker Moore,Consumer,New York,Rochester,Email
C00672,Quinn Harris,Home Office,Texas,San Antonio,Organic Search
C00673,Logan Jackson,Corporate,Arizona,Mesa,Social
C00674,Logan Martinez,Home Office,Florida,Orlando,Organic Search
C00675,Taylor Johnson,Corporate,Massachusetts,Boston,Paid Search
C00676,Morgan Williams,Corporate,North Carolina,Charlotte,Social
C00677,Taylor Garcia,Consumer,Pennsylvania,Pittsburgh,Referral
C00678,Logan Smith,Corporate,Wisconsin,Green Bay,Organic Search
C00679,Reese Miller,Consumer,Wisconsin,Milwaukee,Paid Search
C00680,Avery White,Home Office,Ohio,Cincinnati,Direct
C00681,Drew Taylor,Corporate,Missouri,St. Louis,Email
C00682,Quinn Martinez,Home Office,Texas,San Antonio,Organic Search
C00683,Parker Smith,Corporate,Texas,Houston,Paid Search
C00684,Logan Davis,Consumer,Wisconsin,Milwaukee,Organic Search
C00685,Jamie Williams,Corporate,Pennsylvania,Philadelphia,Paid Search
C00686,Logan Martin,Home Office,Washington,Spokane,Email
C00687,Quinn Miller,Corporate,Missouri,Kansas City,Paid Search
C00688,Rowan Johnson,Corporate,Pennsylvania,Pittsburgh,Social
C00689,Cameron Moore,Home Office,North Carolina,Charlotte,Organic Search
C00690,Taylor Thomas,Home Office,Florida,Jacksonville,Referral
C00691,Emerson Johnson,Corporate,Georgia,Augusta,Social
C00692,Logan Martinez,Consumer,Missouri,Kansas City,Paid Search
C00693,Quinn Johnson,Home Office,New York,Rochester,Referral
C00694,Blake Jones,Consumer,Maryland,Frederick,Organic Search
C00695,Avery Davis,Consumer,Pennsylvania,Philadelphia,Social
C00696,Reese Davis,Home Office,New York,New York,Referral
C00697,Sam Williams,Consumer,North Carolina,Raleigh,Referral
C00698,Emerson Anderson,Corporate,Washington,Tacoma,Social
C00699,Blake Martinez,Home Office,California,San Francisco,Email
C00700,Casey Jones,Home Office,Arizona,Mesa,Referral
C00701,Morgan Martinez,Consumer,Florida,Tampa,Referral
C00702,Reese Moore,Corporate,Virginia,Arlington,Social
C00703,Blake Martin,Consumer,Maryland,Baltimore,Paid Search
C00704,Casey Robinson,Home Office,Washington,Tacoma,Direct
C00705,Jordan Jackson,Corporate,Washington,Tacoma,Organic Search
C00706,Logan Moore,Corporate,Texas,Houston,Paid Search
C00707,Jamie Moore,Corporate,Michigan,Ann Arbor,Direct
C00708,Cameron Jones,Corporate,Florida,Jacksonville,Paid Search
C00709,Reese Robinson,Home Office,North Carolina,Charlotte,Organic Search
C00710,Avery White,Home Office,Massachusetts,Worcester,Referral
C00711,Jordan Thompson,Consumer,Virginia,Virginia Beach,Paid Search
C00712,Quinn Jones,Home Office,Indiana,Evansville,Email
C00713,Avery Davis,Consumer,Pennsylvania,Philadelphia,Email
C00714,Jordan Thomas,Home Office,Massachusetts,Boston,Paid Search
C00715,Rowan Thompson,Corporate,Virginia,Arlington,Email
C00716,Cameron Thomas,Corporate,California,San Francisco,Organic Search
C00717,Dakota Garcia,Corporate,Tennessee,Memphis,Organic Search
C00718,Taylor Taylor,Consumer,North Carolina,Raleigh,Email
C00719,Dakota Davis,Consumer,Pennsylvania,Allentown,Organic Search
C00720,Drew White,Home Office,Ohio,Columbus,Direct
C00721,Logan Jones,Home Office,California,San Diego,Referral
C00722,Cameron Moore,Home Office,California,San Jose,Direct
C00723,Reese Jackson,Corporate,North Carolina,Raleigh,Paid Search
C00724,Rowan Taylor,Home Office,Ohio,Cincinnati,Referral
C00725,Dakota Brown,Consumer,Washington,Tacoma,Direct
C00726,Emerson Robinson,Home Office,Virginia,Richmond,Paid Search
C00727,Logan Williams,Corporate,Florida,Tampa,Direct
C00728,Drew Moore,Home Office,New Jersey,Trenton,Direct
C00729,Avery Jones,Home Office,Michigan,Detroit,Email
C00730,Quinn Anderson,Home Office,Wisconsin,Milwaukee,Direct
C00731,Logan Taylor,Corporate,California,San Francisco,Social
C00732,Jordan Martinez,Home Office,Washington,Tacoma,Organic Search
C00733,Cameron Garcia,Home Office,New Jersey,Jersey City,Direct
C00734,Skyler Taylor,Consumer,Virginia,Arlington,Referral
C00735,Jamie Brown,Corporate,Pennsylvania,Philadelphia,Direct
C00736,Emerson Miller,Home Office,North Carolina,Raleigh,Direct
C00737,Cameron Thomas,Consumer,New York,Rochester,Paid Search
C00738,Sam Thomas,Corporate,Arizona,Mesa,Paid Search
C00739,Morgan Martin,Consumer,Massachusetts,Cambridge,Referral
C00740,Blake Williams,Corporate,Maryland,Baltimore,Referral
C00741,Quinn Thompson,Corporate,Florida,Jacksonville,Email
C00742,Casey Davis,Corporate,Illinois,Aurora,Referral
C00743,Casey Anderson,Home Office,Massachusetts,Boston,Email
C00744,Sam Miller,Corporate,Tennessee,Knoxville,Email
C00745,Rowan Moore,Consumer,California,San Diego,Referral
C00746,Logan Williams,Consumer,Pennsylvania,Allentown,Social
C00747,Quinn White,Corporate,Arizona,Tucson,Email
C00748,Emerson Davis,Home Office,Texas,Austin,Email
C00749,Skyler Davis,Consumer,New Jersey,Trenton,Email
C00750,Cameron Thomas,Corporate,Georgia,Atlanta,Email
C00751,Skyler Martinez,Corporate,Washington,Seattle,Email
C00752,Jamie Taylor,Corporate,Texas,Austin,Social
C00753,Sam Martin,Corporate,Illinois,Chicago,Organic Search
C00754,Alex Wilson,Consumer,Washington,Tacoma,Organic Search
C00755,Alex Martinez,Home Office,Ohio,Columbus,Email
C00756,Jordan Jackson,Home Office,Virginia,Richmond,Referral
C00757,Jordan Robinson,Consumer,Wisconsin,Green Bay,Email
C00758,Jordan Brown,Corporate,California,San Francisco,Social
C00759,Emerson Moore,Corporate,Florida,Orlando,Organic Search
C00760,Jamie White,Home Office,California,Los Angeles,Direct
C00761,Drew Robinson,Home Office,Indiana,Evansville,Organic Search
C00762,Morgan Thompson,Home Office,Arizona,Mesa,Email
C00763,Morgan Brown,Corporate,Michigan,Detroit,Referral
C00764,Drew Thompson,Consumer,Ohio,Cleveland,Direct
C00765,Jamie Miller,Consumer,Arizona,Mesa,Social
C00766,Logan Anderson,Consumer,Ohio,Columbus,Email
C00767,Morgan Martinez,Home Office,New York,Buffalo,Organic Search
C00768,Skyler Williams,Home Office,New York,Rochester,Email
C00769,Cameron Harris,Corporate,North Carolina,Raleigh,Social
C00770,Morgan Miller,Consumer,Texas,Austin,Paid Search
C00771,Reese Brown,Consumer,New Jersey,Newark,Email
C00772,Riley Anderson,Corporate,Illinois,Aurora,Referral
C00773,Taylor Thomas,Corporate,North Carolina,Charlotte,Email
C00774,Quinn Harris,Corporate,Washington,Spokane,Direct
C00775,Reese Miller,Consumer,Tennessee,Nashville,Direct
C00776,Riley Brown,Corporate,Texas,San Antonio,Referral
C00777,Riley Robinson,Corporate,Massachusetts,Worcester,Referral
C00778,Casey Martin,Corporate,California,Los Angeles,Social
C00779,Jordan Williams,Corporate,Massachusetts,Cambridge,Paid Search
C00780,Skyler Martinez,Home Office,California,San Diego,Direct
C00781,Skyler Thompson,Home Office,New Jersey,Trenton,Referral
C00782,Reese Wilson,Corporate,Florida,Tampa,Direct
C00783,Casey Garcia,Home Office,Washington,Seattle,Email
C00784,Skyler Martin,Corporate,Pennsylvania,Philadelphia,Email
C00785,Sam Wilson,Corporate,Tennessee,Memphis,Email
C00786,Cameron Garcia,Home Office,Indiana,Fort Wayne,Social
C00787,Taylor Harris,Corporate,Georgia,Augusta,Social
C00788,Logan Harris,Corporate,New York,New York,Social
C00789,Morgan Jackson,Corporate,California,Los Angeles,Referral
C00790,Alex Williams,Home Office,Missouri,Springfield,Direct
C00791,Skyler Garcia,Consumer,Michigan,Ann Arbor,Direct
C00792,Sam Thomas,Consumer,Massachusetts,Boston,Social
C00793,Emerson Robinson,Home Office,New Jersey,Jersey City,Direct
C00794,Rowan Brown,Consumer,Virginia,Arlington,Organic Search
C00795,Sam Thomas,Home Office,California,San Jose,Referral
C00796,Parker Brown,Consumer,Indiana,Indianapolis,Social
C00797,Reese Brown,Corporate,Illinois,Naperville,Organic Search
C00798,Morgan Jackson,Consumer,Ohio,Cleveland,Organic Search
C00799,Morgan White,Consumer,New Jersey,Trenton,Direct
C00800,Morgan Harris,Corporate,Maryland,Rockville,Referral
C00801,Casey Martin,Consumer,Indiana,Evansville,Direct
C00802,Emerson White,Home Office,Texas,San Antonio,Referral
C00803,Dakota Miller,Home Office,Pennsylvania,Philadelphia,Email
C00804,Blake Robinson,Corporate,Washington,Tacoma,Social
C00805,Blake Wilson,Corporate,Arizona,Tucson,Paid Search
C00806,Rowan Jones,Consumer,Michigan,Grand Rapids,Referral
C00807,Jamie Garcia,Corporate,Indiana,Evansville,Direct
C00808,Avery Davis,Consumer,Missouri,Springfield,Direct
C00809,Parker Jones,Home Office,Michigan,Ann Arbor,Organic Search
C00810,Emerson Anderson,Home Office,Indiana,Indianapolis,Paid Search
C00811,Logan Martinez,Home Office,Missouri,Springfield,Direct
C00812,Emerson Taylor,Corporate,Arizona,Phoenix,Referral
C00813,Alex Jackson,Consumer,Florida,Miami,Direct
C00814,Avery Moore,Consumer,Texas,Austin,Direct
C00815,Casey Johnson,Home Office,North Carolina,Raleigh,Organic Search
C00816,Jordan Thomas,Corporate,Missouri,St. Louis,Referral
C00817,Cameron Garcia,Corporate,Missouri,St. Louis,Referral
C00818,Jordan Jackson,Corporate,Michigan,Grand Rapids,Direct
C00819,Emerson Johnson,Consumer,New Jersey,Trenton,Paid Search
C00820,Blake Harris,Consumer,Ohio,Cincinnati,Direct
C00821,Dakota Garcia,Home Office,Virginia,Arlington,Organic Search
C00822,Jamie Harris,Consumer,Ohio,Cincinnati,Email
C00823,Riley Thompson,Consumer,Pennsylvania,Pittsburgh,Email
C00824,Drew Garcia,Corporate,Arizona,Phoenix,Organic Search
C00825,Drew Smith,Corporate,Maryland,Frederick,Direct
C00826,Jordan Jones,Corporate,Illinois,Naperville,Email
C00827,Jamie Martin,Home Office,Wisconsin,Green Bay,Paid Search
C00828,Sam Thompson,Consumer,New York,New York,Referral
C00829,Skyler Miller,Corporate,New York,Rochester,Referral
C00830,Taylor Thomas,Consumer,Washington,Seattle,Direct
C00831,Sam Thomas,Corporate,New Jersey,Newark,Referral
C00832,Logan Garcia,Home Office,Indiana,Indianapolis,Email
C00833,Rowan Wilson,Home Office,Virginia,Arlington,Referral
C00834,Jordan Anderson,Corporate,Georgia,Atlanta,Social
C00835,Emerson Taylor,Consumer,North Carolina,Durham,Paid Search
C00836,Skyler Harris,Corporate,Indiana,Indianapolis,Paid Search
C00837,Sam Thompson,Consumer,Ohio,Columbus,Organic Search
C00838,Emerson Smith,Home Office,Missouri,St. Louis,Organic Search
C00839,Reese Brown,Consumer,Ohio,Cincinnati,Direct
C00840,Taylor Jones,Consumer,Arizona,Tucson,Direct
C00841,Jordan Williams,Consumer,New Jersey,Newark,Organic Search
C00842,Emerson Williams,Home Office,North Carolina,Charlotte,Paid Search
C00843,Quinn Harris,Home Office,Arizona,Tucson,Social
C00844,Alex Jackson,Home Office,New Jersey,Newark,Referral
C00845,Blake Williams,Home Office,California,Los Angeles,Direct
C00846,Parker Thompson,Consumer,New York,Buffalo,Direct
C00847,Blake Williams,Corporate,Michigan,Grand Rapids,Social
C00848,Alex Martin,Consumer,Washington,Tacoma,Organic Search
C00849,Quinn Garcia,Corporate,Illinois,Naperville,Organic Search
C00850,Parker Smith,Home Office,Michigan,Ann Arbor,Organic Search
C00851,Jordan Smith,Home Office,Florida,Jacksonville,Referral
C00852,Taylor Taylor,Consumer,Missouri,Springfield,Direct
C00853,Avery White,Home Office,Virginia,Arlington,Organic Search
C00854,Riley Wilson,Home Office,Pennsylvania,Pittsburgh,Organic Search
C00855,Riley Martinez,Consumer,Florida,Jacksonville,Direct
C00856,Taylor Taylor,Home Office,Missouri,St. Louis,Paid Search
C00857,Avery Martinez,Corporate,Florida,Tampa,Paid Search
C00858,Cameron Brown,Corporate,Illinois,Naperville,Email
C00859,Sam Martin,Corporate,Ohio,Cleveland,Referral
C00860,Dakota Jones,Home Office,Michigan,Ann Arbor,Paid Search
C00861,Reese Miller,Consumer,New Jersey,Jersey City,Organic Search
C00862,Reese Moore,Corporate,Georgia,Atlanta,Direct
C00863,Logan Harris,Corporate,New Jersey,Jersey City,Paid Search
C00864,Emerson Brown,Consumer,Tennessee,Knoxville,Referral
C00865,Drew Jones,Home Office,New York,New York,Paid Search
C00866,Taylor Smith,Home Office,New York,Rochester,Email
C00867,Dakota Jackson,Home Office,Maryland,Baltimore,Email
C00868,Drew Garcia,Home Office,Missouri,Kansas City,Direct
C00869,Parker Jackson,Consumer,Illinois,Naperville,Direct
C00870,Casey Harris,Home Office,Michigan,Ann Arbor,Email
C00871,Parker Thompson,Consumer,Washington,Tacoma,Organic Search
C00872,Riley Thompson,Consumer,Wisconsin,Madison,Organic Search
C00873,Dakota Martinez,Home Office,Pennsylvania,Philadelphia,Direct
C00874,Parker Johnson,Consumer,Tennessee,Memphis,Organic Search
C00875,Drew Thomas,Consumer,New York,New York,Direct
C00876,Skyler Thomas,Corporate,Ohio,Cleveland,Social
C00877,Jordan Anderson,Consumer,Texas,Austin,Direct
C00878,Dakota Garcia,Home Office,North Carolina,Charlotte,Social
C00879,Parker Martinez,Home Office,Washington,Seattle,Referral
C00880,Quinn Wilson,Home Office,North Carolina,Raleigh,Paid Search
C00881,Logan Martin,Home Office,Virginia,Virginia Beach,Referral
C00882,Rowan Miller,Consumer,Illinois,Chicago,Referral
C00883,Avery Jones,Consumer,North Carolina,Charlotte,Paid Search
C00884,Morgan Wilson,Corporate,Wisconsin,Madison,Direct
C00885,Logan Martin,Corporate,Florida,Orlando,Referral
C00886,Reese Smith,Consumer,Pennsylvania,Philadelphia,Organic Search
C00887,Dakota Miller,Consumer,Maryland,Rockville,Referral
C00888,Dakota Jones,Consumer,Texas,Dallas,Paid Search
C00889,Skyler Jackson,Home Office,Pennsylvania,Allentown,Direct
C00890,Jamie Williams,Consumer,California,San Francisco,Referral
C00891,Logan Miller,Consumer,Tennessee,Memphis,Referral
C00892,Dakota Miller,Home Office,Illinois,Naperville,Referral
C00893,Riley Anderson,Corporate,North Carolina,Durham,Referral
C00894,Cameron Jackson,Corporate,New York,New York,Email
C00895,Avery Thompson,Home Office,California,San Francisco,Organic Search
C00896,Morgan Miller,Corporate,Wisconsin,Green Bay,Referral
C00897,Emerson Thompson,Consumer,Texas,Houston,Social
C00898,Blake Garcia,Consumer,Illinois,Naperville,Direct
C00899,Skyler White,Corporate,Arizona,Phoenix,Direct
C00900,Reese Wilson,Corporate,Indiana,Fort Wayne,Paid Search
C00901,Dakota Brown,Corporate,Maryland,Baltimore,Paid Search
C00902,Cameron Williams,Corporate,Tennessee,Knoxville,Referral
C00903,Drew Davis,Consumer,Arizona,Mesa,Direct
C00904,Dakota Thompson,Consumer,California,Los Angeles,Social
C00905,Sam White,Corporate,Ohio,Columbus,Organic Search
C00906,Dakota Moore,Corporate,Arizona,Mesa,Social
C00907,Parker Robinson,Corporate,Maryland,Rockville,Social
C00908,Reese Garcia,Home Office,Ohio,Cleveland,Organic Search
C00909,Emerson Garcia,Corporate,Virginia,Richmond,Paid Search
C00910,Parker Jackson,Home Office,Maryland,Baltimore,Direct
C00911,Cameron Harris,Home Office,Florida,Orlando,Email
C00912,Skyler Jackson,Corporate,Ohio,Cincinnati,Referral
C00913,Riley Jackson,Home Office,Texas,Houston,Email
C00914,Logan Robinson,Corporate,Illinois,Chicago,Email
C00915,Cameron Thomas,Consumer,North Carolina,Durham,Email
C00916,Quinn Robinson,Home Office,Washington,Tacoma,Paid Search
C00917,Jordan Miller,Home Office,Wisconsin,Madison,Social
C00918,Avery Thompson,Corporate,California,San Diego,Email
C00919,Skyler Thompson,Home Office,Wisconsin,Milwaukee,Referral
C00920,Jordan Thomas,Consumer,Pennsylvania,Allentown,Email
C00921,Taylor Moore,Corporate,Pennsylvania,Pittsburgh,Direct
C00922,Quinn Martinez,Consumer,Washington,Tacoma,Email
C00923,Taylor Garcia,Corporate,New York,Rochester,Referral
C00924,Parker Thomas,Corporate,Maryland,Baltimore,Referral
C00925,Rowan Jackson,Home Office,Ohio,Columbus,Paid Search
C00926,Reese Thompson,Consumer,Pennsylvania,Allentown,Email
C00927,Jamie Anderson,Consumer,Indiana,Evansville,Paid Search
C00928,Dakota Moore,Home Office,Missouri,Kansas City,Social
C00929,Logan Wilson,Corporate,Maryland,Frederick,Direct
C00930,Dakota Smith,Corporate,Massachusetts,Boston,Paid Search
C00931,Quinn Wilson,Home Office,New York,Rochester,Organic Search
C00932,Reese Thomas,Home Office,New Jersey,Trenton,Email
C00933,Cameron Taylor,Consumer,North Carolina,Raleigh,Direct
C00934,Taylor Garcia,Consumer,New Jersey,Jersey City,Paid Search
C00935,Avery Martinez,Corporate,Virginia,Virginia Beach,Direct
C00936,Logan Davis,Consumer,Ohio,Cincinnati,Organic Search
C00937,Avery Wilson,Consumer,North Carolina,Charlotte,Referral
C00938,Casey Brown,Consumer,Virginia,Virginia Beach,Direct
C00939,Blake Smith,Home Office,Tennessee,Nashville,Social
C00940,Blake Anderson,Corporate,Virginia,Arlington,Paid Search
C00941,Riley Thompson,Corporate,Tennessee,Memphis,Organic Search
C00942,Casey Johnson,Home Office,Maryland,Frederick,Social
C00943,Jordan Thompson,Corporate,Missouri,Kansas City,Direct
C00944,Rowan Brown,Home Office,Pennsylvania,Allentown,Social
C00945,Alex Smith,Home Office,New Jersey,Newark,Social
C00946,Morgan Anderson,Corporate,Maryland,Rockville,Paid Search
C00947,Emerson Moore,Consumer,Pennsylvania,Pittsburgh,Social
C00948,Sam Thomas,Consumer,Wisconsin,Madison,Social
C00949,Reese Thomas,Corporate,Ohio,Cleveland,Paid Search
C00950,Riley Martinez,Consumer,Massachusetts,Cambridge,Direct
C00951,Morgan Moore,Consumer,Georgia,Augusta,Social
C00952,Avery Jones,Home Office,Washington,Seattle,Social
C00953,Riley White,Corporate,California,San Diego,Direct
C00954,Emerson Anderson,Corporate,Indiana,Fort Wayne,Paid Search
C00955,Dakota Johnson,Corporate,Missouri,St. Louis,Direct
C00956,Jordan Davis,Corporate,Pennsylvania,Pittsburgh,Direct
C00957,Rowan Anderson,Corporate,Florida,Tampa,Paid Search
C00958,Emerson Moore,Corporate,Missouri,St. Louis,Social
C00959,Parker Robinson,Consumer,Florida,Orlando,Paid Search
C00960,Sam Thompson,Corporate,Virginia,Arlington,Social
C00961,Quinn Robinson,Corporate,New York,Buffalo,Direct
C00962,Riley Anderson,Corporate,Illinois,Naperville,Referral
C00963,Quinn Williams,Consumer,Maryland,Baltimore,Paid Search
C00964,Sam Anderson,Home Office,Georgia,Savannah,Direct
C00965,Blake Jackson,Corporate,North Carolina,Raleigh,Paid Search
C00966,Skyler Harris,Corporate,Maryland,Baltimore,Organic Search
C00967,Casey Wilson,Home Office,California,San Jose,Direct
C00968,Avery Miller,Corporate,New York,New York,Email
C00969,Logan Garcia,Consumer,New York,New York,Social
C00970,Taylor Brown,Corporate,Indiana,Evansville,Organic Search
C00971,Quinn Taylor,Consumer,New York,New York,Direct
C00972,Rowan Jones,Consumer,Michigan,Ann Arbor,Organic Search
C00973,Jordan Thomas,Corporate,California,San Francisco,Social
C00974,Drew Garcia,Corporate,Missouri,St. Louis,Direct
C00975,Riley Martinez,Home Office,Missouri,Kansas City,Direct
C00976,Reese Thompson,Home Office,Maryland,Rockville,Referral
C00977,Parker Martin,Home Office,Michigan,Detroit,Email
C00978,Jamie Thomas,Corporate,Massachusetts,Worcester,Organic Search
C00979,Alex Smith,Home Office,Michigan,Detroit,Paid Search
C00980,Logan Garcia,Consumer,Michigan,Ann Arbor,Social
C00981,Jamie Smith,Corporate,Tennessee,Memphis,Referral
C00982,Alex Garcia,Corporate,Georgia,Atlanta,Social
C00983,Reese Jackson,Consumer,Missouri,St. Louis,Direct
C00984,Quinn Wilson,Corporate,Washington,Seattle,Social
C00985,Skyler Robinson,Home Office,Georgia,Augusta,Paid Search
C00986,Emerson Moore,Corporate,Michigan,Detroit,Email
C00987,Casey Taylor,Consumer,Pennsylvania,Allentown,Social
C00988,Rowan Moore,Home Office,Wisconsin,Green Bay,Social
C00989,Sam Smith,Consumer,Ohio,Columbus,Referral
C00990,Riley Brown,Corporate,California,San Jose,Organic Search
C00991,Alex Wilson,Consumer,Massachusetts,Boston,Email
C00992,Avery Anderson,Corporate,Tennessee,Memphis,Social
C00993,Rowan Johnson,Corporate,Virginia,Virginia Beach,Organic Search
C00994,Drew Jackson,Consumer,Texas,San Antonio,Organic Search
C00995,Drew Jackson,Consumer,Ohio,Columbus,Direct
C00996,Quinn Harris,Consumer,Georgia,Augusta,Email
C00997,Rowan Brown,Home Office,Ohio,Cincinnati,Organic Search
C00998,Quinn Taylor,Corporate,Tennessee,Nashville,Direct
C00999,Emerson Thompson,Consumer,Texas,Austin,Social
C01000,Avery Thomas,Consumer,Michigan,Ann Arbor,Organic Search
C01001,Cameron White,Corporate,Florida,Miami,Organic Search
C01002,Dakota Brown,Corporate,North Carolina,Charlotte,Email
C01003,Dakota Martin,Home Office,Texas,Dallas,Paid Search
C01004,Cameron Miller,Corporate,New York,New York,Direct
C01005,Sam Johnson,Consumer,Wisconsin,Madison,Direct
C01006,Emerson Brown,Consumer,Illinois,Aurora,Organic Search
C01007,Emerson Thomas,Corporate,New Jersey,Trenton,Organic Search
C01008,Quinn Thomas,Home Office,California,San Diego,Paid Search
C01009,Logan Harris,Home Office,Texas,Austin,Referral
C01010,Avery Martinez,Consumer,Tennessee,Knoxville,Paid Search
C01011,Rowan Moore,Home Office,New Jersey,Trenton,Organic Search
C01012,Skyler Jones,Corporate,New York,Buffalo,Paid Search
C01013,Parker Harris,Consumer,Missouri,Springfield,Referral
C01014,Riley Smith,Home Office,Washington,Spokane,Referral
C01015,Sam Williams,Home Office,Georgia,Augusta,Social
C01016,Skyler Martin,Home Office,Ohio,Columbus,Referral
C01017,Sam White,Home Office,Michigan,Grand Rapids,Email
C01018,Skyler Williams,Consumer,Florida,Orlando,Organic Search
C01019,Avery Brown,Corporate,Texas,Dallas,Email
C01020,Dakota Jackson,Home Office,Texas,San Antonio,Referral
C01021,Dakota Moore,Consumer,Wisconsin,Madison,Organic Search
C01022,Taylor Smith,Consumer,Wisconsin,Green Bay,Social
C01023,Rowan Johnson,Corporate,New York,Rochester,Direct
C01024,Parker Johnson,Home Office,Arizona,Tucson,Referral
C01025,Taylor Taylor,Consumer,Texas,Dallas,Referral
C01026,Morgan Wilson,Home Office,Florida,Jacksonville,Organic Search
C01027,Skyler Wilson,Home Office,Ohio,Cincinnati,Organic Search
C01028,Emerson White,Home Office,Missouri,St. Louis,Direct
C01029,Parker Harris,Home Office,Maryland,Rockville,Social
C01030,Riley Miller,Home Office,Florida,Jacksonville,Referral
C01031,Riley Garcia,Home Office,New Jersey,Jersey City,Paid Search
C01032,Emerson Anderson,Corporate,New Jersey,Jersey City,Direct
C01033,Sam Robinson,Consumer,Arizona,Mesa,Referral
C01034,Quinn Garcia,Home Office,Ohio,Cleveland,Paid Search
C01035,Rowan Jackson,Consumer,Massachusetts,Cambridge,Email
C01036,Blake Smith,Home Office,Michigan,Detroit,Paid Search
C01037,Jamie Wilson,Consumer,California,San Jose,Email
C01038,Emerson Thompson,Home Office,North Carolina,Durham,Referral
C01039,Morgan Johnson,Corporate,Illinois,Aurora,Organic Search
C01040,Drew Thomas,Home Office,Illinois,Chicago,Organic Search
C01041,Jamie Williams,Home Office,North Carolina,Raleigh,Referral
C01042,Taylor Anderson,Corporate,Ohio,Columbus,Social
C01043,Morgan Robinson,Home Office,Maryland,Frederick,Email
C01044,Quinn Williams,Consumer,Maryland,Frederick,Paid Search
C01045,Reese Brown,Consumer,Arizona,Mesa,Direct
C01046,Alex Jackson,Consumer,Wisconsin,Madison,Referral
C01047,Sam Garcia,Home Office,Texas,Dallas,Paid Search
C01048,Cameron Jones,Consumer,Indiana,Evansville,Direct
C01049,Rowan Robinson,Home Office,Washington,Tacoma,Email
C01050,Reese Taylor,Corporate,Georgia,Atlanta,Organic Search
C01051,Taylor Martin,Home Office,New Jersey,Trenton,Email
C01052,Quinn Moore,Consumer,Missouri,Kansas City,Referral
C01053,Casey Jones,Corporate,Arizona,Mesa,Organic Search
C01054,Quinn Martinez,Consumer,Tennessee,Knoxville,Referral
C01055,Cameron Wilson,Consumer,Indiana,Fort Wayne,Social
C01056,Dakota Williams,Consumer,New Jersey,Trenton,Social
C01057,Parker Thomas,Consumer,Arizona,Tucson,Paid Search
C01058,Alex Taylor,Consumer,Wisconsin,Madison,Referral
C01059,Blake Jones,Corporate,Massachusetts,Boston,Organic Search
C01060,Parker Jones,Home Office,Ohio,Columbus,Email
C01061,Cameron Robinson,Consumer,Texas,Austin,Email
C01062,Morgan Taylor,Corporate,New Jersey,Jersey City,Email
C01063,Avery Garcia,Consumer,New Jersey,Newark,Referral
C01064,Drew Garcia,Corporate,Indiana,Evansville,Direct
C01065,Alex Jackson,Home Office,Illinois,Naperville,Referral
C01066,Drew Miller,Consumer,Texas,Austin,Organic Search
C01067,Drew Johnson,Corporate,Wisconsin,Green Bay,Email
C01068,Quinn Moore,Home Office,New York,Rochester,Paid Search
C01069,Alex Taylor,Home Office,Florida,Jacksonville,Organic Search
C01070,Skyler Brown,Corporate,Washington,Spokane,Referral
C01071,Taylor Miller,Consumer,Missouri,Springfield,Social
C01072,Alex Johnson,Consumer,Missouri,Springfield,Paid Search
C01073,Logan Jackson,Home Office,New Jersey,Newark,Email
C01074,Parker Thomas,Home Office,Virginia,Richmond,Organic Search
C01075,Drew Johnson,Home Office,Indiana,Fort Wayne,Social
C01076,Emerson Moore,Consumer,California,San Diego,Paid Search
C01077,Casey Williams,Home Office,Washington,Spokane,Referral
C01078,Cameron White,Consumer,Wisconsin,Green Bay,Organic Search
C01079,Jamie Robinson,Corporate,Arizona,Tucson,Referral
C01080,Avery Jones,Home Office,Illinois,Naperville,Direct
C01081,Casey Taylor,Home Office,Ohio,Cincinnati,Referral
C01082,Reese Jones,Home Office,Illinois,Naperville,Organic Search
C01083,Taylor Garcia,Home Office,New Jersey,Trenton,Email
C01084,Sam Jones,Home Office,Pennsylvania,Philadelphia,Paid Search
C01085,Reese Taylor,Corporate,Arizona,Mesa,Direct
C01086,Casey Davis,Consumer,North Carolina,Charlotte,Organic Search
C01087,Blake Robinson,Corporate,California,San Diego,Referral
C01088,Cameron Smith,Corporate,Georgia,Atlanta,Direct
C01089,Casey Thompson,Home Office,Tennessee,Memphis,Direct
C01090,Riley Jackson,Corporate,Virginia,Richmond,Organic Search
C01091,Avery Wilson,Consumer,Pennsylvania,Pittsburgh,Email
C01092,Reese Wilson,Home Office,North Carolina,Durham,Organic Search
C01093,Taylor Miller,Corporate,Ohio,Cincinnati,Social
C01094,Rowan Wilson,Corporate,New Jersey,Jersey City,Email
C01095,Quinn Anderson,Corporate,Wisconsin,Green Bay,Direct
C01096,Blake Garcia,Home Office,Maryland,Rockville,Direct
C01097,Skyler Brown,Corporate,Texas,San Antonio,Email
C01098,Skyler Garcia,Corporate,Georgia,Augusta,Email
C01099,Quinn Thompson,Home Office,Missouri,St. Louis,Organic Search
C01100,Rowan Jackson,Corporate,Michigan,Grand Rapids,Social
C01101,Reese Taylor,Home Office,Pennsylvania,Philadelphia,Direct
C01102,Casey Harris,Home Office,Indiana,Fort Wayne,Email
C01103,Morgan Miller,Home Office,Indiana,Evansville,Referral
C01104,Quinn White,Corporate,Illinois,Aurora,Email
C01105,Rowan Martinez,Home Office,Pennsylvania,Philadelphia,Social
C01106,Drew Anderson,Home Office,New York,Rochester,Direct
C01107,Morgan Williams,Consumer,Pennsylvania,Allentown,Social
C01108,Taylor Thompson,Home Office,Virginia,Richmond,Direct
C01109,Blake Miller,Corporate,Indiana,Evansville,Social
C01110,Riley Anderson,Home Office,Texas,Dallas,Organic Search
C01111,Riley Johnson,Corporate,Illinois,Aurora,Paid Search
C01112,Jamie Miller,Consumer,Massachusetts,Boston,Organic Search
C01113,Blake Moore,Consumer,California,San Francisco,Social
C01114,Emerson Smith,Home Office,Tennessee,Memphis,Organic Search
C01115,Dakota Martin,Corporate,Ohio,Cleveland,Social
C01116,Blake Robinson,Consumer,New York,New York,Referral
C01117,Blake Garcia,Consumer,North Carolina,Charlotte,Organic Search
C01118,Jordan Thomas,Consumer,Illinois,Chicago,Email
C01119,Blake Taylor,Corporate,Maryland,Baltimore,Email
C01120,Reese Miller,Consumer,Florida,Tampa,Referral
C01121,Dakota Garcia,Consumer,Wisconsin,Madison,Direct
C01122,Parker Johnson,Consumer,Maryland,Frederick,Paid Search
C01123,Quinn Williams,Corporate,Virginia,Arlington,Email
C01124,Logan Jones,Consumer,Michigan,Ann Arbor,Paid Search
C01125,Skyler White,Home Office,New Jersey,Newark,Direct
C01126,Blake Johnson,Consumer,Ohio,Cincinnati,Direct
C01127,Taylor Martin,Home Office,Indiana,Evansville,Referral
C01128,Reese Robinson,Corporate,Michigan,Grand Rapids,Referral
C01129,Blake Thomas,Consumer,Maryland,Rockville,Referral
C01130,Skyler Martin,Corporate,Tennessee,Nashville,Referral
C01131,Jamie Davis,Consumer,Georgia,Atlanta,Email
C01132,Morgan Davis,Home Office,Massachusetts,Worcester,Social
C01133,Sam Thomas,Home Office,Texas,Dallas,Email
C01134,Jamie Moore,Consumer,Ohio,Cleveland,Paid Search
C01135,Emerson Anderson,Consumer,Indiana,Indianapolis,Direct
C01136,Sam Jackson,Home Office,New Jersey,Trenton,Referral
C01137,Riley Davis,Corporate,California,San Jose,Direct
C01138,Logan Johnson,Home Office,Tennessee,Nashville,Social
C01139,Rowan Garcia,Corporate,Illinois,Aurora,Social
C01140,Skyler Taylor,Home Office,Texas,Austin,Referral
C01141,Alex Davis,Home Office,Missouri,Springfield,Paid Search
C01142,Taylor Jones,Corporate,Virginia,Virginia Beach,Paid Search
C01143,Emerson Miller,Home Office,Washington,Tacoma,Social
C01144,Blake Brown,Corporate,Pennsylvania,Allentown,Paid Search
C01145,Drew White,Consumer,Texas,San Antonio,Organic Search
C01146,Rowan Taylor,Consumer,Virginia,Arlington,Paid Search
C01147,Morgan Thomas,Consumer,Pennsylvania,Philadelphia,Email
C01148,Skyler Smith,Corporate,Massachusetts,Cambridge,Organic Search
C01149,Sam Martin,Home Office,Ohio,Cincinnati,Paid Search
C01150,Casey Brown,Home Office,New Jersey,Trenton,Organic Search
C01151,Jordan Harris,Corporate,Ohio,Cincinnati,Referral
C01152,Alex Taylor,Consumer,Florida,Miami,Paid Search
C01153,Jordan Brown,Home Office,Massachusetts,Cambridge,Direct
C01154,Alex Martinez,Corporate,Michigan,Ann Arbor,Organic Search
C01155,Avery Davis,Corporate,New Jersey,Jersey City,Referral
C01156,Rowan Brown,Corporate,New Jersey,Newark,Organic Search
C01157,Morgan Smith,Home Office,North Carolina,Durham,Referral
C01158,Avery Garcia,Corporate,Florida,Tampa,Paid Search
C01159,Jamie Martinez,Consumer,Illinois,Chicago,Email
C01160,Blake Anderson,Home Office,Michigan,Grand Rapids,Email
C01161,Alex Martin,Home Office,Illinois,Chicago,Email
C01162,Jordan Williams,Corporate,Washington,Spokane,Organic Search
C01163,Dakota Harris,Home Office,Wisconsin,Madison,Paid Search
C01164,Avery Garcia,Consumer,New Jersey,Jersey City,Referral
C01165,Taylor Harris,Consumer,Illinois,Aurora,Paid Search
C01166,Logan Wilson,Consumer,Massachusetts,Boston,Referral
C01167,Parker Jackson,Consumer,North Carolina,Durham,Direct
C01168,Sam Harris,Corporate,New Jersey,Newark,Email
C01169,Morgan Thomas,Corporate,Tennessee,Memphis,Organic Search
C01170,Parker Robinson,Home Office,Michigan,Detroit,Referral
C01171,Quinn Brown,Corporate,Florida,Miami,Paid Search
C01172,Rowan Jackson,Home Office,Missouri,Kansas City,Organic Search
C01173,Cameron Garcia,Consumer,Wisconsin,Madison,Social
C01174,Sam Davis,Home Office,New York,Rochester,Social
C01175,Dakota Anderson,Home Office,Arizona,Mesa,Organic Search
C01176,Taylor Martinez,Corporate,Pennsylvania,Philadelphia,Referral
C01177,Rowan Anderson,Home Office,Wisconsin,Milwaukee,Social
C01178,Jamie Jackson,Consumer,Pennsylvania,Allentown,Email
C01179,Quinn Anderson,Corporate,Wisconsin,Green Bay,Direct
C01180,Taylor Davis,Consumer,Texas,Houston,Organic Search
C01181,Rowan Garcia,Corporate,Illinois,Aurora,Referral
C01182,Rowan Davis,Consumer,Maryland,Rockville,Paid Search
C01183,Dakota Taylor,Corporate,Michigan,Ann Arbor,Paid Search
C01184,Dakota Smith,Home Office,New York,Rochester,Social
C01185,Jamie Johnson,Corporate,Illinois,Naperville,Email
C01186,Emerson Thomas,Consumer,California,San Jose,Email
C01187,Reese Martinez,Corporate,Georgia,Augusta,Paid Search
C01188,Quinn Jackson,Corporate,Washington,Tacoma,Organic Search
C01189,Logan Jones,Consumer,Pennsylvania,Allentown,Social
C01190,Reese Jones,Corporate,Virginia,Arlington,Organic Search
C01191,Alex Williams,Home Office,Illinois,Chicago,Organic Search
C01192,Reese Jones,Consumer,Tennessee,Nashville,Direct
C01193,Rowan Robinson,Corporate,Arizona,Mesa,Organic Search
C01194,Skyler White,Home Office,Massachusetts,Worcester,Social
C01195,Cameron Miller,Corporate,Virginia,Arlington,Email
C01196,Logan Wilson,Home Office,Maryland,Rockville,Paid Search
C01197,Emerson Martinez,Corporate,Arizona,Phoenix,Email
C01198,Logan Thomas,Consumer,Maryland,Rockville,Social
C01199,Casey Thompson,Corporate,New York,Buffalo,Referral
C01200,Skyler Robinson,Consumer,New York,New York,Social
C01201,Emerson Martinez,Corporate,New York,Rochester,Email
C01202,Emerson Smith,Corporate,New Jersey,Jersey City,Referral
C01203,Dakota Anderson,Corporate,Tennessee,Memphis,Paid Search
C01204,Riley Johnson,Home Office,Michigan,Ann Arbor,Direct
C01205,Dakota Moore,Consumer,Michigan,Ann Arbor,Social
C01206,Riley Martinez,Consumer,Maryland,Rockville,Paid Search
C01207,Alex Taylor,Corporate,Wisconsin,Milwaukee,Organic Search
C01208,Taylor Moore,Corporate,Indiana,Indianapolis,Referral
C01209,Drew Moore,Consumer,North Carolina,Durham,Email
C01210,Riley Martinez,Home Office,Wisconsin,Milwaukee,Direct
C01211,Parker Miller,Corporate,Massachusetts,Cambridge,Organic Search
C01212,Riley Thompson,Consumer,Tennessee,Memphis,Email
C01213,Blake Jones,Corporate,Illinois,Aurora,Social
C01214,Rowan Miller,Consumer,Georgia,Augusta,Direct
C01215,Jordan Moore,Consumer,Virginia,Virginia Beach,Organic Search
C01216,Quinn Martin,Corporate,Massachusetts,Worcester,Direct
C01217,Cameron Jackson,Home Office,Missouri,Springfield,Social
C01218,Drew Jones,Home Office,Tennessee,Memphis,Email
C01219,Rowan Jackson,Home Office,Michigan,Grand Rapids,Referral
C01220,Morgan Garcia,Home Office,Texas,Austin,Social
C01221,Drew Anderson,Corporate,Wisconsin,Madison,Email
C01222,Dakota Jackson,Corporate,North Carolina,Durham,Direct
C01223,Dakota Davis,Home Office,Georgia,Savannah,Direct
C01224,Sam Garcia,Consumer,Pennsylvania,Allentown,Email
C01225,Alex White,Consumer,New York,Rochester,Email
C01226,Parker Wilson,Home Office,Massachusetts,Worcester,Paid Search
C01227,Jordan Smith,Home Office,Ohio,Columbus,Email
C01228,Avery Robinson,Home Office,Wisconsin,Milwaukee,Direct
C01229,Taylor Robinson,Consumer,Florida,Jacksonville,Direct
C01230,Riley Brown,Home Office,Maryland,Baltimore,Paid Search
C01231,Rowan Williams,Home Office,Michigan,Grand Rapids,Paid Search
C01232,Sam Moore,Consumer,Arizona,Phoenix,Paid Search
C01233,Quinn Jackson,Corporate,Texas,Houston,Paid Search
C01234,Riley Harris,Consumer,North Carolina,Raleigh,Organic Search
C01235,Quinn Miller,Home Office,Wisconsin,Madison,Email
C01236,Emerson White,Consumer,Illinois,Naperville,Direct
C01237,Rowan Moore,Consumer,Florida,Miami,Email
C01238,Dakota Moore,Corporate,New York,New York,Social
C01239,Alex Johnson,Home Office,Illinois,Aurora,Paid Search
C01240,Sam Jackson,Home Office,Illinois,Chicago,Referral
C01241,Logan White,Corporate,Tennessee,Knoxville,Email
C01242,Cameron Smith,Corporate,Missouri,Springfield,Social
C01243,Dakota Garcia,Corporate,Florida,Tampa,Direct
C01244,Quinn Johnson,Home Office,Michigan,Ann Arbor,Email
C01245,Emerson Anderson,Consumer,Virginia,Richmond,Paid Search
C01246,Riley Garcia,Consumer,Ohio,Cleveland,Direct
C01247,Jamie Jackson,Consumer,Ohio,Cincinnati,Direct
C01248,Logan Williams,Home Office,Virginia,Richmond,Direct
C01249,Casey Johnson,Consumer,Ohio,Columbus,Direct
C01250,Cameron Martin,Corporate,Maryland,Baltimore,Referral
C01251,Logan Garcia,Corporate,Michigan,Detroit,Email
C01252,Jordan Anderson,Home Office,New Jersey,Newark,Social
C01253,Avery Thompson,Corporate,Florida,Orlando,Direct
C01254,Cameron Williams,Consumer,Maryland,Rockville,Organic Search
C01255,Alex Martin,Home Office,Tennessee,Nashville,Organic Search
C01256,Alex Miller,Home Office,Illinois,Chicago,Paid Search
C01257,Rowan Robinson,Consumer,Florida,Miami,Email
C01258,Logan Robinson,Home Office,Florida,Orlando,Email
C01259,Reese Anderson,Home Office,Ohio,Cincinnati,Social
C01260,Morgan Martinez,Home Office,New Jersey,Newark,Paid Search
C01261,Jordan Martinez,Consumer,Ohio,Cleveland,Email
C01262,Drew Jones,Corporate,Florida,Orlando,Direct
C01263,Emerson Miller,Corporate,Virginia,Virginia Beach,Referral
C01264,Casey Brown,Home Office,Texas,San Antonio,Organic Search
C01265,Logan Williams,Consumer,California,Los Angeles,Organic Search
C01266,Dakota Taylor,Corporate,New York,Rochester,Social
C01267,Avery Jones,Home Office,Illinois,Aurora,Referral
C01268,Reese Wilson,Consumer,Massachusetts,Cambridge,Direct
C01269,Blake Miller,Home Office,Texas,San Antonio,Referral
C01270,Jamie Thomas,Corporate,New York,New York,Referral
C01271,Avery Brown,Home Office,Georgia,Atlanta,Referral
C01272,Emerson Thompson,Consumer,Virginia,Richmond,Direct
C01273,Drew Johnson,Consumer,Ohio,Columbus,Organic Search
C01274,Logan Miller,Consumer,Tennessee,Knoxville,Email
C01275,Parker Taylor,Consumer,Texas,San Antonio,Paid Search
C01276,Blake Harris,Consumer,New Jersey,Newark,Direct
C01277,Emerson Miller,Consumer,Texas,Houston,Social
C01278,Morgan Williams,Consumer,Indiana,Evansville,Social
C01279,Dakota Anderson,Corporate,Maryland,Baltimore,Direct
C01280,Cameron Brown,Corporate,New Jersey,Newark,Email
C01281,Reese Davis,Corporate,Georgia,Atlanta,Email
C01282,Dakota Martin,Consumer,Tennessee,Memphis,Organic Search
C01283,Blake Harris,Consumer,Ohio,Cleveland,Paid Search
C01284,Rowan Davis,Home Office,Illinois,Aurora,Paid Search
C01285,Sam Jones,Consumer,Ohio,Cincinnati,Referral
C01286,Drew Jones,Consumer,Texas,San Antonio,Social
C01287,Riley Anderson,Consumer,Arizona,Tucson,Referral
C01288,Blake Miller,Home Office,Pennsylvania,Allentown,Organic Search
C01289,Reese Thompson,Corporate,New York,New York,Referral
C01290,Rowan Moore,Consumer,Tennessee,Knoxville,Social
C01291,Cameron Anderson,Corporate,Georgia,Augusta,Organic Search
C01292,Casey Martinez,Consumer,Maryland,Frederick,Email
C01293,Logan Thompson,Consumer,Texas,San Antonio,Referral
C01294,Logan Brown,Corporate,Washington,Spokane,Organic Search
C01295,Emerson Smith,Home Office,New York,Rochester,Social
C01296,Casey Thomas,Corporate,Ohio,Columbus,Direct
C01297,Alex Martin,Home Office,New York,Buffalo,Organic Search
C01298,Dakota Martinez,Consumer,Massachusetts,Worcester,Social
C01299,Quinn Miller,Corporate,Illinois,Naperville,Social
C01300,Taylor Jackson,Home Office,California,San Jose,Referral
C01301,Jamie White,Corporate,Texas,Dallas,Direct
C01302,Blake Anderson,Home Office,New York,New York,Referral
C01303,Jordan Brown,Corporate,Virginia,Richmond,Social
C01304,Jordan Thomas,Corporate,Wisconsin,Milwaukee,Direct
C01305,Taylor Garcia,Home Office,Missouri,St. Louis,Organic Search
C01306,Cameron Garcia,Consumer,New Jersey,Trenton,Social
C01307,Avery Wilson,Corporate,Maryland,Frederick,Paid Search
C01308,Reese Moore,Consumer,Indiana,Indianapolis,Paid Search
C01309,Rowan Martin,Home Office,Virginia,Arlington,Email
C01310,Emerson Garcia,Corporate,Tennessee,Memphis,Referral
C01311,Taylor Davis,Corporate,Virginia,Virginia Beach,Email
C01312,Riley Taylor,Consumer,Washington,Seattle,Organic Search
C01313,Morgan Jones,Corporate,North Carolina,Charlotte,Organic Search
C01314,Alex Taylor,Corporate,Indiana,Evansville,Referral
C01315,Logan Thomas,Corporate,Illinois,Aurora,Direct
C01316,Jamie Davis,Consumer,California,Los Angeles,Organic Search
C01317,Sam White,Home Office,Indiana,Fort Wayne,Direct
C01318,Logan Martinez,Home Office,New Jersey,Trenton,Referral
C01319,Rowan Harris,Corporate,Missouri,Springfield,Organic Search
C01320,Riley Moore,Consumer,Michigan,Grand Rapids,Paid Search
C01321,Jordan Jones,Corporate,Michigan,Grand Rapids,Social
C01322,Blake Miller,Home Office,Pennsylvania,Allentown,Paid Search
C01323,Riley Jones,Consumer,Pennsylvania,Philadelphia,Email
C01324,Sam Martinez,Consumer,Texas,San Antonio,Paid Search
C01325,Riley Davis,Home Office,Virginia,Arlington,Email
C01326,Parker Jones,Corporate,New Jersey,Jersey City,Referral
C01327,Emerson Taylor,Consumer,Pennsylvania,Philadelphia,Social
C01328,Casey Harris,Corporate,Tennessee,Nashville,Email
C01329,Skyler Anderson,Home Office,Missouri,Springfield,Paid Search
C01330,Jamie Martinez,Home Office,Tennessee,Nashville,Referral
C01331,Sam Brown,Home Office,Massachusetts,Worcester,Email
C01332,Emerson Brown,Corporate,Illinois,Chicago,Social
C01333,Cameron Harris,Corporate,Wisconsin,Milwaukee,Paid Search
C01334,Blake Davis,Home Office,Texas,Dallas,Paid Search
C01335,Alex Williams,Home Office,Ohio,Cleveland,Direct
C01336,Skyler Jackson,Consumer,New York,Buffalo,Paid Search
C01337,Blake Thompson,Consumer,Wisconsin,Green Bay,Paid Search
C01338,Casey White,Corporate,Washington,Spokane,Paid Search
C01339,Jamie Thomas,Corporate,California,San Jose,Social
C01340,Taylor Davis,Home Office,Missouri,Kansas City,Direct
C01341,Rowan Taylor,Consumer,Arizona,Mesa,Social
C01342,Casey Martinez,Home Office,Arizona,Phoenix,Organic Search
C01343,Jamie Martin,Home Office,Ohio,Cleveland,Email
C01344,Quinn Williams,Consumer,Maryland,Frederick,Direct
C01345,Reese Miller,Home Office,North Carolina,Raleigh,Direct
C01346,Casey Davis,Consumer,Maryland,Frederick,Paid Search
C01347,Logan Johnson,Corporate,Missouri,Springfield,Paid Search
C01348,Emerson Harris,Consumer,Tennessee,Nashville,Email
C01349,Drew Taylor,Home Office,Illinois,Naperville,Social
C01350,Jamie White,Consumer,Florida,Jacksonville,Direct
C01351,Alex Brown,Corporate,Georgia,Savannah,Email
C01352,Parker Martinez,Corporate,Wisconsin,Green Bay,Social
C01353,Logan Brown,Corporate,North Carolina,Durham,Direct
C01354,Alex Moore,Consumer,Maryland,Rockville,Email
C01355,Sam Harris,Home Office,Illinois,Chicago,Paid Search
C01356,Jordan Moore,Corporate,Pennsylvania,Pittsburgh,Direct
C01357,Jordan Taylor,Corporate,Virginia,Arlington,Direct
C01358,Skyler Davis,Home Office,New York,New York,Email
C01359,Riley Garcia,Corporate,Wisconsin,Madison,Direct
C01360,Drew Thomas,Consumer,Michigan,Ann Arbor,Referral
C01361,Casey Smith,Consumer,Virginia,Arlington,Paid Search
C01362,Logan White,Corporate,Virginia,Virginia Beach,Email
C01363,Casey Thompson,Consumer,Ohio,Columbus,Referral
C01364,Skyler Garcia,Home Office,Wisconsin,Green Bay,Direct
C01365,Reese Harris,Consumer,Florida,Miami,Organic Search
C01366,Logan Thomas,Corporate,California,San Jose,Organic Search
C01367,Blake Thompson,Corporate,Massachusetts,Boston,Direct
C01368,Alex Brown,Consumer,Michigan,Detroit,Direct
C01369,Cameron Taylor,Consumer,Illinois,Chicago,Organic Search
C01370,Reese Brown,Consumer,New York,New York,Social
C01371,Jordan Davis,Consumer,Arizona,Phoenix,Direct
C01372,Dakota Johnson,Corporate,Indiana,Indianapolis,Paid Search
C01373,Taylor Taylor,Home Office,Texas,Houston,Email
C01374,Blake Davis,Home Office,Florida,Orlando,Organic Search
C01375,Alex Williams,Consumer,Virginia,Arlington,Paid Search
C01376,Parker Thomas,Consumer,Maryland,Rockville,Direct
C01377,Cameron Thompson,Home Office,Wisconsin,Milwaukee,Email
C01378,Alex Thompson,Consumer,Maryland,Rockville,Organic Search
C01379,Riley Garcia,Consumer,Michigan,Ann Arbor,Email
C01380,Skyler Martin,Corporate,Ohio,Cincinnati,Referral
C01381,Rowan Brown,Consumer,Pennsylvania,Pittsburgh,Social
C01382,Avery Thompson,Consumer,Arizona,Tucson,Email
C01383,Morgan Harris,Consumer,New Jersey,Trenton,Organic Search
C01384,Parker Taylor,Home Office,Tennessee,Knoxville,Email
C01385,Sam Martin,Consumer,New York,Buffalo,Paid Search
C01386,Blake Taylor,Home Office,Massachusetts,Worcester,Organic Search
C01387,Reese Taylor,Corporate,Missouri,St. Louis,Email
C01388,Parker Miller,Consumer,Tennessee,Knoxville,Social
C01389,Quinn Harris,Home Office,Florida,Miami,Email
C01390,Quinn Jackson,Home Office,Illinois,Naperville,Email
C01391,Taylor Thomas,Consumer,Pennsylvania,Pittsburgh,Organic Search
C01392,Quinn Brown,Consumer,Wisconsin,Madison,Direct
C01393,Drew Martinez,Home Office,Tennessee,Memphis,Direct
C01394,Parker Martin,Home Office,Washington,Tacoma,Social
C01395,Skyler Moore,Consumer,Tennessee,Memphis,Email
C01396,Drew Martin,Corporate,Florida,Orlando,Direct
C01397,Alex Brown,Home Office,Illinois,Chicago,Email
C01398,Alex Miller,Corporate,Tennessee,Knoxville,Direct
C01399,Casey Taylor,Home Office,New Jersey,Trenton,Email
C01400,Skyler Martin,Corporate,New York,New York,Paid Search
C01401,Logan Thompson,Corporate,Tennessee,Knoxville,Paid Search
C01402,Emerson Smith,Consumer,Missouri,Kansas City,Email
C01403,Rowan Anderson,Corporate,Washington,Spokane,Social
C01404,Jordan Miller,Home Office,Texas,Austin,Direct
C01405,Logan White,Consumer,Pennsylvania,Pittsburgh,Direct
C01406,Logan Brown,Home Office,Washington,Tacoma,Social
C01407,Emerson Martinez,Corporate,Missouri,Kansas City,Referral
C01408,Skyler Johnson,Corporate,Pennsylvania,Pittsburgh,Social
C01409,Quinn Robinson,Home Office,Maryland,Frederick,Paid Search
C01410,Jordan Smith,Home Office,New Jersey,Newark,Organic Search
C01411,Parker Martinez,Consumer,Virginia,Arlington,Paid Search
C01412,Morgan White,Corporate,Washington,Spokane,Social
C01413,Jordan Wilson,Consumer,Virginia,Virginia Beach,Direct
C01414,Dakota Williams,Home Office,Michigan,Detroit,Paid Search
C01415,Sam Miller,Consumer,Florida,Tampa,Email
C01416,Reese Martinez,Home Office,Massachusetts,Worcester,Paid Search
C01417,Logan Martinez,Consumer,California,San Jose,Social
C01418,Quinn Anderson,Home Office,Maryland,Baltimore,Social
C01419,Avery Anderson,Corporate,Florida,Tampa,Organic Search
C01420,Jamie Thomas,Corporate,Wisconsin,Milwaukee,Social
C01421,Emerson Davis,Corporate,New York,Buffalo,Email
C01422,Dakota Jackson,Consumer,Michigan,Ann Arbor,Direct
C01423,Dakota Brown,Home Office,New York,Buffalo,Paid Search
C01424,Dakota Thompson,Corporate,New York,Buffalo,Organic Search
C01425,Taylor Taylor,Home Office,Virginia,Richmond,Social
C01426,Sam Davis,Corporate,Missouri,Kansas City,Paid Search
C01427,Skyler Harris,Home Office,Wisconsin,Green Bay,Organic Search
C01428,Skyler Miller,Home Office,California,San Francisco,Organic Search
C01429,Drew Garcia,Home Office,Massachusetts,Worcester,Referral
C01430,Skyler Davis,Corporate,Texas,San Antonio,Organic Search
C01431,Casey Taylor,Corporate,Georgia,Savannah,Paid Search
C01432,Avery White,Corporate,New York,Buffalo,Direct
C01433,Drew Robinson,Consumer,Pennsylvania,Pittsburgh,Organic Search
C01434,Casey Davis,Consumer,Florida,Orlando,Paid Search
C01435,Logan Garcia,Corporate,Massachusetts,Worcester,Direct
C01436,Avery Miller,Corporate,Texas,Dallas,Email
C01437,Drew Garcia,Consumer,North Carolina,Durham,Email
C01438,Alex Johnson,Consumer,Tennessee,Memphis,Referral
C01439,Taylor White,Corporate,Michigan,Ann Arbor,Direct
C01440,Quinn Jones,Consumer,New York,New York,Referral
C01441,Morgan Thompson,Home Office,Indiana,Evansville,Referral
C01442,Logan Williams,Consumer,North Carolina,Durham,Email
C01443,Sam Martinez,Home Office,New Jersey,Jersey City,Direct
C01444,Reese Davis,Consumer,Georgia,Atlanta,Organic Search
C01445,Drew Harris,Corporate,Ohio,Cleveland,Referral
C01446,Logan Garcia,Corporate,Texas,Houston,Paid Search
C01447,Reese Martin,Home Office,Missouri,St. Louis,Paid Search
C01448,Parker Martin,Home Office,Illinois,Aurora,Paid Search
C01449,Blake Johnson,Home Office,California,Los Angeles,Direct
C01450,Drew Garcia,Corporate,Georgia,Savannah,Direct
C01451,Morgan Garcia,Consumer,Virginia,Richmond,Social
C01452,Quinn Moore,Corporate,California,Los Angeles,Organic Search
C01453,Avery Miller,Corporate,Michigan,Ann Arbor,Paid Search
C01454,Jordan Moore,Consumer,Arizona,Tucson,Social
C01455,Sam White,Consumer,Arizona,Phoenix,Direct
C01456,Skyler Williams,Corporate,North Carolina,Raleigh,Referral
C01457,Sam Harris,Home Office,Missouri,St. Louis,Email
C01458,Rowan Jones,Consumer,Pennsylvania,Pittsburgh,Organic Search
C01459,Sam Martinez,Consumer,Michigan,Detroit,Organic Search
C01460,Skyler Jones,Home Office,Georgia,Augusta,Social
C01461,Rowan Martin,Home Office,New Jersey,Newark,Paid Search
C01462,Dakota Anderson,Corporate,Pennsylvania,Philadelphia,Email
C01463,Parker Miller,Corporate,Arizona,Tucson,Referral
C01464,Alex Smith,Home Office,Georgia,Augusta,Referral
C01465,Taylor Harris,Consumer,Georgia,Savannah,Direct
C01466,Jordan Jackson,Home Office,Pennsylvania,Pittsburgh,Referral
C01467,Casey Williams,Corporate,North Carolina,Charlotte,Referral
C01468,Alex Thompson,Corporate,Florida,Jacksonville,Direct
C01469,Morgan Wilson,Home Office,Tennessee,Nashville,Organic Search
C01470,Jamie Martin,Corporate,North Carolina,Charlotte,Social
C01471,Blake Davis,Corporate,Ohio,Cincinnati,Direct
C01472,Reese Miller,Corporate,Ohio,Columbus,Email
C01473,Drew Wilson,Home Office,Michigan,Grand Rapids,Organic Search
C01474,Dakota Harris,Consumer,Virginia,Virginia Beach,Social
C01475,Sam Jackson,Home Office,Illinois,Chicago,Direct
C01476,Reese Robinson,Corporate,Washington,Seattle,Email
C01477,Jordan Johnson,Corporate,Missouri,St. Louis,Social
C01478,Blake Robinson,Home Office,Virginia,Arlington,Email
C01479,Drew Thompson,Home Office,California,San Francisco,Paid Search
C01480,Parker Jones,Home Office,Washington,Seattle,Referral
C01481,Drew Miller,Home Office,Pennsylvania,Pittsburgh,Paid Search
C01482,Casey Williams,Corporate,Massachusetts,Cambridge,Referral
C01483,Casey Moore,Consumer,Arizona,Tucson,Email
C01484,Logan Moore,Home Office,Illinois,Aurora,Social
C01485,Drew Robinson,Corporate,Michigan,Ann Arbor,Paid Search
C01486,Riley Anderson,Home Office,Arizona,Tucson,Organic Search
C01487,Rowan Johnson,Consumer,Missouri,St. Louis,Email
C01488,Riley Johnson,Corporate,Georgia,Savannah,Organic Search
C01489,Reese Brown,Corporate,Massachusetts,Boston,Social
C01490,Emerson Martin,Corporate,Virginia,Richmond,Email
C01491,Morgan Thomas,Consumer,Illinois,Chicago,Paid Search
C01492,Riley Thompson,Corporate,Pennsylvania,Allentown,Direct
C01493,Avery Martinez,Consumer,Maryland,Rockville,Referral
C01494,Reese Williams,Consumer,Pennsylvania,Pittsburgh,Direct
C01495,Sam Smith,Corporate,Florida,Miami,Social
C01496,Dakota Brown,Corporate,Virginia,Virginia Beach,Email
C01497,Rowan Martin,Corporate,New York,Rochester,Paid Search
C01498,Alex Anderson,Consumer,Wisconsin,Green Bay,Referral
C01499,Sam Martinez,Consumer,Massachusetts,Boston,Email
C01500,Sam Johnson,Home Office,Michigan,Detroit,Referral
C01501,Quinn Williams,Corporate,Wisconsin,Madison,Organic Search
C01502,Quinn Williams,Consumer,Georgia,Atlanta,Organic Search
C01503,Quinn Taylor,Home Office,Washington,Tacoma,Organic Search
C01504,Jamie Martin,Corporate,Florida,Tampa,Direct
C01505,Casey Thomas,Home Office,Wisconsin,Milwaukee,Paid Search
C01506,Avery Martin,Corporate,Indiana,Fort Wayne,Social
C01507,Dakota Robinson,Corporate,North Carolina,Charlotte,Social
C01508,Blake Miller,Corporate,Virginia,Arlington,Social
C01509,Jordan Thompson,Corporate,New York,Buffalo,Direct
C01510,Casey Martin,Home Office,Georgia,Augusta,Direct
C01511,Taylor Taylor,Corporate,Indiana,Fort Wayne,Email
C01512,Jamie Jones,Consumer,Tennessee,Knoxville,Paid Search
C01513,Skyler White,Corporate,Georgia,Augusta,Email
C01514,Taylor Johnson,Home Office,Missouri,St. Louis,Referral
C01515,Reese Brown,Corporate,Arizona,Mesa,Direct
C01516,Drew Thomas,Corporate,Maryland,Rockville,Email
C01517,Alex Brown,Home Office,Indiana,Evansville,Social
C01518,Riley Jackson,Consumer,Pennsylvania,Philadelphia,Social
C01519,Sam Martinez,Home Office,Michigan,Grand Rapids,Direct
C01520,Blake Moore,Corporate,Massachusetts,Boston,Organic Search
C01521,Taylor Robinson,Corporate,Pennsylvania,Allentown,Email
C01522,Emerson Smith,Consumer,Arizona,Tucson,Email
C01523,Riley Martin,Corporate,California,San Francisco,Direct
C01524,Logan Taylor,Home Office,Wisconsin,Green Bay,Paid Search
C01525,Jamie Williams,Consumer,Washington,Seattle,Email
C01526,Morgan Smith,Home Office,Ohio,Columbus,Email
C01527,Logan Jones,Home Office,Ohio,Columbus,Social
C01528,Avery Williams,Corporate,Missouri,Kansas City,Organic Search
C01529,Reese Smith,Consumer,Tennessee,Nashville,Organic Search
C01530,Logan Martin,Consumer,Massachusetts,Worcester,Referral
C01531,Avery Taylor,Home Office,Georgia,Savannah,Email
C01532,Alex Brown,Home Office,New Jersey,Trenton,Social
C01533,Logan Martinez,Home Office,Arizona,Mesa,Referral
C01534,Jordan Martin,Corporate,Michigan,Grand Rapids,Referral
C01535,Blake Martin,Consumer,Maryland,Rockville,Email
C01536,Alex White,Home Office,Indiana,Fort Wayne,Referral
C01537,Drew White,Corporate,New York,New York,Social
C01538,Parker Harris,Home Office,Wisconsin,Madison,Email
C01539,Jamie Davis,Corporate,Pennsylvania,Pittsburgh,Social
C01540,Skyler Wilson,Home Office,Georgia,Augusta,Paid Search
C01541,Rowan Jones,Corporate,Wisconsin,Green Bay,Direct
C01542,Reese Thomas,Corporate,Washington,Seattle,Referral
C01543,Jamie Williams,Home Office,Ohio,Cleveland,Organic Search
C01544,Avery Miller,Home Office,Pennsylvania,Pittsburgh,Email
C01545,Logan Taylor,Consumer,Arizona,Phoenix,Referral
C01546,Alex Thomas,Corporate,Texas,Austin,Direct
C01547,Riley Thompson,Consumer,Pennsylvania,Philadelphia,Paid Search
C01548,Morgan Robinson,Consumer,Arizona,Phoenix,Referral
C01549,Logan Moore,Corporate,Georgia,Savannah,Email
C01550,Drew Jones,Home Office,Missouri,Springfield,Referral
C01551,Jordan Harris,Corporate,Florida,Miami,Email
C01552,Blake Brown,Home Office,Wisconsin,Milwaukee,Referral
C01553,Riley Brown,Consumer,Florida,Tampa,Organic Search
C01554,Rowan Thompson,Corporate,Michigan,Ann Arbor,Email
C01555,Parker Anderson,Consumer,Illinois,Chicago,Organic Search
C01556,Reese Smith,Consumer,Massachusetts,Worcester,Paid Search
C01557,Skyler Miller,Consumer,Michigan,Grand Rapids,Paid Search
C01558,Parker Wilson,Consumer,Arizona,Mesa,Social
C01559,Casey White,Corporate,Georgia,Savannah,Social
C01560,Parker Smith,Corporate,Indiana,Indianapolis,Email
C01561,Taylor Williams,Corporate,Indiana,Fort Wayne,Social
C01562,Reese Johnson,Corporate,Pennsylvania,Philadelphia,Direct
C01563,Dakota Johnson,Home Office,Illinois,Naperville,Direct
C01564,Jamie White,Corporate,Indiana,Evansville,Direct
C01565,Jamie Anderson,Corporate,Missouri,St. Louis,Paid Search
C01566,Blake Jones,Home Office,Indiana,Fort Wayne,Social
C01567,Emerson Robinson,Home Office,Ohio,Cincinnati,Social
C01568,Quinn Davis,Corporate,Virginia,Virginia Beach,Email
C01569,Sam Jackson,Home Office,Missouri,Springfield,Direct
C01570,Skyler Garcia,Corporate,Illinois,Chicago,Email
C01571,Emerson Taylor,Home Office,Indiana,Fort Wayne,Direct
C01572,Alex Smith,Home Office,Pennsylvania,Allentown,Paid Search
C01573,Jamie White,Home Office,Georgia,Atlanta,Direct
C01574,Parker Moore,Home Office,Texas,Austin,Email
C01575,Morgan Harris,Corporate,Texas,Houston,Social
C01576,Cameron Martinez,Home Office,New Jersey,Trenton,Direct
C01577,Blake Wilson,Corporate,Missouri,Kansas City,Paid Search
C01578,Casey Jackson,Home Office,Maryland,Rockville,Organic Search
C01579,Sam Thompson,Home Office,Florida,Orlando,Paid Search
C01580,Morgan Jones,Home Office,Massachusetts,Worcester,Social
C01581,Taylor Johnson,Corporate,New York,New York,Social
C01582,Rowan Williams,Corporate,Ohio,Cincinnati,Referral
C01583,Dakota Garcia,Home Office,Washington,Spokane,Paid Search
C01584,Logan White,Corporate,Maryland,Rockville,Social
C01585,Riley Jones,Home Office,Arizona,Phoenix,Social
C01586,Casey Thompson,Home Office,Massachusetts,Boston,Direct
C01587,Rowan Martin,Consumer,Ohio,Cincinnati,Organic Search
C01588,Parker Brown,Home Office,Missouri,Kansas City,Email
C01589,Parker Martinez,Corporate,Florida,Miami,Referral
C01590,Morgan Thomas,Corporate,Illinois,Aurora,Paid Search
C01591,Logan Smith,Consumer,Michigan,Detroit,Referral
C01592,Jordan Taylor,Corporate,Arizona,Phoenix,Organic Search
C01593,Alex Brown,Home Office,Tennessee,Memphis,Email
C01594,Reese Martin,Home Office,Texas,Austin,Referral
C01595,Sam Jackson,Corporate,Massachusetts,Cambridge,Referral
C01596,Casey Thompson,Home Office,Illinois,Aurora,Social
C01597,Casey Anderson,Consumer,Massachusetts,Cambridge,Direct
C01598,Reese Jackson,Consumer,Wisconsin,Madison,Paid Search
C01599,Jordan Harris,Home Office,Missouri,Kansas City,Direct
C01600,Riley Smith,Home Office,New York,Rochester,Direct
C01601,Emerson Brown,Home Office,Michigan,Ann Arbor,Email
C01602,Blake Garcia,Home Office,Ohio,Columbus,Referral
C01603,Avery Martin,Home Office,Indiana,Indianapolis,Email
C01604,Riley Smith,Corporate,Missouri,St. Louis,Organic Search
C01605,Rowan Williams,Home Office,Maryland,Rockville,Paid Search
C01606,Dakota Johnson,Corporate,Washington,Seattle,Paid Search
C01607,Riley White,Consumer,Arizona,Mesa,Paid Search
C01608,Drew Williams,Consumer,Washington,Seattle,Referral
C01609,Jamie Jones,Consumer,Pennsylvania,Pittsburgh,Email
C01610,Jamie White,Home Office,Illinois,Chicago,Email
C01611,Sam Miller,Consumer,Wisconsin,Green Bay,Email
C01612,Quinn Brown,Corporate,Michigan,Detroit,Social
C01613,Drew Jackson,Consumer,New Jersey,Newark,Organic Search
C01614,Blake Martinez,Consumer,Georgia,Savannah,Referral
C01615,Quinn Brown,Corporate,Indiana,Indianapolis,Paid Search
C01616,Emerson White,Consumer,Massachusetts,Worcester,Email
C01617,Cameron Smith,Corporate,Arizona,Mesa,Referral
C01618,Cameron Garcia,Home Office,Florida,Orlando,Paid Search
C01619,Reese Harris,Consumer,Maryland,Rockville,Referral
C01620,Casey Thomas,Home Office,Ohio,Columbus,Organic Search
C01621,Reese Garcia,Corporate,Missouri,St. Louis,Email
C01622,Blake Taylor,Home Office,Massachusetts,Boston,Email
C01623,Logan Moore,Home Office,Texas,Austin,Direct
C01624,Parker Davis,Home Office,Washington,Tacoma,Paid Search
C01625,Riley Garcia,Home Office,Texas,Houston,Paid Search
C01626,Quinn Brown,Consumer,New York,Rochester,Referral
C01627,Reese Davis,Home Office,North Carolina,Durham,Paid Search
C01628,Drew Harris,Corporate,New Jersey,Newark,Direct
C01629,Sam Davis,Corporate,New Jersey,Trenton,Paid Search
C01630,Casey Smith,Home Office,California,San Francisco,Email
C01631,Riley White,Home Office,California,San Francisco,Social
C01632,Taylor Williams,Home Office,Missouri,St. Louis,Direct
C01633,Morgan Thomas,Corporate,Massachusetts,Cambridge,Paid Search
C01634,Riley Smith,Consumer,Washington,Spokane,Paid Search
C01635,Rowan Smith,Consumer,Ohio,Cincinnati,Email
C01636,Parker Davis,Consumer,North Carolina,Durham,Direct
C01637,Cameron Wilson,Corporate,Michigan,Grand Rapids,Email
C01638,Logan Robinson,Consumer,North Carolina,Charlotte,Organic Search
C01639,Morgan Moore,Home Office,Washington,Tacoma,Social
C01640,Emerson Davis,Home Office,Pennsylvania,Allentown,Referral
C01641,Dakota Miller,Consumer,Wisconsin,Green Bay,Organic Search
C01642,Casey Moore,Home Office,New York,New York,Referral
C01643,Avery Smith,Home Office,North Carolina,Durham,Referral
C01644,Drew Garcia,Corporate,Wisconsin,Milwaukee,Social
C01645,Sam White,Corporate,Texas,Austin,Email
C01646,Rowan Martin,Corporate,Indiana,Evansville,Email
C01647,Jordan Moore,Corporate,Georgia,Augusta,Social
C01648,Alex Jackson,Consumer,New Jersey,Jersey City,Email
C01649,Alex Wilson,Home Office,Maryland,Frederick,Email
C01650,Avery Miller,Corporate,Georgia,Savannah,Email
C01651,Alex Martin,Corporate,Florida,Miami,Referral
C01652,Drew Wilson,Consumer,New Jersey,Jersey City,Organic Search
C01653,Jordan Anderson,Home Office,New Jersey,Newark,Email
C01654,Blake Harris,Consumer,Wisconsin,Green Bay,Social
C01655,Morgan Williams,Consumer,Maryland,Baltimore,Social
C01656,Taylor Jones,Consumer,New Jersey,Jersey City,Email
C01657,Blake White,Consumer,Michigan,Detroit,Direct
C01658,Emerson Johnson,Corporate,Texas,San Antonio,Social
C01659,Blake White,Consumer,Florida,Miami,Social
C01660,Rowan White,Home Office,Washington,Tacoma,Email
C01661,Alex Harris,Home Office,New Jersey,Jersey City,Referral
C01662,Morgan Brown,Consumer,Ohio,Cincinnati,Direct
C01663,Dakota Davis,Home Office,New York,New York,Direct
C01664,Drew Thomas,Corporate,Indiana,Fort Wayne,Direct
C01665,Rowan Miller,Consumer,Wisconsin,Milwaukee,Email
C01666,Casey Taylor,Home Office,Texas,San Antonio,Referral
C01667,Jamie Martinez,Home Office,Virginia,Virginia Beach,Organic Search
C01668,Jamie Robinson,Corporate,Tennessee,Memphis,Paid Search
C01669,Skyler Martinez,Home Office,California,San Diego,Email
C01670,Skyler Garcia,Consumer,Georgia,Savannah,Paid Search
C01671,Avery Davis,Consumer,Ohio,Cleveland,Organic Search
C01672,Rowan Robinson,Home Office,Tennessee,Memphis,Referral
C01673,Sam Robinson,Corporate,Maryland,Frederick,Paid Search
C01674,Morgan Harris,Consumer,Pennsylvania,Pittsburgh,Organic Search
C01675,Cameron Wilson,Corporate,California,San Diego,Organic Search
C01676,Sam Jackson,Consumer,Tennessee,Memphis,Organic Search
C01677,Parker Smith,Consumer,California,San Jose,Email
C01678,Morgan Jones,Corporate,Missouri,Kansas City,Organic Search
C01679,Parker Johnson,Consumer,Maryland,Baltimore,Organic Search
C01680,Riley Wilson,Corporate,Michigan,Ann Arbor,Organic Search
C01681,Emerson Wilson,Consumer,New Jersey,Newark,Email
C01682,Drew Brown,Consumer,Pennsylvania,Allentown,Organic Search
C01683,Morgan Anderson,Consumer,Washington,Spokane,Social
C01684,Parker Thomas,Home Office,Georgia,Atlanta,Referral
C01685,Reese Williams,Consumer,Wisconsin,Milwaukee,Organic Search
C01686,Avery Garcia,Corporate,Ohio,Cincinnati,Paid Search
C01687,Blake White,Home Office,New Jersey,Newark,Email
C01688,Dakota Davis,Home Office,Wisconsin,Madison,Organic Search
C01689,Cameron Johnson,Home Office,New Jersey,Jersey City,Organic Search
C01690,Dakota Martin,Consumer,Indiana,Evansville,Email
C01691,Blake Williams,Consumer,Tennessee,Knoxville,Social
C01692,Parker Martin,Home Office,Indiana,Fort Wayne,Organic Search
C01693,Parker Thompson,Home Office,New Jersey,Jersey City,Direct
C01694,Logan Moore,Home Office,Tennessee,Memphis,Direct
C01695,Jordan Davis,Consumer,Maryland,Baltimore,Social
C01696,Quinn Davis,Corporate,Georgia,Savannah,Social
C01697,Riley Thomas,Corporate,Maryland,Rockville,Email
C01698,Taylor Taylor,Corporate,Illinois,Naperville,Paid Search
C01699,Dakota Johnson,Corporate,Georgia,Augusta,Referral
C01700,Reese Harris,Corporate,New Jersey,Jersey City,Social
C01701,Logan Anderson,Corporate,Virginia,Richmond,Email
C01702,Rowan Wilson,Corporate,Pennsylvania,Allentown,Email
C01703,Taylor Taylor,Home Office,Virginia,Arlington,Referral
C01704,Drew Wilson,Consumer,New York,New York,Email
C01705,Jordan Garcia,Consumer,Virginia,Richmond,Organic Search
C01706,Drew Taylor,Home Office,New Jersey,Trenton,Paid Search
C01707,Blake Jones,Home Office,Ohio,Cincinnati,Referral
C01708,Alex Taylor,Corporate,North Carolina,Raleigh,Social
C01709,Dakota Smith,Corporate,Washington,Tacoma,Referral
C01710,Quinn Wilson,Consumer,Illinois,Naperville,Direct
C01711,Logan Wilson,Home Office,Ohio,Cincinnati,Referral
C01712,Rowan Anderson,Consumer,Massachusetts,Worcester,Organic Search
C01713,Reese Davis,Corporate,Arizona,Tucson,Referral
C01714,Parker Jones,Home Office,California,San Diego,Paid Search
C01715,Logan Thomas,Corporate,California,San Diego,Social
C01716,Quinn Garcia,Corporate,Arizona,Tucson,Referral
C01717,Dakota Johnson,Consumer,California,San Diego,Paid Search
C01718,Blake Robinson,Home Office,Maryland,Frederick,Social
C01719,Quinn Williams,Home Office,Ohio,Cleveland,Organic Search
C01720,Morgan Anderson,Home Office,Tennessee,Memphis,Direct
C01721,Taylor Miller,Consumer,Michigan,Ann Arbor,Referral
C01722,Jordan Robinson,Corporate,Pennsylvania,Philadelphia,Organic Search
C01723,Taylor Jackson,Corporate,Ohio,Columbus,Organic Search
C01724,Skyler Williams,Corporate,Michigan,Detroit,Paid Search
C01725,Alex Miller,Corporate,Indiana,Fort Wayne,Social
C01726,Morgan Jones,Home Office,Pennsylvania,Pittsburgh,Social
C01727,Quinn Davis,Consumer,New York,New York,Paid Search
C01728,Logan Miller,Home Office,Arizona,Mesa,Paid Search
C01729,Avery Thompson,Home Office,Maryland,Rockville,Social
C01730,Avery Smith,Consumer,North Carolina,Raleigh,Email
C01731,Blake Wilson,Home Office,Washington,Spokane,Referral
C01732,Rowan Harris,Home Office,Tennessee,Nashville,Direct
C01733,Jamie Harris,Corporate,New York,Rochester,Direct
C01734,Quinn Robinson,Consumer,Michigan,Grand Rapids,Organic Search
C01735,Blake White,Corporate,Pennsylvania,Pittsburgh,Direct
C01736,Dakota Brown,Corporate,Pennsylvania,Allentown,Email
C01737,Riley Moore,Home Office,Georgia,Augusta,Paid Search
C01738,Avery Martin,Corporate,New York,Rochester,Email
C01739,Taylor Brown,Home Office,Virginia,Richmond,Social
C01740,Riley Moore,Consumer,Massachusetts,Cambridge,Email
C01741,Alex Williams,Home Office,Massachusetts,Cambridge,Direct
C01742,Quinn Anderson,Home Office,Massachusetts,Worcester,Organic Search
C01743,Jordan Smith,Corporate,Washington,Seattle,Direct
C01744,Sam Harris,Corporate,Illinois,Aurora,Email
C01745,Emerson Wilson,Home Office,New York,Buffalo,Organic Search
C01746,Drew Miller,Consumer,Tennessee,Nashville,Referral
C01747,Riley Taylor,Consumer,Florida,Jacksonville,Organic Search
C01748,Alex Moore,Consumer,New York,Buffalo,Paid Search
C01749,Avery Johnson,Home Office,Pennsylvania,Allentown,Organic Search
C01750,Jordan Thompson,Home Office,Massachusetts,Cambridge,Direct
C01751,Quinn Taylor,Corporate,Florida,Miami,Referral
C01752,Jordan Jackson,Consumer,California,San Diego,Paid Search
C01753,Avery Williams,Consumer,Georgia,Savannah,Email
C01754,Sam Davis,Home Office,California,Los Angeles,Organic Search
C01755,Riley Miller,Consumer,Florida,Jacksonville,Referral
C01756,Sam Anderson,Home Office,Florida,Orlando,Referral
C01757,Emerson Jackson,Corporate,Ohio,Columbus,Organic Search
C01758,Morgan Thomas,Corporate,Ohio,Columbus,Email
C01759,Sam Smith,Corporate,Washington,Seattle,Social
C01760,Taylor Moore,Home Office,Georgia,Augusta,Paid Search
C01761,Taylor Davis,Corporate,Texas,Austin,Referral
C01762,Morgan Garcia,Home Office,Tennessee,Nashville,Paid Search
C01763,Blake Anderson,Home Office,Florida,Jacksonville,Direct
C01764,Sam Miller,Home Office,Illinois,Naperville,Paid Search
C01765,Taylor Anderson,Consumer,Tennessee,Knoxville,Referral
C01766,Quinn Thompson,Home Office,Massachusetts,Cambridge,Organic Search
C01767,Dakota Smith,Consumer,Indiana,Indianapolis,Referral
C01768,Jamie Wilson,Home Office,Florida,Jacksonville,Organic Search
C01769,Taylor Johnson,Consumer,Wisconsin,Madison,Social
C01770,Avery Jones,Corporate,Michigan,Detroit,Direct
C01771,Cameron Robinson,Corporate,Texas,Austin,Organic Search
C01772,Sam Johnson,Home Office,North Carolina,Raleigh,Direct
C01773,Alex Wilson,Home Office,Michigan,Grand Rapids,Paid Search
C01774,Avery Garcia,Consumer,Georgia,Augusta,Organic Search
C01775,Blake Jackson,Home Office,Georgia,Savannah,Organic Search
C01776,Alex Williams,Corporate,Massachusetts,Boston,Organic Search
C01777,Casey Davis,Consumer,Texas,Houston,Organic Search
C01778,Emerson Davis,Consumer,Maryland,Rockville,Email
C01779,Rowan Taylor,Consumer,Arizona,Mesa,Organic Search
C01780,Reese Miller,Home Office,Georgia,Atlanta,Paid Search
C01781,Dakota Harris,Home Office,Michigan,Detroit,Paid Search
C01782,Taylor Thomas,Corporate,Tennessee,Memphis,Organic Search
C01783,Rowan White,Home Office,Tennessee,Knoxville,Direct
C01784,Casey Martin,Consumer,Arizona,Tucson,Social
C01785,Jamie Robinson,Home Office,New York,New York,Referral
C01786,Drew Jackson,Corporate,Pennsylvania,Pittsburgh,Social
C01787,Quinn Garcia,Home Office,Michigan,Grand Rapids,Email
C01788,Casey Martin,Consumer,New Jersey,Newark,Organic Search
C01789,Alex Thompson,Home Office,California,San Jose,Social
C01790,Reese Jackson,Home Office,Washington,Spokane,Social
C01791,Jamie Martinez,Consumer,Tennessee,Memphis,Email
C01792,Quinn Martinez,Consumer,Florida,Orlando,Social
C01793,Parker Thompson,Home Office,North Carolina,Raleigh,Direct
C01794,Jordan Jackson,Corporate,Virginia,Arlington,Organic Search
C01795,Logan Johnson,Corporate,Georgia,Augusta,Direct
C01796,Casey Moore,Home Office,California,San Francisco,Direct
C01797,Drew Wilson,Home Office,Illinois,Naperville,Direct
C01798,Alex Brown,Consumer,Pennsylvania,Allentown,Direct
C01799,Quinn Martinez,Consumer,Washington,Tacoma,Organic Search
C01800,Riley White,Corporate,Arizona,Mesa,Paid Search
C01801,Emerson Jackson,Home Office,Indiana,Fort Wayne,Direct
C01802,Taylor Brown,Home Office,Arizona,Mesa,Paid Search
C01803,Drew Davis,Home Office,Illinois,Aurora,Direct
C01804,Alex Miller,Corporate,Michigan,Detroit,Email
C01805,Reese Thompson,Corporate,New York,Rochester,Paid Search
C01806,Riley Miller,Corporate,Arizona,Phoenix,Direct
C01807,Avery Martin,Consumer,Illinois,Naperville,Email
C01808,Dakota Davis,Consumer,Massachusetts,Boston,Email
C01809,Avery Moore,Corporate,Pennsylvania,Pittsburgh,Direct
C01810,Morgan Miller,Consumer,Wisconsin,Madison,Email
C01811,Morgan Moore,Consumer,Washington,Spokane,Email
C01812,Cameron Martin,Corporate,Maryland,Rockville,Email
C01813,Jordan Moore,Consumer,California,Los Angeles,Email
C01814,Skyler Smith,Corporate,Ohio,Cincinnati,Referral
C01815,Logan Martin,Corporate,North Carolina,Durham,Social
C01816,Parker Anderson,Corporate,New Jersey,Newark,Paid Search
C01817,Quinn Robinson,Consumer,Washington,Spokane,Paid Search
C01818,Alex Harris,Home Office,Florida,Jacksonville,Direct
C01819,Alex Robinson,Consumer,Illinois,Naperville,Paid Search
C01820,Parker Harris,Home Office,Georgia,Augusta,Direct
C01821,Skyler White,Home Office,Tennessee,Nashville,Email
C01822,Alex Thomas,Consumer,New Jersey,Trenton,Paid Search
C01823,Cameron Robinson,Corporate,Massachusetts,Worcester,Direct
C01824,Taylor Thomas,Corporate,Wisconsin,Madison,Direct
C01825,Quinn Taylor,Home Office,Florida,Orlando,Direct
C01826,Skyler Martinez,Home Office,Illinois,Naperville,Email
C01827,Logan Williams,Corporate,Illinois,Naperville,Referral
C01828,Riley Harris,Consumer,Massachusetts,Worcester,Direct
C01829,Cameron Wilson,Consumer,Missouri,St. Louis,Direct
C01830,Morgan White,Home Office,New York,New York,Organic Search
C01831,Quinn Moore,Consumer,New Jersey,Trenton,Paid Search
C01832,Morgan Jones,Home Office,Tennessee,Knoxville,Direct
C01833,Taylor Anderson,Consumer,Tennessee,Knoxville,Referral
C01834,Sam Jackson,Home Office,New York,Rochester,Direct
C01835,Emerson White,Consumer,Washington,Seattle,Paid Search
C01836,Jamie Williams,Consumer,Florida,Miami,Paid Search
C01837,Avery Brown,Home Office,Maryland,Frederick,Organic Search
C01838,Quinn Martinez,Home Office,New Jersey,Newark,Paid Search
C01839,Dakota Garcia,Consumer,Texas,San Antonio,Social
C01840,Parker Jones,Home Office,New Jersey,Trenton,Referral
C01841,Cameron Brown,Corporate,Maryland,Baltimore,Referral
C01842,Sam Jones,Corporate,Massachusetts,Boston,Social
C01843,Casey Robinson,Corporate,Massachusetts,Boston,Direct
C01844,Blake Anderson,Corporate,Texas,Houston,Paid Search
C01845,Logan Davis,Corporate,Maryland,Frederick,Direct
C01846,Jordan Anderson,Consumer,Washington,Tacoma,Organic Search
C01847,Jordan Miller,Corporate,Georgia,Augusta,Social
C01848,Riley Smith,Home Office,Michigan,Grand Rapids,Paid Search
C01849,Logan Thomas,Corporate,Arizona,Tucson,Email
C01850,Jamie Taylor,Home Office,Indiana,Indianapolis,Direct
C01851,Quinn Brown,Consumer,Missouri,Kansas City,Referral
C01852,Jamie Harris,Home Office,Texas,Dallas,Referral
C01853,Rowan Martin,Corporate,Illinois,Chicago,Organic Search
C01854,Avery Smith,Corporate,Ohio,Cincinnati,Referral
C01855,Casey Jackson,Corporate,Florida,Orlando,Email
C01856,Parker Martin,Consumer,Florida,Miami,Email
C01857,Sam Martinez,Corporate,Indiana,Indianapolis,Direct
C01858,Cameron Johnson,Consumer,Washington,Seattle,Social
C01859,Jamie Robinson,Consumer,Tennessee,Knoxville,Direct
C01860,Taylor Harris,Home Office,Washington,Spokane,Paid Search
C01861,Parker Smith,Consumer,Massachusetts,Boston,Email
C01862,Logan Thompson,Consumer,Florida,Miami,Referral
C01863,Dakota Martin,Corporate,Maryland,Rockville,Direct
C01864,Dakota Miller,Corporate,Florida,Jacksonville,Direct
C01865,Jamie Martinez,Consumer,Arizona,Phoenix,Paid Search
C01866,Emerson Miller,Corporate,New York,Rochester,Email
C01867,Emerson Garcia,Home Office,Washington,Spokane,Email
C01868,Dakota Garcia,Home Office,Indiana,Evansville,Email
C01869,Morgan Miller,Home Office,Ohio,Cincinnati,Organic Search
C01870,Emerson Harris,Corporate,California,Los Angeles,Email
C01871,Dakota Davis,Home Office,Illinois,Chicago,Email
C01872,Drew Johnson,Consumer,Missouri,St. Louis,Referral
C01873,Parker Garcia,Consumer,Michigan,Grand Rapids,Direct
C01874,Cameron Taylor,Consumer,California,San Jose,Direct
C01875,Rowan Jones,Home Office,Missouri,Kansas City,Direct
C01876,Skyler Thomas,Home Office,New Jersey,Trenton,Referral
C01877,Morgan Johnson,Consumer,Ohio,Columbus,Organic Search
C01878,Jamie Davis,Consumer,Illinois,Naperville,Referral
C01879,Dakota Thomas,Corporate,Ohio,Columbus,Direct
C01880,Reese Williams,Home Office,Wisconsin,Madison,Paid Search
C01881,Riley Jackson,Corporate,Washington,Seattle,Paid Search
C01882,Casey Garcia,Consumer,Arizona,Phoenix,Direct
C01883,Avery Thomas,Home Office,North Carolina,Durham,Direct
C01884,Blake Miller,Corporate,Indiana,Indianapolis,Paid Search
C01885,Quinn Smith,Home Office,Arizona,Phoenix,Email
C01886,Morgan Garcia,Consumer,North Carolina,Durham,Referral
C01887,Taylor Anderson,Home Office,Arizona,Phoenix,Paid Search
C01888,Drew Jones,Consumer,New Jersey,Jersey City,Email
C01889,Quinn Wilson,Corporate,Florida,Miami,Email
C01890,Skyler Taylor,Home Office,Pennsylvania,Pittsburgh,Email
C01891,Parker Martinez,Corporate,Indiana,Evansville,Paid Search
C01892,Morgan Johnson,Consumer,Wisconsin,Madison,Social
C01893,Parker Garcia,Home Office,Pennsylvania,Allentown,Social
C01894,Dakota Jones,Corporate,Tennessee,Nashville,Direct
C01895,Casey Jones,Consumer,Indiana,Fort Wayne,Referral
C01896,Jordan Thomas,Home Office,North Carolina,Charlotte,Direct
C01897,Reese Harris,Consumer,Wisconsin,Madison,Paid Search
C01898,Skyler Taylor,Corporate,Massachusetts,Worcester,Referral
C01899,Jamie Williams,Corporate,Georgia,Savannah,Paid Search
C01900,Taylor Williams,Home Office,New York,New York,Email
C01901,Dakota Johnson,Consumer,Pennsylvania,Allentown,Paid Search
C01902,Logan Smith,Corporate,Missouri,Springfield,Referral
C01903,Logan Martin,Home Office,Illinois,Naperville,Direct
C01904,Morgan Jackson,Consumer,Missouri,Springfield,Organic Search
C01905,Reese Garcia,Home Office,California,San Jose,Organic Search
C01906,Blake Johnson,Home Office,Indiana,Fort Wayne,Organic Search
C01907,Cameron Miller,Consumer,Indiana,Fort Wayne,Organic Search
C01908,Parker Johnson,Corporate,Indiana,Fort Wayne,Social
C01909,Parker Brown,Corporate,Pennsylvania,Allentown,Organic Search
C01910,Morgan Taylor,Corporate,Missouri,Kansas City,Paid Search
C01911,Avery Smith,Home Office,North Carolina,Durham,Referral
C01912,Avery Taylor,Home Office,Washington,Tacoma,Email
C01913,Blake Martin,Consumer,Massachusetts,Worcester,Email
C01914,Rowan Anderson,Corporate,Wisconsin,Madison,Email
C01915,Parker Miller,Corporate,California,San Jose,Email
C01916,Reese Martin,Consumer,Florida,Miami,Referral
C01917,Casey White,Consumer,Indiana,Fort Wayne,Email
C01918,Drew Wilson,Corporate,Illinois,Aurora,Paid Search
C01919,Parker White,Consumer,Michigan,Ann Arbor,Paid Search
C01920,Rowan Harris,Consumer,Florida,Orlando,Paid Search
C01921,Alex Thomas,Home Office,Arizona,Phoenix,Email
C01922,Jamie Johnson,Consumer,Ohio,Cleveland,Social
C01923,Jordan Miller,Home Office,New Jersey,Newark,Social
C01924,Morgan White,Corporate,North Carolina,Durham,Social
C01925,Sam Jackson,Home Office,Illinois,Naperville,Direct
C01926,Casey Brown,Consumer,Washington,Seattle,Organic Search
C01927,Parker Thompson,Consumer,Illinois,Naperville,Organic Search
C01928,Sam White,Home Office,Texas,Houston,Social
C01929,Jamie Taylor,Corporate,Tennessee,Nashville,Social
C01930,Blake Jones,Home Office,Georgia,Augusta,Organic Search
C01931,Drew Brown,Corporate,Georgia,Augusta,Organic Search
C01932,Avery Martin,Home Office,Arizona,Phoenix,Direct
C01933,Blake Miller,Consumer,Indiana,Evansville,Direct
C01934,Cameron Brown,Consumer,Illinois,Aurora,Email
C01935,Avery Jones,Corporate,North Carolina,Charlotte,Referral
C01936,Taylor Johnson,Corporate,Ohio,Cleveland,Referral
C01937,Cameron Wilson,Corporate,Michigan,Grand Rapids,Social
C01938,Skyler White,Home Office,Texas,Houston,Paid Search
C01939,Drew Thomas,Corporate,Florida,Tampa,Direct
C01940,Cameron Anderson,Consumer,Arizona,Phoenix,Email
C01941,Jordan Anderson,Consumer,California,San Jose,Social
C01942,Blake Brown,Corporate,North Carolina,Charlotte,Paid Search
C01943,Parker Anderson,Corporate,Tennessee,Nashville,Email
C01944,Emerson Jones,Corporate,California,San Jose,Direct
C01945,Dakota Thompson,Home Office,Virginia,Richmond,Organic Search
C01946,Avery Martinez,Corporate,North Carolina,Charlotte,Email
C01947,Blake Brown,Consumer,Illinois,Naperville,Direct
C01948,Avery Harris,Consumer,Ohio,Columbus,Referral
C01949,Sam Taylor,Home Office,Wisconsin,Madison,Organic Search
C01950,Casey Johnson,Consumer,Missouri,St. Louis,Social
C01951,Drew Garcia,Corporate,Missouri,Kansas City,Social
C01952,Reese Williams,Corporate,Florida,Jacksonville,Referral
C01953,Alex Miller,Home Office,Indiana,Fort Wayne,Direct
C01954,Jamie Johnson,Home Office,Illinois,Chicago,Direct
C01955,Quinn Martin,Home Office,Ohio,Cincinnati,Referral
C01956,Riley Harris,Home Office,New York,Buffalo,Referral
C01957,Quinn Robinson,Corporate,Washington,Seattle,Organic Search
C01958,Riley Martinez,Consumer,California,Los Angeles,Referral
C01959,Skyler Thompson,Corporate,Massachusetts,Worcester,Organic Search
C01960,Drew Garcia,Consumer,Michigan,Detroit,Organic Search
C01961,Emerson Wilson,Corporate,Texas,Houston,Direct
C01962,Drew Jones,Corporate,Illinois,Chicago,Direct
C01963,Avery Garcia,Consumer,Georgia,Atlanta,Direct
C01964,Blake Thomas,Corporate,Virginia,Virginia Beach,Direct
C01965,Drew Jones,Corporate,Missouri,Springfield,Paid Search
C01966,Jordan Smith,Corporate,New Jersey,Newark,Direct
C01967,Riley Moore,Consumer,North Carolina,Durham,Direct
C01968,Morgan Jackson,Home Office,Maryland,Frederick,Direct
C01969,Emerson Davis,Corporate,Wisconsin,Milwaukee,Paid Search
C01970,Avery Martinez,Home Office,North Carolina,Raleigh,Organic Search
C01971,Cameron White,Corporate,Massachusetts,Boston,Social
C01972,Logan Miller,Corporate,New York,New York,Organic Search
C01973,Dakota Martin,Home Office,Ohio,Columbus,Direct
C01974,Alex Taylor,Consumer,Michigan,Detroit,Social
C01975,Avery Williams,Consumer,Wisconsin,Milwaukee,Social
C01976,Rowan Jackson,Consumer,Georgia,Augusta,Referral
C01977,Alex Robinson,Consumer,Illinois,Aurora,Social
C01978,Morgan Smith,Home Office,California,Los Angeles,Organic Search
C01979,Taylor Moore,Consumer,Georgia,Augusta,Referral
C01980,Alex Brown,Home Office,California,San Jose,Direct
C01981,Avery Jones,Corporate,New York,Rochester,Social
C01982,Jamie Anderson,Corporate,Pennsylvania,Philadelphia,Organic Search
C01983,Emerson Moore,Home Office,Texas,Houston,Email
C01984,Morgan Garcia,Corporate,Texas,Houston,Referral
C01985,Casey Smith,Consumer,Arizona,Phoenix,Organic Search
C01986,Quinn Jones,Corporate,Arizona,Mesa,Paid Search
C01987,Quinn Brown,Corporate,Georgia,Atlanta,Email
C01988,Morgan Taylor,Corporate,Georgia,Atlanta,Referral
C01989,Morgan Thomas,Consumer,New Jersey,Newark,Referral
C01990,Riley White,Home Office,Illinois,Aurora,Referral
C01991,Reese Jones,Home Office,Pennsylvania,Allentown,Paid Search
C01992,Jamie Thomas,Consumer,Wisconsin,Madison,Social
C01993,Drew Williams,Consumer,Virginia,Virginia Beach,Direct
C01994,Sam Jones,Corporate,Illinois,Aurora,Direct
C01995,Taylor Brown,Home Office,Tennessee,Memphis,Direct
C01996,Casey Williams,Corporate,North Carolina,Charlotte,Organic Search
C01997,Parker Anderson,Corporate,Washington,Spokane,Social
C01998,Blake Anderson,Consumer,Arizona,Mesa,Organic Search
C01999,Reese Garcia,Corporate,Washington,Tacoma,Referral
C02000,Emerson Garcia,Consumer,Tennessee,Memphis,Email
C02001,Reese Thompson,Home Office,Maryland,Rockville,Direct
C02002,Taylor Wilson,Corporate,Georgia,Atlanta,Organic Search
C02003,Parker Garcia,Corporate,California,San Diego,Email
C02004,Parker Thomas,Consumer,Texas,Austin,Social
C02005,Emerson White,Consumer,Illinois,Chicago,Organic Search
C02006,Casey Brown,Home Office,Texas,Dallas,Social
C02007,Reese Thomas,Consumer,California,Los Angeles,Direct
C02008,Taylor Martin,Home Office,Maryland,Baltimore,Email
C02009,Parker Jones,Consumer,Illinois,Chicago,Email
C02010,Dakota White,Consumer,California,San Diego,Social
C02011,Skyler Taylor,Corporate,Illinois,Aurora,Direct
C02012,Rowan Smith,Corporate,New Jersey,Newark,Organic Search
C02013,Jordan Robinson,Consumer,Texas,Dallas,Email
C02014,Reese Harris,Home Office,Washington,Tacoma,Paid Search
C02015,Skyler Taylor,Home Office,Maryland,Baltimore,Social
C02016,Drew Williams,Home Office,Pennsylvania,Pittsburgh,Organic Search
C02017,Quinn Robinson,Consumer,Ohio,Columbus,Social
C02018,Emerson Robinson,Consumer,Pennsylvania,Allentown,Social
C02019,Sam Jackson,Corporate,Tennessee,Nashville,Email
C02020,Reese Davis,Corporate,Virginia,Virginia Beach,Email
C02021,Parker Robinson,Corporate,New York,New York,Organic Search
C02022,Riley Garcia,Consumer,Michigan,Detroit,Organic Search
C02023,Alex Taylor,Consumer,Wisconsin,Green Bay,Organic Search
C02024,Cameron Moore,Consumer,Texas,Houston,Referral
C02025,Jordan Johnson,Corporate,Tennessee,Nashville,Paid Search
C02026,Parker Taylor,Corporate,California,San Diego,Paid Search
C02027,Parker Jones,Home Office,Washington,Tacoma,Email
C02028,Reese Thompson,Consumer,New Jersey,Trenton,Organic Search
C02029,Dakota Jackson,Corporate,California,Los Angeles,Paid Search
C02030,Casey Harris,Consumer,Pennsylvania,Allentown,Email
C02031,Avery Jones,Home Office,Georgia,Atlanta,Referral
C02032,Blake Thompson,Corporate,Indiana,Fort Wayne,Organic Search
C02033,Jamie Thomas,Home Office,New Jersey,Jersey City,Email
C02034,Cameron Davis,Home Office,Washington,Tacoma,Email
C02035,Dakota Martin,Consumer,Illinois,Chicago,Organic Search
C02036,Emerson Williams,Corporate,Michigan,Detroit,Social
C02037,Riley Taylor,Consumer,New Jersey,Newark,Paid Search
C02038,Parker Thomas,Consumer,Maryland,Baltimore,Organic Search
C02039,Drew Martin,Corporate,Massachusetts,Worcester,Direct
C02040,Morgan Martinez,Corporate,Illinois,Chicago,Paid Search
C02041,Quinn White,Home Office,Michigan,Ann Arbor,Organic Search
C02042,Parker Thompson,Home Office,Massachusetts,Worcester,Paid Search
C02043,Reese Thompson,Corporate,New York,Buffalo,Direct
C02044,Blake Johnson,Home Office,Texas,Dallas,Direct
C02045,Alex Jones,Consumer,Missouri,Kansas City,Social
C02046,Dakota Jackson,Consumer,Pennsylvania,Philadelphia,Social
C02047,Taylor Thomas,Corporate,Massachusetts,Worcester,Direct
C02048,Rowan Brown,Consumer,Missouri,St. Louis,Direct
C02049,Quinn White,Consumer,Florida,Jacksonville,Paid Search
C02050,Sam Anderson,Home Office,New York,Buffalo,Organic Search
C02051,Morgan Moore,Corporate,Tennessee,Nashville,Referral
C02052,Logan Jones,Home Office,Illinois,Chicago,Paid Search
C02053,Jordan Robinson,Corporate,Maryland,Baltimore,Paid Search
C02054,Logan Davis,Consumer,Arizona,Phoenix,Email
C02055,Drew Moore,Home Office,Arizona,Phoenix,Email
C02056,Taylor Moore,Corporate,Illinois,Chicago,Paid Search
C02057,Reese Thompson,Consumer,Massachusetts,Cambridge,Paid Search
C02058,Jordan Williams,Corporate,Pennsylvania,Pittsburgh,Paid Search
C02059,Avery Thomas,Corporate,Pennsylvania,Pittsburgh,Social
C02060,Riley White,Corporate,Missouri,Springfield,Referral
C02061,Alex Garcia,Home Office,Washington,Seattle,Email
C02062,Blake Jones,Corporate,Maryland,Rockville,Direct
C02063,Alex Jones,Corporate,New Jersey,Newark,Social
C02064,Morgan White,Corporate,New Jersey,Trenton,Direct
C02065,Rowan Jones,Home Office,California,San Francisco,Direct
C02066,Morgan Johnson,Consumer,Maryland,Rockville,Organic Search
C02067,Emerson Miller,Home Office,Arizona,Tucson,Organic Search
C02068,Avery Davis,Home Office,Virginia,Arlington,Email
C02069,Parker Smith,Corporate,Virginia,Richmond,Referral
C02070,Logan Harris,Corporate,Florida,Jacksonville,Paid Search
C02071,Emerson White,Home Office,Virginia,Richmond,Email
C02072,Rowan White,Corporate,Pennsylvania,Philadelphia,Referral
C02073,Riley Garcia,Corporate,Wisconsin,Madison,Paid Search
C02074,Jamie Robinson,Consumer,Arizona,Phoenix,Email
C02075,Alex Robinson,Corporate,New York,New York,Social
C02076,Emerson Brown,Home Office,Wisconsin,Madison,Referral
C02077,Jordan Taylor,Corporate,Maryland,Baltimore,Organic Search
C02078,Emerson Jackson,Consumer,Massachusetts,Boston,Social
C02079,Parker Harris,Corporate,Florida,Jacksonville,Email
C02080,Cameron Thompson,Corporate,Virginia,Richmond,Direct
C02081,Jamie White,Home Office,North Carolina,Charlotte,Email
C02082,Jordan Smith,Consumer,Arizona,Phoenix,Paid Search
C02083,Blake Anderson,Corporate,Indiana,Indianapolis,Referral
C02084,Cameron Garcia,Corporate,Arizona,Phoenix,Referral
C02085,Jordan Martinez,Corporate,Washington,Seattle,Direct
C02086,Riley Jackson,Corporate,Washington,Tacoma,Organic Search
C02087,Cameron Brown,Home Office,Arizona,Phoenix,Referral
C02088,Dakota Jackson,Home Office,Florida,Tampa,Referral
C02089,Sam Davis,Consumer,Pennsylvania,Philadelphia,Email
C02090,Alex Martinez,Consumer,Arizona,Phoenix,Referral
C02091,Taylor Martinez,Corporate,Missouri,St. Louis,Direct
C02092,Rowan Thomas,Consumer,Illinois,Chicago,Direct
C02093,Jamie Davis,Home Office,Georgia,Atlanta,Direct
C02094,Drew Johnson,Corporate,Washington,Seattle,Organic Search
C02095,Dakota Brown,Consumer,California,San Francisco,Referral
C02096,Morgan Jones,Corporate,Florida,Tampa,Organic Search
C02097,Taylor Martin,Corporate,New York,New York,Social
C02098,Logan Smith,Corporate,Florida,Miami,Social
C02099,Avery White,Corporate,New York,Buffalo,Direct
C02100,Riley Miller,Corporate,Massachusetts,Boston,Organic Search
C02101,Blake Johnson,Consumer,Maryland,Frederick,Paid Search
C02102,Blake Robinson,Home Office,Tennessee,Nashville,Organic Search
C02103,Drew Brown,Consumer,Indiana,Evansville,Email
C02104,Alex Thompson,Home Office,Missouri,St. Louis,Organic Search
C02105,Morgan Davis,Consumer,Virginia,Richmond,Organic Search
C02106,Taylor Jones,Corporate,Georgia,Savannah,Social
C02107,Taylor Thomas,Home Office,Ohio,Cincinnati,Direct
C02108,Rowan Martin,Corporate,Michigan,Ann Arbor,Social
C02109,Drew Miller,Consumer,Ohio,Cincinnati,Direct
C02110,Quinn Brown,Home Office,North Carolina,Durham,Paid Search
C02111,Avery Martin,Corporate,Pennsylvania,Pittsburgh,Social
C02112,Drew Anderson,Home Office,Wisconsin,Milwaukee,Referral
C02113,Reese Davis,Home Office,Washington,Spokane,Paid Search
C02114,Rowan Miller,Consumer,New York,Rochester,Paid Search
C02115,Reese Taylor,Home Office,Maryland,Rockville,Referral
C02116,Quinn Smith,Consumer,Virginia,Virginia Beach,Paid Search
C02117,Riley Thomas,Consumer,Arizona,Phoenix,Organic Search
C02118,Parker Jones,Corporate,Virginia,Virginia Beach,Email
C02119,Alex Anderson,Consumer,New Jersey,Jersey City,Referral
C02120,Cameron Garcia,Consumer,New Jersey,Jersey City,Paid Search
C02121,Avery Thompson,Consumer,Wisconsin,Milwaukee,Referral
C02122,Blake Williams,Home Office,North Carolina,Durham,Social
C02123,Sam Anderson,Consumer,Arizona,Phoenix,Email
C02124,Logan Johnson,Corporate,Tennessee,Memphis,Email
C02125,Rowan Miller,Home Office,Florida,Tampa,Referral
C02126,Cameron Martinez,Consumer,Washington,Spokane,Email
C02127,Alex Harris,Corporate,Maryland,Baltimore,Social
C02128,Emerson Thompson,Consumer,Texas,Austin,Direct
C02129,Taylor Martin,Consumer,California,San Francisco,Direct
C02130,Drew Anderson,Corporate,Michigan,Grand Rapids,Email
C02131,Sam Martin,Home Office,Missouri,St. Louis,Social
C02132,Rowan Martin,Home Office,Michigan,Detroit,Paid Search
C02133,Morgan Smith,Consumer,Wisconsin,Milwaukee,Email
C02134,Morgan Anderson,Home Office,Illinois,Naperville,Social
C02135,Riley Williams,Consumer,Georgia,Augusta,Paid Search
C02136,Alex Johnson,Corporate,Missouri,St. Louis,Email
C02137,Jamie Williams,Corporate,Texas,Austin,Direct
C02138,Quinn Moore,Home Office,Wisconsin,Milwaukee,Organic Search
C02139,Rowan Brown,Consumer,Maryland,Frederick,Organic Search
C02140,Reese Harris,Home Office,Maryland,Baltimore,Referral
C02141,Cameron Martinez,Corporate,Indiana,Evansville,Social
C02142,Sam Martin,Consumer,North Carolina,Charlotte,Paid Search
C02143,Taylor Thomas,Home Office,Michigan,Detroit,Direct
C02144,Taylor Williams,Corporate,Ohio,Columbus,Organic Search
C02145,Avery Harris,Corporate,California,San Diego,Social
C02146,Sam Davis,Home Office,Florida,Tampa,Paid Search
C02147,Casey Thompson,Consumer,Massachusetts,Boston,Organic Search
C02148,Quinn Harris,Home Office,Virginia,Arlington,Organic Search
C02149,Avery Williams,Corporate,Washington,Spokane,Organic Search
C02150,Dakota Brown,Consumer,Michigan,Grand Rapids,Email
C02151,Cameron Smith,Corporate,Florida,Orlando,Paid Search
C02152,Logan Thompson,Corporate,California,San Jose,Paid Search
C02153,Emerson Williams,Corporate,Florida,Jacksonville,Organic Search
C02154,Quinn Thompson,Corporate,Illinois,Naperville,Paid Search
C02155,Rowan Moore,Corporate,Texas,Houston,Email
C02156,Reese Davis,Corporate,Washington,Seattle,Social
C02157,Blake Moore,Home Office,Pennsylvania,Allentown,Social
C02158,Reese Brown,Home Office,Indiana,Indianapolis,Direct
C02159,Morgan Wilson,Consumer,Georgia,Atlanta,Email
C02160,Drew Wilson,Consumer,Maryland,Rockville,Email
C02161,Cameron Robinson,Home Office,North Carolina,Durham,Social
C02162,Quinn Brown,Consumer,Washington,Tacoma,Direct
C02163,Logan Davis,Consumer,North Carolina,Charlotte,Paid Search
C02164,Blake Taylor,Home Office,Michigan,Detroit,Email
C02165,Skyler Robinson,Corporate,Pennsylvania,Allentown,Paid Search
C02166,Riley Anderson,Home Office,Georgia,Atlanta,Organic Search
C02167,Sam Harris,Consumer,Pennsylvania,Philadelphia,Direct
C02168,Reese Anderson,Consumer,Tennessee,Nashville,Paid Search
C02169,Riley Smith,Home Office,New York,Buffalo,Social
C02170,Alex Martin,Consumer,Maryland,Frederick,Email
C02171,Alex Martinez,Home Office,Texas,Austin,Organic Search
C02172,Skyler Miller,Consumer,Indiana,Indianapolis,Email
C02173,Sam Harris,Corporate,Michigan,Ann Arbor,Paid Search
C02174,Drew Martin,Corporate,Missouri,Kansas City,Social
C02175,Parker Taylor,Home Office,California,San Jose,Referral
C02176,Logan Brown,Corporate,Wisconsin,Green Bay,Referral
C02177,Casey White,Consumer,California,San Diego,Paid Search
C02178,Alex Wilson,Home Office,Tennessee,Knoxville,Direct
C02179,Parker Davis,Home Office,Arizona,Phoenix,Organic Search
C02180,Morgan Moore,Home Office,Washington,Tacoma,Referral
C02181,Skyler Miller,Corporate,Massachusetts,Cambridge,Paid Search
C02182,Quinn Martinez,Corporate,New Jersey,Jersey City,Paid Search
C02183,Jordan Martinez,Home Office,Ohio,Cincinnati,Paid Search
C02184,Morgan White,Corporate,Wisconsin,Green Bay,Paid Search
C02185,Morgan Smith,Corporate,Michigan,Ann Arbor,Organic Search
C02186,Casey Thompson,Corporate,Massachusetts,Cambridge,Referral
C02187,Jamie Martin,Corporate,Pennsylvania,Philadelphia,Paid Search
C02188,Rowan Johnson,Consumer,California,San Jose,Referral
C02189,Jordan Martin,Corporate,Florida,Miami,Social
C02190,Alex Johnson,Corporate,Virginia,Virginia Beach,Paid Search
C02191,Skyler Garcia,Consumer,Michigan,Detroit,Direct
C02192,Casey Davis,Corporate,North Carolina,Durham,Email
C02193,Cameron Johnson,Corporate,Michigan,Grand Rapids,Organic Search
C02194,Reese Jackson,Consumer,Washington,Spokane,Paid Search
C02195,Jamie Miller,Home Office,Wisconsin,Madison,Direct
C02196,Dakota Jones,Home Office,New Jersey,Newark,Paid Search
C02197,Reese Garcia,Consumer,Illinois,Aurora,Paid Search
C02198,Jamie Martinez,Home Office,New York,Buffalo,Referral
C02199,Quinn White,Consumer,Pennsylvania,Philadelphia,Referral
C02200,Sam Thompson,Home Office,Massachusetts,Cambridge,Paid Search
C02201,Parker White,Corporate,Massachusetts,Worcester,Social
C02202,Alex Garcia,Consumer,Massachusetts,Worcester,Email
C02203,Blake Taylor,Consumer,Illinois,Naperville,Referral
C02204,Casey Robinson,Home Office,Virginia,Arlington,Paid Search
C02205,Quinn Jones,Corporate,Texas,Houston,Social
C02206,Rowan Johnson,Consumer,Indiana,Indianapolis,Paid Search
C02207,Sam Robinson,Consumer,Florida,Tampa,Referral
C02208,Sam Johnson,Consumer,Tennessee,Knoxville,Referral
C02209,Jordan Davis,Home Office,Indiana,Indianapolis,Referral
C02210,Casey Wilson,Home Office,Tennessee,Knoxville,Organic Search
C02211,Jamie Smith,Corporate,Michigan,Ann Arbor,Direct
C02212,Morgan Williams,Consumer,Ohio,Columbus,Referral
C02213,Skyler Brown,Consumer,Florida,Orlando,Email
C02214,Alex Thompson,Corporate,Tennessee,Memphis,Email
C02215,Jamie Jackson,Corporate,Florida,Orlando,Organic Search
C02216,Drew Robinson,Home Office,Missouri,Kansas City,Direct
C02217,Morgan White,Consumer,Wisconsin,Green Bay,Email
C02218,Casey Wilson,Consumer,Pennsylvania,Allentown,Direct
C02219,Avery Martin,Corporate,Missouri,Kansas City,Paid Search
C02220,Dakota Martin,Corporate,Florida,Tampa,Social
C02221,Morgan Harris,Corporate,Washington,Spokane,Organic Search
C02222,Jamie Harris,Consumer,California,San Francisco,Email
C02223,Jamie Johnson,Home Office,Maryland,Rockville,Direct
C02224,Rowan Johnson,Corporate,Wisconsin,Milwaukee,Social
C02225,Drew Smith,Consumer,Massachusetts,Worcester,Referral
C02226,Avery Thomas,Home Office,Indiana,Evansville,Social
C02227,Taylor Miller,Home Office,Indiana,Indianapolis,Paid Search
C02228,Sam Harris,Home Office,Maryland,Baltimore,Paid Search
C02229,Quinn Williams,Home Office,Michigan,Grand Rapids,Social
C02230,Blake Miller,Home Office,Tennessee,Knoxville,Referral
C02231,Drew Jones,Home Office,Indiana,Fort Wayne,Referral
C02232,Parker Martinez,Home Office,Maryland,Frederick,Email
C02233,Alex Miller,Consumer,Texas,Houston,Direct
C02234,Logan Martin,Corporate,Florida,Orlando,Direct
C02235,Morgan Miller,Home Office,Georgia,Savannah,Social
C02236,Jordan Robinson,Corporate,New York,New York,Email
C02237,Rowan Thomas,Home Office,New York,Rochester,Email
C02238,Sam Brown,Home Office,Pennsylvania,Pittsburgh,Social
C02239,Dakota Garcia,Consumer,Illinois,Chicago,Paid Search
C02240,Rowan Taylor,Consumer,Tennessee,Nashville,Direct
C02241,Reese Thompson,Consumer,Pennsylvania,Philadelphia,Referral
C02242,Morgan Davis,Consumer,California,San Diego,Email
C02243,Reese Martinez,Home Office,Virginia,Virginia Beach,Paid Search
C02244,Skyler Martin,Consumer,Pennsylvania,Philadelphia,Referral
C02245,Skyler Thomas,Corporate,Tennessee,Knoxville,Referral
C02246,Taylor Harris,Corporate,Illinois,Naperville,Social
C02247,Dakota Williams,Consumer,New York,Rochester,Paid Search
C02248,Morgan Martin,Consumer,Florida,Miami,Referral
C02249,Sam Smith,Consumer,Missouri,Kansas City,Paid Search
C02250,Parker Williams,Consumer,Washington,Spokane,Email
C02251,Dakota Wilson,Home Office,Missouri,Springfield,Referral
C02252,Quinn Robinson,Consumer,Michigan,Ann Arbor,Direct
C02253,Dakota Martin,Corporate,Florida,Miami,Email
C02254,Reese Moore,Consumer,New Jersey,Jersey City,Email
C02255,Avery Garcia,Home Office,Illinois,Aurora,Direct
C02256,Cameron Martin,Consumer,Texas,Houston,Paid Search
C02257,Reese Robinson,Home Office,New York,Rochester,Email
C02258,Logan Jones,Corporate,Missouri,Springfield,Email
C02259,Jordan Martin,Home Office,Florida,Orlando,Direct
C02260,Reese Martin,Corporate,Virginia,Virginia Beach,Email
C02261,Alex Davis,Home Office,Texas,San Antonio,Direct
C02262,Emerson Martin,Consumer,California,San Francisco,Social
C02263,Reese White,Home Office,Illinois,Chicago,Email
C02264,Morgan Robinson,Corporate,Massachusetts,Worcester,Organic Search
C02265,Reese Johnson,Consumer,New Jersey,Newark,Email
C02266,Alex Wilson,Corporate,Maryland,Rockville,Referral
C02267,Jordan Smith,Home Office,Maryland,Baltimore,Email
C02268,Jordan Jones,Corporate,New York,New York,Paid Search
C02269,Sam Thomas,Home Office,Texas,Dallas,Paid Search
C02270,Blake Jackson,Corporate,Illinois,Naperville,Email
C02271,Taylor Moore,Home Office,New York,New York,Social
C02272,Cameron Harris,Home Office,Virginia,Richmond,Paid Search
C02273,Jamie Wilson,Home Office,Missouri,Kansas City,Paid Search
C02274,Skyler Brown,Consumer,Missouri,Kansas City,Social
C02275,Logan Moore,Consumer,Wisconsin,Milwaukee,Organic Search
C02276,Cameron Taylor,Home Office,Indiana,Evansville,Organic Search
C02277,Parker Jones,Consumer,Florida,Orlando,Direct
C02278,Rowan Brown,Consumer,Massachusetts,Worcester,Email
C02279,Drew Martinez,Corporate,North Carolina,Raleigh,Email
C02280,Drew Robinson,Corporate,Texas,San Antonio,Email
C02281,Quinn Harris,Consumer,Washington,Seattle,Organic Search
C02282,Riley White,Home Office,Washington,Seattle,Direct
C02283,Jordan Garcia,Corporate,Michigan,Detroit,Referral
C02284,Drew Martinez,Consumer,New Jersey,Newark,Paid Search
C02285,Reese White,Home Office,Wisconsin,Green Bay,Email
C02286,Emerson Jackson,Home Office,Florida,Tampa,Referral
C02287,Reese Martinez,Home Office,Massachusetts,Cambridge,Referral
C02288,Riley Jackson,Corporate,North Carolina,Durham,Organic Search
C02289,Alex Moore,Home Office,Illinois,Aurora,Email
C02290,Emerson Taylor,Corporate,Georgia,Augusta,Social
C02291,Blake Moore,Corporate,Texas,Austin,Direct
C02292,Blake Smith,Consumer,North Carolina,Raleigh,Referral
C02293,Drew Miller,Corporate,New Jersey,Jersey City,Email
C02294,Alex Harris,Consumer,Massachusetts,Worcester,Social
C02295,Avery White,Consumer,Missouri,Springfield,Email
C02296,Blake Garcia,Corporate,North Carolina,Charlotte,Social
C02297,Drew Moore,Corporate,Pennsylvania,Pittsburgh,Organic Search
C02298,Riley Jones,Home Office,Georgia,Augusta,Email
C02299,Morgan Johnson,Consumer,Georgia,Augusta,Referral
C02300,Dakota Anderson,Consumer,Massachusetts,Cambridge,Direct
C02301,Jordan Moore,Corporate,Georgia,Atlanta,Direct
C02302,Emerson Johnson,Home Office,Virginia,Virginia Beach,Paid Search
C02303,Taylor Thompson,Corporate,Florida,Miami,Referral
C02304,Cameron Davis,Corporate,New York,Rochester,Paid Search
C02305,Taylor White,Corporate,Arizona,Phoenix,Email
C02306,Blake Thomas,Corporate,New Jersey,Jersey City,Direct
C02307,Logan Taylor,Home Office,Virginia,Virginia Beach,Organic Search
C02308,Jordan Taylor,Consumer,Virginia,Arlington,Email
C02309,Blake Davis,Corporate,Florida,Tampa,Organic Search
C02310,Dakota Johnson,Home Office,Washington,Tacoma,Organic Search
C02311,Taylor Williams,Consumer,Washington,Tacoma,Referral
C02312,Emerson White,Home Office,Maryland,Rockville,Email
C02313,Jordan Robinson,Corporate,Indiana,Evansville,Referral
C02314,Rowan Anderson,Corporate,Indiana,Indianapolis,Referral
C02315,Cameron Anderson,Consumer,Michigan,Grand Rapids,Organic Search
C02316,Sam Brown,Home Office,Massachusetts,Boston,Social
C02317,Parker Williams,Corporate,Arizona,Mesa,Referral
C02318,Parker Martin,Home Office,New York,New York,Social
C02319,Cameron Martinez,Consumer,Arizona,Mesa,Organic Search
C02320,Dakota Jones,Home Office,Arizona,Tucson,Paid Search
C02321,Sam Brown,Consumer,New Jersey,Jersey City,Social
C02322,Casey Martinez,Corporate,Indiana,Evansville,Organic Search
C02323,Rowan Smith,Consumer,Pennsylvania,Philadelphia,Social
C02324,Emerson Martin,Home Office,North Carolina,Charlotte,Organic Search
C02325,Reese Smith,Home Office,Texas,Dallas,Email
C02326,Skyler Thompson,Corporate,Illinois,Aurora,Paid Search
C02327,Quinn Garcia,Consumer,Illinois,Naperville,Paid Search
C02328,Sam Anderson,Home Office,Florida,Miami,Direct
C02329,Taylor Thomas,Corporate,Texas,San Antonio,Direct
C02330,Reese Taylor,Corporate,Massachusetts,Cambridge,Organic Search
C02331,Dakota Thompson,Consumer,Pennsylvania,Philadelphia,Email
C02332,Dakota Thomas,Home Office,Maryland,Rockville,Social
C02333,Sam Harris,Consumer,Washington,Tacoma,Direct
C02334,Drew Brown,Consumer,Maryland,Frederick,Social
C02335,Jordan Martinez,Home Office,New Jersey,Trenton,Referral
C02336,Reese Taylor,Corporate,Indiana,Fort Wayne,Paid Search
C02337,Casey Johnson,Home Office,Pennsylvania,Allentown,Organic Search
C02338,Skyler Moore,Home Office,Arizona,Mesa,Paid Search
C02339,Parker Taylor,Consumer,Florida,Miami,Paid Search
C02340,Logan Harris,Consumer,North Carolina,Charlotte,Paid Search
C02341,Blake Brown,Consumer,North Carolina,Durham,Paid Search
C02342,Morgan Davis,Home Office,Illinois,Naperville,Organic Search
C02343,Blake Johnson,Home Office,California,San Diego,Email
C02344,Alex Thomas,Consumer,Tennessee,Memphis,Referral
C02345,Rowan Thompson,Consumer,Arizona,Tucson,Paid Search
C02346,Morgan Harris,Corporate,Florida,Jacksonville,Paid Search
C02347,Casey Moore,Home Office,New York,Rochester,Email
C02348,Taylor Wilson,Home Office,Virginia,Virginia Beach,Paid Search
C02349,Skyler Anderson,Corporate,Pennsylvania,Pittsburgh,Direct
C02350,Taylor Anderson,Consumer,Indiana,Fort Wayne,Email
C02351,Sam Davis,Home Office,Indiana,Evansville,Direct
C02352,Alex Wilson,Consumer,Texas,San Antonio,Organic Search
C02353,Drew Martin,Consumer,Ohio,Cleveland,Organic Search
C02354,Jamie Jones,Consumer,Tennessee,Knoxville,Email
C02355,Avery Smith,Corporate,Indiana,Indianapolis,Social
C02356,Blake Davis,Home Office,Missouri,St. Louis,Email
C02357,Drew Robinson,Corporate,Arizona,Mesa,Referral
C02358,Parker Martin,Home Office,Georgia,Augusta,Organic Search
C02359,Cameron Taylor,Home Office,Michigan,Grand Rapids,Social
C02360,Blake Thomas,Home Office,Washington,Spokane,Paid Search
C02361,Cameron Brown,Corporate,Florida,Jacksonville,Social
C02362,Cameron White,Consumer,New Jersey,Newark,Social
C02363,Morgan Thomas,Home Office,New Jersey,Jersey City,Direct
C02364,Logan Martin,Home Office,Illinois,Aurora,Direct
C02365,Alex Taylor,Corporate,Georgia,Augusta,Organic Search
C02366,Jordan Garcia,Corporate,Arizona,Tucson,Direct
C02367,Reese Jackson,Corporate,New Jersey,Jersey City,Social
C02368,Jordan Moore,Corporate,North Carolina,Durham,Organic Search
C02369,Jordan Taylor,Corporate,New Jersey,Jersey City,Organic Search
C02370,Riley Garcia,Consumer,Maryland,Rockville,Email
C02371,Blake Anderson,Consumer,Wisconsin,Green Bay,Referral
C02372,Alex Jackson,Consumer,California,San Jose,Paid Search
C02373,Taylor Johnson,Home Office,Missouri,St. Louis,Paid Search
C02374,Avery Miller,Home Office,Missouri,Kansas City,Direct
C02375,Jamie Miller,Corporate,Georgia,Savannah,Social
C02376,Emerson Wilson,Consumer,Ohio,Columbus,Email
C02377,Morgan Thompson,Corporate,Indiana,Fort Wayne,Email
C02378,Jamie Taylor,Consumer,Pennsylvania,Philadelphia,Direct
C02379,Jordan Moore,Home Office,Georgia,Atlanta,Social
C02380,Casey Moore,Consumer,Washington,Seattle,Email
C02381,Reese Smith,Consumer,Indiana,Evansville,Referral
C02382,Casey Brown,Home Office,Wisconsin,Green Bay,Social
C02383,Blake Taylor,Corporate,Ohio,Cleveland,Referral
C02384,Jamie Moore,Corporate,California,San Diego,Email
C02385,Dakota Martin,Corporate,North Carolina,Raleigh,Social
C02386,Cameron White,Home Office,New York,Buffalo,Social
C02387,Emerson Thompson,Consumer,Michigan,Grand Rapids,Email
C02388,Quinn Thomas,Home Office,Tennessee,Knoxville,Email
C02389,Cameron Martinez,Consumer,Massachusetts,Worcester,Organic Search
C02390,Parker Martin,Home Office,Massachusetts,Boston,Direct
C02391,Sam Jones,Home Office,Michigan,Detroit,Email
C02392,Riley Davis,Corporate,Missouri,Springfield,Organic Search
C02393,Casey Jackson,Home Office,New York,Buffalo,Referral
C02394,Cameron Johnson,Corporate,Maryland,Frederick,Social
C02395,Sam Jones,Consumer,Michigan,Grand Rapids,Direct
C02396,Blake White,Consumer,Maryland,Frederick,Direct
C02397,Emerson Martin,Home Office,Ohio,Cleveland,Paid Search
C02398,Sam Harris,Home Office,Georgia,Savannah,Referral
C02399,Taylor Brown,Corporate,Missouri,Springfield,Email
C02400,Casey Smith,Consumer,Washington,Tacoma,Direct
C02401,Riley Davis,Corporate,Florida,Miami,Email
C02402,Logan Miller,Home Office,Arizona,Mesa,Social
C02403,Emerson White,Corporate,Illinois,Chicago,Paid Search
C02404,Reese Taylor,Home Office,Florida,Tampa,Referral
C02405,Blake Thomas,Home Office,New Jersey,Trenton,Organic Search
C02406,Jamie Thompson,Home Office,Illinois,Chicago,Referral
C02407,Skyler Robinson,Corporate,Virginia,Richmond,Social
C02408,Sam Jones,Consumer,Ohio,Cincinnati,Direct
C02409,Alex Anderson,Corporate,Tennessee,Nashville,Organic Search
C02410,Taylor Smith,Corporate,Tennessee,Knoxville,Organic Search
C02411,Morgan Garcia,Corporate,Ohio,Cleveland,Email
C02412,Blake Harris,Home Office,Texas,Dallas,Email
C02413,Emerson Wilson,Corporate,Virginia,Arlington,Email
C02414,Drew Taylor,Corporate,Ohio,Cincinnati,Direct
C02415,Parker Robinson,Corporate,Michigan,Grand Rapids,Referral
C02416,Avery Williams,Home Office,Missouri,St. Louis,Email
C02417,Drew Miller,Corporate,Ohio,Cincinnati,Email
C02418,Skyler Martinez,Home Office,Illinois,Aurora,Paid Search
C02419,Dakota Robinson,Corporate,Maryland,Rockville,Referral
C02420,Avery Miller,Consumer,Tennessee,Nashville,Organic Search
C02421,Blake Jones,Consumer,New York,New York,Social
C02422,Sam Williams,Consumer,California,San Diego,Referral
C02423,Reese Martin,Corporate,Massachusetts,Worcester,Referral
C02424,Cameron Garcia,Corporate,Florida,Jacksonville,Social
C02425,Parker Taylor,Home Office,Tennessee,Memphis,Referral
C02426,Blake Davis,Consumer,New York,Rochester,Paid Search
C02427,Reese Garcia,Corporate,Illinois,Aurora,Direct
C02428,Morgan Garcia,Corporate,North Carolina,Durham,Paid Search
C02429,Alex Thomas,Corporate,Pennsylvania,Allentown,Paid Search
C02430,Avery Robinson,Home Office,Arizona,Phoenix,Social
C02431,Riley Smith,Consumer,Virginia,Richmond,Paid Search
C02432,Avery Smith,Home Office,Indiana,Fort Wayne,Paid Search
C02433,Parker Moore,Home Office,Florida,Miami,Referral
C02434,Jordan Moore,Home Office,North Carolina,Raleigh,Social
C02435,Drew Moore,Home Office,Texas,Houston,Referral
C02436,Logan Robinson,Home Office,California,San Francisco,Social
C02437,Logan Garcia,Consumer,Pennsylvania,Philadelphia,Paid Search
C02438,Blake Jones,Home Office,California,San Diego,Organic Search
C02439,Reese Brown,Consumer,New York,Buffalo,Direct
C02440,Sam Brown,Home Office,Texas,Austin,Organic Search
C02441,Alex Anderson,Home Office,Wisconsin,Madison,Direct
C02442,Dakota Thomas,Home Office,Pennsylvania,Philadelphia,Direct
C02443,Reese Johnson,Consumer,Washington,Seattle,Referral
C02444,Drew Williams,Consumer,Illinois,Aurora,Email
C02445,Blake Davis,Home Office,North Carolina,Durham,Social
C02446,Alex Taylor,Corporate,Pennsylvania,Allentown,Paid Search
C02447,Sam Harris,Home Office,Florida,Miami,Referral
C02448,Taylor Brown,Consumer,Massachusetts,Boston,Direct
C02449,Riley Anderson,Home Office,New York,Rochester,Email
C02450,Alex Davis,Home Office,Pennsylvania,Pittsburgh,Social
C02451,Cameron Taylor,Home Office,New York,Rochester,Organic Search
C02452,Jamie Johnson,Corporate,Illinois,Naperville,Paid Search
C02453,Drew Jones,Home Office,Pennsylvania,Pittsburgh,Social
C02454,Avery Moore,Consumer,Georgia,Atlanta,Paid Search
C02455,Rowan Moore,Consumer,North Carolina,Raleigh,Paid Search
C02456,Parker Thomas,Home Office,Maryland,Rockville,Social
C02457,Jordan Martinez,Corporate,Pennsylvania,Philadelphia,Referral
C02458,Avery White,Corporate,Maryland,Rockville,Direct
C02459,Avery Anderson,Home Office,Michigan,Ann Arbor,Referral
C02460,Taylor Thompson,Consumer,North Carolina,Raleigh,Organic Search
C02461,Drew Johnson,Consumer,Massachusetts,Cambridge,Direct
C02462,Logan Jones,Corporate,Pennsylvania,Allentown,Paid Search
C02463,Dakota Jackson,Home Office,Virginia,Arlington,Email
C02464,Morgan Thomas,Consumer,New Jersey,Newark,Social
C02465,Sam Anderson,Home Office,Tennessee,Nashville,Organic Search
C02466,Jamie Miller,Corporate,Virginia,Arlington,Organic Search
C02467,Rowan Robinson,Corporate,California,San Francisco,Direct
C02468,Logan Wilson,Corporate,Washington,Tacoma,Paid Search
C02469,Sam Martin,Home Office,Wisconsin,Madison,Paid Search
C02470,Cameron Thompson,Consumer,Texas,San Antonio,Social
C02471,Dakota Jackson,Home Office,North Carolina,Charlotte,Organic Search
C02472,Riley Taylor,Home Office,Indiana,Evansville,Referral
C02473,Dakota Jones,Consumer,Ohio,Cincinnati,Paid Search
C02474,Taylor Taylor,Consumer,Texas,Austin,Social
C02475,Riley Harris,Consumer,Washington,Tacoma,Organic Search
C02476,Riley Taylor,Corporate,Ohio,Columbus,Organic Search
C02477,Avery White,Consumer,Georgia,Augusta,Organic Search
C02478,Emerson Thomas,Consumer,Illinois,Aurora,Organic Search
C02479,Morgan Martin,Home Office,Virginia,Arlington,Social
C02480,Logan Jackson,Corporate,Ohio,Cincinnati,Organic Search
C02481,Quinn Jones,Corporate,Florida,Orlando,Social
C02482,Jamie White,Home Office,New Jersey,Jersey City,Referral
C02483,Parker Martin,Home Office,New York,Rochester,Referral
C02484,Cameron Robinson,Consumer,California,San Diego,Paid Search
C02485,Sam Thompson,Consumer,Virginia,Arlington,Referral
C02486,Taylor Wilson,Consumer,Washington,Spokane,Organic Search
C02487,Avery Taylor,Corporate,Texas,Houston,Paid Search
C02488,Riley White,Consumer,Washington,Spokane,Paid Search
C02489,Logan Johnson,Corporate,Washington,Spokane,Organic Search
C02490,Quinn Thompson,Consumer,Pennsylvania,Pittsburgh,Email
C02491,Morgan Jackson,Consumer,Virginia,Virginia Beach,Paid Search
C02492,Dakota Thompson,Corporate,Illinois,Naperville,Social
C02493,Logan Jackson,Corporate,California,Los Angeles,Paid Search
C02494,Drew Brown,Home Office,Arizona,Tucson,Referral
C02495,Logan Anderson,Home Office,Virginia,Richmond,Email
C02496,Reese Garcia,Corporate,Pennsylvania,Allentown,Email
C02497,Alex Anderson,Home Office,Illinois,Naperville,Paid Search
C02498,Skyler Robinson,Home Office,Ohio,Cleveland,Social
C02499,Rowan Taylor,Consumer,Texas,Houston,Social
C02500,Parker Johnson,Home Office,Massachusetts,Cambridge,Paid Search
C02501,Reese Anderson,Home Office,North Carolina,Raleigh,Email
C02502,Drew Miller,Corporate,Missouri,Kansas City,Social
C02503,Rowan Anderson,Corporate,California,Los Angeles,Referral
C02504,Parker Johnson,Home Office,Florida,Jacksonville,Organic Search
C02505,Taylor Garcia,Consumer,Pennsylvania,Philadelphia,Direct
C02506,Logan White,Corporate,Illinois,Aurora,Social
C02507,Cameron Thompson,Home Office,Wisconsin,Madison,Email
C02508,Sam Thomas,Consumer,New York,New York,Referral
C02509,Quinn Thompson,Home Office,Florida,Miami,Paid Search
C02510,Reese Jackson,Consumer,Michigan,Detroit,Direct
C02511,Taylor White,Consumer,North Carolina,Charlotte,Referral
C02512,Jamie Robinson,Home Office,North Carolina,Durham,Organic Search
C02513,Parker Martinez,Corporate,Texas,Dallas,Social
C02514,Riley Moore,Home Office,North Carolina,Durham,Email
C02515,Quinn Miller,Home Office,Wisconsin,Madison,Paid Search
C02516,Reese Davis,Consumer,California,San Francisco,Direct
C02517,Drew Moore,Corporate,Illinois,Naperville,Direct
C02518,Morgan Wilson,Consumer,New Jersey,Newark,Direct
C02519,Cameron Williams,Home Office,New Jersey,Jersey City,Direct
C02520,Rowan Martinez,Corporate,Wisconsin,Green Bay,Referral
C02521,Emerson Jackson,Corporate,New Jersey,Trenton,Email
C02522,Sam Anderson,Corporate,New Jersey,Jersey City,Organic Search
C02523,Logan Davis,Home Office,Massachusetts,Cambridge,Organic Search
C02524,Drew Jackson,Consumer,Washington,Tacoma,Referral
C02525,Logan Garcia,Corporate,New York,New York,Organic Search
C02526,Parker Taylor,Corporate,Indiana,Fort Wayne,Social
C02527,Alex Jones,Home Office,Massachusetts,Cambridge,Organic Search
C02528,Parker Martinez,Corporate,Wisconsin,Madison,Email
C02529,Emerson Martin,Consumer,Michigan,Grand Rapids,Referral
C02530,Quinn Robinson,Consumer,Illinois,Chicago,Social
C02531,Avery Brown,Home Office,Ohio,Cleveland,Organic Search
C02532,Quinn Garcia,Corporate,Pennsylvania,Pittsburgh,Organic Search
C02533,Blake Moore,Corporate,Arizona,Tucson,Direct
C02534,Sam Thompson,Home Office,Florida,Jacksonville,Organic Search
C02535,Logan Harris,Corporate,Washington,Spokane,Organic Search
C02536,Quinn Taylor,Consumer,Pennsylvania,Allentown,Paid Search
C02537,Riley Brown,Corporate,Massachusetts,Cambridge,Direct
C02538,Reese White,Consumer,Arizona,Mesa,Email
C02539,Cameron Jones,Home Office,Wisconsin,Green Bay,Referral
C02540,Blake Martinez,Home Office,New York,Buffalo,Email
C02541,Blake Wilson,Consumer,New Jersey,Trenton,Direct
C02542,Taylor Thomas,Consumer,Tennessee,Knoxville,Referral
C02543,Emerson Thompson,Consumer,Washington,Seattle,Social
C02544,Cameron Miller,Corporate,Virginia,Arlington,Organic Search
C02545,Casey Taylor,Consumer,New Jersey,Newark,Organic Search
C02546,Rowan Harris,Consumer,Maryland,Rockville,Referral
C02547,Cameron Miller,Corporate,Massachusetts,Cambridge,Direct
C02548,Blake Anderson,Consumer,Florida,Orlando,Social
C02549,Alex Johnson,Home Office,New York,Rochester,Social
C02550,Logan Jackson,Consumer,Indiana,Fort Wayne,Paid Search
C02551,Morgan Robinson,Home Office,Missouri,Springfield,Direct
C02552,Rowan Martin,Home Office,California,Los Angeles,Paid Search
C02553,Jordan Thomas,Corporate,Washington,Tacoma,Referral
C02554,Reese Brown,Consumer,Massachusetts,Boston,Paid Search
C02555,Morgan Miller,Corporate,Maryland,Frederick,Direct
C02556,Casey Wilson,Corporate,New Jersey,Newark,Paid Search
C02557,Sam Williams,Corporate,Florida,Jacksonville,Organic Search
C02558,Sam Taylor,Home Office,North Carolina,Raleigh,Paid Search
C02559,Drew Martinez,Corporate,Massachusetts,Cambridge,Email
C02560,Casey Thompson,Corporate,Illinois,Chicago,Organic Search
C02561,Dakota Thomas,Home Office,Virginia,Richmond,Paid Search
C02562,Dakota Taylor,Corporate,Pennsylvania,Allentown,Social
C02563,Casey Jones,Consumer,Michigan,Ann Arbor,Paid Search
C02564,Drew Wilson,Consumer,Washington,Seattle,Referral
C02565,Casey Martinez,Consumer,Michigan,Grand Rapids,Paid Search
C02566,Skyler Jackson,Corporate,Indiana,Evansville,Organic Search
C02567,Casey Martinez,Home Office,Virginia,Richmond,Referral
C02568,Quinn Martin,Home Office,Virginia,Virginia Beach,Referral
C02569,Riley Martin,Corporate,Tennessee,Nashville,Direct
C02570,Sam Wilson,Corporate,New York,New York,Organic Search
C02571,Drew Robinson,Home Office,Illinois,Chicago,Direct
C02572,Parker Martin,Corporate,Ohio,Cincinnati,Direct
C02573,Skyler Wilson,Home Office,California,San Diego,Paid Search
C02574,Quinn Brown,Corporate,Texas,Houston,Paid Search
C02575,Emerson Garcia,Consumer,Missouri,St. Louis,Social
C02576,Skyler Wilson,Consumer,Maryland,Frederick,Direct
C02577,Cameron Wilson,Home Office,Pennsylvania,Allentown,Social
C02578,Jordan Robinson,Corporate,Pennsylvania,Allentown,Paid Search
C02579,Avery Williams,Consumer,New York,Rochester,Paid Search
C02580,Avery Wilson,Consumer,Texas,San Antonio,Social
C02581,Emerson Johnson,Corporate,Florida,Miami,Organic Search
C02582,Morgan Harris,Consumer,Tennessee,Memphis,Organic Search
C02583,Emerson Martinez,Consumer,Florida,Jacksonville,Paid Search
C02584,Alex Martinez,Corporate,Maryland,Baltimore,Direct
C02585,Avery Martinez,Home Office,Massachusetts,Cambridge,Social
C02586,Drew White,Home Office,California,San Jose,Social
C02587,Sam Thompson,Corporate,Pennsylvania,Allentown,Paid Search
C02588,Drew Garcia,Consumer,Michigan,Grand Rapids,Paid Search
C02589,Skyler Taylor,Home Office,Missouri,Kansas City,Email
C02590,Logan Smith,Corporate,Pennsylvania,Allentown,Social
C02591,Riley Miller,Consumer,Tennessee,Memphis,Direct
C02592,Morgan Harris,Corporate,Michigan,Ann Arbor,Direct
C02593,Riley Davis,Consumer,Missouri,St. Louis,Organic Search
C02594,Skyler Taylor,Corporate,Michigan,Ann Arbor,Social
C02595,Jamie Robinson,Consumer,Florida,Orlando,Paid Search
C02596,Avery Jackson,Consumer,Pennsylvania,Philadelphia,Referral
C02597,Sam Thompson,Corporate,Pennsylvania,Allentown,Referral
C02598,Drew Wilson,Corporate,Arizona,Tucson,Paid Search
C02599,Casey Taylor,Corporate,Virginia,Arlington,Paid Search
C02600,Rowan Taylor,Corporate,New Jersey,Trenton,Social
C02601,Alex Jackson,Consumer,Arizona,Tucson,Paid Search
C02602,Rowan Moore,Consumer,Illinois,Naperville,Organic Search
C02603,Drew Taylor,Corporate,Ohio,Columbus,Paid Search
C02604,Quinn Anderson,Home Office,Arizona,Mesa,Direct
C02605,Avery Robinson,Home Office,Ohio,Cleveland,Paid Search
C02606,Taylor Wilson,Consumer,Florida,Tampa,Direct
C02607,Dakota Martin,Consumer,Tennessee,Knoxville,Social
C02608,Cameron Moore,Home Office,Tennessee,Knoxville,Social
C02609,Morgan Johnson,Home Office,Texas,Austin,Paid Search
C02610,Parker Harris,Corporate,Missouri,St. Louis,Social
C02611,Taylor Anderson,Home Office,Illinois,Aurora,Organic Search
C02612,Dakota Taylor,Home Office,Illinois,Chicago,Referral
C02613,Rowan Wilson,Corporate,New York,Rochester,Referral
C02614,Emerson Thompson,Corporate,North Carolina,Durham,Email
C02615,Taylor Anderson,Corporate,Illinois,Aurora,Direct
C02616,Riley Anderson,Corporate,Ohio,Columbus,Social
C02617,Sam Davis,Home Office,Virginia,Arlington,Paid Search
C02618,Blake Smith,Consumer,North Carolina,Charlotte,Direct
C02619,Reese Jackson,Corporate,Arizona,Phoenix,Referral
C02620,Skyler Thomas,Consumer,Texas,San Antonio,Email
C02621,Sam Garcia,Corporate,Indiana,Fort Wayne,Referral
C02622,Taylor Williams,Home Office,New Jersey,Newark,Referral
C02623,Emerson Miller,Home Office,Florida,Miami,Referral
C02624,Blake Davis,Consumer,Massachusetts,Cambridge,Social
C02625,Rowan Harris,Home Office,North Carolina,Charlotte,Direct
C02626,Taylor Miller,Home Office,New Jersey,Trenton,Paid Search
C02627,Skyler White,Consumer,Massachusetts,Worcester,Referral
C02628,Alex Robinson,Corporate,Michigan,Detroit,Email
C02629,Sam White,Consumer,Georgia,Savannah,Organic Search
C02630,Sam Garcia,Corporate,Maryland,Rockville,Direct
C02631,Dakota Thomas,Home Office,Ohio,Cincinnati,Organic Search
C02632,Casey Davis,Corporate,Ohio,Columbus,Email
C02633,Emerson Robinson,Consumer,California,San Diego,Referral
C02634,Taylor Anderson,Corporate,Virginia,Virginia Beach,Direct
C02635,Avery Taylor,Consumer,Ohio,Cleveland,Paid Search
C02636,Avery Thomas,Consumer,Georgia,Atlanta,Social
C02637,Quinn Smith,Corporate,Florida,Orlando,Social
C02638,Rowan Harris,Corporate,Texas,Dallas,Organic Search
C02639,Dakota Brown,Consumer,Washington,Seattle,Referral
C02640,Skyler Brown,Consumer,Maryland,Baltimore,Email
C02641,Blake Thomas,Home Office,Tennessee,Memphis,Social
C02642,Avery Williams,Home Office,Ohio,Cleveland,Social
C02643,Skyler Brown,Corporate,North Carolina,Charlotte,Email
C02644,Reese Jackson,Consumer,Washington,Spokane,Paid Search
C02645,Taylor White,Home Office,Michigan,Grand Rapids,Organic Search
C02646,Quinn Martin,Consumer,New York,Buffalo,Direct
C02647,Jordan Jones,Consumer,New Jersey,Newark,Referral
C02648,Casey Thompson,Consumer,California,San Diego,Direct
C02649,Jordan Johnson,Home Office,Tennessee,Nashville,Direct
C02650,Parker Robinson,Corporate,Michigan,Detroit,Social
C02651,Riley Thompson,Consumer,Pennsylvania,Allentown,Direct
C02652,Parker Brown,Consumer,Pennsylvania,Philadelphia,Social
C02653,Jamie Jackson,Home Office,Ohio,Cleveland,Paid Search
C02654,Sam Smith,Consumer,Wisconsin,Madison,Email
C02655,Jordan Jones,Corporate,Tennessee,Nashville,Referral
C02656,Blake Thompson,Consumer,Washington,Seattle,Email
C02657,Parker Wilson,Consumer,California,San Francisco,Email
C02658,Logan Harris,Corporate,Florida,Jacksonville,Organic Search
C02659,Alex Taylor,Corporate,Wisconsin,Madison,Paid Search
C02660,Sam Garcia,Corporate,Illinois,Naperville,Direct
C02661,Logan Martin,Home Office,Florida,Orlando,Organic Search
C02662,Skyler Jones,Consumer,Georgia,Atlanta,Direct
C02663,Morgan Jackson,Corporate,New York,Rochester,Email
C02664,Cameron Moore,Consumer,Georgia,Augusta,Direct
C02665,Sam Harris,Home Office,Michigan,Ann Arbor,Referral
C02666,Dakota Moore,Consumer,Indiana,Fort Wayne,Social
C02667,Casey Martinez,Home Office,Virginia,Virginia Beach,Direct
C02668,Jordan Davis,Consumer,Washington,Seattle,Organic Search
C02669,Cameron Miller,Corporate,Texas,Austin,Email
C02670,Logan Martin,Corporate,Maryland,Baltimore,Direct
C02671,Quinn Harris,Consumer,Maryland,Frederick,Referral
C02672,Emerson Harris,Consumer,North Carolina,Durham,Paid Search
C02673,Sam Anderson,Consumer,Indiana,Fort Wayne,Paid Search
C02674,Emerson Harris,Home Office,Tennessee,Nashville,Direct
C02675,Skyler Moore,Consumer,New Jersey,Jersey City,Social
C02676,Emerson Jones,Consumer,California,San Diego,Social
C02677,Morgan Garcia,Home Office,Florida,Tampa,Organic Search
C02678,Jamie Harris,Corporate,Virginia,Arlington,Email
C02679,Riley Jackson,Home Office,Indiana,Indianapolis,Organic Search
C02680,Alex Davis,Home Office,Georgia,Augusta,Paid Search
C02681,Blake Jones,Home Office,Indiana,Evansville,Referral
C02682,Emerson Thomas,Home Office,Texas,Dallas,Direct
C02683,Riley Thomas,Consumer,Indiana,Indianapolis,Direct
C02684,Blake Wilson,Home Office,Pennsylvania,Philadelphia,Referral
C02685,Reese Davis,Corporate,Wisconsin,Milwaukee,Social
C02686,Quinn Thompson,Corporate,Michigan,Grand Rapids,Social
C02687,Casey Taylor,Consumer,New Jersey,Newark,Paid Search
C02688,Jamie Davis,Home Office,Missouri,Springfield,Referral
C02689,Jordan White,Consumer,New York,New York,Social
C02690,Cameron Jackson,Consumer,Pennsylvania,Allentown,Social
C02691,Dakota Davis,Consumer,Washington,Spokane,Email
C02692,Drew Jones,Corporate,Georgia,Atlanta,Direct
C02693,Casey Davis,Corporate,Maryland,Baltimore,Direct
C02694,Sam Smith,Home Office,North Carolina,Charlotte,Referral
C02695,Skyler Brown,Home Office,Michigan,Ann Arbor,Social
C02696,Rowan Taylor,Consumer,Georgia,Augusta,Direct
C02697,Rowan Jones,Consumer,Wisconsin,Green Bay,Paid Search
C02698,Jordan Jackson,Corporate,North Carolina,Charlotte,Direct
C02699,Reese Martinez,Consumer,Massachusetts,Cambridge,Direct
C02700,Jamie Wilson,Home Office,Tennessee,Nashville,Email
C02701,Blake Thomas,Consumer,Wisconsin,Green Bay,Social
C02702,Reese Johnson,Home Office,Arizona,Phoenix,Paid Search
C02703,Drew Thompson,Corporate,North Carolina,Raleigh,Direct
C02704,Parker Williams,Consumer,North Carolina,Charlotte,Direct
C02705,Cameron Martinez,Corporate,Tennessee,Nashville,Referral
C02706,Drew Brown,Home Office,Arizona,Tucson,Referral
C02707,Dakota Jackson,Home Office,Wisconsin,Green Bay,Direct
C02708,Jordan Robinson,Consumer,Washington,Tacoma,Direct
C02709,Dakota Brown,Consumer,Florida,Orlando,Paid Search
C02710,Blake White,Corporate,Maryland,Rockville,Direct
C02711,Parker Harris,Corporate,Texas,Houston,Social
C02712,Alex Davis,Home Office,Arizona,Phoenix,Email
C02713,Morgan Taylor,Corporate,New Jersey,Newark,Direct
C02714,Drew Thomas,Home Office,Massachusetts,Worcester,Paid Search
C02715,Drew Harris,Consumer,Georgia,Savannah,Social
C02716,Riley Davis,Home Office,North Carolina,Durham,Direct
C02717,Quinn Thomas,Consumer,New Jersey,Jersey City,Email
C02718,Parker Robinson,Home Office,New Jersey,Trenton,Organic Search
C02719,Jamie Brown,Home Office,New Jersey,Newark,Direct
C02720,Sam Robinson,Corporate,Washington,Tacoma,Organic Search
C02721,Avery Moore,Home Office,Washington,Spokane,Paid Search
C02722,Rowan Thomas,Consumer,New Jersey,Newark,Paid Search
C02723,Morgan Davis,Home Office,California,San Jose,Referral
C02724,Jamie Garcia,Home Office,Missouri,St. Louis,Social
C02725,Taylor Davis,Consumer,Wisconsin,Milwaukee,Direct
C02726,Quinn Moore,Consumer,Wisconsin,Green Bay,Paid Search
C02727,Parker Jackson,Consumer,Missouri,Kansas City,Email
C02728,Blake Martinez,Consumer,Michigan,Grand Rapids,Organic Search
C02729,Jordan Wilson,Home Office,Massachusetts,Boston,Direct
C02730,Alex Martin,Consumer,North Carolina,Durham,Organic Search
C02731,Cameron Harris,Home Office,Georgia,Atlanta,Organic Search
C02732,Jamie Wilson,Consumer,California,San Francisco,Social
C02733,Emerson Garcia,Home Office,Arizona,Phoenix,Social
C02734,Skyler Martinez,Corporate,Pennsylvania,Allentown,Referral
C02735,Drew Thomas,Corporate,Washington,Spokane,Paid Search
C02736,Cameron Anderson,Home Office,Virginia,Richmond,Email
C02737,Sam Wilson,Home Office,Illinois,Naperville,Organic Search
C02738,Skyler Martin,Home Office,Florida,Tampa,Email
C02739,Cameron Thomas,Home Office,Wisconsin,Green Bay,Direct
C02740,Cameron Harris,Corporate,Missouri,Springfield,Email
C02741,Blake Harris,Corporate,Massachusetts,Cambridge,Social
C02742,Riley Smith,Home Office,New York,Buffalo,Referral
C02743,Parker Martin,Home Office,Texas,Dallas,Email
C02744,Taylor Moore,Home Office,Virginia,Richmond,Direct
C02745,Blake Martin,Corporate,California,San Diego,Social
C02746,Rowan Taylor,Home Office,Ohio,Cincinnati,Direct
C02747,Sam Wilson,Home Office,Michigan,Ann Arbor,Social
C02748,Emerson Martinez,Corporate,Illinois,Chicago,Referral
C02749,Parker Martinez,Consumer,Texas,Houston,Referral
C02750,Skyler White,Home Office,New York,New York,Direct
C02751,Cameron Robinson,Consumer,Ohio,Columbus,Email
C02752,Morgan Anderson,Consumer,Tennessee,Nashville,Social
C02753,Quinn White,Corporate,Maryland,Rockville,Social
C02754,Sam Miller,Consumer,Illinois,Aurora,Paid Search
C02755,Reese Moore,Corporate,Pennsylvania,Philadelphia,Organic Search
C02756,Quinn Davis,Consumer,North Carolina,Raleigh,Direct
C02757,Sam Harris,Consumer,New York,Rochester,Paid Search
C02758,Blake Johnson,Home Office,California,Los Angeles,Direct
C02759,Morgan Miller,Consumer,Virginia,Arlington,Email
C02760,Sam Jackson,Corporate,California,Los Angeles,Referral
C02761,Parker Williams,Consumer,Maryland,Baltimore,Direct
C02762,Logan Miller,Home Office,Wisconsin,Milwaukee,Paid Search
C02763,Casey Robinson,Corporate,Florida,Orlando,Social
C02764,Skyler Jones,Corporate,Pennsylvania,Philadelphia,Referral
C02765,Emerson Brown,Corporate,Texas,Austin,Email
C02766,Riley Martinez,Home Office,Virginia,Virginia Beach,Email
C02767,Avery Robinson,Consumer,Tennessee,Knoxville,Paid Search
C02768,Emerson Jackson,Corporate,Massachusetts,Boston,Direct
C02769,Taylor Anderson,Consumer,Missouri,Kansas City,Organic Search
C02770,Logan Davis,Corporate,Georgia,Atlanta,Paid Search
C02771,Logan Martinez,Consumer,Texas,Houston,Direct
C02772,Skyler Martinez,Home Office,New Jersey,Trenton,Referral
C02773,Quinn Garcia,Home Office,Indiana,Indianapolis,Paid Search
C02774,Casey Harris,Consumer,New Jersey,Jersey City,Direct
C02775,Quinn White,Corporate,Arizona,Phoenix,Social
C02776,Logan Brown,Corporate,California,San Francisco,Referral
C02777,Jamie Martin,Corporate,Washington,Tacoma,Direct
C02778,Skyler Johnson,Consumer,Texas,Houston,Paid Search
C02779,Dakota Garcia,Consumer,Maryland,Rockville,Paid Search
C02780,Emerson Smith,Consumer,Texas,Austin,Social
C02781,Parker Garcia,Consumer,Ohio,Cincinnati,Social
C02782,Skyler Miller,Home Office,Indiana,Fort Wayne,Direct
C02783,Avery Brown,Corporate,Texas,Dallas,Organic Search
C02784,Taylor Davis,Corporate,New Jersey,Newark,Referral
C02785,Alex Johnson,Corporate,Wisconsin,Milwaukee,Direct
C02786,Jamie Smith,Consumer,Florida,Tampa,Organic Search
C02787,Cameron Thomas,Corporate,Washington,Seattle,Organic Search
C02788,Blake Wilson,Home Office,Illinois,Naperville,Paid Search
C02789,Dakota Taylor,Consumer,Arizona,Mesa,Direct
C02790,Reese Smith,Corporate,North Carolina,Raleigh,Social
C02791,Avery Martin,Corporate,North Carolina,Durham,Email
C02792,Jordan Harris,Consumer,Washington,Tacoma,Direct
C02793,Taylor Brown,Consumer,Georgia,Atlanta,Social
C02794,Riley Garcia,Corporate,New York,New York,Direct
C02795,Quinn Taylor,Home Office,North Carolina,Raleigh,Paid Search
C02796,Drew Brown,Consumer,Maryland,Frederick,Organic Search
C02797,Emerson Martin,Consumer,New York,New York,Referral
C02798,Logan Martin,Consumer,Texas,Houston,Organic Search
C02799,Quinn Miller,Consumer,Texas,Houston,Organic Search
C02800,Blake Thomas,Corporate,Arizona,Mesa,Organic Search
C02801,Blake Johnson,Home Office,Massachusetts,Cambridge,Organic Search
C02802,Sam Johnson,Home Office,Ohio,Columbus,Organic Search
C02803,Drew Miller,Corporate,New Jersey,Jersey City,Organic Search
C02804,Quinn Jackson,Consumer,Texas,Austin,Referral
C02805,Cameron Miller,Home Office,New York,New York,Paid Search
C02806,Alex Harris,Consumer,Massachusetts,Boston,Referral
C02807,Jamie Garcia,Consumer,Indiana,Indianapolis,Referral
C02808,Jordan Brown,Home Office,New Jersey,Newark,Social
C02809,Emerson Smith,Home Office,Indiana,Evansville,Organic Search
C02810,Parker Johnson,Consumer,New Jersey,Newark,Direct
C02811,Alex Jackson,Consumer,Georgia,Augusta,Email
C02812,Dakota Brown,Consumer,Washington,Tacoma,Email
C02813,Emerson Williams,Consumer,Maryland,Rockville,Social
C02814,Quinn Taylor,Home Office,Maryland,Rockville,Social
C02815,Cameron Martin,Home Office,Massachusetts,Worcester,Paid Search
C02816,Logan Jones,Corporate,Massachusetts,Cambridge,Paid Search
C02817,Casey Taylor,Home Office,Georgia,Augusta,Organic Search
C02818,Drew Miller,Corporate,Washington,Tacoma,Email
C02819,Jamie Jones,Consumer,Arizona,Tucson,Social
C02820,Cameron Jackson,Consumer,Missouri,Springfield,Paid Search
C02821,Quinn White,Corporate,Ohio,Cleveland,Direct
C02822,Rowan Jackson,Corporate,Massachusetts,Worcester,Paid Search
C02823,Quinn Jones,Home Office,New Jersey,Trenton,Organic Search
C02824,Avery Davis,Home Office,Georgia,Atlanta,Direct
C02825,Parker Harris,Home Office,Wisconsin,Madison,Paid Search
C02826,Avery Jackson,Consumer,Michigan,Grand Rapids,Email
C02827,Rowan Taylor,Home Office,Missouri,Kansas City,Email
C02828,Avery Anderson,Home Office,Ohio,Columbus,Direct
C02829,Skyler White,Consumer,Washington,Spokane,Email
C02830,Quinn Martinez,Home Office,Ohio,Columbus,Paid Search
C02831,Casey Jackson,Home Office,Maryland,Baltimore,Organic Search
C02832,Sam Harris,Consumer,Arizona,Mesa,Organic Search
C02833,Sam Robinson,Home Office,Tennessee,Knoxville,Direct
C02834,Morgan Williams,Consumer,Texas,Houston,Email
C02835,Sam Williams,Corporate,Texas,Austin,Organic Search
C02836,Avery Taylor,Consumer,Illinois,Aurora,Referral
C02837,Dakota Harris,Corporate,New Jersey,Jersey City,Direct
C02838,Jamie Taylor,Consumer,Pennsylvania,Allentown,Organic Search
C02839,Riley White,Consumer,Illinois,Naperville,Referral
C02840,Riley Garcia,Home Office,Arizona,Mesa,Social
C02841,Cameron Brown,Home Office,North Carolina,Charlotte,Social
C02842,Jordan Jones,Corporate,Florida,Jacksonville,Social
C02843,Riley Smith,Home Office,Tennessee,Knoxville,Paid Search
C02844,Dakota Martinez,Consumer,Massachusetts,Worcester,Email
C02845,Dakota Thomas,Corporate,Tennessee,Nashville,Paid Search
C02846,Riley Jones,Home Office,New York,Buffalo,Direct
C02847,Casey Brown,Home Office,Washington,Seattle,Direct
C02848,Jamie Williams,Corporate,New Jersey,Trenton,Social
C02849,Blake Martinez,Corporate,California,San Diego,Paid Search
C02850,Avery Thompson,Corporate,North Carolina,Durham,Email
C02851,Sam Miller,Consumer,Tennessee,Knoxville,Organic Search
C02852,Drew Harris,Corporate,Michigan,Grand Rapids,Email
C02853,Rowan Williams,Corporate,North Carolina,Durham,Email
C02854,Blake Smith,Home Office,Illinois,Naperville,Email
C02855,Quinn Davis,Corporate,Michigan,Grand Rapids,Social
C02856,Drew Jackson,Corporate,Texas,Austin,Referral
C02857,Reese Anderson,Consumer,Arizona,Tucson,Direct
C02858,Emerson Davis,Corporate,North Carolina,Raleigh,Paid Search
C02859,Rowan Williams,Home Office,New York,Buffalo,Referral
C02860,Alex Jones,Consumer,Florida,Orlando,Email
C02861,Parker Williams,Consumer,Pennsylvania,Allentown,Organic Search
C02862,Taylor Smith,Home Office,New York,New York,Direct
C02863,Blake Williams,Consumer,New Jersey,Trenton,Direct
C02864,Sam Brown,Home Office,Massachusetts,Boston,Email
C02865,Avery Williams,Consumer,Illinois,Chicago,Direct
C02866,Alex White,Home Office,New York,New York,Organic Search
C02867,Taylor Jackson,Corporate,Texas,Dallas,Social
C02868,Logan Robinson,Home Office,Ohio,Columbus,Social
C02869,Dakota Johnson,Corporate,Michigan,Detroit,Referral
C02870,Taylor Miller,Consumer,California,San Jose,Organic Search
C02871,Dakota Davis,Home Office,Missouri,St. Louis,Direct
C02872,Avery Miller,Corporate,New York,New York,Organic Search
C02873,Dakota Taylor,Home Office,Washington,Spokane,Referral
C02874,Avery White,Corporate,Michigan,Grand Rapids,Direct
C02875,Skyler Smith,Home Office,Georgia,Augusta,Paid Search
C02876,Riley Williams,Consumer,Michigan,Detroit,Social
C02877,Jordan Robinson,Corporate,Virginia,Virginia Beach,Direct
C02878,Alex Williams,Corporate,Massachusetts,Cambridge,Paid Search
C02879,Taylor Martinez,Corporate,Wisconsin,Green Bay,Paid Search
C02880,Parker Martin,Corporate,Massachusetts,Worcester,Paid Search
C02881,Sam Garcia,Home Office,Tennessee,Nashville,Organic Search
C02882,Riley Johnson,Home Office,Maryland,Frederick,Social
C02883,Rowan Anderson,Corporate,Massachusetts,Worcester,Social
C02884,Casey Jones,Home Office,Massachusetts,Worcester,Social
C02885,Casey Anderson,Corporate,California,San Diego,Social
C02886,Alex White,Home Office,Virginia,Virginia Beach,Organic Search
C02887,Riley Davis,Consumer,Maryland,Baltimore,Social
C02888,Casey Moore,Corporate,Tennessee,Nashville,Email
C02889,Quinn Miller,Corporate,Tennessee,Knoxville,Paid Search
C02890,Avery Martin,Home Office,Georgia,Augusta,Social
C02891,Reese Miller,Corporate,Arizona,Mesa,Email
C02892,Morgan Williams,Corporate,Virginia,Arlington,Social
C02893,Jamie Jones,Consumer,Wisconsin,Green Bay,Social
C02894,Reese Martin,Consumer,Ohio,Cleveland,Direct
C02895,Sam Taylor,Home Office,Pennsylvania,Allentown,Social
C02896,Morgan Robinson,Consumer,Wisconsin,Green Bay,Paid Search
C02897,Parker Jones,Corporate,New Jersey,Trenton,Social
C02898,Alex Harris,Corporate,New York,Buffalo,Organic Search
C02899,Sam Wilson,Corporate,Ohio,Cincinnati,Social
C02900,Emerson Anderson,Home Office,North Carolina,Raleigh,Direct
C02901,Casey Anderson,Home Office,Ohio,Cincinnati,Organic Search
C02902,Blake Wilson,Consumer,Maryland,Frederick,Referral
C02903,Alex Anderson,Home Office,Tennessee,Nashville,Social
C02904,Blake Anderson,Consumer,Illinois,Naperville,Social
C02905,Blake Moore,Consumer,Massachusetts,Worcester,Social
C02906,Drew Jones,Corporate,Ohio,Columbus,Social
C02907,Cameron Smith,Corporate,Georgia,Savannah,Referral
C02908,Emerson Jones,Corporate,Tennessee,Memphis,Social
C02909,Blake Garcia,Consumer,New Jersey,Trenton,Organic Search
C02910,Blake Brown,Corporate,Wisconsin,Green Bay,Email
C02911,Skyler Thompson,Corporate,Ohio,Columbus,Social
C02912,Alex Taylor,Corporate,Arizona,Phoenix,Organic Search
C02913,Alex Smith,Home Office,Michigan,Ann Arbor,Social
C02914,Parker Harris,Consumer,New York,Buffalo,Direct
C02915,Emerson Miller,Home Office,Washington,Spokane,Paid Search
C02916,Drew Harris,Corporate,Florida,Orlando,Direct
C02917,Rowan Taylor,Consumer,Wisconsin,Green Bay,Organic Search
C02918,Alex Brown,Consumer,New Jersey,Jersey City,Referral
C02919,Parker Jones,Corporate,Tennessee,Knoxville,Social
C02920,Alex White,Home Office,Missouri,Kansas City,Social
C02921,Sam Robinson,Consumer,Pennsylvania,Allentown,Paid Search
C02922,Dakota Martinez,Consumer,New Jersey,Trenton,Email
C02923,Logan Williams,Consumer,Illinois,Chicago,Organic Search
C02924,Skyler Miller,Home Office,Florida,Orlando,Email
C02925,Parker Anderson,Consumer,Virginia,Richmond,Paid Search
C02926,Logan Jackson,Home Office,New York,New York,Referral
C02927,Quinn Jones,Home Office,Arizona,Phoenix,Organic Search
C02928,Riley Brown,Corporate,Massachusetts,Boston,Organic Search
C02929,Emerson Smith,Consumer,Texas,Dallas,Social
C02930,Jordan Wilson,Consumer,Texas,Dallas,Organic Search
C02931,Sam Anderson,Corporate,Indiana,Evansville,Direct
C02932,Alex Thompson,Corporate,Washington,Spokane,Email
C02933,Emerson Williams,Consumer,Arizona,Phoenix,Referral
C02934,Avery Wilson,Home Office,Texas,San Antonio,Email
C02935,Taylor Martinez,Corporate,Virginia,Arlington,Organic Search
C02936,Avery Jones,Home Office,Washington,Seattle,Direct
C02937,Jamie Moore,Home Office,Wisconsin,Madison,Referral
C02938,Riley Davis,Home Office,Washington,Spokane,Paid Search
C02939,Sam Moore,Corporate,Ohio,Columbus,Direct
C02940,Rowan Smith,Corporate,Michigan,Ann Arbor,Direct
C02941,Quinn Davis,Consumer,Indiana,Indianapolis,Email
C02942,Morgan Davis,Consumer,Washington,Tacoma,Direct
C02943,Avery Martinez,Corporate,Michigan,Grand Rapids,Social
C02944,Cameron Martinez,Corporate,Texas,Dallas,Referral
C02945,Jamie Smith,Consumer,California,San Diego,Paid Search
C02946,Logan Jackson,Home Office,Ohio,Cleveland,Social
C02947,Blake Miller,Corporate,Washington,Spokane,Referral
C02948,Jamie Wilson,Consumer,Wisconsin,Green Bay,Email
C02949,Alex Robinson,Consumer,California,Los Angeles,Paid Search
C02950,Jamie Harris,Corporate,California,San Diego,Email
C02951,Parker Davis,Home Office,Texas,Dallas,Social
C02952,Taylor Moore,Corporate,Virginia,Arlington,Email
C02953,Jordan Brown,Corporate,Michigan,Detroit,Paid Search
C02954,Avery Brown,Home Office,Massachusetts,Cambridge,Direct
C02955,Logan Miller,Consumer,California,Los Angeles,Email
C02956,Rowan Martinez,Home Office,Georgia,Augusta,Paid Search
C02957,Alex Martinez,Corporate,North Carolina,Charlotte,Direct
C02958,Avery Williams,Corporate,Illinois,Naperville,Social
C02959,Jordan Martin,Corporate,California,San Francisco,Social
C02960,Alex Martinez,Consumer,Pennsylvania,Allentown,Email
C02961,Jamie Martin,Consumer,North Carolina,Raleigh,Email
C02962,Avery Wilson,Home Office,North Carolina,Raleigh,Email
C02963,Dakota White,Home Office,Texas,San Antonio,Organic Search
C02964,Jamie Thomas,Consumer,Texas,Austin,Social
C02965,Emerson Miller,Corporate,Tennessee,Knoxville,Paid Search
C02966,Emerson Jones,Corporate,Missouri,Springfield,Direct
C02967,Reese Miller,Home Office,Virginia,Richmond,Paid Search
C02968,Parker Taylor,Consumer,Massachusetts,Cambridge,Social
C02969,Reese Thomas,Corporate,Missouri,St. Louis,Referral
C02970,Casey Anderson,Corporate,North Carolina,Durham,Social
C02971,Emerson Miller,Consumer,Massachusetts,Worcester,Referral
C02972,Blake Anderson,Home Office,Illinois,Naperville,Direct
C02973,Dakota Jones,Consumer,Pennsylvania,Allentown,Social
C02974,Reese Brown,Home Office,New York,Rochester,Email
C02975,Morgan Martinez,Consumer,Indiana,Fort Wayne,Referral
C02976,Cameron Anderson,Corporate,Pennsylvania,Philadelphia,Paid Search
C02977,Emerson Jackson,Home Office,Virginia,Arlington,Social
C02978,Dakota Thomas,Home Office,Georgia,Savannah,Direct
C02979,Cameron Harris,Consumer,Florida,Orlando,Direct
C02980,Skyler Brown,Corporate,California,San Diego,Email
C02981,Cameron Jackson,Corporate,Michigan,Detroit,Referral
C02982,Avery Smith,Consumer,Florida,Miami,Paid Search
C02983,Avery Miller,Home Office,Florida,Miami,Email
C02984,Rowan Brown,Corporate,North Carolina,Raleigh,Direct
C02985,Alex Robinson,Corporate,Washington,Spokane,Social
C02986,Avery Taylor,Corporate,Virginia,Arlington,Referral
C02987,Blake Martinez,Consumer,Tennessee,Knoxville,Social
C02988,Logan Anderson,Corporate,Texas,Houston,Paid Search
C02989,Quinn Garcia,Consumer,Tennessee,Memphis,Direct
C02990,Blake Thomas,Home Office,Maryland,Frederick,Email
C02991,Jordan Martin,Consumer,Washington,Spokane,Paid Search
C02992,Taylor Williams,Consumer,Missouri,Springfield,Direct
C02993,Rowan Jackson,Home Office,Florida,Tampa,Organic Search
C02994,Logan Johnson,Corporate,Wisconsin,Madison,Referral
C02995,Avery Robinson,Corporate,Massachusetts,Boston,Email
C02996,Dakota Smith,Home Office,Illinois,Aurora,Email
C02997,Riley Harris,Corporate,Indiana,Evansville,Referral
C02998,Emerson Johnson,Corporate,Washington,Tacoma,Email
C02999,Logan Miller,Corporate,Indiana,Fort Wayne,Organic Search
C03000,Jamie Robinson,Corporate,Texas,San Antonio,Email
C03001,Taylor Davis,Corporate,Illinois,Aurora,Organic Search
C03002,Quinn Miller,Corporate,California,Los Angeles,Paid Search
C03003,Cameron Anderson,Home Office,Pennsylvania,Allentown,Social
C03004,Rowan Brown,Consumer,Georgia,Atlanta,Organic Search
C03005,Blake Martinez,Consumer,Illinois,Aurora,Social
C03006,Reese Smith,Home Office,Virginia,Arlington,Direct
C03007,Emerson Brown,Corporate,Virginia,Richmond,Email
C03008,Reese Garcia,Home Office,North Carolina,Raleigh,Email
C03009,Taylor Moore,Home Office,New York,Buffalo,Social
C03010,Skyler Wilson,Consumer,Washington,Seattle,Email
C03011,Taylor Martinez,Consumer,Pennsylvania,Allentown,Organic Search
C03012,Emerson Thomas,Home Office,Massachusetts,Worcester,Social
C03013,Riley Martinez,Corporate,New York,New York,Referral
C03014,Cameron Davis,Consumer,Texas,Austin,Organic Search
C03015,Alex Thomas,Consumer,Washington,Tacoma,Email
C03016,Skyler Moore,Home Office,Florida,Miami,Paid Search
C03017,Sam Wilson,Corporate,Illinois,Chicago,Organic Search
C03018,Logan Martin,Consumer,Tennessee,Nashville,Organic Search
C03019,Emerson Garcia,Consumer,Washington,Seattle,Direct
C03020,Skyler Jones,Consumer,Illinois,Aurora,Referral
C03021,Dakota Miller,Consumer,New York,Rochester,Social
C03022,Cameron Moore,Corporate,Virginia,Virginia Beach,Social
C03023,Sam Jackson,Consumer,Texas,Dallas,Direct
C03024,Quinn Harris,Home Office,Virginia,Virginia Beach,Direct
C03025,Logan Robinson,Home Office,Illinois,Aurora,Direct
C03026,Cameron Robinson,Home Office,Pennsylvania,Pittsburgh,Social
C03027,Reese Robinson,Consumer,New York,Buffalo,Email
C03028,Taylor Jones,Home Office,Missouri,St. Louis,Paid Search
C03029,Quinn Moore,Corporate,North Carolina,Durham,Paid Search
C03030,Emerson Robinson,Corporate,Michigan,Grand Rapids,Social
C03031,Logan Jackson,Home Office,Indiana,Evansville,Direct
C03032,Blake Robinson,Home Office,Missouri,Springfield,Organic Search
C03033,Sam Williams,Home Office,Tennessee,Memphis,Paid Search
C03034,Skyler Robinson,Home Office,Missouri,St. Louis,Paid Search
C03035,Drew Taylor,Home Office,North Carolina,Durham,Organic Search
C03036,Sam Wilson,Home Office,New Jersey,Newark,Paid Search
C03037,Avery Anderson,Home Office,Michigan,Ann Arbor,Social
C03038,Drew Robinson,Corporate,North Carolina,Durham,Direct
C03039,Blake Jones,Home Office,Ohio,Cleveland,Organic Search
C03040,Emerson Garcia,Corporate,Virginia,Virginia Beach,Social
C03041,Skyler Miller,Consumer,Maryland,Rockville,Direct
C03042,Cameron Davis,Home Office,Michigan,Ann Arbor,Paid Search
C03043,Logan Thomas,Consumer,Pennsylvania,Pittsburgh,Social
C03044,Dakota Harris,Home Office,North Carolina,Raleigh,Organic Search
C03045,Blake Williams,Corporate,North Carolina,Charlotte,Social
C03046,Quinn Smith,Consumer,Missouri,St. Louis,Paid Search
C03047,Rowan Garcia,Home Office,Tennessee,Memphis,Referral
C03048,Reese Davis,Corporate,Maryland,Baltimore,Social
C03049,Blake Brown,Corporate,Tennessee,Memphis,Social
C03050,Morgan Jones,Consumer,New Jersey,Newark,Paid Search
C03051,Jordan Williams,Corporate,Texas,Houston,Referral
C03052,Drew Jones,Consumer,Missouri,Springfield,Direct
C03053,Avery Johnson,Home Office,Arizona,Mesa,Email
C03054,Morgan Anderson,Home Office,California,San Jose,Paid Search
C03055,Cameron Wilson,Consumer,Arizona,Mesa,Referral
C03056,Drew Garcia,Corporate,Maryland,Baltimore,Organic Search
C03057,Emerson Martinez,Corporate,California,San Diego,Organic Search
C03058,Avery Garcia,Home Office,Washington,Seattle,Organic Search
C03059,Dakota Robinson,Corporate,New York,Buffalo,Email
C03060,Cameron White,Consumer,Florida,Orlando,Social
C03061,Riley Miller,Consumer,Wisconsin,Madison,Email
C03062,Cameron Taylor,Corporate,California,San Francisco,Social
C03063,Cameron Brown,Consumer,Ohio,Cleveland,Direct
C03064,Rowan Jones,Home Office,Massachusetts,Worcester,Referral
C03065,Alex Garcia,Corporate,Washington,Seattle,Direct
C03066,Reese Thompson,Corporate,Tennessee,Memphis,Email
C03067,Skyler Robinson,Corporate,Tennessee,Memphis,Referral
C03068,Parker Jones,Home Office,Ohio,Columbus,Referral
C03069,Riley Jackson,Consumer,Washington,Seattle,Paid Search
C03070,Quinn Moore,Consumer,Virginia,Arlington,Paid Search
C03071,Quinn Robinson,Corporate,Georgia,Atlanta,Direct
C03072,Cameron Williams,Corporate,Maryland,Rockville,Email
C03073,Dakota Thomas,Corporate,Washington,Spokane,Email
C03074,Reese Harris,Corporate,Tennessee,Nashville,Social
C03075,Parker Wilson,Corporate,North Carolina,Raleigh,Paid Search
C03076,Riley Miller,Consumer,Tennessee,Knoxville,Direct
C03077,Blake Thompson,Consumer,Indiana,Indianapolis,Social
C03078,Jordan Wilson,Consumer,Virginia,Arlington,Organic Search
C03079,Blake Garcia,Consumer,New York,Buffalo,Email
C03080,Drew Harris,Consumer,Indiana,Fort Wayne,Organic Search
C03081,Drew Miller,Consumer,Arizona,Tucson,Paid Search
C03082,Skyler Williams,Consumer,Pennsylvania,Philadelphia,Referral
C03083,Dakota Miller,Corporate,Texas,San Antonio,Social
C03084,Cameron Smith,Consumer,Pennsylvania,Allentown,Direct
C03085,Taylor Brown,Corporate,New York,New York,Referral
C03086,Rowan Garcia,Corporate,Florida,Orlando,Organic Search
C03087,Riley Wilson,Consumer,Missouri,Kansas City,Organic Search
C03088,Skyler Smith,Home Office,North Carolina,Durham,Email
C03089,Casey Miller,Consumer,Washington,Spokane,Organic Search
C03090,Cameron Robinson,Corporate,Illinois,Naperville,Paid Search
C03091,Cameron Harris,Consumer,Massachusetts,Cambridge,Email
C03092,Riley Robinson,Consumer,Georgia,Atlanta,Social
C03093,Alex Taylor,Corporate,Illinois,Naperville,Social
C03094,Emerson Garcia,Home Office,Washington,Spokane,Referral
C03095,Skyler Thomas,Home Office,Massachusetts,Cambridge,Direct
C03096,Drew Thompson,Corporate,Washington,Seattle,Referral
C03097,Casey Johnson,Consumer,Tennessee,Nashville,Referral
C03098,Jamie Brown,Home Office,Virginia,Richmond,Social
C03099,Jamie Thomas,Consumer,Washington,Spokane,Social
C03100,Alex Davis,Corporate,Ohio,Cincinnati,Organic Search
C03101,Dakota Jones,Home Office,Massachusetts,Worcester,Social
C03102,Casey Smith,Consumer,Georgia,Savannah,Paid Search
C03103,Quinn Harris,Home Office,Tennessee,Memphis,Paid Search
C03104,Rowan Jones,Corporate,Ohio,Columbus,Organic Search
C03105,Morgan Taylor,Corporate,Illinois,Chicago,Paid Search
C03106,Quinn White,Consumer,Massachusetts,Cambridge,Paid Search
C03107,Skyler Garcia,Corporate,Virginia,Virginia Beach,Social
C03108,Parker Anderson,Consumer,New York,Buffalo,Referral
C03109,Alex Brown,Consumer,Pennsylvania,Allentown,Direct
C03110,Drew Johnson,Consumer,Missouri,Springfield,Organic Search
C03111,Parker Smith,Corporate,Indiana,Fort Wayne,Paid Search
C03112,Rowan Thomas,Home Office,Wisconsin,Madison,Paid Search
C03113,Jordan Thompson,Home Office,Virginia,Virginia Beach,Social
C03114,Reese Thompson,Consumer,Tennessee,Knoxville,Referral
C03115,Skyler Williams,Consumer,Maryland,Frederick,Paid Search
C03116,Drew Jones,Consumer,Massachusetts,Boston,Email
C03117,Quinn Moore,Corporate,Wisconsin,Milwaukee,Email
C03118,Jamie Smith,Consumer,Texas,Dallas,Social
C03119,Avery White,Consumer,Maryland,Frederick,Referral
C03120,Drew Davis,Consumer,Maryland,Baltimore,Organic Search
C03121,Drew Martin,Consumer,Texas,Dallas,Social
C03122,Logan Brown,Consumer,Pennsylvania,Allentown,Social
C03123,Blake Thomas,Corporate,New Jersey,Jersey City,Referral
C03124,Emerson Anderson,Home Office,Missouri,Springfield,Paid Search
C03125,Casey Martinez,Home Office,Indiana,Evansville,Paid Search
C03126,Cameron Wilson,Consumer,Wisconsin,Madison,Social
C03127,Sam Thompson,Corporate,North Carolina,Raleigh,Direct
C03128,Jordan Martinez,Corporate,Washington,Spokane,Email
C03129,Emerson Wilson,Consumer,Illinois,Chicago,Social
C03130,Morgan Garcia,Home Office,Illinois,Aurora,Social
C03131,Reese Martinez,Corporate,Washington,Spokane,Email
C03132,Riley Robinson,Corporate,Georgia,Augusta,Email
C03133,Jordan White,Corporate,New Jersey,Jersey City,Organic Search
C03134,Logan Smith,Corporate,Arizona,Tucson,Email
C03135,Cameron Martin,Corporate,Michigan,Grand Rapids,Referral
C03136,Quinn White,Consumer,Ohio,Cleveland,Organic Search
C03137,Riley Anderson,Consumer,Wisconsin,Green Bay,Paid Search
C03138,Quinn Williams,Consumer,Maryland,Baltimore,Email
C03139,Casey Garcia,Corporate,California,San Francisco,Email
C03140,Jordan Smith,Corporate,Illinois,Chicago,Email
C03141,Jamie Thomas,Home Office,Illinois,Naperville,Direct
C03142,Dakota Williams,Consumer,Virginia,Virginia Beach,Paid Search
C03143,Morgan Johnson,Home Office,New Jersey,Newark,Email
C03144,Alex Davis,Consumer,Wisconsin,Madison,Social
C03145,Drew Martinez,Corporate,Florida,Miami,Referral
C03146,Casey Williams,Corporate,Michigan,Ann Arbor,Paid Search
C03147,Skyler Brown,Corporate,Pennsylvania,Allentown,Organic Search
C03148,Jordan Jackson,Corporate,Michigan,Ann Arbor,Organic Search
C03149,Rowan Thomas,Home Office,Tennessee,Memphis,Paid Search
C03150,Reese Wilson,Corporate,Washington,Tacoma,Paid Search
C03151,Cameron Harris,Consumer,Ohio,Cincinnati,Organic Search
C03152,Taylor Johnson,Home Office,Texas,Houston,Organic Search
C03153,Rowan Jones,Consumer,Florida,Miami,Paid Search
C03154,Sam Martinez,Consumer,New Jersey,Trenton,Social
C03155,Reese Brown,Home Office,Arizona,Mesa,Direct
C03156,Dakota Taylor,Home Office,Missouri,St. Louis,Social
C03157,Parker Miller,Corporate,Texas,Dallas,Paid Search
C03158,Jordan Johnson,Corporate,New York,Buffalo,Organic Search
C03159,Rowan Jackson,Home Office,Tennessee,Memphis,Social
C03160,Sam White,Home Office,Illinois,Aurora,Referral
C03161,Alex Miller,Corporate,Pennsylvania,Pittsburgh,Email
C03162,Sam Jones,Consumer,Tennessee,Nashville,Organic Search
C03163,Blake Martin,Corporate,Indiana,Indianapolis,Direct
C03164,Reese Johnson,Consumer,Pennsylvania,Allentown,Paid Search
C03165,Blake Thomas,Corporate,New Jersey,Newark,Email
C03166,Skyler Davis,Consumer,Tennessee,Nashville,Paid Search
C03167,Drew Thompson,Corporate,Indiana,Evansville,Referral
C03168,Blake Davis,Corporate,Wisconsin,Green Bay,Email
C03169,Dakota Garcia,Corporate,Massachusetts,Cambridge,Social
C03170,Jamie Anderson,Consumer,Texas,San Antonio,Referral
C03171,Logan White,Corporate,New York,Rochester,Referral
C03172,Sam Martinez,Consumer,Georgia,Savannah,Paid Search
C03173,Jordan Wilson,Home Office,Michigan,Ann Arbor,Paid Search
C03174,Drew Smith,Home Office,Washington,Seattle,Email
C03175,Rowan Wilson,Corporate,Georgia,Atlanta,Social
C03176,Taylor Moore,Home Office,Texas,San Antonio,Email
C03177,Jamie Robinson,Home Office,Indiana,Indianapolis,Social
C03178,Avery Garcia,Home Office,Maryland,Rockville,Paid Search
C03179,Cameron Jackson,Home Office,Florida,Tampa,Organic Search
C03180,Avery Smith,Home Office,Missouri,Kansas City,Email
C03181,Cameron Martin,Consumer,New Jersey,Newark,Organic Search
C03182,Riley Taylor,Home Office,North Carolina,Raleigh,Social
C03183,Reese Davis,Home Office,Pennsylvania,Philadelphia,Paid Search
C03184,Jamie Taylor,Home Office,Florida,Miami,Email
C03185,Morgan Smith,Consumer,Illinois,Chicago,Paid Search
C03186,Morgan Harris,Corporate,Pennsylvania,Philadelphia,Referral
C03187,Rowan Thompson,Consumer,Missouri,Kansas City,Direct
C03188,Drew Williams,Corporate,Wisconsin,Milwaukee,Paid Search
C03189,Quinn Davis,Home Office,Pennsylvania,Pittsburgh,Direct
C03190,Blake Williams,Consumer,California,San Diego,Organic Search
C03191,Riley Thompson,Home Office,New Jersey,Trenton,Organic Search
C03192,Parker Smith,Corporate,Tennessee,Memphis,Social
C03193,Skyler Jackson,Consumer,Florida,Orlando,Organic Search
C03194,Logan Martinez,Home Office,Wisconsin,Green Bay,Email
C03195,Logan Garcia,Corporate,Georgia,Savannah,Paid Search
C03196,Avery Johnson,Consumer,Virginia,Richmond,Organic Search
C03197,Dakota Thomas,Consumer,California,San Jose,Direct
C03198,Reese Smith,Corporate,New Jersey,Jersey City,Email
C03199,Morgan Robinson,Home Office,Illinois,Naperville,Email
C03200,Casey Martin,Corporate,Maryland,Rockville,Referral
C03201,Morgan Robinson,Consumer,New Jersey,Trenton,Paid Search
C03202,Jamie Garcia,Corporate,Georgia,Savannah,Email
C03203,Jordan Taylor,Home Office,Florida,Orlando,Direct
C03204,Quinn Jones,Corporate,North Carolina,Raleigh,Social
C03205,Skyler Thomas,Consumer,New York,Buffalo,Paid Search
C03206,Reese Smith,Consumer,Michigan,Grand Rapids,Paid Search
C03207,Taylor Jones,Home Office,Pennsylvania,Allentown,Referral
C03208,Parker Brown,Consumer,Florida,Tampa,Paid Search
C03209,Morgan Miller,Home Office,New Jersey,Newark,Referral
C03210,Cameron Johnson,Corporate,New York,Buffalo,Referral
C03211,Taylor Garcia,Home Office,Missouri,Springfield,Referral
C03212,Emerson Taylor,Consumer,Michigan,Grand Rapids,Email
C03213,Reese Williams,Home Office,Michigan,Grand Rapids,Paid Search
C03214,Casey Williams,Consumer,Texas,Houston,Email
C03215,Jordan Martin,Corporate,Tennessee,Memphis,Referral
C03216,Drew Miller,Home Office,Florida,Orlando,Email
C03217,Riley Miller,Home Office,New Jersey,Trenton,Direct
C03218,Alex Martin,Consumer,Florida,Orlando,Organic Search
C03219,Cameron White,Consumer,Indiana,Evansville,Referral
C03220,Dakota Davis,Corporate,North Carolina,Durham,Organic Search
C03221,Reese Davis,Home Office,Texas,San Antonio,Organic Search
C03222,Jamie Thomas,Consumer,Indiana,Fort Wayne,Referral
C03223,Dakota Taylor,Corporate,Arizona,Phoenix,Referral
C03224,Reese Moore,Home Office,Florida,Jacksonville,Email
C03225,Quinn Martinez,Consumer,Florida,Tampa,Direct
C03226,Dakota Miller,Home Office,Illinois,Naperville,Email
C03227,Casey Johnson,Consumer,Georgia,Atlanta,Direct
C03228,Taylor Jackson,Consumer,Texas,Dallas,Paid Search
C03229,Dakota Smith,Home Office,Florida,Orlando,Direct
C03230,Alex White,Consumer,Florida,Tampa,Organic Search
C03231,Casey Jones,Home Office,Massachusetts,Cambridge,Email
C03232,Sam White,Corporate,Virginia,Arlington,Referral
C03233,Rowan Davis,Home Office,North Carolina,Charlotte,Organic Search
C03234,Parker Davis,Home Office,Washington,Tacoma,Organic Search
C03235,Logan Moore,Corporate,Tennessee,Nashville,Paid Search
C03236,Reese Harris,Consumer,California,Los Angeles,Email
C03237,Skyler Taylor,Consumer,Massachusetts,Worcester,Email
C03238,Casey Taylor,Corporate,Michigan,Detroit,Social
C03239,Logan Thompson,Consumer,California,San Francisco,Paid Search
C03240,Cameron Harris,Consumer,Michigan,Ann Arbor,Paid Search
C03241,Quinn Moore,Consumer,Tennessee,Memphis,Organic Search
C03242,Casey Smith,Consumer,Massachusetts,Cambridge,Social
C03243,Cameron Garcia,Home Office,Washington,Tacoma,Organic Search
C03244,Drew Thomas,Home Office,Florida,Tampa,Direct
C03245,Drew Thompson,Corporate,Florida,Jacksonville,Email
C03246,Dakota Brown,Consumer,New York,Buffalo,Paid Search
C03247,Emerson Robinson,Home Office,Georgia,Augusta,Organic Search
C03248,Skyler Smith,Consumer,Tennessee,Nashville,Paid Search
C03249,Reese Martinez,Corporate,Missouri,St. Louis,Social
C03250,Riley Brown,Home Office,Ohio,Cleveland,Direct
C03251,Drew Moore,Home Office,Arizona,Phoenix,Direct
C03252,Blake Martinez,Home Office,Washington,Spokane,Email
C03253,Logan Robinson,Consumer,Washington,Seattle,Paid Search
C03254,Sam Thomas,Corporate,Texas,Dallas,Referral
C03255,Logan Wilson,Corporate,New Jersey,Trenton,Email
C03256,Morgan Martinez,Consumer,New York,New York,Social
C03257,Avery Harris,Corporate,Texas,Houston,Email
C03258,Rowan Jones,Consumer,Missouri,Springfield,Organic Search
C03259,Parker Brown,Consumer,Ohio,Cleveland,Email
C03260,Reese Brown,Corporate,Maryland,Rockville,Referral
C03261,Avery Williams,Corporate,Massachusetts,Boston,Referral
C03262,Taylor Moore,Home Office,Florida,Orlando,Email
C03263,Drew Garcia,Consumer,Tennessee,Knoxville,Direct
C03264,Logan Davis,Corporate,California,San Jose,Email
C03265,Skyler Martinez,Consumer,New York,Rochester,Paid Search
C03266,Reese Thomas,Corporate,California,San Francisco,Referral
C03267,Alex Brown,Home Office,Pennsylvania,Allentown,Email
C03268,Avery Miller,Consumer,North Carolina,Charlotte,Direct
C03269,Riley Davis,Consumer,Texas,Dallas,Organic Search
C03270,Rowan Johnson,Home Office,Michigan,Grand Rapids,Organic Search
C03271,Casey Johnson,Consumer,Wisconsin,Green Bay,Direct
C03272,Parker Taylor,Home Office,Ohio,Cleveland,Organic Search
C03273,Riley Martin,Corporate,New York,New York,Organic Search
C03274,Jordan Garcia,Consumer,Virginia,Arlington,Social
C03275,Taylor Miller,Consumer,Florida,Miami,Organic Search
C03276,Morgan White,Consumer,Arizona,Mesa,Organic Search
C03277,Skyler Garcia,Home Office,North Carolina,Durham,Referral
C03278,Sam Harris,Consumer,Maryland,Rockville,Referral
C03279,Avery Harris,Corporate,Maryland,Baltimore,Referral
C03280,Drew Anderson,Corporate,Massachusetts,Cambridge,Organic Search
C03281,Avery Jackson,Corporate,California,San Francisco,Referral
C03282,Taylor Martinez,Consumer,Massachusetts,Cambridge,Organic Search
C03283,Cameron Garcia,Consumer,Texas,San Antonio,Social
C03284,Casey Johnson,Home Office,Maryland,Baltimore,Referral
C03285,Casey Wilson,Consumer,Georgia,Augusta,Referral
C03286,Taylor Wilson,Home Office,Missouri,Springfield,Email
C03287,Skyler Garcia,Consumer,New Jersey,Jersey City,Paid Search
C03288,Emerson Jones,Consumer,New Jersey,Newark,Social
C03289,Avery Jones,Consumer,Tennessee,Knoxville,Direct
C03290,Skyler Jones,Home Office,New York,Buffalo,Email
C03291,Emerson Williams,Home Office,Arizona,Tucson,Social
C03292,Drew Anderson,Consumer,Pennsylvania,Philadelphia,Email
C03293,Alex Smith,Consumer,California,San Jose,Organic Search
C03294,Taylor Williams,Home Office,Maryland,Baltimore,Social
C03295,Rowan Garcia,Home Office,Florida,Tampa,Email
C03296,Alex Jones,Corporate,Wisconsin,Madison,Social
C03297,Skyler Taylor,Corporate,Florida,Tampa,Organic Search
C03298,Emerson Jones,Home Office,New York,Rochester,Referral
C03299,Logan Taylor,Corporate,Missouri,Springfield,Email
C03300,Riley Taylor,Home Office,Illinois,Naperville,Email
C03301,Quinn Martin,Consumer,New Jersey,Trenton,Social
C03302,Alex Johnson,Home Office,Massachusetts,Boston,Email
C03303,Cameron Jackson,Corporate,North Carolina,Durham,Paid Search
C03304,Parker Thompson,Corporate,New York,Rochester,Organic Search
C03305,Quinn Martinez,Consumer,Washington,Seattle,Social
C03306,Drew Thompson,Consumer,Illinois,Aurora,Paid Search
C03307,Parker Taylor,Consumer,Texas,San Antonio,Direct
C03308,Emerson Johnson,Home Office,Texas,San Antonio,Email
C03309,Avery Wilson,Corporate,Arizona,Mesa,Referral
C03310,Rowan Robinson,Corporate,Missouri,St. Louis,Referral
C03311,Riley Jones,Consumer,Indiana,Indianapolis,Paid Search
C03312,Morgan Jackson,Corporate,Texas,Houston,Referral
C03313,Alex Moore,Home Office,Indiana,Evansville,Paid Search
C03314,Emerson Martin,Corporate,Pennsylvania,Philadelphia,Referral
C03315,Quinn Davis,Home Office,Ohio,Cincinnati,Email
C03316,Drew Wilson,Consumer,Washington,Tacoma,Email
C03317,Quinn Robinson,Home Office,Illinois,Aurora,Direct
C03318,Skyler Martinez,Home Office,Pennsylvania,Allentown,Direct
C03319,Reese Taylor,Consumer,Michigan,Detroit,Organic Search
C03320,Casey Thomas,Home Office,Arizona,Mesa,Referral
C03321,Avery Brown,Corporate,Arizona,Tucson,Email
C03322,Jordan Jackson,Corporate,Massachusetts,Cambridge,Social
C03323,Parker Thomas,Corporate,Pennsylvania,Philadelphia,Organic Search
C03324,Cameron Thomas,Corporate,Washington,Tacoma,Direct
C03325,Jamie Davis,Home Office,Pennsylvania,Philadelphia,Direct
C03326,Logan Jackson,Corporate,New York,Buffalo,Paid Search
C03327,Skyler Martinez,Home Office,Michigan,Ann Arbor,Email
C03328,Morgan Thomas,Consumer,Georgia,Augusta,Direct
C03329,Skyler Miller,Corporate,Indiana,Fort Wayne,Direct
C03330,Rowan Robinson,Home Office,Illinois,Chicago,Direct
C03331,Jordan Taylor,Home Office,New Jersey,Trenton,Email
C03332,Cameron Davis,Consumer,Michigan,Detroit,Paid Search
C03333,Skyler Moore,Home Office,Ohio,Cleveland,Direct
C03334,Quinn Wilson,Consumer,Florida,Miami,Email
C03335,Blake Harris,Home Office,Florida,Jacksonville,Direct
C03336,Emerson Johnson,Home Office,Florida,Orlando,Organic Search
C03337,Taylor Davis,Corporate,Maryland,Baltimore,Organic Search
C03338,Sam Wilson,Consumer,Washington,Spokane,Email
C03339,Taylor Robinson,Home Office,New York,Buffalo,Paid Search
C03340,Morgan Harris,Home Office,Washington,Spokane,Referral
C03341,Alex Smith,Consumer,Indiana,Indianapolis,Email
C03342,Dakota Brown,Corporate,California,San Francisco,Email
C03343,Casey Robinson,Home Office,Missouri,St. Louis,Organic Search
C03344,Sam Martin,Home Office,Washington,Tacoma,Social
C03345,Jamie Robinson,Consumer,North Carolina,Durham,Social
C03346,Blake Davis,Corporate,California,San Jose,Referral
C03347,Casey Johnson,Consumer,Virginia,Richmond,Referral
C03348,Morgan Thompson,Home Office,New York,Rochester,Paid Search
C03349,Emerson Taylor,Consumer,Florida,Orlando,Social
C03350,Logan Anderson,Consumer,Indiana,Evansville,Organic Search
C03351,Avery Miller,Home Office,Arizona,Phoenix,Organic Search
C03352,Blake Thompson,Consumer,Wisconsin,Milwaukee,Organic Search
C03353,Drew Anderson,Corporate,Massachusetts,Worcester,Email
C03354,Drew Johnson,Home Office,New York,Rochester,Direct
C03355,Casey Thompson,Home Office,Michigan,Grand Rapids,Direct
C03356,Parker Smith,Corporate,Texas,Dallas,Social
C03357,Reese White,Home Office,Washington,Seattle,Referral
C03358,Morgan Jones,Corporate,Florida,Miami,Email
C03359,Jordan Thompson,Consumer,Ohio,Cleveland,Social
C03360,Blake Williams,Consumer,Washington,Spokane,Organic Search
C03361,Taylor Anderson,Home Office,Massachusetts,Boston,Email
C03362,Avery Moore,Corporate,Pennsylvania,Pittsburgh,Email
C03363,Skyler Garcia,Consumer,Arizona,Tucson,Referral
C03364,Logan Martin,Corporate,Florida,Orlando,Referral
C03365,Skyler Moore,Corporate,Ohio,Cincinnati,Email
C03366,Cameron Taylor,Home Office,Florida,Miami,Referral
C03367,Avery Anderson,Corporate,Massachusetts,Boston,Social
C03368,Skyler Jones,Corporate,Missouri,St. Louis,Organic Search
C03369,Parker Robinson,Home Office,Georgia,Atlanta,Email
C03370,Parker Harris,Home Office,Florida,Miami,Referral
C03371,Skyler Thomas,Home Office,Texas,Houston,Paid Search
C03372,Dakota Miller,Consumer,Michigan,Ann Arbor,Social
C03373,Dakota Miller,Corporate,North Carolina,Durham,Direct
C03374,Blake White,Home Office,Maryland,Rockville,Social
C03375,Emerson Robinson,Home Office,Michigan,Ann Arbor,Direct
C03376,Taylor Thompson,Corporate,Massachusetts,Boston,Referral
C03377,Dakota Jackson,Home Office,Virginia,Arlington,Organic Search
C03378,Sam Martinez,Consumer,Illinois,Aurora,Email
C03379,Jamie Martinez,Home Office,Indiana,Indianapolis,Organic Search
C03380,Morgan Miller,Consumer,Ohio,Cleveland,Organic Search
C03381,Quinn Martinez,Home Office,Arizona,Phoenix,Social
C03382,Alex Garcia,Corporate,Wisconsin,Milwaukee,Social
C03383,Rowan White,Consumer,Florida,Jacksonville,Organic Search
C03384,Jamie Garcia,Home Office,Ohio,Columbus,Referral
C03385,Cameron Anderson,Home Office,Wisconsin,Green Bay,Referral
C03386,Cameron Thompson,Consumer,Virginia,Arlington,Referral
C03387,Jamie Smith,Corporate,California,San Francisco,Direct
C03388,Casey Martinez,Home Office,Florida,Jacksonville,Paid Search
C03389,Emerson Jones,Corporate,California,San Jose,Referral
C03390,Reese Moore,Consumer,Illinois,Naperville,Social
C03391,Quinn Thomas,Corporate,Maryland,Rockville,Email
C03392,Alex Garcia,Corporate,Ohio,Cleveland,Email
C03393,Avery Thompson,Corporate,Illinois,Naperville,Paid Search
C03394,Drew Davis,Corporate,Florida,Jacksonville,Referral
C03395,Cameron Martinez,Corporate,Illinois,Naperville,Paid Search
C03396,Alex Miller,Corporate,Texas,Dallas,Email
C03397,Skyler White,Home Office,California,San Francisco,Social
C03398,Jordan Brown,Corporate,New York,Rochester,Organic Search
C03399,Taylor Davis,Home Office,New York,Buffalo,Email
C03400,Taylor Jackson,Home Office,Texas,Houston,Referral
C03401,Taylor Taylor,Home Office,North Carolina,Durham,Email
C03402,Jordan Harris,Corporate,New Jersey,Newark,Direct
C03403,Avery Martinez,Corporate,Indiana,Evansville,Social
C03404,Jordan Thomas,Consumer,Illinois,Naperville,Paid Search
C03405,Alex Martin,Corporate,North Carolina,Raleigh,Referral
C03406,Quinn Miller,Consumer,Michigan,Ann Arbor,Social
C03407,Quinn White,Home Office,Illinois,Chicago,Referral
C03408,Parker Smith,Home Office,Illinois,Chicago,Direct
C03409,Logan Jackson,Consumer,Tennessee,Nashville,Referral
C03410,Taylor Moore,Consumer,Wisconsin,Madison,Referral
C03411,Drew Williams,Consumer,Missouri,St. Louis,Organic Search
C03412,Cameron Williams,Consumer,Massachusetts,Worcester,Paid Search
C03413,Avery Thomas,Corporate,Pennsylvania,Philadelphia,Social
C03414,Taylor Harris,Consumer,Missouri,St. Louis,Organic Search
C03415,Taylor Robinson,Consumer,Florida,Miami,Social
C03416,Cameron White,Consumer,Florida,Tampa,Organic Search
C03417,Logan Garcia,Home Office,Massachusetts,Worcester,Social
C03418,Avery Davis,Corporate,Florida,Miami,Direct
C03419,Jamie Taylor,Corporate,Missouri,Springfield,Email
C03420,Dakota Anderson,Consumer,Pennsylvania,Philadelphia,Social
C03421,Skyler Johnson,Consumer,Michigan,Grand Rapids,Paid Search
C03422,Jordan Wilson,Corporate,Michigan,Detroit,Direct
C03423,Morgan Jackson,Corporate,North Carolina,Durham,Email
C03424,Rowan Martin,Home Office,Illinois,Naperville,Organic Search
C03425,Taylor Smith,Consumer,Pennsylvania,Allentown,Email
C03426,Dakota Garcia,Consumer,Tennessee,Nashville,Direct
C03427,Drew Thompson,Corporate,Ohio,Columbus,Referral
C03428,Sam Martin,Home Office,Missouri,Springfield,Referral
C03429,Cameron White,Consumer,Massachusetts,Cambridge,Organic Search
C03430,Skyler Miller,Home Office,Florida,Tampa,Social
C03431,Sam Wilson,Home Office,California,San Francisco,Direct
C03432,Logan Martinez,Home Office,California,San Francisco,Social
C03433,Rowan Martin,Home Office,Florida,Miami,Social
C03434,Cameron Jackson,Home Office,Tennessee,Nashville,Email
C03435,Alex Jackson,Home Office,Virginia,Virginia Beach,Email
C03436,Riley Wilson,Home Office,Pennsylvania,Pittsburgh,Paid Search
C03437,Taylor Jackson,Home Office,Pennsylvania,Allentown,Paid Search
C03438,Sam Garcia,Corporate,California,Los Angeles,Direct
C03439,Quinn Martinez,Consumer,North Carolina,Durham,Email
C03440,Riley Williams,Home Office,Indiana,Indianapolis,Paid Search
C03441,Quinn Harris,Home Office,Maryland,Baltimore,Referral
C03442,Emerson Moore,Consumer,Maryland,Frederick,Referral
C03443,Emerson Taylor,Home Office,Wisconsin,Milwaukee,Organic Search
C03444,Jordan Anderson,Consumer,Illinois,Naperville,Direct
C03445,Emerson White,Home Office,Georgia,Augusta,Direct
C03446,Skyler Taylor,Home Office,North Carolina,Charlotte,Paid Search
C03447,Sam Robinson,Home Office,Wisconsin,Green Bay,Direct
C03448,Taylor Taylor,Corporate,New York,Buffalo,Direct
C03449,Skyler Harris,Consumer,Missouri,Springfield,Direct
C03450,Taylor Thomas,Consumer,Massachusetts,Boston,Referral
C03451,Rowan Jackson,Corporate,Washington,Seattle,Referral
C03452,Alex Robinson,Corporate,Pennsylvania,Pittsburgh,Social
C03453,Blake Williams,Home Office,New York,Rochester,Direct
C03454,Logan Robinson,Home Office,Massachusetts,Worcester,Social
C03455,Casey Robinson,Home Office,Missouri,Kansas City,Referral
C03456,Casey Jones,Corporate,Tennessee,Knoxville,Referral
C03457,Logan Johnson,Home Office,Ohio,Cincinnati,Paid Search
C03458,Alex Jackson,Home Office,Indiana,Indianapolis,Direct
C03459,Parker Johnson,Home Office,Georgia,Savannah,Email
C03460,Quinn Jackson,Home Office,Virginia,Arlington,Paid Search
C03461,Dakota Johnson,Consumer,Massachusetts,Cambridge,Email
C03462,Drew Garcia,Consumer,Pennsylvania,Allentown,Paid Search
C03463,Drew Moore,Consumer,Virginia,Arlington,Social
C03464,Dakota Jackson,Consumer,Massachusetts,Boston,Paid Search
C03465,Jamie Miller,Home Office,Wisconsin,Milwaukee,Direct
C03466,Emerson Martinez,Corporate,Illinois,Aurora,Organic Search
C03467,Emerson Martinez,Consumer,Ohio,Cleveland,Social
C03468,Drew Williams,Home Office,Pennsylvania,Allentown,Paid Search
C03469,Emerson Anderson,Home Office,Pennsylvania,Pittsburgh,Organic Search
C03470,Quinn Miller,Home Office,New Jersey,Newark,Social
C03471,Cameron Wilson,Corporate,Maryland,Rockville,Referral
C03472,Morgan Wilson,Home Office,Virginia,Virginia Beach,Referral
C03473,Parker Thomas,Consumer,Washington,Tacoma,Social
C03474,Drew Jackson,Home Office,Indiana,Fort Wayne,Email
C03475,Sam Martin,Home Office,Wisconsin,Madison,Paid Search
C03476,Alex Davis,Corporate,Georgia,Augusta,Referral
C03477,Skyler Martinez,Consumer,Florida,Miami,Social
C03478,Logan Miller,Consumer,Wisconsin,Milwaukee,Referral
C03479,Dakota Wilson,Corporate,New Jersey,Newark,Email
C03480,Avery Jackson,Corporate,Virginia,Virginia Beach,Paid Search
C03481,Rowan Brown,Corporate,Michigan,Grand Rapids,Organic Search
C03482,Avery Miller,Corporate,Florida,Orlando,Social
C03483,Skyler Brown,Consumer,Tennessee,Memphis,Social
C03484,Jordan Smith,Home Office,New Jersey,Jersey City,Organic Search
C03485,Jamie Williams,Consumer,Florida,Tampa,Organic Search
C03486,Quinn Robinson,Home Office,Massachusetts,Boston,Direct
C03487,Skyler Martin,Home Office,Maryland,Baltimore,Referral
C03488,Logan Smith,Corporate,Illinois,Aurora,Organic Search
C03489,Skyler Thompson,Home Office,Georgia,Savannah,Social
C03490,Casey Anderson,Home Office,Pennsylvania,Pittsburgh,Social
C03491,Sam Martinez,Home Office,Texas,San Antonio,Social
C03492,Rowan Moore,Corporate,Missouri,St. Louis,Organic Search
C03493,Sam Thompson,Corporate,Tennessee,Knoxville,Direct
C03494,Emerson Anderson,Home Office,North Carolina,Durham,Social
C03495,Sam Robinson,Corporate,Virginia,Virginia Beach,Referral
C03496,Jamie Robinson,Consumer,Illinois,Chicago,Direct
C03497,Sam Smith,Consumer,Arizona,Phoenix,Email
C03498,Casey Taylor,Corporate,Texas,Dallas,Referral
C03499,Taylor Wilson,Consumer,Georgia,Augusta,Email
C03500,Sam Williams,Consumer,New Jersey,Newark,Paid Search
