order_id,order_date,customer_id,product_id,quantity,unit_price,discount,sales,profit,shipping_mode,payment_method
O004348,2024-01-01,C00821,P0053,1,18.36,0.1,16.52,4.8,First Class,Bank Transfer
O002049,2024-01-01,C01496,P0174,2,35.58,0.0,71.16,36.74,First Class,UPI
O010775,2024-01-01,C02983,P0147,1,12.76,0.0,12.76,6.12,Standard,Credit Card
O008444,2024-01-01,C00263,P0054,3,42.42,0.0,127.26,42.69,Second Class,Bank Transfer
O006888,2024-01-01,C02079,P0124,2,11.46,0.0,22.92,7.36,Second Class,Debit Card
O004318,2024-01-01,C02589,P0059,1,35.35,0.2,28.28,1.43,First Class,Bank Transfer
O011173,2024-01-01,C02064,P0135,1,15.68,0.0,15.68,7.11,First Class,PayPal
O007549,2024-01-01,C00648,P0163,1,60.53,0.1,54.48,7.76,First Class,Bank Transfer
O006530,2024-01-01,C01529,P0172,2,16.77,0.3,23.48,-2.84,Same Day,Bank Transfer
O001789,2024-01-01,C01251,P0107,3,97.13,0.1,262.25,73.67,Standard,Debit Card
O003942,2024-01-01,C01738,P0044,1,23.44,0.1,21.1,4.67,Same Day,Bank Transfer
O009575,2024-01-01,C00584,P0007,1,79.56,0.2,63.65,0.02,Second Class,Credit Card
O011814,2024-01-01,C01964,P0097,1,34.55,0.1,31.09,10.32,Second Class,UPI
O000942,2024-01-01,C02663,P0081,1,24.71,0.0,24.71,5.83,Second Class,Credit Card
O004106,2024-01-01,C02130,P0065,1,48.33,0.05,45.91,12.48,Second Class,PayPal
O010527,2024-01-01,C01898,P0074,3,78.81,0.15,200.97,61.53,Second Class,UPI
O007861,2024-01-01,C02221,P0057,1,16.52,0.1,14.87,6.77,Same Day,Debit Card
O000989,2024-01-01,C03435,P0178,1,73.32,0.05,69.65,10.77,First Class,UPI
O003109,2024-01-01,C02583,P0013,1,33.36,0.15,28.36,7.49,Standard,Credit Card
O004055,2024-01-02,C02308,P0120,1,46.47,0.2,37.18,12.3,Same Day,Bank Transfer
O009461,2024-01-02,C02806,P0050,4,9.06,0.1,32.62,14.06,First Class,UPI
O010400,2024-01-02,C01434,P0114,5,141.33,0.2,565.32,215.22,Second Class,Debit Card
O004987,2024-01-02,C00042,P0002,1,26.05,0.0,26.05,7.15,Second Class,Bank Transfer
O001849,2024-01-02,C02598,P0036,1,12.89,0.15,10.96,3.49,Same Day,PayPal
O002309,2024-01-02,C03058,P0070,1,18.74,0.1,16.87,3.81,Same Day,Credit Card
O003766,2024-01-02,C00922,P0047,2,21.13,0.15,35.92,2.84,Standard,Credit Card
O011413,2024-01-02,C02280,P0095,1,22.09,0.15,18.78,5.03,First Class,PayPal
O000411,2024-01-02,C01627,P0140,1,12.81,0.05,12.17,3.05,Standard,PayPal
O005605,2024-01-02,C03468,P0057,1,16.52,0.0,16.52,8.42,Standard,PayPal
O001627,2024-01-02,C00749,P0115,1,25.15,0.1,22.63,7.35,First Class,Credit Card
O007407,2024-01-02,C01597,P0074,2,78.81,0.3,110.33,17.37,Standard,Credit Card
O003221,2024-01-02,C02951,P0039,2,12.02,0.0,24.04,5.42,Second Class,Bank Transfer
O008909,2024-01-02,C01790,P0152,1,35.7,0.2,28.56,1.67,Same Day,UPI
O007908,2024-01-02,C03106,P0053,2,18.36,0.0,36.72,13.28,Same Day,PayPal
O002397,2024-01-02,C00503,P0137,1,17.13,0.15,14.56,5.75,First Class,UPI
O002913,2024-01-02,C00653,P0128,2,19.73,0.0,39.46,11.88,Standard,UPI
O005456,2024-01-02,C03299,P0095,1,22.09,0.0,22.09,8.34,Second Class,Debit Card
O005459,2024-01-03,C01790,P0100,4,24.47,0.15,83.2,32.36,Same Day,Debit Card
O010769,2024-01-03,C01996,P0094,1,23.04,0.2,18.43,2.58,First Class,PayPal
O010266,2024-01-03,C00296,P0164,2,16.72,0.1,30.1,9.18,Same Day,PayPal
O009678,2024-01-03,C02714,P0027,1,13.49,0.0,13.49,4.19,Standard,PayPal
O002195,2024-01-03,C01544,P0052,2,22.19,0.2,35.5,13.66,Second Class,Debit Card
O007356,2024-01-03,C01088,P0147,1,12.76,0.0,12.76,6.12,Same Day,Bank Transfer
O002467,2024-01-03,C01061,P0015,1,9.29,0.1,8.36,0.86,Standard,UPI
O010743,2024-01-03,C01905,P0056,1,52.21,0.0,52.21,16.66,Second Class,Debit Card
O007782,2024-01-03,C02310,P0160,3,43.67,0.15,111.36,13.89,Second Class,Bank Transfer
O007467,2024-01-03,C03124,P0042,2,31.86,0.0,63.72,22.26,First Class,Debit Card
O005841,2024-01-03,C01049,P0027,1,13.49,0.1,12.14,2.84,Standard,UPI
O001041,2024-01-03,C00489,P0020,1,11.38,0.05,10.81,4.12,First Class,PayPal
O003443,2024-01-03,C00508,P0065,1,48.33,0.0,48.33,14.9,Same Day,Bank Transfer
O008111,2024-01-03,C02350,P0111,4,8.19,0.15,27.85,7.69,First Class,Bank Transfer
O000522,2024-01-03,C00671,P0041,2,46.06,0.1,82.91,22.67,First Class,Bank Transfer
O001533,2024-01-03,C01809,P0148,5,12.08,0.05,57.38,14.08,Same Day,Debit Card
O007931,2024-01-03,C00104,P0050,1,9.06,0.15,7.7,3.06,Standard,PayPal
O008997,2024-01-03,C02819,P0009,2,21.01,0.1,37.82,4.58,Standard,PayPal
O001783,2024-01-03,C02012,P0094,1,23.04,0.1,20.74,4.89,Same Day,Bank Transfer
O004030,2024-01-03,C02665,P0119,3,59.91,0.0,179.73,53.22,Second Class,PayPal
O011601,2024-01-03,C01416,P0115,2,25.15,0.0,50.3,19.74,Standard,Bank Transfer
O009556,2024-01-03,C00227,P0056,1,52.21,0.15,44.38,8.83,First Class,PayPal
O008562,2024-01-03,C02978,P0040,3,32.39,0.15,82.59,5.79,Second Class,Bank Transfer
O000200,2024-01-03,C01519,P0113,2,29.64,0.0,59.28,18.02,Standard,PayPal
O005485,2024-01-03,C02789,P0031,2,19.28,0.0,38.56,8.54,Second Class,UPI
O006535,2024-01-03,C01772,P0123,1,70.94,0.0,70.94,36.25,Same Day,Bank Transfer
O008520,2024-01-04,C01280,P0045,1,10.9,0.05,10.36,2.53,Same Day,PayPal
O008730,2024-01-04,C01961,P0029,2,19.29,0.1,34.72,14.36,Same Day,PayPal
O001596,2024-01-04,C01734,P0063,2,13.89,0.1,25.0,4.4,Second Class,Credit Card
O007084,2024-01-04,C03037,P0147,1,12.76,0.0,12.76,6.12,Second Class,Credit Card
O011714,2024-01-04,C00585,P0163,1,60.53,0.15,51.45,4.73,Second Class,Bank Transfer
O011661,2024-01-04,C01518,P0035,1,48.65,0.05,46.22,16.92,First Class,Debit Card
O005750,2024-01-04,C00474,P0113,1,29.64,0.2,23.71,3.08,First Class,UPI
O002818,2024-01-04,C02918,P0153,3,18.32,0.0,54.96,23.31,Same Day,UPI
O002117,2024-01-04,C01699,P0116,3,34.67,0.1,93.61,21.55,First Class,Credit Card
O005974,2024-01-04,C02884,P0045,4,10.9,0.0,43.6,12.28,First Class,Credit Card
O010351,2024-01-04,C00775,P0119,4,59.91,0.05,227.66,58.98,Standard,PayPal
O004483,2024-01-04,C02970,P0030,1,23.58,0.05,22.4,6.93,Second Class,Bank Transfer
O004239,2024-01-04,C00824,P0095,1,22.09,0.1,19.88,6.13,Same Day,Debit Card
O001590,2024-01-04,C00577,P0061,1,20.87,0.05,19.83,8.91,Same Day,Bank Transfer
O008958,2024-01-04,C02954,P0077,1,30.16,0.1,27.14,8.16,Second Class,UPI
O005475,2024-01-04,C00365,P0006,1,24.48,0.15,20.81,7.59,First Class,Debit Card
O004043,2024-01-04,C01084,P0135,1,15.68,0.1,14.11,5.54,Second Class,Bank Transfer
O006140,2024-01-04,C00605,P0131,4,10.4,0.15,35.36,2.08,First Class,PayPal
O000672,2024-01-04,C00252,P0068,2,54.72,0.1,98.5,26.2,Same Day,PayPal
O008491,2024-01-04,C02452,P0106,5,37.06,0.0,185.3,90.2,Standard,Debit Card
O009391,2024-01-04,C03491,P0003,1,43.42,0.15,36.91,11.92,Same Day,Bank Transfer
O005028,2024-01-04,C02139,P0126,1,118.37,0.05,112.45,32.47,Standard,Bank Transfer
O006079,2024-01-05,C00066,P0134,1,38.78,0.0,38.78,8.23,Same Day,UPI
O008286,2024-01-05,C02532,P0020,1,11.38,0.15,9.67,2.98,Second Class,Bank Transfer
O010184,2024-01-05,C01902,P0044,1,23.44,0.3,16.41,-0.02,First Class,UPI
O011881,2024-01-05,C02833,P0025,1,20.01,0.0,20.01,6.53,First Class,UPI
O007775,2024-01-05,C00701,P0046,1,17.85,0.3,12.5,-0.9,First Class,UPI
O010608,2024-01-05,C00991,P0120,1,46.47,0.1,41.82,16.94,Same Day,Debit Card
O001877,2024-01-05,C01340,P0086,2,20.57,0.05,39.08,15.84,Same Day,Debit Card
O007692,2024-01-05,C02931,P0161,2,15.13,0.0,30.26,12.22,Second Class,PayPal
O004950,2024-01-05,C00838,P0003,3,43.42,0.1,117.23,42.26,First Class,Credit Card
O011107,2024-01-05,C02494,P0013,1,33.36,0.0,33.36,12.49,First Class,Credit Card
O011039,2024-01-05,C02822,P0069,2,36.06,0.0,72.12,24.24,Standard,Bank Transfer
O009970,2024-01-05,C02254,P0016,4,19.78,0.1,71.21,10.29,First Class,PayPal
O011381,2024-01-05,C03047,P0106,1,37.06,0.15,31.5,12.48,Second Class,Bank Transfer
O011348,2024-01-05,C00699,P0080,1,7.83,0.0,7.83,1.51,Standard,Bank Transfer
O005474,2024-01-05,C02398,P0088,3,35.29,0.2,84.7,8.17,Same Day,UPI
O002336,2024-01-05,C02909,P0180,1,167.02,0.1,150.32,37.59,Second Class,PayPal
O005890,2024-01-05,C02313,P0141,2,33.04,0.0,66.08,32.76,First Class,UPI
O008650,2024-01-05,C00488,P0135,1,15.68,0.0,15.68,7.11,First Class,Credit Card
O006703,2024-01-05,C01823,P0044,1,23.44,0.15,19.92,3.49,Second Class,Bank Transfer
O006925,2024-01-06,C02971,P0035,4,48.65,0.1,175.14,57.94,First Class,Bank Transfer
O001715,2024-01-06,C00432,P0034,2,14.33,0.3,20.06,-0.54,First Class,Credit Card
O008774,2024-01-06,C03012,P0133,1,14.29,0.0,14.29,2.76,First Class,UPI
O007873,2024-01-06,C03242,P0030,3,23.58,0.05,67.2,20.79,Second Class,PayPal
O010350,2024-01-06,C02352,P0108,2,31.93,0.0,63.86,22.92,First Class,Debit Card
O008807,2024-01-06,C00930,P0155,1,34.48,0.1,31.03,5.68,Standard,Bank Transfer
O006465,2024-01-06,C01464,P0007,1,79.56,0.0,79.56,15.93,First Class,Debit Card
O009800,2024-01-06,C00596,P0098,3,33.77,0.1,91.18,16.45,Standard,Debit Card
O004032,2024-01-06,C00696,P0045,3,10.9,0.0,32.7,9.21,Same Day,UPI
O002248,2024-01-06,C00024,P0047,1,21.13,0.1,19.02,2.48,Standard,UPI
O001816,2024-01-06,C01324,P0062,2,25.26,0.0,50.52,17.3,First Class,Credit Card
O010338,2024-01-06,C00569,P0011,2,21.09,0.0,42.18,21.72,Second Class,Credit Card
O000305,2024-01-06,C02457,P0161,1,15.13,0.1,13.62,4.6,Same Day,UPI
O007381,2024-01-06,C03226,P0129,1,30.41,0.1,27.37,8.04,Same Day,Debit Card
O010703,2024-01-06,C02984,P0091,3,30.36,0.0,91.08,17.79,First Class,PayPal
O010997,2024-01-06,C01704,P0153,1,18.32,0.1,16.49,5.94,Same Day,Credit Card
O000610,2024-01-06,C01570,P0022,1,24.61,0.1,22.15,5.68,Standard,Bank Transfer
O007512,2024-01-07,C00273,P0168,1,97.8,0.0,97.8,20.84,First Class,PayPal
O011350,2024-01-07,C01536,P0130,2,20.55,0.1,36.99,9.63,First Class,Debit Card
O006312,2024-01-07,C00184,P0111,1,8.19,0.15,6.96,1.92,Same Day,Debit Card
O002266,2024-01-07,C00512,P0125,4,41.74,0.2,133.57,0.05,Standard,Credit Card
O000036,2024-01-07,C00959,P0022,2,24.61,0.1,44.3,11.36,Standard,Debit Card
O008126,2024-01-07,C01299,P0009,1,21.01,0.15,17.86,1.24,Same Day,Bank Transfer
O011051,2024-01-07,C02340,P0117,2,27.87,0.05,52.95,16.65,Second Class,Debit Card
O006573,2024-01-07,C03467,P0170,4,17.46,0.1,62.86,9.7,Standard,UPI
O004470,2024-01-07,C02695,P0015,1,9.29,0.1,8.36,0.86,Standard,PayPal
O007797,2024-01-07,C00953,P0024,1,11.29,0.0,11.29,3.2,Same Day,Bank Transfer
O001251,2024-01-07,C00402,P0040,4,32.39,0.0,129.56,27.16,Standard,PayPal
O007310,2024-01-07,C02954,P0120,4,46.47,0.1,167.29,67.77,Same Day,Credit Card
O005285,2024-01-07,C01049,P0052,1,22.19,0.15,18.86,7.94,Standard,Bank Transfer
O002318,2024-01-07,C00275,P0016,3,19.78,0.05,56.37,10.68,Second Class,UPI
O004145,2024-01-07,C01774,P0004,1,76.71,0.1,69.04,31.59,Second Class,UPI
O003035,2024-01-07,C00555,P0108,1,31.93,0.05,30.33,9.86,Same Day,Credit Card
O001836,2024-01-07,C01843,P0029,2,19.29,0.0,38.58,18.22,Same Day,UPI
O008379,2024-01-07,C00215,P0062,1,25.26,0.15,21.47,4.86,First Class,Bank Transfer
O005123,2024-01-08,C00439,P0177,1,28.74,0.15,24.43,7.51,Second Class,Debit Card
O000483,2024-01-08,C03195,P0026,1,30.63,0.05,29.1,13.39,Same Day,UPI
O006614,2024-01-08,C03499,P0032,4,95.01,0.0,380.04,101.92,First Class,Debit Card
O009156,2024-01-08,C02459,P0172,2,16.77,0.0,33.54,7.22,First Class,Bank Transfer
O006768,2024-01-08,C03293,P0033,1,28.25,0.15,24.01,3.76,Second Class,UPI
O008365,2024-01-08,C02126,P0032,1,95.01,0.05,90.26,20.73,First Class,Bank Transfer
O010428,2024-01-08,C01722,P0136,3,78.06,0.05,222.47,104.54,Standard,Bank Transfer
O003218,2024-01-08,C00308,P0144,2,32.14,0.2,51.42,20.06,Standard,PayPal
O008070,2024-01-08,C03092,P0135,1,15.68,0.2,12.54,3.97,Same Day,Bank Transfer
O006015,2024-01-08,C02986,P0117,2,27.87,0.1,50.17,13.87,Second Class,UPI
O005722,2024-01-08,C01303,P0119,1,59.91,0.1,53.92,11.75,Same Day,Credit Card
O008775,2024-01-08,C02583,P0144,4,32.14,0.05,122.13,59.41,Standard,Credit Card
O001137,2024-01-08,C02617,P0012,1,21.06,0.15,17.9,1.14,Standard,UPI
O000060,2024-01-08,C00025,P0034,2,14.33,0.05,27.23,6.63,Second Class,Bank Transfer
O008747,2024-01-08,C00746,P0122,4,15.78,0.2,50.5,6.42,First Class,Bank Transfer
O010365,2024-01-08,C02281,P0160,1,43.67,0.0,43.67,11.18,First Class,UPI
O010719,2024-01-08,C00429,P0144,1,32.14,0.1,28.93,13.25,Second Class,UPI
O011385,2024-01-08,C01500,P0104,3,16.92,0.05,48.22,11.71,First Class,UPI
O004900,2024-01-08,C00286,P0023,1,29.78,0.2,23.82,0.05,Standard,PayPal
O004438,2024-01-09,C01738,P0116,3,34.67,0.15,88.41,16.35,Second Class,Debit Card
O011726,2024-01-09,C02536,P0154,2,33.15,0.0,66.3,30.48,First Class,Credit Card
O009610,2024-01-09,C02732,P0064,2,13.1,0.3,18.34,3.84,First Class,UPI
O006406,2024-01-09,C02456,P0056,1,52.21,0.15,44.38,8.83,First Class,PayPal
O010327,2024-01-09,C02302,P0073,1,27.85,0.15,23.67,5.41,Second Class,PayPal
O002695,2024-01-09,C02723,P0134,2,38.78,0.1,69.8,8.7,Same Day,Debit Card
O004991,2024-01-09,C01392,P0014,3,8.22,0.05,23.43,3.48,Second Class,PayPal
O008141,2024-01-09,C01107,P0080,1,7.83,0.1,7.05,0.73,First Class,PayPal
O008152,2024-01-09,C02085,P0137,1,17.13,0.15,14.56,5.75,First Class,Credit Card
O002293,2024-01-09,C01759,P0160,2,43.67,0.2,69.87,4.89,Standard,PayPal
O011416,2024-01-09,C01377,P0133,1,14.29,0.0,14.29,2.76,First Class,Bank Transfer
O006843,2024-01-09,C00598,P0039,1,12.02,0.1,10.82,1.51,Same Day,PayPal
O003288,2024-01-09,C00063,P0144,4,32.14,0.0,128.56,65.84,Standard,PayPal
O005631,2024-01-09,C02217,P0128,2,19.73,0.1,35.51,7.93,Same Day,Debit Card
O003379,2024-01-09,C03268,P0116,1,34.67,0.05,32.94,8.92,Same Day,Debit Card
O002564,2024-01-09,C03140,P0175,3,34.12,0.0,102.36,21.72,First Class,PayPal
O003927,2024-01-09,C02303,P0168,1,97.8,0.15,83.13,6.17,Second Class,PayPal
O005090,2024-01-09,C00302,P0089,1,20.2,0.15,17.17,2.94,Same Day,Debit Card
O000392,2024-01-09,C00887,P0114,3,141.33,0.15,360.39,150.33,First Class,Credit Card
O002203,2024-01-09,C00101,P0054,2,42.42,0.05,80.6,24.22,First Class,PayPal
O000067,2024-01-09,C03401,P0141,2,33.04,0.1,59.47,26.15,Standard,Credit Card
O011144,2024-01-09,C00151,P0093,1,18.06,0.15,15.35,3.28,Same Day,Bank Transfer
O011390,2024-01-09,C03407,P0021,1,73.9,0.0,73.9,34.17,Second Class,Debit Card
O005507,2024-01-10,C03393,P0032,4,95.01,0.05,361.04,82.92,First Class,PayPal
O005386,2024-01-10,C01910,P0015,1,9.29,0.0,9.29,1.79,First Class,Debit Card
O004214,2024-01-10,C01372,P0084,2,20.35,0.05,38.66,16.72,Standard,PayPal
O002105,2024-01-10,C00332,P0030,2,23.58,0.15,40.09,9.15,Second Class,Credit Card
O004613,2024-01-10,C03278,P0047,2,21.13,0.05,40.15,7.07,Second Class,PayPal
O011528,2024-01-10,C02073,P0123,5,70.94,0.1,319.23,145.78,Standard,Bank Transfer
O001211,2024-01-10,C03068,P0127,3,14.97,0.0,44.91,17.43,First Class,UPI
O008465,2024-01-10,C01155,P0004,2,76.71,0.15,130.41,55.51,First Class,PayPal
O007535,2024-01-10,C00067,P0115,2,25.15,0.0,50.3,19.74,Same Day,PayPal
O006329,2024-01-10,C00926,P0102,3,21.68,0.1,58.54,26.41,Standard,Credit Card
O005445,2024-01-10,C01129,P0103,1,22.81,0.05,21.67,4.09,Same Day,Credit Card
O005953,2024-01-10,C00926,P0155,1,34.48,0.0,34.48,9.13,Same Day,Bank Transfer
O001998,2024-01-10,C00348,P0072,3,77.46,0.0,232.38,43.74,Same Day,Credit Card
O010596,2024-01-10,C03032,P0036,2,12.89,0.3,18.05,3.11,First Class,Credit Card
O003557,2024-01-10,C01714,P0124,1,11.46,0.1,10.31,2.53,Standard,Credit Card
O006081,2024-01-10,C02512,P0177,3,28.74,0.05,81.91,31.15,Same Day,Bank Transfer
O002059,2024-01-11,C02238,P0047,1,21.13,0.1,19.02,2.48,Standard,Bank Transfer
O004285,2024-01-11,C02170,P0062,2,25.26,0.0,50.52,17.3,Second Class,Debit Card
O006724,2024-01-11,C00361,P0176,2,48.8,0.05,92.72,42.84,Same Day,Debit Card
O003407,2024-01-11,C03392,P0030,1,23.58,0.3,16.51,1.04,Standard,UPI
O002431,2024-01-11,C01643,P0173,1,27.11,0.2,21.69,5.09,Same Day,UPI
O003583,2024-01-11,C02141,P0124,1,11.46,0.15,9.74,1.96,Second Class,Bank Transfer
O004292,2024-01-11,C01586,P0110,1,27.16,0.1,24.44,7.4,Second Class,Credit Card
O010105,2024-01-11,C02875,P0049,4,35.64,0.15,121.18,34.54,Same Day,UPI
O004841,2024-01-11,C03204,P0128,1,19.73,0.05,18.74,4.95,First Class,Credit Card
O006544,2024-01-11,C01569,P0067,1,27.2,0.1,24.48,10.95,First Class,Bank Transfer
O003567,2024-01-11,C02781,P0113,2,29.64,0.15,50.39,9.13,First Class,Credit Card
O006265,2024-01-11,C02411,P0005,1,24.48,0.1,22.03,4.91,Same Day,Debit Card
O006107,2024-01-11,C00525,P0122,1,15.78,0.0,15.78,4.76,Same Day,UPI
O007690,2024-01-11,C02916,P0039,1,12.02,0.05,11.42,2.11,First Class,Debit Card
O008266,2024-01-11,C00132,P0121,1,47.66,0.1,42.89,18.87,Same Day,UPI
O005228,2024-01-11,C01970,P0081,1,24.71,0.05,23.47,4.59,First Class,Bank Transfer
O006954,2024-01-11,C02781,P0147,1,12.76,0.05,12.12,5.48,Same Day,PayPal
O003789,2024-01-11,C01155,P0042,1,31.86,0.1,28.67,7.94,Second Class,Credit Card
O008157,2024-01-12,C02167,P0156,1,17.92,0.05,17.02,3.5,Second Class,UPI
O007630,2024-01-12,C00831,P0156,3,17.92,0.1,48.38,7.82,First Class,PayPal
O010019,2024-01-12,C00858,P0009,1,21.01,0.05,19.96,3.34,Same Day,Credit Card
O001554,2024-01-12,C00507,P0081,1,24.71,0.0,24.71,5.83,Standard,Bank Transfer
O005696,2024-01-12,C00974,P0159,1,13.14,0.1,11.83,3.86,Second Class,Bank Transfer
O007059,2024-01-12,C03165,P0175,1,34.12,0.0,34.12,7.24,First Class,Credit Card
O000816,2024-01-12,C02012,P0105,1,25.67,0.1,23.1,6.64,Standard,PayPal
O006874,2024-01-12,C01962,P0033,4,28.25,0.05,107.35,26.35,First Class,Credit Card
O007742,2024-01-12,C01470,P0009,1,21.01,0.05,19.96,3.34,Standard,UPI
O011795,2024-01-12,C02957,P0004,2,76.71,0.05,145.75,70.85,Second Class,PayPal
O006441,2024-01-12,C02363,P0116,1,34.67,0.1,31.2,7.18,First Class,UPI
O002208,2024-01-12,C00760,P0090,1,39.79,0.1,35.81,12.92,Standard,Bank Transfer
O007515,2024-01-12,C01100,P0049,1,35.64,0.2,28.51,6.85,Same Day,PayPal
O007166,2024-01-12,C02411,P0162,1,47.54,0.0,47.54,9.68,Second Class,PayPal
O000925,2024-01-12,C02775,P0158,1,38.78,0.05,36.84,12.79,First Class,Debit Card
O004797,2024-01-12,C01700,P0037,3,32.65,0.05,93.05,19.07,First Class,UPI
O007934,2024-01-12,C01400,P0113,1,29.64,0.2,23.71,3.08,Standard,PayPal
O007937,2024-01-13,C01583,P0060,1,53.74,0.1,48.37,15.99,Standard,UPI
O009691,2024-01-13,C02152,P0138,1,23.12,0.15,19.65,8.41,Second Class,UPI
O005558,2024-01-13,C01659,P0133,1,14.29,0.15,12.15,0.62,Second Class,UPI
O007976,2024-01-13,C00865,P0150,2,34.57,0.15,58.77,4.95,First Class,UPI
O006976,2024-01-13,C00692,P0165,4,53.31,0.15,181.25,24.45,Second Class,Debit Card
O005092,2024-01-13,C01777,P0040,3,32.39,0.2,77.74,0.94,Second Class,Credit Card
O003784,2024-01-13,C03256,P0031,1,19.28,0.0,19.28,4.27,Same Day,Bank Transfer
O007667,2024-01-13,C00392,P0165,3,53.31,0.15,135.94,18.34,Same Day,Bank Transfer
O011234,2024-01-13,C01510,P0177,2,28.74,0.1,51.73,17.89,Standard,Debit Card
O011096,2024-01-13,C01214,P0119,1,59.91,0.1,53.92,11.75,First Class,Credit Card
O008854,2024-01-13,C01386,P0058,3,23.31,0.1,62.94,28.5,Standard,UPI
O005202,2024-01-13,C02997,P0025,1,20.01,0.1,18.01,4.53,Second Class,Debit Card
O001371,2024-01-13,C00423,P0128,3,19.73,0.1,53.27,11.9,Standard,Credit Card
O005242,2024-01-13,C02056,P0021,4,73.9,0.0,295.6,136.68,Same Day,Credit Card
O008255,2024-01-13,C01180,P0009,5,21.01,0.0,105.05,21.95,First Class,UPI
O002112,2024-01-13,C01697,P0084,2,20.35,0.05,38.66,16.72,Standard,Debit Card
O001398,2024-01-13,C02157,P0115,2,25.15,0.05,47.78,17.22,First Class,PayPal
O004827,2024-01-13,C02965,P0159,1,13.14,0.05,12.48,4.51,Same Day,Bank Transfer
O007083,2024-01-13,C01650,P0177,1,28.74,0.3,20.12,3.2,First Class,PayPal
O000369,2024-01-14,C03069,P0094,2,23.04,0.15,39.17,7.47,Same Day,PayPal
O011500,2024-01-14,C00031,P0107,2,97.13,0.15,165.12,39.4,Second Class,UPI
O008114,2024-01-14,C01626,P0179,2,24.0,0.05,45.6,7.04,Second Class,PayPal
O002435,2024-01-14,C03041,P0066,1,68.82,0.15,58.5,23.47,Same Day,Bank Transfer
O000547,2024-01-14,C03281,P0010,4,40.56,0.15,137.9,39.62,Standard,Bank Transfer
O002161,2024-01-14,C00055,P0090,1,39.79,0.2,31.83,8.94,First Class,Debit Card
O005918,2024-01-14,C03476,P0129,1,30.41,0.1,27.37,8.04,Same Day,PayPal
O008878,2024-01-14,C01271,P0166,3,37.27,0.15,95.04,12.69,Second Class,Bank Transfer
O010386,2024-01-14,C01243,P0118,1,13.33,0.0,13.33,3.05,First Class,Debit Card
O011645,2024-01-14,C01515,P0113,2,29.64,0.2,47.42,6.16,Same Day,UPI
O004346,2024-01-14,C02402,P0099,2,28.6,0.05,54.34,26.6,Same Day,Debit Card
O006862,2024-01-14,C00791,P0110,5,27.16,0.15,115.43,30.23,First Class,UPI
O011911,2024-01-14,C01577,P0057,1,16.52,0.15,14.04,5.94,Second Class,Bank Transfer
O010797,2024-01-14,C02887,P0022,1,24.61,0.0,24.61,8.14,First Class,Bank Transfer
O006875,2024-01-14,C00791,P0127,1,14.97,0.1,13.47,4.31,Standard,Debit Card
O011943,2024-01-14,C03282,P0160,2,43.67,0.15,74.24,9.26,Second Class,Bank Transfer
O007817,2024-01-14,C02748,P0042,1,31.86,0.15,27.08,6.35,Same Day,UPI
O001616,2024-01-14,C00261,P0056,1,52.21,0.1,46.99,11.44,Standard,Debit Card
O009393,2024-01-14,C02306,P0145,2,33.75,0.1,60.75,9.65,Second Class,Bank Transfer
O009205,2024-01-14,C02737,P0122,1,15.78,0.2,12.62,1.6,Same Day,UPI
O002717,2024-01-14,C02001,P0079,3,30.25,0.0,90.75,46.41,First Class,Debit Card
O001271,2024-01-14,C02512,P0147,1,12.76,0.1,11.48,4.84,Same Day,PayPal
O003047,2024-01-14,C03208,P0010,2,40.56,0.2,64.9,15.76,Standard,Credit Card
O008613,2024-01-15,C00868,P0006,1,24.48,0.2,19.58,6.36,Standard,Debit Card
O002949,2024-01-15,C00998,P0097,1,34.55,0.0,34.55,13.78,Second Class,Credit Card
O001168,2024-01-15,C00578,P0013,3,33.36,0.15,85.07,22.46,Standard,Bank Transfer
O004758,2024-01-15,C02814,P0097,2,34.55,0.1,62.19,20.65,Second Class,Credit Card
O010510,2024-01-15,C00173,P0178,1,73.32,0.1,65.99,7.11,Second Class,Credit Card
O008890,2024-01-15,C01307,P0136,1,78.06,0.0,78.06,38.75,Standard,UPI
O004342,2024-01-15,C02454,P0169,1,24.3,0.05,23.09,7.25,First Class,Bank Transfer
O005086,2024-01-15,C00380,P0011,1,21.09,0.15,17.93,7.7,Same Day,Debit Card
O002256,2024-01-15,C02299,P0059,1,35.35,0.05,33.58,6.73,Standard,Debit Card
O006416,2024-01-15,C03021,P0097,2,34.55,0.05,65.64,24.1,Same Day,UPI
O008565,2024-01-15,C02508,P0034,2,14.33,0.05,27.23,6.63,Standard,Bank Transfer
O005177,2024-01-15,C03499,P0133,4,14.29,0.1,51.44,5.32,Same Day,Debit Card
O009612,2024-01-15,C00951,P0008,1,46.94,0.2,37.55,-0.21,First Class,Debit Card
O002522,2024-01-15,C00552,P0049,2,35.64,0.0,71.28,27.96,Standard,PayPal
O005453,2024-01-15,C00394,P0112,2,28.02,0.1,50.44,11.8,Standard,PayPal
O010542,2024-01-16,C03165,P0126,1,118.37,0.3,82.86,2.88,Second Class,Bank Transfer
O006655,2024-01-16,C00871,P0043,1,26.44,0.0,26.44,6.57,Standard,PayPal
O009654,2024-01-16,C02065,P0157,4,95.85,0.1,345.06,31.9,Standard,Credit Card
O001662,2024-01-16,C00309,P0173,1,27.11,0.0,27.11,10.51,Same Day,PayPal
O006019,2024-01-16,C00718,P0025,1,20.01,0.0,20.01,6.53,Second Class,Bank Transfer
O001253,2024-01-16,C01258,P0144,2,32.14,0.2,51.42,20.06,Same Day,UPI
O001876,2024-01-16,C00651,P0175,2,34.12,0.2,54.59,0.83,Standard,Bank Transfer
O002238,2024-01-16,C01593,P0161,1,15.13,0.1,13.62,4.6,First Class,PayPal
O001529,2024-01-16,C02008,P0022,2,24.61,0.0,49.22,16.28,First Class,Debit Card
O006027,2024-01-16,C00938,P0089,1,20.2,0.1,18.18,3.95,Standard,Debit Card
O003117,2024-01-16,C00797,P0023,1,29.78,0.2,23.82,0.05,Second Class,UPI
O010636,2024-01-16,C00533,P0017,3,14.76,0.1,39.85,14.17,Standard,Debit Card
O005303,2024-01-16,C02322,P0023,1,29.78,0.0,29.78,6.01,First Class,PayPal
O001711,2024-01-16,C02035,P0018,1,34.96,0.05,33.21,11.85,Second Class,Credit Card
O006113,2024-01-16,C02116,P0045,1,10.9,0.15,9.27,1.44,Same Day,PayPal
O001641,2024-01-16,C00517,P0075,1,5.19,0.2,4.15,0.26,Same Day,Credit Card
O005782,2024-01-16,C00096,P0011,1,21.09,0.0,21.09,10.86,Standard,PayPal
O001438,2024-01-16,C01392,P0131,1,10.4,0.15,8.84,0.52,First Class,PayPal
O006955,2024-01-16,C02345,P0053,3,18.36,0.1,49.57,14.41,Second Class,PayPal
O007480,2024-01-16,C03357,P0033,4,28.25,0.1,101.7,20.7,First Class,Credit Card
O007285,2024-01-16,C01815,P0164,1,16.72,0.0,16.72,6.26,Standard,UPI
O000741,2024-01-16,C01929,P0031,3,19.28,0.1,52.06,7.03,First Class,Debit Card
O001534,2024-01-17,C01382,P0035,1,48.65,0.1,43.78,14.48,Standard,Debit Card
O009490,2024-01-17,C00129,P0129,2,30.41,0.0,60.82,22.16,First Class,Debit Card
O003620,2024-01-17,C02204,P0040,1,32.39,0.05,30.77,5.17,Same Day,Debit Card
O010179,2024-01-17,C00224,P0076,1,48.63,0.15,41.34,13.52,Second Class,Bank Transfer
O003559,2024-01-17,C02642,P0111,1,8.19,0.3,5.73,0.69,First Class,Credit Card
O008273,2024-01-17,C00429,P0160,1,43.67,0.1,39.3,6.81,Second Class,Debit Card
O005590,2024-01-17,C02554,P0006,1,24.48,0.3,17.14,3.92,Second Class,Debit Card
O007219,2024-01-17,C01589,P0151,1,33.54,0.0,33.54,9.06,Second Class,Credit Card
O011472,2024-01-17,C00578,P0030,1,23.58,0.1,21.22,5.75,First Class,Credit Card
O006230,2024-01-17,C01048,P0152,2,35.7,0.0,71.4,17.62,Second Class,Credit Card
O011939,2024-01-17,C00571,P0029,3,19.29,0.15,49.19,18.65,Standard,UPI
O008649,2024-01-17,C01546,P0097,1,34.55,0.0,34.55,13.78,Second Class,Credit Card
O007573,2024-01-17,C00113,P0120,1,46.47,0.15,39.5,14.62,Second Class,Bank Transfer
O008223,2024-01-17,C01620,P0070,3,18.74,0.0,56.22,17.04,Standard,PayPal
O007102,2024-01-17,C01470,P0029,1,19.29,0.2,15.43,5.25,Same Day,Debit Card
O008120,2024-01-17,C03258,P0046,2,17.85,0.0,35.7,8.9,Standard,Debit Card
O005819,2024-01-18,C03291,P0025,1,20.01,0.2,16.01,2.53,Standard,Bank Transfer
O009119,2024-01-18,C02139,P0020,1,11.38,0.15,9.67,2.98,Second Class,Bank Transfer
O004362,2024-01-18,C02881,P0162,1,47.54,0.05,45.16,7.3,Second Class,UPI
O001592,2024-01-18,C00887,P0163,3,60.53,0.0,181.59,41.43,Standard,PayPal
O003350,2024-01-18,C01073,P0145,1,33.75,0.0,33.75,8.2,Standard,Debit Card
O007485,2024-01-18,C03015,P0008,4,46.94,0.0,187.76,36.72,Second Class,Debit Card
O011901,2024-01-18,C01250,P0019,2,15.8,0.1,28.44,4.12,Same Day,Debit Card
O003980,2024-01-18,C01432,P0077,1,30.16,0.05,28.65,9.67,Same Day,Bank Transfer
O003829,2024-01-18,C00221,P0129,2,30.41,0.0,60.82,22.16,First Class,Credit Card
O004180,2024-01-18,C01550,P0071,5,36.05,0.1,162.22,31.22,First Class,Credit Card
O006142,2024-01-18,C01175,P0178,1,73.32,0.0,73.32,14.44,Standard,UPI
O011473,2024-01-18,C02615,P0079,1,30.25,0.1,27.23,12.45,First Class,Bank Transfer
O011617,2024-01-18,C03327,P0076,1,48.63,0.05,46.2,18.38,First Class,Debit Card
O008927,2024-01-18,C01599,P0122,2,15.78,0.2,25.25,3.21,Second Class,Credit Card
O000590,2024-01-18,C02377,P0021,1,73.9,0.05,70.2,30.47,First Class,Bank Transfer
O000492,2024-01-18,C00114,P0159,1,13.14,0.0,13.14,5.17,Second Class,Credit Card
O005630,2024-01-18,C03256,P0070,2,18.74,0.1,33.73,7.61,Standard,Bank Transfer
O000421,2024-01-18,C00107,P0042,2,31.86,0.05,60.53,19.07,Standard,Debit Card
O004689,2024-01-18,C00360,P0169,2,24.3,0.1,43.74,12.06,First Class,Bank Transfer
O000402,2024-01-18,C01155,P0140,1,12.81,0.1,11.53,2.41,Standard,UPI
O007716,2024-01-18,C01360,P0126,4,118.37,0.05,449.81,129.89,Same Day,Debit Card
O000267,2024-01-18,C03423,P0159,2,13.14,0.05,24.97,9.03,Second Class,Credit Card
O002990,2024-01-18,C01834,P0159,2,13.14,0.1,23.65,7.71,Same Day,Debit Card
O008815,2024-01-18,C00669,P0067,1,27.2,0.1,24.48,10.95,Second Class,Bank Transfer
O005313,2024-01-18,C03138,P0072,4,77.46,0.0,309.84,58.32,First Class,PayPal
O010446,2024-01-18,C00544,P0006,2,24.48,0.05,46.51,20.07,First Class,UPI
O003092,2024-01-18,C01520,P0166,2,37.27,0.1,67.09,12.19,Second Class,PayPal
O001792,2024-01-19,C03362,P0006,3,24.48,0.0,73.44,33.78,Standard,Bank Transfer
O011905,2024-01-19,C01129,P0163,1,60.53,0.1,54.48,7.76,First Class,Credit Card
O003775,2024-01-19,C03027,P0106,1,37.06,0.05,35.21,16.19,Standard,Debit Card
O007944,2024-01-19,C01402,P0169,1,24.3,0.1,21.87,6.03,Same Day,PayPal
O005654,2024-01-19,C00516,P0145,1,33.75,0.1,30.38,4.83,Second Class,PayPal
O005865,2024-01-19,C00576,P0042,1,31.86,0.0,31.86,11.13,Second Class,Credit Card
O008064,2024-01-19,C01030,P0064,1,13.1,0.1,11.79,4.54,Second Class,Credit Card
O006819,2024-01-19,C00591,P0095,1,22.09,0.1,19.88,6.13,Same Day,PayPal
O008548,2024-01-19,C02658,P0047,2,21.13,0.15,35.92,2.84,First Class,UPI
O005553,2024-01-19,C00762,P0129,1,30.41,0.1,27.37,8.04,Same Day,PayPal
O003111,2024-01-19,C02746,P0119,1,59.91,0.0,59.91,17.74,Standard,Debit Card
O002755,2024-01-19,C00243,P0148,1,12.08,0.1,10.87,2.21,Standard,Debit Card
O004308,2024-01-19,C02821,P0102,1,21.68,0.0,21.68,10.97,Same Day,Debit Card
O005462,2024-01-19,C02835,P0069,1,36.06,0.3,25.24,1.3,Same Day,UPI
O007338,2024-01-20,C03436,P0126,1,118.37,0.05,112.45,32.47,Same Day,UPI
O002163,2024-01-20,C03096,P0091,2,30.36,0.2,48.58,-0.28,Standard,Bank Transfer
O007448,2024-01-20,C03274,P0102,1,21.68,0.1,19.51,8.8,Same Day,PayPal
O006432,2024-01-20,C01589,P0058,1,23.31,0.3,16.32,4.84,First Class,UPI
O006902,2024-01-20,C00780,P0166,2,37.27,0.15,63.36,8.46,First Class,Bank Transfer
O002024,2024-01-20,C00664,P0054,2,42.42,0.05,80.6,24.22,First Class,Bank Transfer
O009979,2024-01-20,C02732,P0132,2,29.8,0.2,47.68,11.24,Same Day,Debit Card
O003490,2024-01-20,C00951,P0031,1,19.28,0.05,18.32,3.31,First Class,Debit Card
O000633,2024-01-20,C01183,P0006,1,24.48,0.1,22.03,8.81,Same Day,PayPal
O009729,2024-01-20,C00823,P0071,2,36.05,0.0,72.1,19.7,First Class,Debit Card
O006189,2024-01-20,C01107,P0044,3,23.44,0.1,63.29,14.0,First Class,Debit Card
O008900,2024-01-20,C01173,P0037,1,32.65,0.3,22.85,-1.81,Second Class,Debit Card
O009706,2024-01-20,C02545,P0138,2,23.12,0.0,46.24,23.76,Standard,Credit Card
O007527,2024-01-20,C03143,P0007,1,79.56,0.1,71.6,7.97,First Class,UPI
O004381,2024-01-20,C01835,P0093,1,18.06,0.1,16.25,4.18,Standard,UPI
O004132,2024-01-21,C02005,P0120,3,46.47,0.0,139.41,64.77,Same Day,PayPal
O010666,2024-01-21,C01711,P0069,1,36.06,0.1,32.45,8.51,First Class,UPI
O004020,2024-01-21,C01020,P0180,2,167.02,0.0,334.04,108.58,First Class,PayPal
O004834,2024-01-21,C03391,P0139,1,48.37,0.0,48.37,23.6,Same Day,Debit Card
O000186,2024-01-21,C03284,P0115,1,25.15,0.3,17.6,2.32,Second Class,UPI
O006054,2024-01-21,C02293,P0013,1,33.36,0.15,28.36,7.49,Second Class,Credit Card
O011947,2024-01-21,C03043,P0097,2,34.55,0.2,55.28,13.74,First Class,Debit Card
O001605,2024-01-21,C00753,P0017,1,14.76,0.1,13.28,4.72,Same Day,Credit Card
O008823,2024-01-21,C00763,P0060,2,53.74,0.0,107.48,42.72,Same Day,Bank Transfer
O000657,2024-01-21,C02489,P0033,1,28.25,0.15,24.01,3.76,Same Day,Debit Card
O007176,2024-01-21,C00675,P0143,1,10.03,0.15,8.53,0.83,First Class,Credit Card
O005127,2024-01-21,C00470,P0098,1,33.77,0.0,33.77,8.86,Second Class,Debit Card
O007024,2024-01-21,C00207,P0046,3,17.85,0.2,42.84,2.64,First Class,Debit Card
O010577,2024-01-21,C02891,P0114,1,141.33,0.05,134.26,64.24,Second Class,PayPal
O006929,2024-01-22,C00851,P0044,1,23.44,0.0,23.44,7.01,Same Day,Bank Transfer
O004825,2024-01-22,C02806,P0077,5,30.16,0.05,143.26,48.36,Same Day,Debit Card
O007971,2024-01-22,C01442,P0159,2,13.14,0.0,26.28,10.34,Second Class,Debit Card
O002194,2024-01-22,C01311,P0131,4,10.4,0.0,41.6,8.32,First Class,UPI
O005461,2024-01-22,C00504,P0035,1,48.65,0.05,46.22,16.92,First Class,PayPal
O011608,2024-01-22,C01967,P0087,1,51.68,0.05,49.1,14.64,Second Class,UPI
O008004,2024-01-22,C02625,P0018,2,34.96,0.1,62.93,20.21,Standard,PayPal
O003748,2024-01-22,C00283,P0126,2,118.37,0.2,189.39,29.43,Second Class,PayPal
O010522,2024-01-22,C00883,P0011,1,21.09,0.1,18.98,8.75,Second Class,UPI
O004026,2024-01-22,C03332,P0020,1,11.38,0.05,10.81,4.12,Same Day,Bank Transfer
O005053,2024-01-22,C02388,P0140,2,12.81,0.0,25.62,7.38,Standard,UPI
O011502,2024-01-22,C00348,P0048,3,56.66,0.1,152.98,51.85,Second Class,UPI
O003787,2024-01-22,C03022,P0103,1,22.81,0.1,20.53,2.95,Same Day,Bank Transfer
O001698,2024-01-23,C03140,P0171,1,15.99,0.0,15.99,6.57,Same Day,UPI
O009300,2024-01-23,C01914,P0108,2,31.93,0.1,57.47,16.53,Same Day,Bank Transfer
O007253,2024-01-23,C00053,P0105,2,25.67,0.0,51.34,18.42,First Class,PayPal
O011022,2024-01-23,C00769,P0052,1,22.19,0.15,18.86,7.94,Same Day,Debit Card
O001002,2024-01-23,C00281,P0019,1,15.8,0.05,15.01,2.85,Standard,UPI
O010746,2024-01-23,C02893,P0105,2,25.67,0.15,43.64,10.72,Same Day,UPI
O010991,2024-01-23,C01858,P0159,1,13.14,0.1,11.83,3.86,Second Class,Debit Card
O000967,2024-01-23,C00221,P0077,4,30.16,0.15,102.54,26.62,Standard,PayPal
O006540,2024-01-23,C02472,P0134,1,38.78,0.0,38.78,8.23,Second Class,UPI
O002692,2024-01-23,C01042,P0002,3,26.05,0.1,70.34,13.64,Standard,PayPal
O010891,2024-01-23,C00830,P0138,2,23.12,0.0,46.24,23.76,Second Class,Credit Card
O003569,2024-01-23,C00916,P0015,2,9.29,0.1,16.72,1.72,Same Day,Debit Card
O000788,2024-01-23,C01957,P0174,2,35.58,0.15,60.49,26.07,Same Day,UPI
O007202,2024-01-23,C03176,P0180,1,167.02,0.05,158.67,45.94,Second Class,PayPal
O005014,2024-01-23,C00815,P0137,1,17.13,0.1,15.42,6.61,Same Day,Credit Card
O004237,2024-01-23,C01478,P0127,1,14.97,0.05,14.22,5.06,First Class,Debit Card
O000467,2024-01-23,C02172,P0164,4,16.72,0.1,60.19,18.35,Standard,Debit Card
O008439,2024-01-23,C02608,P0133,1,14.29,0.0,14.29,2.76,First Class,Credit Card
O005521,2024-01-24,C02698,P0105,1,25.67,0.1,23.1,6.64,First Class,Bank Transfer
O011577,2024-01-24,C00572,P0007,1,79.56,0.1,71.6,7.97,Standard,Bank Transfer
O005486,2024-01-24,C02782,P0070,2,18.74,0.15,31.86,5.74,First Class,PayPal
O009960,2024-01-24,C02103,P0049,1,35.64,0.0,35.64,13.98,Same Day,PayPal
O005861,2024-01-24,C00108,P0048,4,56.66,0.0,226.64,91.8,Same Day,UPI
O005966,2024-01-24,C01229,P0113,1,29.64,0.15,25.19,4.56,Standard,Bank Transfer
O005100,2024-01-24,C03123,P0076,1,48.63,0.0,48.63,20.81,Standard,PayPal
O000285,2024-01-24,C02700,P0014,1,8.22,0.0,8.22,1.57,Second Class,Bank Transfer
O010483,2024-01-24,C00597,P0164,1,16.72,0.0,16.72,6.26,Second Class,Debit Card
O001693,2024-01-24,C01451,P0117,2,27.87,0.2,44.59,8.29,Second Class,PayPal
O009026,2024-01-24,C00869,P0159,3,13.14,0.1,35.48,11.57,Standard,Bank Transfer
O010329,2024-01-24,C00305,P0008,3,46.94,0.0,140.82,27.54,Standard,Credit Card
O006528,2024-01-24,C00691,P0065,1,48.33,0.2,38.66,5.23,Standard,Debit Card
O008171,2024-01-24,C00550,P0097,3,34.55,0.15,88.1,25.79,Same Day,Debit Card
O009117,2024-01-24,C03390,P0114,2,141.33,0.3,197.86,57.82,Standard,PayPal
O002486,2024-01-24,C01535,P0050,1,9.06,0.2,7.25,2.61,Same Day,UPI
O000384,2024-01-24,C03264,P0043,1,26.44,0.1,23.8,3.93,Second Class,UPI
O003251,2024-01-24,C00640,P0050,1,9.06,0.0,9.06,4.42,Second Class,PayPal
O004798,2024-01-24,C03211,P0081,2,24.71,0.0,49.42,11.66,Same Day,Debit Card
O004220,2024-01-24,C02087,P0085,2,16.85,0.0,33.7,15.74,Second Class,Debit Card
O011131,2024-01-24,C00224,P0039,3,12.02,0.0,36.06,8.13,Second Class,Credit Card
O005322,2024-01-24,C02023,P0147,1,12.76,0.1,11.48,4.84,Standard,Bank Transfer
O011922,2024-01-24,C01949,P0056,1,52.21,0.05,49.6,14.05,Standard,Credit Card
O005669,2024-01-25,C02231,P0127,1,14.97,0.15,12.72,3.56,Standard,Bank Transfer
O007953,2024-01-25,C01949,P0117,3,27.87,0.15,71.07,16.62,Second Class,Credit Card
O010448,2024-01-25,C01238,P0055,1,55.71,0.1,50.14,17.97,First Class,PayPal
O011621,2024-01-25,C01495,P0116,1,34.67,0.0,34.67,10.65,First Class,PayPal
O000293,2024-01-25,C03013,P0105,1,25.67,0.1,23.1,6.64,First Class,Debit Card
O000079,2024-01-25,C00739,P0056,1,52.21,0.1,46.99,11.44,Standard,Credit Card
O011066,2024-01-25,C02526,P0033,2,28.25,0.05,53.67,13.17,Standard,Bank Transfer
O010853,2024-01-25,C02964,P0120,1,46.47,0.0,46.47,21.59,Standard,Bank Transfer
O003207,2024-01-25,C03423,P0077,2,30.16,0.15,51.27,13.31,First Class,PayPal
O005393,2024-01-25,C03383,P0028,1,36.39,0.05,34.57,4.85,Second Class,Debit Card
O011154,2024-01-25,C03044,P0141,1,33.04,0.0,33.04,16.38,Same Day,UPI
O009363,2024-01-25,C02876,P0048,1,56.66,0.0,56.66,22.95,Second Class,Bank Transfer
O002038,2024-01-25,C02067,P0096,1,11.01,0.0,11.01,4.8,First Class,Debit Card
O007249,2024-01-25,C02493,P0033,1,28.25,0.0,28.25,8.0,First Class,Bank Transfer
O006106,2024-01-25,C01856,P0110,1,27.16,0.05,25.8,8.76,Second Class,UPI
O005342,2024-01-25,C01011,P0162,1,47.54,0.05,45.16,7.3,First Class,Bank Transfer
O011965,2024-01-26,C00600,P0159,1,13.14,0.1,11.83,3.86,Same Day,Debit Card
O002305,2024-01-26,C02893,P0072,1,77.46,0.2,61.97,-0.91,Second Class,Credit Card
O008715,2024-01-26,C03387,P0137,1,17.13,0.0,17.13,8.32,Same Day,Debit Card
O011776,2024-01-26,C01163,P0175,1,34.12,0.2,27.3,0.42,Same Day,Bank Transfer
O005271,2024-01-26,C00214,P0115,1,25.15,0.15,21.38,6.1,First Class,UPI
O010114,2024-01-26,C01624,P0021,2,73.9,0.1,133.02,53.56,Standard,Bank Transfer
O001139,2024-01-26,C01704,P0170,1,17.46,0.0,17.46,4.17,Second Class,Bank Transfer
O000589,2024-01-26,C01019,P0135,1,15.68,0.1,14.11,5.54,Standard,Credit Card
O006428,2024-01-26,C00243,P0177,1,28.74,0.05,27.3,10.38,Standard,UPI
O010491,2024-01-26,C00961,P0094,1,23.04,0.15,19.58,3.73,First Class,PayPal
O002798,2024-01-26,C01472,P0080,1,7.83,0.0,7.83,1.51,Standard,Credit Card
O011697,2024-01-26,C03453,P0116,1,34.67,0.0,34.67,10.65,Standard,Bank Transfer
O011838,2024-01-26,C00499,P0004,5,76.71,0.1,345.19,157.94,Same Day,UPI
O000645,2024-01-26,C00938,P0146,5,47.38,0.1,213.21,76.81,Standard,Debit Card
O009295,2024-01-26,C02143,P0140,2,12.81,0.2,20.5,2.26,Second Class,Bank Transfer
O011844,2024-01-26,C01720,P0085,1,16.85,0.15,14.32,5.34,Second Class,Debit Card
O005716,2024-01-26,C01373,P0130,3,20.55,0.0,61.65,20.61,Same Day,Bank Transfer
O002831,2024-01-26,C01837,P0112,3,28.02,0.1,75.65,17.69,Standard,Bank Transfer
O002839,2024-01-26,C02622,P0159,2,13.14,0.2,21.02,5.08,First Class,PayPal
O009552,2024-01-27,C02857,P0044,2,23.44,0.1,42.19,9.33,Second Class,Debit Card
O000820,2024-01-27,C00015,P0179,2,24.0,0.05,45.6,7.04,First Class,PayPal
O000749,2024-01-27,C02337,P0119,3,59.91,0.0,179.73,53.22,Standard,UPI
O009926,2024-01-27,C00747,P0116,1,34.67,0.2,27.74,3.72,Second Class,Credit Card
O009424,2024-01-27,C02981,P0013,4,33.36,0.1,120.1,36.62,Same Day,Credit Card
O005243,2024-01-27,C02012,P0116,2,34.67,0.0,69.34,21.3,Second Class,UPI
O008385,2024-01-27,C00762,P0044,1,23.44,0.2,18.75,2.32,Standard,Credit Card
O006696,2024-01-27,C00009,P0087,1,51.68,0.15,43.93,9.47,Standard,Bank Transfer
O010324,2024-01-27,C00463,P0025,3,20.01,0.0,60.03,19.59,First Class,Bank Transfer
O000917,2024-01-27,C03260,P0116,3,34.67,0.3,72.81,0.75,Standard,UPI
O006314,2024-01-27,C00354,P0164,1,16.72,0.15,14.21,3.75,Standard,Credit Card
O007865,2024-01-27,C02112,P0002,1,26.05,0.15,22.14,3.24,Standard,Bank Transfer
O000443,2024-01-27,C00682,P0100,2,24.47,0.0,48.94,23.52,First Class,UPI
O010042,2024-01-27,C00913,P0076,2,48.63,0.05,92.4,36.76,Second Class,Credit Card
O007346,2024-01-28,C01505,P0005,3,24.48,0.1,66.1,14.74,Same Day,Debit Card
O011112,2024-01-28,C01029,P0101,1,11.36,0.15,9.66,4.03,First Class,UPI
O000532,2024-01-28,C02339,P0058,2,23.31,0.05,44.29,21.33,Second Class,Bank Transfer
O009505,2024-01-28,C02268,P0108,1,31.93,0.0,31.93,11.46,First Class,UPI
O010685,2024-01-28,C02027,P0038,2,7.97,0.0,15.94,3.9,Same Day,Debit Card
O008281,2024-01-28,C03369,P0008,1,46.94,0.2,37.55,-0.21,First Class,Debit Card
O009716,2024-01-28,C02530,P0176,2,48.8,0.05,92.72,42.84,Same Day,Debit Card
O006205,2024-01-28,C01245,P0021,1,73.9,0.1,66.51,26.78,Second Class,Debit Card
O006616,2024-01-28,C01354,P0079,1,30.25,0.15,25.71,10.93,Second Class,PayPal
O002882,2024-01-28,C00342,P0014,1,8.22,0.1,7.4,0.75,Second Class,Bank Transfer
O009153,2024-01-28,C00100,P0141,2,33.04,0.05,62.78,29.46,First Class,Debit Card
O009041,2024-01-28,C01403,P0176,2,48.8,0.05,92.72,42.84,First Class,Debit Card
O007195,2024-01-28,C03084,P0096,1,11.01,0.3,7.71,1.5,Second Class,Debit Card
O003883,2024-01-28,C03095,P0110,1,27.16,0.15,23.09,6.05,Same Day,Credit Card
O000439,2024-01-28,C02942,P0077,3,30.16,0.05,85.96,29.02,Standard,Credit Card
O010825,2024-01-28,C01430,P0101,1,11.36,0.0,11.36,5.73,Standard,Debit Card
O002854,2024-01-28,C01049,P0036,1,12.89,0.0,12.89,5.42,First Class,Bank Transfer
O006702,2024-01-28,C02490,P0049,3,35.64,0.0,106.92,41.94,First Class,Debit Card
O009755,2024-01-29,C02046,P0008,1,46.94,0.05,44.59,6.83,Same Day,PayPal
O000765,2024-01-29,C02680,P0060,1,53.74,0.1,48.37,15.99,First Class,Bank Transfer
O003421,2024-01-29,C00348,P0051,1,35.19,0.15,29.91,6.1,First Class,UPI
O002650,2024-01-29,C00626,P0153,2,18.32,0.0,36.64,15.54,Second Class,Bank Transfer
O002100,2024-01-29,C01531,P0101,2,11.36,0.05,21.58,10.32,First Class,Credit Card
O010059,2024-01-29,C01528,P0064,2,13.1,0.15,22.27,7.77,Second Class,Debit Card
O001235,2024-01-29,C00879,P0031,1,19.28,0.0,19.28,4.27,First Class,UPI
O005158,2024-01-29,C02245,P0088,1,35.29,0.0,35.29,9.78,Same Day,UPI
O003503,2024-01-29,C01394,P0124,1,11.46,0.2,9.17,1.39,Second Class,Bank Transfer
O009135,2024-01-29,C00392,P0114,1,141.33,0.05,134.26,64.24,Second Class,PayPal
O008518,2024-01-29,C02460,P0123,1,70.94,0.0,70.94,36.25,Same Day,Bank Transfer
O006352,2024-01-29,C01279,P0032,1,95.01,0.2,76.01,6.48,First Class,Bank Transfer
O011295,2024-01-29,C01906,P0158,2,38.78,0.15,65.93,17.83,Same Day,UPI
O005986,2024-01-29,C02105,P0007,5,79.56,0.05,377.91,59.76,Same Day,Credit Card
O003160,2024-01-29,C01264,P0156,2,17.92,0.15,30.46,3.42,Standard,Debit Card
O004281,2024-01-29,C01241,P0079,2,30.25,0.05,57.47,27.91,Second Class,Credit Card
O001021,2024-01-29,C01249,P0047,2,21.13,0.05,40.15,7.07,First Class,Bank Transfer
O004942,2024-01-29,C01347,P0022,2,24.61,0.05,46.76,13.82,Second Class,Debit Card
O000227,2024-01-29,C01656,P0088,4,35.29,0.1,127.04,25.0,Standard,Bank Transfer
O003839,2024-01-29,C03295,P0053,1,18.36,0.1,16.52,4.8,First Class,Credit Card
O002010,2024-01-29,C02529,P0108,1,31.93,0.05,30.33,9.86,Same Day,PayPal
O000138,2024-01-30,C02837,P0035,1,48.65,0.1,43.78,14.48,First Class,Credit Card
O003609,2024-01-30,C02651,P0129,5,30.41,0.0,152.05,55.4,Standard,Bank Transfer
O010893,2024-01-30,C00315,P0104,4,16.92,0.0,67.68,19.0,Second Class,UPI
O010443,2024-01-30,C00681,P0093,3,18.06,0.1,48.76,12.55,Standard,PayPal
O010630,2024-01-30,C01629,P0025,1,20.01,0.1,18.01,4.53,Same Day,Credit Card
O009435,2024-01-30,C00638,P0095,1,22.09,0.1,19.88,6.13,Second Class,Bank Transfer
O001186,2024-01-30,C00033,P0049,1,35.64,0.1,32.08,10.42,First Class,PayPal
O001177,2024-01-30,C01250,P0037,2,32.65,0.1,58.77,9.45,First Class,Bank Transfer
O004677,2024-01-30,C01596,P0021,2,73.9,0.05,140.41,60.95,First Class,Credit Card
O009958,2024-01-30,C01278,P0032,1,95.01,0.1,85.51,15.98,Standard,Debit Card
O011751,2024-01-30,C00417,P0044,1,23.44,0.2,18.75,2.32,Same Day,UPI
O002505,2024-01-30,C00968,P0105,1,25.67,0.1,23.1,6.64,First Class,Bank Transfer
O008167,2024-01-30,C01166,P0036,2,12.89,0.15,21.91,6.97,First Class,Credit Card
O005691,2024-01-31,C03217,P0169,2,24.3,0.0,48.6,16.92,Second Class,UPI
O006411,2024-01-31,C01527,P0069,1,36.06,0.0,36.06,12.12,First Class,PayPal
O010417,2024-01-31,C03301,P0022,1,24.61,0.0,24.61,8.14,Same Day,Bank Transfer
O004447,2024-01-31,C00961,P0145,2,33.75,0.0,67.5,16.4,Standard,Credit Card
O001544,2024-01-31,C02665,P0073,1,27.85,0.1,25.07,6.81,First Class,Bank Transfer
O011846,2024-01-31,C00042,P0180,1,167.02,0.1,150.32,37.59,First Class,UPI
O007691,2024-01-31,C02486,P0146,2,47.38,0.15,80.55,25.99,Same Day,PayPal
O004779,2024-01-31,C02427,P0032,1,95.01,0.1,85.51,15.98,First Class,PayPal
O002756,2024-01-31,C01967,P0004,5,76.71,0.3,268.48,81.23,Same Day,Bank Transfer
O009440,2024-01-31,C02161,P0157,4,95.85,0.1,345.06,31.9,Same Day,Debit Card
O001511,2024-01-31,C02826,P0085,1,16.85,0.0,16.85,7.87,Second Class,PayPal
O005881,2024-01-31,C02764,P0173,1,27.11,0.0,27.11,10.51,Same Day,UPI
O005679,2024-01-31,C01195,P0124,3,11.46,0.05,32.66,9.32,Same Day,PayPal
O005567,2024-01-31,C00774,P0129,1,30.41,0.15,25.85,6.52,Second Class,UPI
O006297,2024-01-31,C00344,P0049,2,35.64,0.0,71.28,27.96,Second Class,Debit Card
O008490,2024-01-31,C01074,P0019,2,15.8,0.0,31.6,7.28,Second Class,Debit Card
O005234,2024-01-31,C02735,P0176,1,48.8,0.0,48.8,23.86,Second Class,UPI
O007321,2024-01-31,C03316,P0101,1,11.36,0.0,11.36,5.73,Standard,Credit Card
O007446,2024-01-31,C02711,P0163,2,60.53,0.0,121.06,27.62,Standard,PayPal
O000606,2024-01-31,C02967,P0019,1,15.8,0.1,14.22,2.06,Same Day,Credit Card
O007274,2024-01-31,C02957,P0131,2,10.4,0.0,20.8,4.16,First Class,Bank Transfer
O000556,2024-02-01,C01281,P0011,1,21.09,0.0,21.09,10.86,Same Day,Bank Transfer
O004582,2024-02-01,C03356,P0091,1,30.36,0.0,30.36,5.93,Standard,PayPal
O001682,2024-02-01,C02388,P0026,1,30.63,0.0,30.63,14.92,First Class,Credit Card
O001361,2024-02-01,C02901,P0031,1,19.28,0.1,17.35,2.34,Second Class,UPI
O010945,2024-02-01,C00733,P0180,4,167.02,0.05,634.68,183.76,Second Class,Credit Card
O003191,2024-02-01,C00644,P0053,1,18.36,0.0,18.36,6.64,Second Class,Bank Transfer
O007423,2024-02-01,C02665,P0091,1,30.36,0.05,28.84,4.41,First Class,Credit Card
O011529,2024-02-01,C02048,P0077,1,30.16,0.0,30.16,11.18,Same Day,Debit Card
O008979,2024-02-01,C02335,P0081,5,24.71,0.1,111.2,16.8,Second Class,Debit Card
O008846,2024-02-01,C00531,P0030,1,23.58,0.2,18.86,3.39,Standard,PayPal
O010293,2024-02-01,C00928,P0098,2,33.77,0.0,67.54,17.72,Same Day,Debit Card
O005227,2024-02-01,C03359,P0143,1,10.03,0.1,9.03,1.33,Standard,Credit Card
O000796,2024-02-01,C02963,P0154,1,33.15,0.1,29.84,11.93,Same Day,Credit Card
O004390,2024-02-01,C00543,P0113,2,29.64,0.3,41.5,0.24,First Class,Debit Card
O007754,2024-02-01,C03373,P0015,1,9.29,0.0,9.29,1.79,First Class,UPI
O008264,2024-02-01,C03054,P0113,2,29.64,0.1,53.35,12.09,Second Class,Bank Transfer
O000634,2024-02-02,C02456,P0077,3,30.16,0.05,85.96,29.02,First Class,Bank Transfer
O000349,2024-02-02,C00937,P0074,2,78.81,0.05,149.74,56.78,Standard,UPI
O002080,2024-02-02,C01495,P0107,2,97.13,0.0,194.26,68.54,Same Day,PayPal
O007427,2024-02-02,C01792,P0058,1,23.31,0.1,20.98,9.5,First Class,Debit Card
O010399,2024-02-02,C01133,P0028,1,36.39,0.1,32.75,3.03,Standard,PayPal
O002121,2024-02-02,C01457,P0041,2,46.06,0.1,82.91,22.67,Second Class,Bank Transfer
O009468,2024-02-02,C00036,P0041,3,46.06,0.2,110.54,20.18,Same Day,Bank Transfer
O007004,2024-02-02,C01867,P0034,1,14.33,0.1,12.9,2.6,Second Class,Credit Card
O006026,2024-02-02,C02422,P0126,1,118.37,0.1,106.53,26.55,First Class,Debit Card
O001321,2024-02-02,C01095,P0011,1,21.09,0.3,14.76,4.53,Second Class,Bank Transfer
O001016,2024-02-02,C00121,P0155,2,34.48,0.05,65.51,14.81,First Class,Credit Card
O005213,2024-02-02,C02062,P0124,1,11.46,0.15,9.74,1.96,Same Day,UPI
O010609,2024-02-02,C00832,P0088,2,35.29,0.2,56.46,5.44,Second Class,Credit Card
O002239,2024-02-02,C00905,P0038,3,7.97,0.1,21.52,3.46,Standard,Debit Card
O005659,2024-02-02,C00852,P0047,1,21.13,0.0,21.13,4.59,Standard,Bank Transfer
O009742,2024-02-02,C02598,P0127,4,14.97,0.0,59.88,23.24,Standard,UPI
O004296,2024-02-02,C00701,P0154,4,33.15,0.05,125.97,54.33,Standard,Bank Transfer
O001384,2024-02-03,C00321,P0024,1,11.29,0.15,9.6,1.51,Second Class,Credit Card
O005403,2024-02-03,C01629,P0121,2,47.66,0.15,81.02,32.98,Same Day,PayPal
O006400,2024-02-03,C01591,P0074,2,78.81,0.15,133.98,41.02,Standard,PayPal
O007727,2024-02-03,C02511,P0039,2,12.02,0.3,16.83,-1.79,Standard,Credit Card
O003250,2024-02-03,C02699,P0047,2,21.13,0.0,42.26,9.18,Same Day,Debit Card
O000105,2024-02-03,C01371,P0174,1,35.58,0.1,32.02,14.81,First Class,Bank Transfer
O007482,2024-02-03,C00910,P0022,1,24.61,0.2,19.69,3.22,First Class,Bank Transfer
O009223,2024-02-03,C00759,P0016,4,19.78,0.0,79.12,18.2,Standard,PayPal
O007103,2024-02-03,C03403,P0113,2,29.64,0.1,53.35,12.09,Standard,PayPal
O006469,2024-02-03,C02243,P0168,1,97.8,0.1,88.02,11.06,Same Day,Debit Card
O010708,2024-02-03,C01747,P0180,1,167.02,0.0,167.02,54.29,Standard,Debit Card
O010052,2024-02-03,C01343,P0146,3,47.38,0.1,127.93,46.09,Same Day,Credit Card
O003504,2024-02-03,C01826,P0133,1,14.29,0.15,12.15,0.62,Standard,Bank Transfer
O008057,2024-02-03,C03233,P0076,3,48.63,0.3,102.12,18.66,Same Day,PayPal
O000488,2024-02-03,C00201,P0023,3,29.78,0.05,84.87,13.56,Second Class,Debit Card
O005917,2024-02-03,C00614,P0168,1,97.8,0.0,97.8,20.84,First Class,Bank Transfer
O011531,2024-02-03,C02348,P0054,2,42.42,0.05,80.6,24.22,Second Class,Bank Transfer
O006558,2024-02-03,C01388,P0179,5,24.0,0.15,102.0,5.6,Same Day,PayPal
O001869,2024-02-03,C02326,P0101,3,11.36,0.1,30.67,13.78,Standard,PayPal
O010128,2024-02-03,C02041,P0021,1,73.9,0.2,59.12,19.39,Second Class,Debit Card
O006442,2024-02-03,C00809,P0067,2,27.2,0.05,51.68,24.62,First Class,UPI
O002000,2024-02-04,C01734,P0018,2,34.96,0.05,66.42,23.7,First Class,Debit Card
O007769,2024-02-04,C02981,P0178,1,73.32,0.0,73.32,14.44,Second Class,Credit Card
O003247,2024-02-04,C01561,P0089,1,20.2,0.1,18.18,3.95,Same Day,Credit Card
O002155,2024-02-04,C00168,P0007,1,79.56,0.1,71.6,7.97,Standard,Credit Card
O003478,2024-02-04,C01785,P0067,1,27.2,0.0,27.2,13.67,Second Class,Bank Transfer
O007182,2024-02-04,C02030,P0100,4,24.47,0.1,88.09,37.25,Same Day,PayPal
O005609,2024-02-04,C00384,P0082,1,35.95,0.0,35.95,10.19,Second Class,UPI
O010067,2024-02-04,C01628,P0105,1,25.67,0.15,21.82,5.36,First Class,Debit Card
O000003,2024-02-04,C02683,P0141,4,33.04,0.1,118.94,52.3,Same Day,PayPal
O007157,2024-02-04,C00795,P0034,1,14.33,0.0,14.33,4.03,First Class,PayPal
O006592,2024-02-04,C00832,P0138,1,23.12,0.05,21.96,10.72,Same Day,PayPal
O008513,2024-02-04,C03137,P0151,1,33.54,0.0,33.54,9.06,Standard,Credit Card
O007883,2024-02-04,C02207,P0097,1,34.55,0.15,29.37,8.6,Standard,PayPal
O009693,2024-02-04,C03255,P0089,1,20.2,0.0,20.2,5.97,Second Class,Bank Transfer
O007709,2024-02-04,C00228,P0097,3,34.55,0.1,93.28,30.97,Same Day,UPI
O005062,2024-02-05,C01674,P0151,3,33.54,0.05,95.59,22.15,Same Day,Debit Card
O011603,2024-02-05,C00232,P0075,3,5.19,0.3,10.9,-0.77,First Class,Bank Transfer
O002639,2024-02-05,C02145,P0017,1,14.76,0.3,10.33,1.77,Same Day,UPI
O005250,2024-02-05,C00384,P0064,3,13.1,0.15,33.4,11.65,Second Class,Credit Card
O005212,2024-02-05,C01311,P0180,1,167.02,0.05,158.67,45.94,Standard,Credit Card
O006563,2024-02-05,C00466,P0123,3,70.94,0.05,202.18,98.11,Same Day,Debit Card
O001589,2024-02-05,C03007,P0008,1,46.94,0.1,42.25,4.49,Same Day,Debit Card
O008527,2024-02-05,C01935,P0134,3,38.78,0.15,98.89,7.24,First Class,PayPal
O008608,2024-02-05,C01159,P0139,2,48.37,0.0,96.74,47.2,First Class,UPI
O002929,2024-02-05,C01425,P0029,2,19.29,0.1,34.72,14.36,Standard,Credit Card
O004389,2024-02-05,C01068,P0135,1,15.68,0.0,15.68,7.11,Same Day,PayPal
O004965,2024-02-05,C00120,P0108,1,31.93,0.0,31.93,11.46,Second Class,Bank Transfer
O005117,2024-02-05,C03162,P0030,1,23.58,0.0,23.58,8.11,Standard,UPI
O002869,2024-02-05,C02469,P0099,5,28.6,0.1,128.7,59.35,First Class,Debit Card
O002437,2024-02-06,C02401,P0088,1,35.29,0.2,28.23,2.72,Standard,Bank Transfer
O011194,2024-02-06,C03147,P0091,5,30.36,0.3,106.26,-15.89,First Class,Debit Card
O009049,2024-02-06,C01245,P0028,1,36.39,0.15,30.93,1.21,Same Day,Credit Card
O003717,2024-02-06,C03081,P0096,1,11.01,0.15,9.36,3.15,Second Class,Debit Card
O011917,2024-02-06,C00280,P0106,3,37.06,0.05,105.62,48.56,Standard,Credit Card
O001922,2024-02-06,C01813,P0060,2,53.74,0.0,107.48,42.72,Standard,Bank Transfer
O011247,2024-02-06,C01568,P0157,1,95.85,0.1,86.27,7.98,First Class,Credit Card
O005190,2024-02-06,C02515,P0026,2,30.63,0.2,49.01,17.59,Second Class,Bank Transfer
O001399,2024-02-06,C03341,P0157,1,95.85,0.15,81.47,3.18,First Class,Debit Card
O002551,2024-02-07,C00145,P0136,1,78.06,0.0,78.06,38.75,Same Day,Bank Transfer
O004679,2024-02-07,C01984,P0014,5,8.22,0.05,39.05,5.8,Same Day,Bank Transfer
O001483,2024-02-07,C01778,P0008,4,46.94,0.1,168.98,17.94,First Class,Bank Transfer
O000360,2024-02-07,C01822,P0163,2,60.53,0.05,115.01,21.57,Same Day,Bank Transfer
O009720,2024-02-07,C02706,P0003,1,43.42,0.0,43.42,18.43,Standard,Bank Transfer
O003141,2024-02-07,C02225,P0153,1,18.32,0.1,16.49,5.94,Standard,PayPal
O002838,2024-02-07,C01475,P0095,4,22.09,0.05,83.94,28.94,First Class,Credit Card
O005783,2024-02-07,C01601,P0034,1,14.33,0.0,14.33,4.03,Second Class,UPI
O010474,2024-02-07,C02901,P0048,1,56.66,0.0,56.66,22.95,Second Class,Credit Card
O004576,2024-02-07,C00323,P0108,1,31.93,0.1,28.74,8.27,Second Class,Credit Card
O011719,2024-02-07,C01680,P0062,1,25.26,0.05,24.0,7.39,Standard,Bank Transfer
O007184,2024-02-07,C01403,P0166,1,37.27,0.1,33.54,6.09,Second Class,UPI
O005354,2024-02-07,C02055,P0132,3,29.8,0.0,89.4,34.74,Standard,Bank Transfer
O007902,2024-02-07,C02210,P0157,2,95.85,0.1,172.53,15.95,First Class,PayPal
O006200,2024-02-07,C00942,P0006,1,24.48,0.1,22.03,8.81,Second Class,Debit Card
O009160,2024-02-07,C03066,P0019,1,15.8,0.2,12.64,0.48,First Class,Credit Card
O006935,2024-02-08,C00443,P0141,3,33.04,0.15,84.25,34.27,Second Class,PayPal
O009334,2024-02-08,C00080,P0027,2,13.49,0.1,24.28,5.68,Same Day,Bank Transfer
O010098,2024-02-08,C03117,P0024,2,11.29,0.2,18.06,1.88,First Class,Credit Card
O003528,2024-02-08,C03289,P0076,1,48.63,0.2,38.9,11.08,Second Class,Credit Card
O000237,2024-02-08,C02958,P0058,2,23.31,0.1,41.96,19.0,Second Class,UPI
O008539,2024-02-08,C03395,P0122,2,15.78,0.0,31.56,9.52,Standard,Bank Transfer
O004982,2024-02-08,C00427,P0078,1,23.47,0.05,22.3,10.41,Same Day,UPI
O000685,2024-02-08,C01283,P0048,3,56.66,0.05,161.48,60.35,First Class,UPI
O003260,2024-02-08,C01115,P0097,4,34.55,0.1,124.38,41.3,Standard,UPI
O011649,2024-02-08,C01118,P0029,1,19.29,0.1,17.36,7.18,Standard,Credit Card
O010219,2024-02-08,C03089,P0046,1,17.85,0.1,16.07,2.67,Second Class,UPI
O011519,2024-02-08,C02665,P0035,4,48.65,0.1,175.14,57.94,Standard,UPI
O006042,2024-02-08,C00960,P0016,1,19.78,0.05,18.79,3.56,First Class,PayPal
O000656,2024-02-08,C02291,P0165,1,53.31,0.2,42.65,3.45,First Class,PayPal
O011250,2024-02-08,C00496,P0164,1,16.72,0.1,15.05,4.59,Same Day,Bank Transfer
O009741,2024-02-08,C03023,P0162,2,47.54,0.3,66.56,-9.16,Standard,UPI
O004599,2024-02-08,C02389,P0100,1,24.47,0.0,24.47,11.76,Standard,Bank Transfer
O009271,2024-02-08,C00395,P0032,1,95.01,0.05,90.26,20.73,Standard,Bank Transfer
O003405,2024-02-08,C01962,P0054,1,42.42,0.1,38.18,9.99,First Class,Credit Card
O002947,2024-02-09,C00622,P0147,1,12.76,0.15,10.85,4.21,First Class,Bank Transfer
O001953,2024-02-09,C01097,P0135,2,15.68,0.1,28.22,11.08,Second Class,UPI
O000530,2024-02-09,C00722,P0165,1,53.31,0.05,50.64,11.44,Same Day,Bank Transfer
O010119,2024-02-09,C01391,P0138,2,23.12,0.05,43.93,21.45,Standard,Bank Transfer
O007598,2024-02-09,C03426,P0019,1,15.8,0.1,14.22,2.06,Standard,UPI
O010403,2024-02-09,C02640,P0155,3,34.48,0.0,103.44,27.39,Second Class,PayPal
O004419,2024-02-09,C02076,P0148,1,12.08,0.05,11.48,2.82,First Class,Credit Card
O009083,2024-02-10,C00809,P0095,1,22.09,0.05,20.99,7.24,Standard,UPI
O011876,2024-02-10,C02517,P0157,2,95.85,0.0,191.7,35.12,First Class,Credit Card
O002241,2024-02-10,C01090,P0066,3,68.82,0.0,206.46,101.37,Standard,Credit Card
O011602,2024-02-10,C01532,P0095,1,22.09,0.0,22.09,8.34,Same Day,UPI
O005109,2024-02-10,C01808,P0077,1,30.16,0.05,28.65,9.67,Second Class,Bank Transfer
O008566,2024-02-10,C03496,P0162,3,47.54,0.1,128.36,14.78,Standard,PayPal
O002599,2024-02-10,C01010,P0153,1,18.32,0.05,17.4,6.85,Second Class,UPI
O008407,2024-02-10,C00141,P0007,3,79.56,0.05,226.75,35.86,Second Class,Bank Transfer
O006438,2024-02-10,C02501,P0005,1,24.48,0.1,22.03,4.91,Standard,UPI
O009479,2024-02-10,C00910,P0131,1,10.4,0.1,9.36,1.04,Standard,UPI
O010132,2024-02-10,C02138,P0164,2,16.72,0.1,30.1,9.18,First Class,Credit Card
O007960,2024-02-10,C01580,P0103,1,22.81,0.3,15.97,-1.61,Same Day,Debit Card
O005432,2024-02-10,C00058,P0062,1,25.26,0.3,17.68,1.07,First Class,PayPal
O006901,2024-02-10,C01234,P0119,1,59.91,0.1,53.92,11.75,Second Class,PayPal
O004301,2024-02-10,C02039,P0112,1,28.02,0.05,26.62,7.3,First Class,PayPal
O006884,2024-02-10,C00847,P0179,5,24.0,0.15,102.0,5.6,Same Day,Bank Transfer
O002532,2024-02-11,C01137,P0094,2,23.04,0.1,41.47,9.77,Second Class,Bank Transfer
O010345,2024-02-11,C01258,P0063,1,13.89,0.1,12.5,2.2,First Class,PayPal
O006578,2024-02-11,C00729,P0006,1,24.48,0.1,22.03,8.81,First Class,Debit Card
O002499,2024-02-11,C03250,P0178,1,73.32,0.2,58.66,-0.22,Standard,Bank Transfer
O010438,2024-02-11,C01521,P0101,1,11.36,0.2,9.09,3.46,Standard,Debit Card
O006010,2024-02-11,C00641,P0036,1,12.89,0.1,11.6,4.13,First Class,Debit Card
O010892,2024-02-11,C02546,P0122,3,15.78,0.0,47.34,14.28,Second Class,Debit Card
O007170,2024-02-11,C02863,P0126,4,118.37,0.3,331.44,11.52,Standard,Credit Card
O003671,2024-02-11,C01173,P0074,1,78.81,0.05,74.87,28.39,Standard,UPI
O005519,2024-02-11,C01837,P0075,1,5.19,0.2,4.15,0.26,Standard,Bank Transfer
O007850,2024-02-11,C03166,P0010,1,40.56,0.1,36.5,11.93,Standard,PayPal
O000265,2024-02-11,C00580,P0107,3,97.13,0.2,233.11,44.53,Second Class,Credit Card
O008932,2024-02-11,C02411,P0098,2,33.77,0.15,57.41,7.59,Second Class,Bank Transfer
O003895,2024-02-11,C00174,P0075,2,5.19,0.15,8.82,1.04,Same Day,Credit Card
O011462,2024-02-11,C00013,P0019,2,15.8,0.1,28.44,4.12,First Class,Debit Card
O008136,2024-02-12,C02178,P0100,2,24.47,0.05,46.49,21.07,First Class,Debit Card
O000954,2024-02-12,C01331,P0078,1,23.47,0.0,23.47,11.58,Standard,Credit Card
O007071,2024-02-12,C02861,P0111,1,8.19,0.15,6.96,1.92,Same Day,Credit Card
O001638,2024-02-12,C02739,P0126,1,118.37,0.0,118.37,38.39,First Class,Credit Card
O000346,2024-02-12,C01659,P0178,1,73.32,0.2,58.66,-0.22,First Class,Debit Card
O008018,2024-02-12,C01917,P0029,1,19.29,0.0,19.29,9.11,Second Class,UPI
O005261,2024-02-12,C00289,P0035,1,48.65,0.05,46.22,16.92,Standard,PayPal
O006773,2024-02-12,C01187,P0008,1,46.94,0.0,46.94,9.18,Second Class,Debit Card
O007035,2024-02-12,C00015,P0072,2,77.46,0.05,147.17,21.41,First Class,Credit Card
O001379,2024-02-12,C02291,P0083,2,74.49,0.0,148.98,56.76,Same Day,Bank Transfer
O011942,2024-02-12,C01056,P0154,1,33.15,0.0,33.15,15.24,Standard,PayPal
O003701,2024-02-12,C01051,P0163,3,60.53,0.0,181.59,41.43,Standard,Credit Card
O008820,2024-02-12,C02392,P0096,1,11.01,0.15,9.36,3.15,Second Class,PayPal
O010940,2024-02-12,C01984,P0019,2,15.8,0.1,28.44,4.12,Same Day,PayPal
O004325,2024-02-12,C03485,P0007,2,79.56,0.1,143.21,15.95,Standard,Credit Card
O008191,2024-02-12,C02557,P0176,1,48.8,0.05,46.36,21.42,Same Day,Debit Card
O001038,2024-02-12,C00393,P0022,1,24.61,0.1,22.15,5.68,Standard,Bank Transfer
O002456,2024-02-12,C00630,P0090,2,39.79,0.05,75.6,29.82,First Class,Debit Card
O011293,2024-02-12,C02336,P0068,1,54.72,0.15,46.51,10.36,Standard,UPI
O008010,2024-02-13,C02335,P0047,3,21.13,0.1,57.05,7.43,Second Class,Credit Card
O008015,2024-02-13,C02254,P0008,2,46.94,0.2,75.1,-0.42,Same Day,Credit Card
O002005,2024-02-13,C01817,P0112,1,28.02,0.05,26.62,7.3,Standard,Credit Card
O009218,2024-02-13,C02840,P0012,2,21.06,0.1,37.91,4.39,Standard,PayPal
O010331,2024-02-13,C01653,P0054,1,42.42,0.0,42.42,14.23,Same Day,Debit Card
O004855,2024-02-13,C01064,P0053,1,18.36,0.1,16.52,4.8,Second Class,Bank Transfer
O008881,2024-02-13,C02173,P0148,4,12.08,0.1,43.49,8.85,Standard,Debit Card
O004933,2024-02-13,C00102,P0002,1,26.05,0.2,20.84,1.94,First Class,PayPal
O011231,2024-02-13,C03430,P0128,4,19.73,0.15,67.08,11.92,Second Class,PayPal
O000545,2024-02-13,C01611,P0079,1,30.25,0.1,27.23,12.45,Second Class,UPI
O007419,2024-02-13,C01171,P0124,1,11.46,0.0,11.46,3.68,Same Day,UPI
O000565,2024-02-13,C02441,P0012,5,21.06,0.1,94.77,10.97,Same Day,UPI
O003852,2024-02-13,C01144,P0049,3,35.64,0.05,101.57,36.59,Second Class,Credit Card
O004865,2024-02-13,C02769,P0085,2,16.85,0.1,30.33,12.37,Second Class,Bank Transfer
O007558,2024-02-13,C01243,P0166,1,37.27,0.1,33.54,6.09,Same Day,Credit Card
O003874,2024-02-13,C00260,P0137,1,17.13,0.0,17.13,8.32,First Class,Bank Transfer
O000680,2024-02-13,C03472,P0119,1,59.91,0.0,59.91,17.74,Second Class,Debit Card
O003408,2024-02-13,C00794,P0021,1,73.9,0.05,70.2,30.47,Second Class,UPI
O004979,2024-02-13,C02259,P0120,1,46.47,0.1,41.82,16.94,Second Class,Debit Card
O003943,2024-02-13,C02968,P0140,1,12.81,0.1,11.53,2.41,Same Day,PayPal
O003896,2024-02-14,C00311,P0092,1,53.5,0.15,45.48,6.38,Second Class,Debit Card
O005869,2024-02-14,C03423,P0009,2,21.01,0.0,42.02,8.78,First Class,PayPal
O000993,2024-02-14,C01624,P0145,3,33.75,0.0,101.25,24.6,Second Class,Bank Transfer
O004407,2024-02-14,C01822,P0033,2,28.25,0.05,53.67,13.17,Second Class,Debit Card
O008196,2024-02-14,C01426,P0006,4,24.48,0.15,83.23,30.35,Same Day,PayPal
O008209,2024-02-14,C03478,P0010,5,40.56,0.1,182.52,59.67,Same Day,PayPal
O000864,2024-02-14,C02049,P0171,1,15.99,0.15,13.59,4.17,Same Day,Debit Card
O011522,2024-02-14,C00302,P0020,1,11.38,0.15,9.67,2.98,First Class,UPI
O002083,2024-02-14,C02330,P0095,1,22.09,0.15,18.78,5.03,Standard,Credit Card
O004139,2024-02-14,C01380,P0030,1,23.58,0.1,21.22,5.75,Second Class,PayPal
O008160,2024-02-14,C01557,P0159,2,13.14,0.1,23.65,7.71,Same Day,Bank Transfer
O010556,2024-02-14,C02655,P0099,1,28.6,0.1,25.74,11.87,Standard,Credit Card
O005412,2024-02-14,C01049,P0145,4,33.75,0.05,128.25,26.05,Same Day,Bank Transfer
O003388,2024-02-14,C01195,P0080,1,7.83,0.1,7.05,0.73,Second Class,Debit Card
O001868,2024-02-14,C00626,P0043,2,26.44,0.05,50.24,10.5,Standard,UPI
O001860,2024-02-14,C02113,P0066,2,68.82,0.0,137.64,67.58,Second Class,Debit Card
O011336,2024-02-14,C03428,P0048,3,56.66,0.05,161.48,60.35,Second Class,UPI
O011880,2024-02-14,C02614,P0014,2,8.22,0.0,16.44,3.14,First Class,Bank Transfer
O002175,2024-02-15,C01335,P0031,1,19.28,0.15,16.39,1.38,Standard,Credit Card
O005505,2024-02-15,C03153,P0163,1,60.53,0.0,60.53,13.81,Same Day,Debit Card
O005018,2024-02-15,C00708,P0080,2,7.83,0.2,12.53,-0.11,First Class,Debit Card
O009239,2024-02-15,C01346,P0169,1,24.3,0.0,24.3,8.46,First Class,UPI
O008143,2024-02-15,C00234,P0158,2,38.78,0.15,65.93,17.83,First Class,Debit Card
O002366,2024-02-15,C02982,P0004,1,76.71,0.0,76.71,39.26,Standard,UPI
O001527,2024-02-15,C03402,P0060,1,53.74,0.05,51.05,18.67,Same Day,Bank Transfer
O000238,2024-02-15,C00337,P0138,3,23.12,0.15,58.96,25.24,Same Day,PayPal
O000524,2024-02-15,C01446,P0064,3,13.1,0.0,39.3,17.55,Second Class,Debit Card
O009190,2024-02-15,C01889,P0129,2,30.41,0.05,57.78,19.12,Standard,UPI
O008916,2024-02-15,C02584,P0058,3,23.31,0.0,69.93,35.49,First Class,Debit Card
O006542,2024-02-15,C00244,P0075,2,5.19,0.1,9.34,1.56,Second Class,UPI
O000877,2024-02-15,C01350,P0132,1,29.8,0.1,26.82,8.6,First Class,Credit Card
O011664,2024-02-15,C02438,P0062,2,25.26,0.15,42.94,9.72,Standard,Credit Card
O001105,2024-02-15,C01925,P0015,1,9.29,0.0,9.29,1.79,Standard,Debit Card
O000903,2024-02-16,C03247,P0043,1,26.44,0.0,26.44,6.57,Standard,Debit Card
O001543,2024-02-16,C00731,P0044,1,23.44,0.1,21.1,4.67,Standard,Credit Card
O008838,2024-02-16,C03404,P0067,4,27.2,0.1,97.92,43.8,Standard,Debit Card
O010715,2024-02-16,C02361,P0119,1,59.91,0.15,50.92,8.75,First Class,Bank Transfer
O008905,2024-02-16,C02709,P0152,3,35.7,0.1,96.39,15.72,Same Day,PayPal
O003201,2024-02-16,C02362,P0049,3,35.64,0.15,90.88,25.9,Standard,PayPal
O003984,2024-02-16,C03293,P0180,2,167.02,0.0,334.04,108.58,First Class,Debit Card
O003070,2024-02-16,C00934,P0038,2,7.97,0.05,15.14,3.1,Same Day,Bank Transfer
O010086,2024-02-16,C02306,P0156,1,17.92,0.1,16.13,2.61,First Class,Credit Card
O001925,2024-02-16,C00318,P0156,1,17.92,0.15,15.23,1.71,Standard,UPI
O006182,2024-02-16,C02945,P0101,4,11.36,0.15,38.62,16.1,Second Class,Bank Transfer
O002837,2024-02-16,C00227,P0035,4,48.65,0.3,136.22,19.02,Standard,Credit Card
O001778,2024-02-16,C00347,P0026,1,30.63,0.15,26.04,10.33,First Class,UPI
O009551,2024-02-16,C00030,P0179,1,24.0,0.05,22.8,3.52,Second Class,Debit Card
O007013,2024-02-16,C02225,P0180,1,167.02,0.0,167.02,54.29,Standard,Debit Card
O010722,2024-02-16,C02513,P0127,1,14.97,0.0,14.97,5.81,Standard,Bank Transfer
O007835,2024-02-16,C00386,P0037,1,32.65,0.2,26.12,1.46,Second Class,Bank Transfer
O002124,2024-02-16,C02353,P0023,1,29.78,0.15,25.31,1.54,Same Day,UPI
O002151,2024-02-16,C03281,P0046,1,17.85,0.2,14.28,0.88,Second Class,UPI
O005933,2024-02-16,C00930,P0165,1,53.31,0.0,53.31,14.11,Second Class,Debit Card
O008827,2024-02-16,C01208,P0034,2,14.33,0.0,28.66,8.06,First Class,Debit Card
O002936,2024-02-16,C01988,P0137,1,17.13,0.05,16.27,7.46,Same Day,UPI
O009661,2024-02-16,C01394,P0157,4,95.85,0.15,325.89,12.73,Standard,Credit Card
O006259,2024-02-16,C02058,P0007,2,79.56,0.1,143.21,15.95,First Class,PayPal
O007232,2024-02-17,C01992,P0083,1,74.49,0.0,74.49,28.38,Standard,Debit Card
O007410,2024-02-17,C01843,P0141,1,33.04,0.0,33.04,16.38,Same Day,PayPal
O006085,2024-02-17,C03009,P0123,1,70.94,0.0,70.94,36.25,Standard,Bank Transfer
O006116,2024-02-17,C01205,P0100,1,24.47,0.3,17.13,4.42,Same Day,UPI
O001607,2024-02-17,C02721,P0127,1,14.97,0.15,12.72,3.56,First Class,UPI
O002287,2024-02-17,C00152,P0071,2,36.05,0.3,50.47,-1.93,Standard,Bank Transfer
O005705,2024-02-17,C01232,P0019,5,15.8,0.05,75.05,14.25,Second Class,Debit Card
O004046,2024-02-17,C03175,P0028,2,36.39,0.0,72.78,13.34,First Class,Debit Card
O008434,2024-02-17,C00968,P0170,2,17.46,0.1,31.43,4.85,First Class,UPI
O006550,2024-02-17,C00972,P0096,1,11.01,0.0,11.01,4.8,First Class,Debit Card
O004350,2024-02-17,C02040,P0001,1,39.36,0.1,35.42,13.91,Standard,Credit Card
O010664,2024-02-17,C01836,P0009,1,21.01,0.0,21.01,4.39,Same Day,UPI
O002245,2024-02-17,C00911,P0169,1,24.3,0.0,24.3,8.46,Standard,UPI
O002823,2024-02-17,C01960,P0102,2,21.68,0.1,39.02,17.6,Same Day,PayPal
O009759,2024-02-17,C03136,P0019,1,15.8,0.05,15.01,2.85,Second Class,Bank Transfer
O006927,2024-02-17,C03052,P0066,1,68.82,0.0,68.82,33.79,Standard,Credit Card
O009186,2024-02-17,C01478,P0043,2,26.44,0.0,52.88,13.14,Same Day,Credit Card
O000823,2024-02-17,C01255,P0040,1,32.39,0.0,32.39,6.79,Second Class,Bank Transfer
O003613,2024-02-17,C02531,P0100,1,24.47,0.15,20.8,8.09,Standard,Debit Card
O003537,2024-02-18,C02580,P0095,1,22.09,0.05,20.99,7.24,Standard,Debit Card
O004808,2024-02-18,C01217,P0079,1,30.25,0.15,25.71,10.93,Second Class,PayPal
O007927,2024-02-18,C03155,P0018,1,34.96,0.3,24.47,3.11,Standard,Debit Card
O002462,2024-02-18,C02746,P0061,1,20.87,0.1,18.78,7.86,Second Class,PayPal
O001574,2024-02-18,C01871,P0167,1,48.63,0.1,43.77,18.72,First Class,Bank Transfer
O009162,2024-02-18,C02600,P0111,1,8.19,0.3,5.73,0.69,First Class,Debit Card
O003359,2024-02-18,C02820,P0129,1,30.41,0.0,30.41,11.08,Second Class,Credit Card
O008045,2024-02-18,C00903,P0166,1,37.27,0.05,35.41,7.96,Standard,UPI
O004541,2024-02-18,C02955,P0075,1,5.19,0.0,5.19,1.3,Same Day,UPI
O000576,2024-02-18,C01247,P0091,1,30.36,0.05,28.84,4.41,First Class,PayPal
O001976,2024-02-18,C01038,P0113,2,29.64,0.05,56.32,15.06,Same Day,UPI
O009750,2024-02-18,C02879,P0001,2,39.36,0.15,66.91,23.89,Standard,PayPal
O001151,2024-02-18,C00902,P0054,3,42.42,0.0,127.26,42.69,Second Class,UPI
O004398,2024-02-18,C01399,P0136,1,78.06,0.1,70.25,30.94,First Class,UPI
O004347,2024-02-18,C02884,P0067,2,27.2,0.2,43.52,16.46,First Class,PayPal
O001320,2024-02-18,C02573,P0104,3,16.92,0.05,48.22,11.71,Standard,PayPal
O003696,2024-02-18,C02388,P0045,1,10.9,0.15,9.27,1.44,Standard,Debit Card
O010115,2024-02-18,C02146,P0092,3,53.5,0.1,144.45,27.15,Standard,Bank Transfer
O006501,2024-02-18,C02794,P0011,1,21.09,0.1,18.98,8.75,Second Class,Bank Transfer
O000319,2024-02-19,C00340,P0163,3,60.53,0.3,127.11,-13.05,First Class,Credit Card
O008131,2024-02-19,C00500,P0030,1,23.58,0.1,21.22,5.75,First Class,Bank Transfer
O010237,2024-02-19,C03376,P0052,1,22.19,0.1,19.97,9.05,First Class,Bank Transfer
O002790,2024-02-19,C01319,P0112,1,28.02,0.15,23.82,4.5,Standard,PayPal
O004681,2024-02-19,C02096,P0096,2,11.01,0.1,19.82,7.4,Standard,PayPal
O003469,2024-02-19,C00980,P0085,1,16.85,0.15,14.32,5.34,First Class,Debit Card
O011421,2024-02-19,C00198,P0169,2,24.3,0.1,43.74,12.06,Second Class,Bank Transfer
O010545,2024-02-19,C03493,P0111,2,8.19,0.15,13.92,3.84,Same Day,PayPal
O002104,2024-02-19,C03065,P0084,1,20.35,0.15,17.3,6.33,First Class,PayPal
O011188,2024-02-19,C02458,P0092,2,53.5,0.2,85.6,7.4,Standard,Bank Transfer
O008841,2024-02-19,C00556,P0056,2,52.21,0.15,88.76,17.66,Second Class,UPI
O007421,2024-02-19,C01249,P0061,1,20.87,0.05,19.83,8.91,Second Class,Debit Card
O010727,2024-02-19,C01905,P0024,3,11.29,0.0,33.87,9.6,Same Day,Debit Card
O001298,2024-02-19,C03322,P0066,3,68.82,0.05,196.14,91.05,Standard,Debit Card
O011113,2024-02-20,C03159,P0040,3,32.39,0.15,82.59,5.79,Same Day,Debit Card
O002093,2024-02-20,C01026,P0035,1,48.65,0.2,38.92,9.62,Second Class,PayPal
O000718,2024-02-20,C02890,P0049,2,35.64,0.15,60.59,17.27,First Class,Debit Card
O006737,2024-02-20,C02075,P0145,1,33.75,0.0,33.75,8.2,First Class,Bank Transfer
O001519,2024-02-20,C01942,P0067,2,27.2,0.05,51.68,24.62,Second Class,Credit Card
O008697,2024-02-20,C02458,P0136,1,78.06,0.2,62.45,23.14,Standard,Debit Card
O005913,2024-02-20,C01640,P0059,1,35.35,0.05,33.58,6.73,Standard,Credit Card
O008192,2024-02-20,C02828,P0064,1,13.1,0.0,13.1,5.85,Second Class,Debit Card
O003017,2024-02-20,C02881,P0109,2,33.7,0.05,64.03,27.71,Standard,UPI
O007696,2024-02-20,C01158,P0010,5,40.56,0.1,182.52,59.67,Same Day,Debit Card
O011982,2024-02-20,C02519,P0163,1,60.53,0.1,54.48,7.76,Same Day,Bank Transfer
O008369,2024-02-20,C03123,P0077,1,30.16,0.15,25.64,6.66,Standard,Bank Transfer
O001138,2024-02-20,C02135,P0155,1,34.48,0.0,34.48,9.13,Second Class,Bank Transfer
O002933,2024-02-20,C02975,P0041,2,46.06,0.0,92.12,31.88,Second Class,UPI
O011682,2024-02-20,C03217,P0164,4,16.72,0.0,66.88,25.04,Second Class,UPI
O010533,2024-02-20,C01543,P0080,2,7.83,0.1,14.09,1.45,Same Day,UPI
O003713,2024-02-20,C02967,P0093,3,18.06,0.2,43.34,7.13,Standard,PayPal
O001089,2024-02-20,C02169,P0093,2,18.06,0.05,34.31,10.17,Second Class,Bank Transfer
O001793,2024-02-20,C01077,P0172,1,16.77,0.05,15.93,2.77,First Class,UPI
O003283,2024-02-20,C00042,P0037,3,32.65,0.05,93.05,19.07,Same Day,Credit Card
O009259,2024-02-20,C02316,P0031,1,19.28,0.15,16.39,1.38,First Class,PayPal
O011612,2024-02-20,C03395,P0016,2,19.78,0.1,35.6,5.14,First Class,Bank Transfer
O007674,2024-02-20,C00882,P0042,5,31.86,0.2,127.44,23.79,Second Class,PayPal
O011897,2024-02-20,C03453,P0105,5,25.67,0.1,115.52,33.22,Second Class,Credit Card
O003515,2024-02-21,C02794,P0123,1,70.94,0.0,70.94,36.25,Same Day,Credit Card
O006906,2024-02-21,C01707,P0049,1,35.64,0.05,33.86,12.2,Same Day,Credit Card
O005520,2024-02-21,C02717,P0124,1,11.46,0.05,10.89,3.11,First Class,Bank Transfer
O002063,2024-02-21,C01772,P0065,2,48.33,0.0,96.66,29.8,Standard,Credit Card
O000648,2024-02-21,C01426,P0055,2,55.71,0.15,94.71,30.37,Same Day,PayPal
O005413,2024-02-21,C00435,P0038,2,7.97,0.05,15.14,3.1,Standard,Credit Card
O007932,2024-02-21,C03273,P0060,2,53.74,0.3,75.24,10.48,First Class,Bank Transfer
O001163,2024-02-21,C02952,P0035,1,48.65,0.15,41.35,12.05,Second Class,Credit Card
O005200,2024-02-21,C01250,P0003,1,43.42,0.2,34.74,9.75,Standard,Credit Card
O001984,2024-02-21,C00843,P0013,5,33.36,0.1,150.12,45.77,First Class,PayPal
O003220,2024-02-21,C00305,P0010,4,40.56,0.1,146.02,47.74,Second Class,Bank Transfer
O011679,2024-02-21,C00548,P0072,1,77.46,0.05,73.59,10.71,Second Class,Bank Transfer
O004635,2024-02-21,C03469,P0025,1,20.01,0.15,17.01,3.53,First Class,Debit Card
O007112,2024-02-21,C01557,P0130,1,20.55,0.1,18.5,4.82,Second Class,Bank Transfer
O006243,2024-02-21,C02825,P0003,4,43.42,0.05,165.0,65.04,Second Class,Credit Card
O007618,2024-02-21,C01543,P0058,1,23.31,0.05,22.14,10.66,Second Class,UPI
O011229,2024-02-21,C02458,P0038,1,7.97,0.15,6.77,0.75,Second Class,Debit Card
O002440,2024-02-21,C02846,P0124,3,11.46,0.05,32.66,9.32,Second Class,PayPal
O011171,2024-02-21,C01719,P0166,1,37.27,0.0,37.27,9.82,Standard,PayPal
O008737,2024-02-21,C01727,P0114,4,141.33,0.0,565.32,285.24,Standard,UPI
O002368,2024-02-21,C00066,P0050,1,9.06,0.15,7.7,3.06,Standard,UPI
O011510,2024-02-21,C00444,P0059,3,35.35,0.0,106.05,25.5,First Class,Debit Card
O003651,2024-02-21,C03197,P0055,1,55.71,0.0,55.71,23.54,Second Class,UPI
O003709,2024-02-21,C01945,P0034,2,14.33,0.1,25.79,5.19,First Class,Credit Card
O000862,2024-02-21,C01026,P0106,2,37.06,0.2,59.3,21.26,First Class,Bank Transfer
O010245,2024-02-22,C00611,P0141,2,33.04,0.0,66.08,32.76,Standard,UPI
O009630,2024-02-22,C03004,P0010,1,40.56,0.0,40.56,15.99,Second Class,Bank Transfer
O005941,2024-02-22,C03069,P0054,1,42.42,0.3,29.69,1.5,Standard,Debit Card
O005885,2024-02-22,C02104,P0064,1,13.1,0.05,12.44,5.19,Second Class,Bank Transfer
O009251,2024-02-22,C03265,P0079,3,30.25,0.1,81.67,37.33,Same Day,Debit Card
O000752,2024-02-22,C00802,P0070,1,18.74,0.15,15.93,2.87,Standard,Debit Card
O005189,2024-02-22,C01926,P0138,1,23.12,0.15,19.65,8.41,First Class,Bank Transfer
O004735,2024-02-22,C02953,P0156,1,17.92,0.05,17.02,3.5,First Class,UPI
O007128,2024-02-22,C00656,P0019,3,15.8,0.2,37.92,1.44,Second Class,PayPal
O003628,2024-02-23,C02713,P0144,1,32.14,0.05,30.53,14.85,Second Class,UPI
O004672,2024-02-23,C02629,P0157,1,95.85,0.0,95.85,17.56,Standard,PayPal
O007818,2024-02-23,C02389,P0048,1,56.66,0.1,50.99,17.28,First Class,UPI
O008250,2024-02-23,C03394,P0059,1,35.35,0.15,30.05,3.2,Standard,PayPal
O004378,2024-02-23,C02399,P0152,1,35.7,0.05,33.91,7.02,First Class,Bank Transfer
O009520,2024-02-23,C02336,P0176,4,48.8,0.2,156.16,56.4,First Class,PayPal
O011160,2024-02-23,C01744,P0076,1,48.63,0.0,48.63,20.81,First Class,UPI
O011432,2024-02-23,C00951,P0168,2,97.8,0.0,195.6,41.68,Same Day,Debit Card
O006293,2024-02-23,C02141,P0071,1,36.05,0.05,34.25,8.05,Same Day,Bank Transfer
O008524,2024-02-23,C00697,P0010,2,40.56,0.1,73.01,23.87,Standard,Debit Card
O004538,2024-02-23,C00360,P0080,1,7.83,0.15,6.66,0.34,Same Day,UPI
O011651,2024-02-23,C00191,P0115,2,25.15,0.0,50.3,19.74,First Class,UPI
O009625,2024-02-23,C00633,P0124,2,11.46,0.1,20.63,5.07,First Class,Bank Transfer
O006891,2024-02-23,C00628,P0144,2,32.14,0.1,57.85,26.49,Standard,Bank Transfer
O007395,2024-02-23,C01569,P0143,1,10.03,0.0,10.03,2.33,Second Class,UPI
O008133,2024-02-23,C00014,P0133,1,14.29,0.15,12.15,0.62,First Class,Debit Card
O002730,2024-02-23,C03030,P0125,1,41.74,0.2,33.39,0.01,Standard,Bank Transfer
O008776,2024-02-23,C02665,P0036,1,12.89,0.15,10.96,3.49,First Class,Bank Transfer
O011064,2024-02-23,C03241,P0143,1,10.03,0.05,9.53,1.83,Same Day,Credit Card
O001864,2024-02-24,C00590,P0110,1,27.16,0.0,27.16,10.12,Same Day,Credit Card
O002389,2024-02-24,C02065,P0004,2,76.71,0.2,122.74,47.84,Second Class,Bank Transfer
O008544,2024-02-24,C01410,P0073,1,27.85,0.05,26.46,8.2,First Class,PayPal
O005583,2024-02-24,C02456,P0015,1,9.29,0.1,8.36,0.86,Standard,UPI
O001284,2024-02-24,C02695,P0109,3,33.7,0.15,85.94,31.46,First Class,Bank Transfer
O005899,2024-02-24,C02528,P0065,1,48.33,0.0,48.33,14.9,Second Class,PayPal
O001802,2024-02-24,C00189,P0178,1,73.32,0.1,65.99,7.11,Standard,PayPal
O001210,2024-02-24,C01709,P0055,2,55.71,0.05,105.85,41.51,Second Class,Debit Card
O008007,2024-02-24,C02708,P0164,1,16.72,0.15,14.21,3.75,Second Class,PayPal
O001979,2024-02-24,C03265,P0136,1,78.06,0.05,74.16,34.85,Second Class,Debit Card
O005799,2024-02-24,C01441,P0120,1,46.47,0.15,39.5,14.62,First Class,UPI
O009694,2024-02-24,C00729,P0158,1,38.78,0.1,34.9,10.85,Same Day,UPI
O000334,2024-02-24,C02299,P0157,2,95.85,0.0,191.7,35.12,Same Day,UPI
O001423,2024-02-24,C01683,P0053,1,18.36,0.1,16.52,4.8,Standard,UPI
O000119,2024-02-24,C00494,P0062,1,25.26,0.1,22.73,6.12,First Class,UPI
O009279,2024-02-24,C02577,P0026,1,30.63,0.3,21.44,5.73,Second Class,PayPal
O009673,2024-02-24,C00248,P0054,2,42.42,0.3,59.39,3.01,Same Day,Credit Card
O001765,2024-02-24,C02064,P0180,1,167.02,0.0,167.02,54.29,Standard,UPI
O002398,2024-02-25,C02601,P0121,3,47.66,0.15,121.53,49.47,Standard,Debit Card
O007369,2024-02-25,C02924,P0160,1,43.67,0.05,41.49,9.0,First Class,UPI
O005670,2024-02-25,C00287,P0046,1,17.85,0.0,17.85,4.45,Standard,Debit Card
O007413,2024-02-25,C00690,P0153,1,18.32,0.0,18.32,7.77,Second Class,Bank Transfer
O003420,2024-02-25,C02461,P0166,2,37.27,0.05,70.81,15.91,Standard,Debit Card
O009697,2024-02-25,C00140,P0043,2,26.44,0.2,42.3,2.56,Standard,Debit Card
O005291,2024-02-25,C01904,P0029,1,19.29,0.15,16.4,6.22,Second Class,Credit Card
O008330,2024-02-25,C00640,P0080,4,7.83,0.0,31.32,6.04,Standard,Bank Transfer
O001201,2024-02-25,C01152,P0008,3,46.94,0.1,126.74,13.46,Same Day,Bank Transfer
O011010,2024-02-25,C03058,P0037,1,32.65,0.2,26.12,1.46,First Class,Debit Card
O000446,2024-02-25,C02964,P0152,2,35.7,0.0,71.4,17.62,Same Day,Credit Card
O009810,2024-02-25,C02244,P0092,1,53.5,0.05,50.82,11.72,Standard,Debit Card
O008298,2024-02-25,C01892,P0125,1,41.74,0.15,35.48,2.1,Same Day,UPI
O000570,2024-02-25,C01159,P0005,1,24.48,0.0,24.48,7.36,Standard,Bank Transfer
O000233,2024-02-25,C00133,P0079,1,30.25,0.1,27.23,12.45,Second Class,Debit Card
O002032,2024-02-25,C01111,P0016,1,19.78,0.0,19.78,4.55,Same Day,Debit Card
O000760,2024-02-26,C01915,P0102,2,21.68,0.0,43.36,21.94,Standard,Credit Card
O006072,2024-02-26,C01702,P0074,3,78.81,0.0,236.43,96.99,Second Class,PayPal
O007748,2024-02-26,C03030,P0129,4,30.41,0.15,103.39,26.07,Same Day,UPI
O000207,2024-02-26,C02407,P0091,3,30.36,0.1,81.97,8.68,Same Day,UPI
O010835,2024-02-26,C02326,P0049,3,35.64,0.1,96.23,31.25,First Class,Credit Card
O005665,2024-02-26,C01588,P0116,2,34.67,0.1,62.41,14.37,First Class,Debit Card
O007998,2024-02-26,C02426,P0028,2,36.39,0.0,72.78,13.34,Same Day,Bank Transfer
O003027,2024-02-26,C00926,P0010,1,40.56,0.2,32.45,7.88,Same Day,PayPal
O006943,2024-02-26,C02819,P0167,3,48.63,0.1,131.3,56.15,Same Day,Credit Card
O004536,2024-02-26,C02268,P0003,3,43.42,0.1,117.23,42.26,Same Day,Debit Card
O009058,2024-02-26,C01485,P0031,1,19.28,0.1,17.35,2.34,First Class,Credit Card
O002524,2024-02-27,C02509,P0121,1,47.66,0.2,38.13,14.11,Standard,Bank Transfer
O005128,2024-02-27,C03270,P0119,2,59.91,0.0,119.82,35.48,Standard,Bank Transfer
O011085,2024-02-27,C02186,P0117,2,27.87,0.1,50.17,13.87,First Class,Credit Card
O011877,2024-02-27,C03362,P0015,3,9.29,0.1,25.08,2.58,Second Class,PayPal
O005210,2024-02-27,C01235,P0131,2,10.4,0.0,20.8,4.16,Standard,Debit Card
O004482,2024-02-27,C03398,P0006,1,24.48,0.2,19.58,6.36,Second Class,Debit Card
O006639,2024-02-27,C01154,P0179,1,24.0,0.1,21.6,2.32,First Class,Debit Card
O003599,2024-02-27,C01435,P0156,1,17.92,0.0,17.92,4.4,Second Class,UPI
O001134,2024-02-27,C01746,P0021,1,73.9,0.0,73.9,34.17,First Class,Credit Card
O005979,2024-02-27,C02503,P0107,1,97.13,0.1,87.42,24.56,Same Day,Bank Transfer
O009048,2024-02-27,C01389,P0077,1,30.16,0.0,30.16,11.18,Standard,UPI
O002745,2024-02-27,C03138,P0148,1,12.08,0.15,10.27,1.61,Same Day,PayPal
O008318,2024-02-27,C00678,P0047,1,21.13,0.3,14.79,-1.75,Same Day,PayPal
O008080,2024-02-28,C02031,P0003,3,43.42,0.05,123.75,48.78,Standard,Credit Card
O003009,2024-02-28,C02237,P0020,2,11.38,0.1,20.48,7.1,Second Class,UPI
O006629,2024-02-28,C01112,P0121,1,47.66,0.0,47.66,23.64,Standard,PayPal
O003593,2024-02-28,C01014,P0096,2,11.01,0.0,22.02,9.6,First Class,UPI
O008787,2024-02-28,C01209,P0127,1,14.97,0.0,14.97,5.81,Second Class,Credit Card
O002469,2024-02-28,C02818,P0122,2,15.78,0.3,22.09,0.05,Second Class,Bank Transfer
O006791,2024-02-28,C03213,P0080,2,7.83,0.15,13.31,0.67,Standard,Debit Card
O002631,2024-02-28,C02760,P0097,2,34.55,0.0,69.1,27.56,Same Day,Debit Card
O000302,2024-02-28,C01327,P0142,1,66.66,0.3,46.66,7.43,First Class,Bank Transfer
O011648,2024-02-28,C00151,P0061,2,20.87,0.3,29.22,7.38,Standard,PayPal
O004021,2024-02-28,C00321,P0070,1,18.74,0.2,14.99,1.93,Same Day,Credit Card
O011632,2024-02-28,C02507,P0171,2,15.99,0.1,28.78,9.94,Same Day,Credit Card
O006386,2024-02-28,C02201,P0173,2,27.11,0.15,46.09,12.89,Standard,Bank Transfer
O008477,2024-02-28,C00526,P0059,1,35.35,0.05,33.58,6.73,Standard,PayPal
O007490,2024-02-28,C02755,P0054,4,42.42,0.0,169.68,56.92,First Class,Bank Transfer
O000635,2024-02-28,C01034,P0133,1,14.29,0.0,14.29,2.76,Second Class,PayPal
O006306,2024-02-28,C02410,P0026,3,30.63,0.15,78.11,30.98,Second Class,PayPal
O006800,2024-02-28,C01117,P0093,2,18.06,0.1,32.51,8.37,Second Class,PayPal
O003055,2024-02-28,C03363,P0103,2,22.81,0.0,45.62,10.46,Same Day,Credit Card
O005900,2024-02-29,C03084,P0155,1,34.48,0.3,24.14,-1.21,Standard,Bank Transfer
O006337,2024-02-29,C02829,P0078,4,23.47,0.05,89.19,41.63,First Class,Credit Card
O010744,2024-02-29,C02077,P0038,1,7.97,0.1,7.17,1.15,First Class,PayPal
O011647,2024-02-29,C01612,P0055,1,55.71,0.1,50.14,17.97,Standard,Credit Card
O003630,2024-02-29,C02523,P0083,1,74.49,0.0,74.49,28.38,Second Class,Debit Card
O005585,2024-02-29,C00087,P0139,2,48.37,0.2,77.39,27.85,Second Class,Bank Transfer
O008689,2024-02-29,C02131,P0058,5,23.31,0.0,116.55,59.15,Standard,Bank Transfer
O009095,2024-02-29,C01383,P0004,1,76.71,0.3,53.7,16.25,Standard,PayPal
O003532,2024-02-29,C01857,P0136,1,78.06,0.1,70.25,30.94,Standard,UPI
O001817,2024-02-29,C00963,P0014,2,8.22,0.05,15.62,2.32,First Class,Credit Card
O001097,2024-02-29,C01930,P0024,3,11.29,0.15,28.79,4.52,Same Day,Debit Card
O010572,2024-02-29,C01775,P0148,1,12.08,0.0,12.08,3.42,Standard,UPI
O003936,2024-02-29,C01998,P0043,1,26.44,0.15,22.47,2.6,Standard,Credit Card
O010816,2024-02-29,C03310,P0023,2,29.78,0.05,56.58,9.04,Second Class,Debit Card
O010292,2024-02-29,C02103,P0171,1,15.99,0.2,12.79,3.37,First Class,UPI
O009414,2024-02-29,C01569,P0130,2,20.55,0.0,41.1,13.74,Standard,UPI
O001844,2024-03-01,C01899,P0162,1,47.54,0.2,38.03,0.17,Same Day,PayPal
O010357,2024-03-01,C00482,P0012,2,21.06,0.0,42.12,8.6,First Class,Bank Transfer
O008739,2024-03-01,C00872,P0047,1,21.13,0.0,21.13,4.59,Standard,Bank Transfer
O002411,2024-03-01,C00772,P0073,1,27.85,0.05,26.46,8.2,Second Class,Bank Transfer
O000526,2024-03-01,C01329,P0003,1,43.42,0.0,43.42,18.43,Standard,Bank Transfer
O009966,2024-03-01,C01916,P0070,1,18.74,0.3,13.12,0.06,Second Class,Debit Card
O006584,2024-03-01,C02858,P0065,2,48.33,0.05,91.83,24.97,Same Day,PayPal
O000490,2024-03-01,C02883,P0026,2,30.63,0.1,55.13,23.71,Standard,UPI
O007543,2024-03-01,C00951,P0107,1,97.13,0.0,97.13,34.27,Standard,PayPal
O010163,2024-03-01,C01778,P0174,1,35.58,0.15,30.24,13.03,Standard,Debit Card
O004857,2024-03-01,C02316,P0043,1,26.44,0.0,26.44,6.57,Same Day,UPI
O001839,2024-03-01,C01727,P0173,1,27.11,0.0,27.11,10.51,Same Day,UPI
O002168,2024-03-01,C03447,P0135,2,15.68,0.05,29.79,12.65,Standard,Debit Card
O002156,2024-03-01,C01847,P0054,1,42.42,0.2,33.94,5.75,First Class,PayPal
O000065,2024-03-01,C01219,P0161,1,15.13,0.15,12.86,3.84,Second Class,Debit Card
O005385,2024-03-01,C01015,P0029,5,19.29,0.1,86.8,35.9,Second Class,Bank Transfer
O005146,2024-03-01,C02113,P0024,2,11.29,0.0,22.58,6.4,Standard,Debit Card
O002058,2024-03-01,C02540,P0053,1,18.36,0.15,15.61,3.89,Second Class,UPI
O007263,2024-03-01,C00167,P0152,1,35.7,0.15,30.35,3.46,Same Day,Bank Transfer
O006505,2024-03-01,C00363,P0111,1,8.19,0.1,7.37,2.33,Second Class,Debit Card
O008164,2024-03-01,C01429,P0037,1,32.65,0.05,31.02,6.36,Second Class,UPI
O007158,2024-03-02,C00894,P0009,1,21.01,0.15,17.86,1.24,Same Day,Bank Transfer
O004898,2024-03-02,C02068,P0152,2,35.7,0.05,67.83,14.05,Same Day,Bank Transfer
O001948,2024-03-02,C01843,P0109,1,33.7,0.0,33.7,15.54,Same Day,PayPal
O005235,2024-03-02,C03170,P0088,1,35.29,0.0,35.29,9.78,Standard,Debit Card
O005778,2024-03-02,C02784,P0133,2,14.29,0.0,28.58,5.52,Second Class,UPI
O001250,2024-03-02,C02134,P0169,1,24.3,0.2,19.44,3.6,Same Day,UPI
O000457,2024-03-02,C02319,P0067,2,27.2,0.15,46.24,19.18,Standard,PayPal
O010840,2024-03-02,C00420,P0128,3,19.73,0.05,56.23,14.86,Second Class,Credit Card
O003107,2024-03-02,C02627,P0077,3,30.16,0.05,85.96,29.02,Same Day,Credit Card
O004067,2024-03-02,C01664,P0160,3,43.67,0.1,117.91,20.44,First Class,PayPal
O006365,2024-03-02,C01902,P0016,2,19.78,0.1,35.6,5.14,First Class,Bank Transfer
O002544,2024-03-02,C03035,P0179,4,24.0,0.05,91.2,14.08,Second Class,Credit Card
O009631,2024-03-02,C01401,P0126,1,118.37,0.05,112.45,32.47,Second Class,UPI
O010145,2024-03-02,C00262,P0066,2,68.82,0.15,116.99,46.93,First Class,PayPal
O011186,2024-03-02,C02802,P0032,1,95.01,0.0,95.01,25.48,First Class,UPI
O008836,2024-03-03,C00759,P0008,1,46.94,0.0,46.94,9.18,First Class,Debit Card
O010151,2024-03-03,C01027,P0169,1,24.3,0.1,21.87,6.03,Standard,PayPal
O009852,2024-03-03,C00111,P0095,2,22.09,0.15,37.55,10.05,Standard,UPI
O011201,2024-03-03,C01896,P0071,2,36.05,0.1,64.89,12.49,Standard,Debit Card
O011199,2024-03-03,C01551,P0046,1,17.85,0.1,16.07,2.67,First Class,Credit Card
O004307,2024-03-03,C02501,P0128,2,19.73,0.0,39.46,11.88,Standard,UPI
O000461,2024-03-03,C03218,P0098,3,33.77,0.05,96.24,21.51,First Class,UPI
O006425,2024-03-03,C01833,P0043,2,26.44,0.1,47.59,7.85,Standard,PayPal
O002225,2024-03-03,C02494,P0013,1,33.36,0.15,28.36,7.49,Same Day,UPI
O005660,2024-03-03,C00815,P0060,2,53.74,0.0,107.48,42.72,Same Day,UPI
O003383,2024-03-03,C01701,P0104,4,16.92,0.0,67.68,19.0,Second Class,PayPal
O006208,2024-03-03,C00597,P0174,1,35.58,0.05,33.8,16.59,Standard,Credit Card
O007279,2024-03-03,C02176,P0051,1,35.19,0.3,24.63,0.82,Standard,Debit Card
O010642,2024-03-03,C02569,P0180,2,167.02,0.2,267.23,41.77,Standard,Credit Card
O005460,2024-03-03,C01409,P0052,1,22.19,0.15,18.86,7.94,Standard,PayPal
O006473,2024-03-03,C01041,P0148,1,12.08,0.2,9.66,1.0,First Class,Debit Card
O000264,2024-03-03,C02721,P0065,1,48.33,0.15,41.08,7.65,Same Day,Bank Transfer
O006713,2024-03-03,C02816,P0169,1,24.3,0.05,23.09,7.25,First Class,UPI
O006222,2024-03-03,C02386,P0149,2,40.02,0.0,80.04,24.5,Same Day,Credit Card
O000560,2024-03-03,C00323,P0073,2,27.85,0.05,52.91,16.39,Standard,Credit Card
O011371,2024-03-03,C02174,P0015,1,9.29,0.15,7.9,0.4,Standard,Debit Card
O011415,2024-03-03,C00530,P0178,5,73.32,0.05,348.27,53.87,Same Day,Bank Transfer
O004868,2024-03-03,C02824,P0064,4,13.1,0.05,49.78,20.78,Standard,UPI
O001467,2024-03-03,C02127,P0155,2,34.48,0.05,65.51,14.81,First Class,Credit Card
O001374,2024-03-03,C03283,P0048,4,56.66,0.05,215.31,80.47,Second Class,Debit Card
O010742,2024-03-04,C02405,P0073,1,27.85,0.05,26.46,8.2,First Class,Credit Card
O000819,2024-03-04,C01923,P0127,1,14.97,0.1,13.47,4.31,Standard,PayPal
O004066,2024-03-04,C00870,P0029,1,19.29,0.3,13.5,3.32,Standard,PayPal
O010092,2024-03-04,C00821,P0121,2,47.66,0.0,95.32,47.28,First Class,PayPal
O001563,2024-03-04,C02902,P0102,3,21.68,0.05,61.79,29.66,Same Day,PayPal
O004031,2024-03-04,C02069,P0079,1,30.25,0.0,30.25,15.47,First Class,PayPal
O001113,2024-03-04,C00852,P0040,1,32.39,0.05,30.77,5.17,Same Day,Bank Transfer
O002821,2024-03-04,C01392,P0140,1,12.81,0.05,12.17,3.05,Second Class,UPI
O007828,2024-03-04,C01097,P0121,1,47.66,0.2,38.13,14.11,First Class,Bank Transfer
O008303,2024-03-04,C00441,P0110,3,27.16,0.1,73.33,22.21,First Class,Bank Transfer
O005903,2024-03-04,C03079,P0070,1,18.74,0.0,18.74,5.68,First Class,Bank Transfer
O000969,2024-03-05,C00472,P0130,2,20.55,0.1,36.99,9.63,Standard,UPI
O004126,2024-03-05,C00430,P0102,2,21.68,0.05,41.19,19.77,First Class,Debit Card
O009511,2024-03-05,C01459,P0043,1,26.44,0.15,22.47,2.6,Standard,Debit Card
O008277,2024-03-05,C02697,P0020,2,11.38,0.2,18.21,4.83,First Class,UPI
O001794,2024-03-05,C02143,P0128,1,19.73,0.0,19.73,5.94,First Class,UPI
O007081,2024-03-05,C02652,P0172,1,16.77,0.15,14.25,1.09,Standard,Bank Transfer
O000054,2024-03-05,C00342,P0014,2,8.22,0.1,14.8,1.5,Second Class,Debit Card
O006718,2024-03-05,C01166,P0134,3,38.78,0.2,93.07,1.42,Same Day,PayPal
O004620,2024-03-05,C01807,P0084,1,20.35,0.1,18.32,7.35,First Class,PayPal
O003066,2024-03-05,C01067,P0018,2,34.96,0.2,55.94,13.22,Second Class,Bank Transfer
O001025,2024-03-05,C01700,P0018,2,34.96,0.1,62.93,20.21,First Class,UPI
O002830,2024-03-05,C01559,P0065,1,48.33,0.1,43.5,10.07,Second Class,Credit Card
O004231,2024-03-05,C01080,P0138,1,23.12,0.15,19.65,8.41,Standard,Bank Transfer
O001535,2024-03-05,C00002,P0044,1,23.44,0.1,21.1,4.67,Same Day,UPI
O000127,2024-03-05,C03409,P0127,3,14.97,0.2,35.93,8.45,Standard,Debit Card
O002682,2024-03-06,C02795,P0160,4,43.67,0.15,148.48,18.52,Same Day,UPI
O009607,2024-03-06,C02380,P0076,1,48.63,0.1,43.77,15.95,Standard,UPI
O003903,2024-03-06,C01369,P0001,1,39.36,0.05,37.39,15.88,First Class,PayPal
O007350,2024-03-06,C02100,P0051,1,35.19,0.0,35.19,11.38,Same Day,Credit Card
O003524,2024-03-06,C02669,P0002,1,26.05,0.05,24.75,5.85,Second Class,Debit Card
O008089,2024-03-06,C03087,P0067,1,27.2,0.1,24.48,10.95,Standard,Debit Card
O010763,2024-03-06,C02636,P0131,4,10.4,0.05,39.52,6.24,Second Class,Bank Transfer
O011091,2024-03-06,C00922,P0116,1,34.67,0.2,27.74,3.72,Standard,Credit Card
O003666,2024-03-06,C02969,P0110,2,27.16,0.05,51.6,17.52,Same Day,Bank Transfer
O000627,2024-03-06,C03063,P0158,1,38.78,0.0,38.78,14.73,Same Day,UPI
O003983,2024-03-06,C02795,P0179,1,24.0,0.05,22.8,3.52,Standard,Credit Card
O009389,2024-03-06,C03221,P0165,1,53.31,0.05,50.64,11.44,Same Day,PayPal
O009560,2024-03-06,C00791,P0071,3,36.05,0.05,102.74,24.14,Standard,UPI
O003415,2024-03-06,C02240,P0176,1,48.8,0.1,43.92,18.98,First Class,Bank Transfer
O011204,2024-03-06,C01108,P0142,1,66.66,0.15,56.66,17.43,Second Class,Bank Transfer
O010958,2024-03-06,C02995,P0023,2,29.78,0.05,56.58,9.04,Second Class,UPI
O011912,2024-03-06,C01519,P0099,2,28.6,0.0,57.2,29.46,Second Class,UPI
O008676,2024-03-06,C03083,P0026,1,30.63,0.0,30.63,14.92,First Class,Debit Card
O009248,2024-03-06,C02555,P0150,2,34.57,0.05,65.68,11.86,First Class,UPI
O002129,2024-03-06,C02749,P0066,2,68.82,0.05,130.76,60.7,Same Day,PayPal
O008821,2024-03-06,C00206,P0106,2,37.06,0.3,51.88,13.84,First Class,Credit Card
O005069,2024-03-07,C01385,P0011,1,21.09,0.0,21.09,10.86,First Class,Bank Transfer
O004657,2024-03-07,C02212,P0070,2,18.74,0.2,29.98,3.86,Second Class,Bank Transfer
O009644,2024-03-07,C01524,P0010,2,40.56,0.1,73.01,23.87,Same Day,PayPal
O000698,2024-03-07,C00277,P0145,4,33.75,0.15,114.75,12.55,First Class,PayPal
O010272,2024-03-07,C00768,P0030,1,23.58,0.0,23.58,8.11,Second Class,Credit Card
O001028,2024-03-07,C02257,P0059,3,35.35,0.05,100.75,20.2,Same Day,Credit Card
O000504,2024-03-07,C00966,P0166,1,37.27,0.15,31.68,4.23,Same Day,Debit Card
O011672,2024-03-07,C02836,P0019,2,15.8,0.1,28.44,4.12,Standard,PayPal
O000923,2024-03-07,C01161,P0140,2,12.81,0.05,24.34,6.1,Same Day,PayPal
O006202,2024-03-07,C00560,P0091,1,30.36,0.05,28.84,4.41,Second Class,PayPal
O008445,2024-03-07,C00595,P0144,1,32.14,0.0,32.14,16.46,Second Class,Credit Card
O009091,2024-03-07,C03421,P0151,3,33.54,0.15,85.53,12.09,Second Class,Bank Transfer
O005854,2024-03-07,C00788,P0004,1,76.71,0.15,65.2,27.75,First Class,Debit Card
O011291,2024-03-08,C03083,P0083,1,74.49,0.3,52.14,6.03,Same Day,UPI
O008858,2024-03-08,C02992,P0070,3,18.74,0.0,56.22,17.04,Second Class,Bank Transfer
O011995,2024-03-08,C01005,P0134,3,38.78,0.15,98.89,7.24,Second Class,Debit Card
O002845,2024-03-08,C03197,P0003,2,43.42,0.0,86.84,36.86,Same Day,Debit Card
O009088,2024-03-08,C00174,P0113,1,29.64,0.2,23.71,3.08,First Class,Bank Transfer
O006104,2024-03-08,C00167,P0140,1,12.81,0.2,10.25,1.13,Second Class,Bank Transfer
O001838,2024-03-08,C02736,P0023,4,29.78,0.15,101.25,6.17,Standard,Credit Card
O005126,2024-03-08,C02299,P0116,4,34.67,0.3,97.08,1.0,Second Class,UPI
O009580,2024-03-08,C01207,P0127,1,14.97,0.15,12.72,3.56,Second Class,Credit Card
O007430,2024-03-08,C03365,P0156,1,17.92,0.0,17.92,4.4,Same Day,PayPal
O006654,2024-03-08,C01240,P0180,1,167.02,0.05,158.67,45.94,First Class,Credit Card
O011656,2024-03-08,C00050,P0107,3,97.13,0.1,262.25,73.67,Standard,UPI
O000409,2024-03-08,C03336,P0170,5,17.46,0.15,74.21,7.76,Same Day,Credit Card
O007872,2024-03-08,C02124,P0122,1,15.78,0.0,15.78,4.76,Second Class,Debit Card
O002423,2024-03-08,C01300,P0080,1,7.83,0.2,6.26,-0.06,Same Day,Bank Transfer
O009843,2024-03-08,C00788,P0023,2,29.78,0.2,47.65,0.11,Second Class,Credit Card
O000677,2024-03-08,C02614,P0162,2,47.54,0.15,80.82,5.1,Standard,Debit Card
O005447,2024-03-08,C01654,P0076,2,48.63,0.0,97.26,41.62,Same Day,Debit Card
O002103,2024-03-08,C03142,P0135,1,15.68,0.1,14.11,5.54,Same Day,Debit Card
O009301,2024-03-08,C01717,P0110,1,27.16,0.1,24.44,7.4,Same Day,UPI
O001429,2024-03-08,C02881,P0047,1,21.13,0.1,19.02,2.48,Standard,Credit Card
O006060,2024-03-08,C02627,P0017,2,14.76,0.15,25.09,7.97,Second Class,UPI
O003023,2024-03-09,C02608,P0026,1,30.63,0.15,26.04,10.33,Second Class,Credit Card
O001411,2024-03-09,C02714,P0103,2,22.81,0.1,41.06,5.9,First Class,PayPal
O001233,2024-03-09,C02487,P0066,1,68.82,0.1,61.94,26.91,Second Class,Bank Transfer
O002510,2024-03-09,C01082,P0154,4,33.15,0.0,132.6,60.96,Same Day,Debit Card
O007693,2024-03-09,C03090,P0079,5,30.25,0.0,151.25,77.35,Same Day,PayPal
O002376,2024-03-09,C03184,P0041,1,46.06,0.15,39.15,9.03,First Class,Bank Transfer
O001375,2024-03-09,C01528,P0169,1,24.3,0.3,17.01,1.17,Same Day,PayPal
O004535,2024-03-09,C01376,P0102,2,21.68,0.0,43.36,21.94,Same Day,Debit Card
O010823,2024-03-09,C01737,P0106,1,37.06,0.05,35.21,16.19,Second Class,Debit Card
O010544,2024-03-09,C00946,P0167,1,48.63,0.0,48.63,23.58,Second Class,Bank Transfer
O007704,2024-03-09,C03412,P0094,2,23.04,0.3,32.26,0.56,Same Day,Debit Card
O006897,2024-03-09,C02355,P0136,2,78.06,0.1,140.51,61.89,Same Day,UPI
O009529,2024-03-09,C00183,P0016,1,19.78,0.15,16.81,1.58,Same Day,Credit Card
O003079,2024-03-09,C01165,P0133,2,14.29,0.0,28.58,5.52,First Class,PayPal
O010253,2024-03-09,C02108,P0028,1,36.39,0.0,36.39,6.67,Second Class,Credit Card
O008950,2024-03-09,C00461,P0062,1,25.26,0.15,21.47,4.86,Same Day,PayPal
O007146,2024-03-09,C00890,P0106,1,37.06,0.1,33.35,14.33,Standard,PayPal
O000742,2024-03-09,C00730,P0156,5,17.92,0.0,89.6,22.0,First Class,UPI
O011337,2024-03-09,C03227,P0167,2,48.63,0.15,82.67,32.57,Second Class,Bank Transfer
O011109,2024-03-09,C00830,P0006,1,24.48,0.1,22.03,8.81,Same Day,UPI
O011706,2024-03-09,C00227,P0124,2,11.46,0.15,19.48,3.92,Same Day,Credit Card
O000279,2024-03-09,C01848,P0103,2,22.81,0.1,41.06,5.9,First Class,Credit Card
O011305,2024-03-09,C00891,P0178,1,73.32,0.0,73.32,14.44,Standard,UPI
O006577,2024-03-09,C03327,P0140,1,12.81,0.0,12.81,3.69,Same Day,Bank Transfer
O006273,2024-03-10,C02722,P0012,1,21.06,0.1,18.95,2.19,Second Class,Bank Transfer
O011198,2024-03-10,C00929,P0002,1,26.05,0.15,22.14,3.24,Same Day,Debit Card
O004490,2024-03-10,C02325,P0098,1,33.77,0.0,33.77,8.86,First Class,Bank Transfer
O000664,2024-03-10,C01320,P0033,2,28.25,0.2,45.2,4.7,Standard,UPI
O008287,2024-03-10,C01139,P0089,2,20.2,0.0,40.4,11.94,Standard,Bank Transfer
O003618,2024-03-10,C02375,P0140,1,12.81,0.2,10.25,1.13,Standard,Credit Card
O002329,2024-03-10,C02244,P0162,1,47.54,0.2,38.03,0.17,Same Day,PayPal
O000965,2024-03-10,C01315,P0101,4,11.36,0.15,38.62,16.1,Second Class,Credit Card
O005111,2024-03-10,C00276,P0135,1,15.68,0.2,12.54,3.97,Second Class,PayPal
O003576,2024-03-10,C00820,P0071,3,36.05,0.0,108.15,29.55,Second Class,UPI
O004606,2024-03-10,C03019,P0093,1,18.06,0.15,15.35,3.28,Standard,Bank Transfer
O000646,2024-03-10,C02978,P0060,1,53.74,0.2,42.99,10.61,Standard,UPI
O008694,2024-03-10,C01790,P0032,1,95.01,0.15,80.76,11.23,Same Day,UPI
O003205,2024-03-11,C01885,P0096,3,11.01,0.0,33.03,14.4,First Class,Debit Card
O004960,2024-03-11,C03400,P0116,1,34.67,0.1,31.2,7.18,Same Day,PayPal
O010568,2024-03-11,C00340,P0008,1,46.94,0.05,44.59,6.83,First Class,PayPal
O008801,2024-03-11,C02634,P0156,1,17.92,0.1,16.13,2.61,Same Day,Bank Transfer
O005559,2024-03-11,C00291,P0127,1,14.97,0.1,13.47,4.31,First Class,PayPal
O005283,2024-03-11,C03042,P0102,1,21.68,0.0,21.68,10.97,Same Day,Debit Card
O001404,2024-03-11,C02709,P0138,1,23.12,0.0,23.12,11.88,Second Class,Debit Card
O009353,2024-03-11,C02802,P0015,1,9.29,0.0,9.29,1.79,Standard,PayPal
O003450,2024-03-11,C00377,P0123,2,70.94,0.0,141.88,72.5,Same Day,Debit Card
O005687,2024-03-11,C02335,P0068,1,54.72,0.2,43.78,7.63,First Class,UPI
O008849,2024-03-11,C00001,P0097,1,34.55,0.3,24.18,3.41,First Class,Credit Card
O004590,2024-03-11,C00807,P0011,1,21.09,0.15,17.93,7.7,Same Day,Bank Transfer
O010844,2024-03-11,C01813,P0017,4,14.76,0.05,56.09,21.85,First Class,Debit Card
O001935,2024-03-11,C03386,P0050,1,9.06,0.05,8.61,3.97,Second Class,PayPal
O011523,2024-03-11,C02021,P0120,2,46.47,0.05,88.29,38.53,Second Class,Bank Transfer
O011860,2024-03-12,C03484,P0058,2,23.31,0.05,44.29,21.33,Standard,Debit Card
O007016,2024-03-12,C01403,P0139,1,48.37,0.0,48.37,23.6,Standard,PayPal
O005613,2024-03-12,C03122,P0027,4,13.49,0.0,53.96,16.76,Standard,Debit Card
O011367,2024-03-12,C01755,P0158,1,38.78,0.2,31.02,6.97,Standard,PayPal
O002237,2024-03-12,C03362,P0035,3,48.65,0.05,138.65,50.75,Standard,PayPal
O004875,2024-03-12,C03331,P0107,2,97.13,0.0,194.26,68.54,Second Class,Debit Card
O008485,2024-03-12,C02973,P0115,2,25.15,0.0,50.3,19.74,Same Day,UPI
O005647,2024-03-12,C01572,P0060,1,53.74,0.05,51.05,18.67,Same Day,UPI
O007280,2024-03-12,C00912,P0005,1,24.48,0.0,24.48,7.36,First Class,Debit Card
O005220,2024-03-12,C03318,P0115,1,25.15,0.15,21.38,6.1,Same Day,Credit Card
O000205,2024-03-12,C03210,P0127,4,14.97,0.2,47.9,11.26,First Class,UPI
O000045,2024-03-12,C01551,P0120,1,46.47,0.1,41.82,16.94,Standard,UPI
O001871,2024-03-13,C02472,P0014,4,8.22,0.1,29.59,2.99,Second Class,UPI
O007842,2024-03-13,C00864,P0099,1,28.6,0.05,27.17,13.3,First Class,UPI
O009068,2024-03-13,C02513,P0162,2,47.54,0.15,80.82,5.1,First Class,Debit Card
O006120,2024-03-13,C00720,P0051,5,35.19,0.1,158.35,39.3,First Class,Credit Card
O000797,2024-03-13,C00120,P0134,1,38.78,0.15,32.96,2.41,Second Class,PayPal
O008459,2024-03-13,C01990,P0067,1,27.2,0.0,27.2,13.67,Standard,UPI
O001921,2024-03-13,C01365,P0049,1,35.64,0.2,28.51,6.85,Second Class,PayPal
O008578,2024-03-13,C03081,P0093,2,18.06,0.0,36.12,11.98,Second Class,UPI
O010093,2024-03-13,C03025,P0057,2,16.52,0.15,28.08,11.88,Second Class,UPI
O001108,2024-03-13,C03014,P0100,2,24.47,0.1,44.05,18.63,Second Class,Debit Card
O002154,2024-03-13,C01582,P0032,3,95.01,0.1,256.53,47.94,Same Day,Credit Card
O003118,2024-03-13,C03112,P0053,1,18.36,0.0,18.36,6.64,Standard,PayPal
O008282,2024-03-13,C02450,P0057,3,16.52,0.0,49.56,25.26,Same Day,PayPal
O007712,2024-03-13,C01544,P0079,1,30.25,0.0,30.25,15.47,Same Day,UPI
O002484,2024-03-13,C03188,P0046,2,17.85,0.0,35.7,8.9,Second Class,UPI
O002130,2024-03-14,C01619,P0020,2,11.38,0.0,22.76,9.38,Same Day,UPI
O004738,2024-03-14,C00584,P0039,1,12.02,0.15,10.22,0.91,First Class,PayPal
O006429,2024-03-14,C03052,P0020,1,11.38,0.05,10.81,4.12,First Class,PayPal
O003848,2024-03-14,C02381,P0031,2,19.28,0.1,34.7,4.68,First Class,Bank Transfer
O010215,2024-03-14,C03212,P0109,2,33.7,0.1,60.66,24.34,Second Class,UPI
O003084,2024-03-14,C03163,P0006,1,24.48,0.1,22.03,8.81,Standard,Debit Card
O010872,2024-03-14,C00967,P0020,1,11.38,0.2,9.1,2.41,Same Day,Credit Card
O007880,2024-03-14,C02759,P0160,2,43.67,0.05,82.97,17.99,Second Class,Credit Card
O009495,2024-03-14,C03012,P0148,1,12.08,0.0,12.08,3.42,Standard,UPI
O009403,2024-03-14,C01916,P0045,4,10.9,0.0,43.6,12.28,First Class,Bank Transfer
O003797,2024-03-14,C01185,P0015,3,9.29,0.0,27.87,5.37,Standard,Credit Card
O008789,2024-03-14,C03047,P0125,2,41.74,0.15,70.96,4.2,Standard,PayPal
O010935,2024-03-14,C00740,P0043,2,26.44,0.15,44.95,5.21,Same Day,UPI
O009685,2024-03-14,C01467,P0140,2,12.81,0.05,24.34,6.1,First Class,Bank Transfer
O003049,2024-03-14,C01392,P0080,4,7.83,0.0,31.32,6.04,Standard,Credit Card
O001719,2024-03-15,C00618,P0045,1,10.9,0.1,9.81,1.98,Same Day,Credit Card
O001832,2024-03-15,C02608,P0064,2,13.1,0.1,23.58,9.08,Same Day,Bank Transfer
O007634,2024-03-15,C03473,P0044,3,23.44,0.0,70.32,21.03,Second Class,UPI
O010447,2024-03-15,C00023,P0150,2,34.57,0.1,62.23,8.41,Standard,Bank Transfer
O003075,2024-03-15,C00132,P0153,2,18.32,0.1,32.98,11.88,First Class,Debit Card
O001680,2024-03-15,C03303,P0094,3,23.04,0.1,62.21,14.66,Second Class,Bank Transfer
O006234,2024-03-15,C01520,P0007,4,79.56,0.15,270.5,15.98,Same Day,Bank Transfer
O008652,2024-03-15,C00193,P0145,2,33.75,0.1,60.75,9.65,Same Day,Debit Card
O011031,2024-03-15,C01273,P0046,1,17.85,0.0,17.85,4.45,Second Class,Bank Transfer
O006078,2024-03-15,C01612,P0126,1,118.37,0.2,94.7,14.72,Standard,PayPal
O010906,2024-03-15,C01076,P0040,3,32.39,0.05,92.31,15.51,First Class,Credit Card
O011420,2024-03-15,C03068,P0159,1,13.14,0.1,11.83,3.86,Second Class,Debit Card
O003464,2024-03-15,C02463,P0044,3,23.44,0.0,70.32,21.03,First Class,Debit Card
O007808,2024-03-15,C01927,P0078,1,23.47,0.1,21.12,9.23,First Class,Bank Transfer
O002209,2024-03-15,C01477,P0071,1,36.05,0.05,34.25,8.05,Second Class,UPI
O010129,2024-03-15,C00318,P0064,4,13.1,0.0,52.4,23.4,Second Class,Debit Card
O001368,2024-03-15,C03008,P0006,1,24.48,0.0,24.48,11.26,Second Class,Debit Card
O011847,2024-03-15,C03057,P0164,1,16.72,0.3,11.7,1.24,First Class,Bank Transfer
O003328,2024-03-15,C01088,P0017,2,14.76,0.05,28.04,10.92,Standard,PayPal
O009480,2024-03-15,C02716,P0078,1,23.47,0.2,18.78,6.89,Standard,UPI
O007904,2024-03-16,C02978,P0025,1,20.01,0.3,14.01,0.53,Standard,UPI
O007825,2024-03-16,C01174,P0173,1,27.11,0.05,25.75,9.15,First Class,UPI
O004747,2024-03-16,C01499,P0136,3,78.06,0.05,222.47,104.54,Second Class,Bank Transfer
O002494,2024-03-16,C02436,P0126,3,118.37,0.05,337.35,97.41,Same Day,PayPal
O003146,2024-03-16,C02691,P0147,2,12.76,0.15,21.69,8.41,Same Day,Bank Transfer
O011717,2024-03-16,C02958,P0102,1,21.68,0.05,20.6,9.89,First Class,UPI
O008117,2024-03-16,C00234,P0065,2,48.33,0.2,77.33,10.47,Standard,PayPal
O007608,2024-03-16,C00284,P0168,1,97.8,0.05,92.91,15.95,First Class,Credit Card
O010099,2024-03-16,C03422,P0070,3,18.74,0.1,50.6,11.42,Second Class,UPI
O002169,2024-03-16,C03200,P0080,1,7.83,0.0,7.83,1.51,Same Day,Bank Transfer
O001615,2024-03-16,C03478,P0117,1,27.87,0.1,25.08,6.93,Same Day,UPI
O010838,2024-03-16,C00581,P0114,3,141.33,0.0,423.99,213.93,Second Class,Debit Card
O003711,2024-03-16,C02595,P0037,3,32.65,0.3,68.56,-5.42,First Class,UPI
O003128,2024-03-16,C01455,P0149,1,40.02,0.05,38.02,10.25,First Class,PayPal
O000972,2024-03-16,C00114,P0127,1,14.97,0.2,11.98,2.82,Same Day,PayPal
O008092,2024-03-16,C00748,P0063,1,13.89,0.05,13.2,2.9,Second Class,PayPal
O001603,2024-03-17,C00098,P0140,1,12.81,0.0,12.81,3.69,First Class,PayPal
O010149,2024-03-17,C02392,P0087,1,51.68,0.1,46.51,12.05,Standard,Bank Transfer
O006112,2024-03-17,C03492,P0165,3,53.31,0.1,143.94,26.34,Same Day,Credit Card
O000441,2024-03-17,C01257,P0116,1,34.67,0.1,31.2,7.18,First Class,PayPal
O008639,2024-03-17,C02925,P0030,3,23.58,0.0,70.74,24.33,Same Day,UPI
O009270,2024-03-17,C02155,P0008,1,46.94,0.15,39.9,2.14,First Class,UPI
O010202,2024-03-17,C00876,P0007,2,79.56,0.15,135.25,7.99,Same Day,Credit Card
O004107,2024-03-17,C01025,P0149,3,40.02,0.0,120.06,36.75,Standard,Credit Card
O006905,2024-03-17,C01136,P0084,1,20.35,0.1,18.32,7.35,Second Class,Debit Card
O003977,2024-03-17,C00387,P0036,4,12.89,0.0,51.56,21.68,Second Class,Bank Transfer
O006374,2024-03-17,C00077,P0149,1,40.02,0.15,34.02,6.25,Standard,Bank Transfer
O001739,2024-03-17,C02781,P0144,2,32.14,0.15,54.64,23.28,First Class,Bank Transfer
O001763,2024-03-17,C00325,P0170,1,17.46,0.05,16.59,3.3,First Class,Debit Card
O008309,2024-03-17,C01098,P0015,1,9.29,0.05,8.83,1.33,Same Day,PayPal
O004153,2024-03-17,C01854,P0023,1,29.78,0.15,25.31,1.54,Second Class,PayPal
O010265,2024-03-17,C01805,P0122,4,15.78,0.1,56.81,12.73,Second Class,Debit Card
O005145,2024-03-18,C00708,P0118,1,13.33,0.0,13.33,3.05,Standard,Bank Transfer
O011495,2024-03-18,C01314,P0148,1,12.08,0.1,10.87,2.21,First Class,PayPal
O003877,2024-03-18,C03159,P0165,2,53.31,0.1,95.96,17.56,Standard,Bank Transfer
O011210,2024-03-18,C03286,P0117,2,27.87,0.1,50.17,13.87,Second Class,Bank Transfer
O008509,2024-03-18,C02775,P0019,1,15.8,0.15,13.43,1.27,First Class,Debit Card
O009723,2024-03-18,C02347,P0130,1,20.55,0.1,18.5,4.82,Standard,UPI
O007374,2024-03-18,C01162,P0048,2,56.66,0.15,96.32,28.9,Standard,Credit Card
O007464,2024-03-18,C00657,P0107,1,97.13,0.0,97.13,34.27,First Class,Debit Card
O010788,2024-03-18,C03469,P0002,1,26.05,0.1,23.45,4.55,Second Class,Bank Transfer
O006646,2024-03-18,C01726,P0075,1,5.19,0.0,5.19,1.3,First Class,Debit Card
O005264,2024-03-18,C01455,P0117,4,27.87,0.15,94.76,22.16,Same Day,UPI
O001280,2024-03-18,C00144,P0135,1,15.68,0.1,14.11,5.54,Second Class,UPI
O004256,2024-03-18,C00482,P0109,2,33.7,0.05,64.03,27.71,First Class,UPI
O000154,2024-03-18,C01968,P0098,2,33.77,0.1,60.79,10.97,Same Day,Bank Transfer
O009760,2024-03-18,C02431,P0075,1,5.19,0.15,4.41,0.52,Same Day,Debit Card
O010238,2024-03-18,C00586,P0141,1,33.04,0.05,31.39,14.73,Standard,Credit Card
O006673,2024-03-18,C02646,P0121,2,47.66,0.0,95.32,47.28,Standard,Debit Card
O009396,2024-03-19,C01413,P0171,3,15.99,0.1,43.17,14.91,First Class,Credit Card
O005762,2024-03-19,C02772,P0152,2,35.7,0.05,67.83,14.05,First Class,Debit Card
O009246,2024-03-19,C02840,P0064,1,13.1,0.0,13.1,5.85,First Class,Debit Card
O005956,2024-03-19,C01023,P0144,1,32.14,0.0,32.14,16.46,Same Day,PayPal
O008700,2024-03-19,C01298,P0115,4,25.15,0.05,95.57,34.45,Same Day,UPI
O003690,2024-03-19,C02574,P0137,2,17.13,0.05,32.55,14.93,First Class,Bank Transfer
O007878,2024-03-19,C03000,P0082,1,35.95,0.2,28.76,3.0,Standard,Bank Transfer
O006349,2024-03-19,C00931,P0029,1,19.29,0.1,17.36,7.18,Same Day,UPI
O003910,2024-03-19,C02161,P0042,2,31.86,0.15,54.16,12.7,Same Day,PayPal
O001334,2024-03-19,C00803,P0057,1,16.52,0.1,14.87,6.77,Second Class,Debit Card
O004964,2024-03-19,C01160,P0150,4,34.57,0.3,96.8,-10.84,Second Class,PayPal
O006163,2024-03-19,C00347,P0161,1,15.13,0.05,14.37,5.35,Same Day,Credit Card
O002642,2024-03-20,C03316,P0173,4,27.11,0.0,108.44,42.04,Standard,PayPal
O010457,2024-03-20,C03252,P0153,5,18.32,0.05,87.02,34.27,Same Day,PayPal
O001689,2024-03-20,C01218,P0064,2,13.1,0.1,23.58,9.08,First Class,UPI
O006424,2024-03-20,C00674,P0010,2,40.56,0.15,68.95,19.81,Same Day,UPI
O007269,2024-03-20,C00152,P0159,1,13.14,0.0,13.14,5.17,Standard,PayPal
O009657,2024-03-20,C03353,P0176,3,48.8,0.15,124.44,49.62,Standard,Credit Card
O009460,2024-03-20,C02709,P0173,2,27.11,0.1,48.8,15.6,Same Day,Debit Card
O009942,2024-03-20,C01692,P0138,1,23.12,0.0,23.12,11.88,First Class,Debit Card
O006553,2024-03-20,C03353,P0023,5,29.78,0.1,134.01,15.16,Second Class,UPI
O002301,2024-03-20,C02556,P0165,3,53.31,0.1,143.94,26.34,Second Class,UPI
O007044,2024-03-20,C01428,P0102,3,21.68,0.0,65.04,32.91,First Class,UPI
O007108,2024-03-20,C02497,P0046,1,17.85,0.05,16.96,3.56,Second Class,Credit Card
O003085,2024-03-20,C02421,P0085,2,16.85,0.05,32.02,14.06,First Class,PayPal
O009078,2024-03-20,C02457,P0011,1,21.09,0.1,18.98,8.75,First Class,PayPal
O008602,2024-03-20,C02506,P0029,1,19.29,0.1,17.36,7.18,Second Class,UPI
O011174,2024-03-20,C01173,P0123,1,70.94,0.05,67.39,32.7,Same Day,Bank Transfer
O001713,2024-03-21,C02278,P0117,1,27.87,0.1,25.08,6.93,First Class,Credit Card
O004885,2024-03-21,C00144,P0088,1,35.29,0.1,31.76,6.25,Second Class,Debit Card
O005336,2024-03-21,C02099,P0021,1,73.9,0.05,70.2,30.47,First Class,UPI
O002643,2024-03-21,C00926,P0121,5,47.66,0.0,238.3,118.2,Same Day,Credit Card
O003446,2024-03-21,C02672,P0166,1,37.27,0.1,33.54,6.09,Same Day,Credit Card
O000624,2024-03-21,C02973,P0069,1,36.06,0.0,36.06,12.12,Same Day,UPI
O002687,2024-03-21,C02875,P0129,1,30.41,0.05,28.89,9.56,First Class,PayPal
O003303,2024-03-21,C00447,P0035,3,48.65,0.15,124.06,36.16,Same Day,UPI
O008030,2024-03-21,C00655,P0038,3,7.97,0.1,21.52,3.46,Standard,UPI
O005171,2024-03-21,C01146,P0110,1,27.16,0.05,25.8,8.76,Second Class,Credit Card
O002064,2024-03-21,C01057,P0019,4,15.8,0.0,63.2,14.56,Second Class,Bank Transfer
O001110,2024-03-21,C00876,P0154,4,33.15,0.05,125.97,54.33,Same Day,Credit Card
O003270,2024-03-21,C02922,P0080,1,7.83,0.0,7.83,1.51,Standard,UPI
O007896,2024-03-21,C02794,P0034,3,14.33,0.0,42.99,12.09,Second Class,Credit Card
O007912,2024-03-21,C01674,P0056,3,52.21,0.0,156.63,49.98,Second Class,Credit Card
O001237,2024-03-21,C00847,P0176,1,48.8,0.05,46.36,21.42,Second Class,PayPal
O003600,2024-03-21,C01485,P0033,1,28.25,0.3,19.77,-0.48,Standard,PayPal
O001048,2024-03-22,C03076,P0167,2,48.63,0.1,87.53,37.43,Standard,Bank Transfer
O003152,2024-03-22,C03186,P0056,1,52.21,0.1,46.99,11.44,Same Day,Bank Transfer
O010164,2024-03-22,C02763,P0026,2,30.63,0.2,49.01,17.59,Second Class,Debit Card
O009123,2024-03-22,C02837,P0140,3,12.81,0.15,32.67,5.31,Second Class,Bank Transfer
O010611,2024-03-22,C01436,P0054,1,42.42,0.15,36.06,7.87,Same Day,PayPal
O004793,2024-03-22,C02544,P0071,2,36.05,0.15,61.28,8.88,Standard,UPI
O001991,2024-03-22,C00010,P0036,2,12.89,0.0,25.78,10.84,Same Day,Credit Card
O000575,2024-03-22,C02299,P0087,2,51.68,0.2,82.69,13.77,Standard,PayPal
O008335,2024-03-22,C01181,P0002,2,26.05,0.0,52.1,14.3,Standard,PayPal
O002767,2024-03-22,C01081,P0142,2,66.66,0.1,119.99,41.53,Standard,Bank Transfer
O010026,2024-03-22,C03214,P0154,1,33.15,0.15,28.18,10.27,Same Day,PayPal
O007566,2024-03-22,C01092,P0097,1,34.55,0.05,32.82,12.05,Standard,Credit Card
O010218,2024-03-22,C02802,P0176,1,48.8,0.05,46.36,21.42,First Class,Bank Transfer
O004840,2024-03-22,C00980,P0036,3,12.89,0.1,34.8,12.39,Second Class,Debit Card
O001265,2024-03-22,C00918,P0157,1,95.85,0.05,91.06,12.77,Standard,UPI
O008087,2024-03-22,C02665,P0057,1,16.52,0.0,16.52,8.42,Standard,Credit Card
O007293,2024-03-23,C02526,P0151,1,33.54,0.1,30.19,5.71,Second Class,PayPal
O006834,2024-03-23,C01658,P0056,1,52.21,0.15,44.38,8.83,Same Day,UPI
O010807,2024-03-23,C01650,P0104,3,16.92,0.0,50.76,14.25,Second Class,Debit Card
O005914,2024-03-23,C02268,P0112,1,28.02,0.15,23.82,4.5,First Class,Debit Card
O005774,2024-03-23,C00226,P0165,1,53.31,0.05,50.64,11.44,Standard,PayPal
O003831,2024-03-23,C01862,P0148,1,12.08,0.1,10.87,2.21,Second Class,PayPal
O005836,2024-03-23,C00859,P0018,2,34.96,0.1,62.93,20.21,Same Day,PayPal
O006434,2024-03-23,C03332,P0048,1,56.66,0.0,56.66,22.95,Standard,PayPal
O001859,2024-03-23,C01834,P0081,1,24.71,0.1,22.24,3.36,Same Day,UPI
O011870,2024-03-23,C01194,P0046,1,17.85,0.0,17.85,4.45,Standard,UPI
O010068,2024-03-24,C00547,P0180,4,167.02,0.15,567.87,116.95,Second Class,UPI
O004472,2024-03-24,C00291,P0024,1,11.29,0.15,9.6,1.51,Standard,Debit Card
O002517,2024-03-24,C03335,P0153,1,18.32,0.15,15.57,5.02,Standard,UPI
O004756,2024-03-24,C00459,P0167,2,48.63,0.15,82.67,32.57,Same Day,UPI
O007513,2024-03-24,C00551,P0097,2,34.55,0.1,62.19,20.65,Second Class,Credit Card
O002352,2024-03-24,C01285,P0111,1,8.19,0.05,7.78,2.74,Second Class,UPI
O000273,2024-03-24,C02280,P0119,4,59.91,0.0,239.64,70.96,First Class,Credit Card
O004787,2024-03-24,C01815,P0068,2,54.72,0.15,93.02,20.72,Same Day,UPI
O007217,2024-03-24,C00017,P0024,4,11.29,0.05,42.9,10.54,Standard,UPI
O007951,2024-03-24,C01351,P0178,2,73.32,0.2,117.31,-0.45,Second Class,PayPal
O009902,2024-03-24,C03309,P0088,1,35.29,0.3,24.7,-0.81,First Class,Credit Card
O005310,2024-03-25,C02452,P0040,2,32.39,0.05,61.54,10.34,Same Day,UPI
O010656,2024-03-25,C03334,P0108,1,31.93,0.05,30.33,9.86,Second Class,Credit Card
O005534,2024-03-25,C02071,P0149,1,40.02,0.0,40.02,12.25,Same Day,UPI
O000309,2024-03-25,C02535,P0127,1,14.97,0.05,14.22,5.06,First Class,Bank Transfer
O004956,2024-03-25,C01993,P0108,1,31.93,0.2,25.54,5.07,Same Day,Bank Transfer
O005512,2024-03-25,C00573,P0019,3,15.8,0.3,33.18,-3.3,First Class,Bank Transfer
O011418,2024-03-25,C02747,P0180,1,167.02,0.2,133.62,20.89,First Class,Credit Card
O010557,2024-03-25,C00697,P0115,1,25.15,0.15,21.38,6.1,Standard,Debit Card
O010241,2024-03-25,C00908,P0057,2,16.52,0.1,29.74,13.54,Standard,PayPal
O010781,2024-03-25,C00010,P0004,4,76.71,0.0,306.84,157.04,Second Class,PayPal
O011699,2024-03-25,C00956,P0100,2,24.47,0.0,48.94,23.52,Second Class,PayPal
O010332,2024-03-25,C03401,P0147,2,12.76,0.05,24.24,10.96,Second Class,PayPal
O002050,2024-03-25,C03059,P0008,1,46.94,0.0,46.94,9.18,First Class,Credit Card
O001919,2024-03-25,C01827,P0130,1,20.55,0.15,17.47,3.79,Same Day,Bank Transfer
O009382,2024-03-25,C00075,P0034,3,14.33,0.0,42.99,12.09,Same Day,Debit Card
O011517,2024-03-25,C00903,P0041,1,46.06,0.2,36.85,6.73,Second Class,Bank Transfer
O007131,2024-03-25,C02175,P0033,2,28.25,0.0,56.5,16.0,Standard,PayPal
O005878,2024-03-25,C03248,P0132,3,29.8,0.1,80.46,25.8,Standard,UPI
O004775,2024-03-25,C01754,P0085,1,16.85,0.2,13.48,4.5,Second Class,PayPal
O000786,2024-03-26,C01123,P0121,2,47.66,0.0,95.32,47.28,Second Class,Credit Card
O004089,2024-03-26,C03210,P0016,1,19.78,0.1,17.8,2.57,Standard,UPI
O010113,2024-03-26,C00425,P0085,1,16.85,0.15,14.32,5.34,First Class,Bank Transfer
O003835,2024-03-26,C02794,P0144,3,32.14,0.05,91.6,44.56,Same Day,Credit Card
O002016,2024-03-26,C01661,P0096,1,11.01,0.0,11.01,4.8,First Class,Debit Card
O009949,2024-03-26,C00396,P0174,2,35.58,0.05,67.6,33.18,Same Day,PayPal
O006323,2024-03-26,C02080,P0169,4,24.3,0.0,97.2,33.84,First Class,Debit Card
O000772,2024-03-26,C02003,P0178,1,73.32,0.3,51.32,-7.56,Standard,PayPal
O002046,2024-03-26,C01468,P0029,1,19.29,0.0,19.29,9.11,Same Day,Bank Transfer
O001556,2024-03-26,C01289,P0036,1,12.89,0.05,12.25,4.78,Second Class,Debit Card
O003905,2024-03-26,C01608,P0116,1,34.67,0.3,24.27,0.25,Standard,UPI
O005735,2024-03-26,C02382,P0064,2,13.1,0.05,24.89,10.39,First Class,Bank Transfer
O009586,2024-03-26,C02609,P0173,4,27.11,0.15,92.17,25.77,First Class,Bank Transfer
O010885,2024-03-26,C00938,P0166,1,37.27,0.15,31.68,4.23,Same Day,Credit Card
O008743,2024-03-26,C01184,P0095,2,22.09,0.05,41.97,14.47,Second Class,PayPal
O010884,2024-03-26,C00306,P0066,1,68.82,0.0,68.82,33.79,Standard,Bank Transfer
O004589,2024-03-26,C01503,P0057,3,16.52,0.3,34.69,10.39,Second Class,PayPal
O008538,2024-03-27,C02923,P0023,1,29.78,0.0,29.78,6.01,Second Class,Debit Card
O000562,2024-03-27,C02433,P0054,1,42.42,0.15,36.06,7.87,Same Day,Credit Card
O002613,2024-03-27,C00514,P0115,1,25.15,0.15,21.38,6.1,Same Day,UPI
O007686,2024-03-27,C02073,P0060,1,53.74,0.3,37.62,5.24,Standard,Bank Transfer
O001347,2024-03-27,C00347,P0138,1,23.12,0.0,23.12,11.88,Second Class,Bank Transfer
O003694,2024-03-27,C00859,P0028,2,36.39,0.15,61.86,2.42,Second Class,UPI
O000841,2024-03-27,C02976,P0046,1,17.85,0.0,17.85,4.45,First Class,UPI
O008470,2024-03-27,C00772,P0035,4,48.65,0.1,175.14,57.94,Standard,Debit Card
O003463,2024-03-27,C02149,P0110,2,27.16,0.1,48.89,14.81,Standard,Credit Card
O009641,2024-03-27,C01818,P0067,1,27.2,0.0,27.2,13.67,First Class,Bank Transfer
O006907,2024-03-27,C02076,P0172,1,16.77,0.2,13.42,0.26,First Class,Bank Transfer
O004533,2024-03-27,C00125,P0165,2,53.31,0.05,101.29,22.89,Second Class,Credit Card
O002538,2024-03-27,C02393,P0142,3,66.66,0.3,139.99,22.3,Same Day,Debit Card
O010740,2024-03-27,C01046,P0026,2,30.63,0.05,58.2,26.78,Same Day,Debit Card
O005409,2024-03-28,C01567,P0085,1,16.85,0.1,15.17,6.19,First Class,UPI
O001571,2024-03-28,C00694,P0131,2,10.4,0.2,16.64,0.0,Second Class,Debit Card
O005537,2024-03-28,C01043,P0025,1,20.01,0.15,17.01,3.53,Second Class,PayPal
O005671,2024-03-28,C01663,P0056,1,52.21,0.2,41.77,6.22,Standard,UPI
O011276,2024-03-28,C01916,P0178,1,73.32,0.15,62.32,3.44,First Class,Credit Card
O005115,2024-03-28,C02192,P0076,1,48.63,0.0,48.63,20.81,Standard,PayPal
O000463,2024-03-28,C02371,P0162,2,47.54,0.15,80.82,5.1,Standard,UPI
O007776,2024-03-28,C00473,P0088,3,35.29,0.1,95.28,18.75,Second Class,UPI
O000834,2024-03-28,C00005,P0178,1,73.32,0.15,62.32,3.44,Same Day,PayPal
O011803,2024-03-28,C00959,P0138,1,23.12,0.15,19.65,8.41,First Class,UPI
O009637,2024-03-28,C00430,P0089,3,20.2,0.15,51.51,8.82,Same Day,Debit Card
O004698,2024-03-28,C00566,P0042,1,31.86,0.05,30.27,9.54,Second Class,UPI
O010476,2024-03-28,C00985,P0016,1,19.78,0.05,18.79,3.56,First Class,Debit Card
O011140,2024-03-28,C00195,P0048,1,56.66,0.0,56.66,22.95,Same Day,Debit Card
O010169,2024-03-29,C02585,P0156,3,17.92,0.1,48.38,7.82,Second Class,UPI
O003081,2024-03-29,C01084,P0174,5,35.58,0.2,142.32,56.27,First Class,Credit Card
O003695,2024-03-29,C02382,P0079,1,30.25,0.15,25.71,10.93,First Class,UPI
O001855,2024-03-29,C00496,P0120,1,46.47,0.0,46.47,21.59,Standard,Bank Transfer
O011613,2024-03-29,C02665,P0020,1,11.38,0.15,9.67,2.98,Same Day,PayPal
O010314,2024-03-29,C00377,P0005,3,24.48,0.0,73.44,22.08,Same Day,PayPal
O007831,2024-03-29,C00914,P0014,3,8.22,0.15,20.96,1.01,Second Class,Credit Card
O005678,2024-03-29,C02305,P0018,1,34.96,0.1,31.46,10.1,Standard,Debit Card
O011619,2024-03-29,C01881,P0123,1,70.94,0.15,60.3,25.61,Same Day,Debit Card
O006921,2024-03-29,C01919,P0071,1,36.05,0.15,30.64,4.44,First Class,Debit Card
O004913,2024-03-29,C02725,P0021,2,73.9,0.1,133.02,53.56,Same Day,UPI
O007025,2024-03-29,C00178,P0165,1,53.31,0.05,50.64,11.44,Standard,Debit Card
O005807,2024-03-29,C00208,P0075,2,5.19,0.1,9.34,1.56,Second Class,PayPal
O002866,2024-03-29,C01893,P0154,3,33.15,0.05,94.48,40.75,First Class,Bank Transfer
O001882,2024-03-29,C01915,P0046,1,17.85,0.1,16.07,2.67,Second Class,UPI
O001621,2024-03-29,C03393,P0058,1,23.31,0.1,20.98,9.5,Standard,PayPal
O009006,2024-03-29,C01399,P0089,3,20.2,0.1,54.54,11.85,Same Day,Bank Transfer
O010829,2024-03-29,C02033,P0030,2,23.58,0.0,47.16,16.22,Same Day,UPI
O006868,2024-03-30,C00274,P0040,1,32.39,0.1,29.15,3.55,Second Class,Debit Card
O004649,2024-03-30,C03121,P0127,2,14.97,0.3,20.96,2.64,Same Day,Bank Transfer
O002701,2024-03-30,C01039,P0122,1,15.78,0.05,14.99,3.97,Same Day,PayPal
O002279,2024-03-30,C01072,P0166,2,37.27,0.0,74.54,19.64,Second Class,PayPal
O001699,2024-03-30,C02719,P0094,1,23.04,0.0,23.04,7.19,Same Day,Debit Card
O011777,2024-03-30,C03466,P0020,3,11.38,0.15,29.02,8.95,First Class,Debit Card
O000086,2024-03-30,C02228,P0057,4,16.52,0.05,62.78,30.38,Same Day,Debit Card
O008147,2024-03-30,C00544,P0133,1,14.29,0.1,12.86,1.33,Standard,Debit Card
O002926,2024-03-30,C03065,P0167,2,48.63,0.05,92.4,42.3,Standard,Credit Card
O007151,2024-03-30,C01337,P0147,1,12.76,0.1,11.48,4.84,Second Class,Credit Card
O006493,2024-03-30,C00421,P0032,1,95.01,0.05,90.26,20.73,Standard,UPI
O007329,2024-03-30,C03035,P0095,2,22.09,0.2,35.34,7.84,Same Day,Debit Card
O010687,2024-03-30,C02845,P0178,2,73.32,0.1,131.98,14.22,Same Day,Debit Card
O005633,2024-03-30,C00160,P0160,2,43.67,0.2,69.87,4.89,Second Class,Bank Transfer
O010091,2024-03-31,C01744,P0151,1,33.54,0.3,23.48,-1.0,Standard,Bank Transfer
O005399,2024-03-31,C01504,P0155,2,34.48,0.1,62.06,11.36,Second Class,Credit Card
O005719,2024-03-31,C00320,P0027,2,13.49,0.3,18.89,0.29,Same Day,UPI
O002259,2024-03-31,C00921,P0007,1,79.56,0.1,71.6,7.97,Standard,UPI
O001911,2024-03-31,C02979,P0052,1,22.19,0.15,18.86,7.94,Standard,Debit Card
O009957,2024-03-31,C02308,P0055,2,55.71,0.15,94.71,30.37,Standard,PayPal
O005826,2024-03-31,C01654,P0160,2,43.67,0.1,78.61,13.63,Standard,UPI
O010037,2024-03-31,C02181,P0174,1,35.58,0.2,28.46,11.25,Same Day,Credit Card
O007463,2024-03-31,C02159,P0004,1,76.71,0.1,69.04,31.59,Second Class,Debit Card
O002413,2024-03-31,C01848,P0047,1,21.13,0.05,20.07,3.53,Same Day,UPI
O009337,2024-03-31,C01867,P0170,1,17.46,0.0,17.46,4.17,Second Class,Credit Card
O009138,2024-03-31,C01216,P0010,2,40.56,0.15,68.95,19.81,Standard,Debit Card
O008375,2024-03-31,C01405,P0057,1,16.52,0.2,13.22,5.12,Second Class,Debit Card
O011493,2024-03-31,C00770,P0002,2,26.05,0.05,49.49,11.69,Standard,PayPal
O000871,2024-03-31,C01584,P0002,1,26.05,0.1,23.45,4.55,Same Day,Credit Card
O011690,2024-03-31,C02315,P0130,1,20.55,0.05,19.52,5.84,Standard,Credit Card
O010189,2024-03-31,C02437,P0119,2,59.91,0.15,101.85,17.51,First Class,Debit Card
O002578,2024-03-31,C02874,P0141,3,33.04,0.1,89.21,39.23,Same Day,PayPal
O011718,2024-03-31,C03026,P0056,1,52.21,0.0,52.21,16.66,Standard,Bank Transfer
O011646,2024-04-01,C03387,P0005,3,24.48,0.1,66.1,14.74,Second Class,UPI
O005248,2024-04-01,C00979,P0016,3,19.78,0.15,50.44,4.75,Second Class,Credit Card
O000338,2024-04-01,C03198,P0043,1,26.44,0.1,23.8,3.93,Same Day,UPI
O003240,2024-04-01,C02451,P0024,2,11.29,0.15,19.19,3.01,Second Class,Credit Card
O000758,2024-04-01,C02103,P0094,2,23.04,0.3,32.26,0.56,Same Day,Bank Transfer
O003125,2024-04-01,C02651,P0114,1,141.33,0.1,127.2,57.18,Second Class,UPI
O004819,2024-04-01,C00428,P0095,4,22.09,0.1,79.52,24.52,Same Day,Debit Card
O005689,2024-04-01,C00193,P0119,1,59.91,0.0,59.91,17.74,Same Day,Bank Transfer
O002965,2024-04-01,C02553,P0140,4,12.81,0.05,48.68,12.2,Same Day,UPI
O001818,2024-04-01,C02755,P0071,3,36.05,0.0,108.15,29.55,First Class,Bank Transfer
O001484,2024-04-01,C01483,P0100,2,24.47,0.1,44.05,18.63,Standard,Bank Transfer
O000970,2024-04-01,C03331,P0008,1,46.94,0.15,39.9,2.14,Second Class,Credit Card
O005680,2024-04-01,C03272,P0170,1,17.46,0.0,17.46,4.17,Second Class,Credit Card
O005915,2024-04-01,C03021,P0149,1,40.02,0.15,34.02,6.25,Standard,Debit Card
O007887,2024-04-01,C02939,P0038,1,7.97,0.05,7.57,1.55,Standard,UPI
O006070,2024-04-01,C02382,P0167,2,48.63,0.0,97.26,47.16,First Class,Credit Card
O003518,2024-04-01,C02501,P0175,4,34.12,0.0,136.48,28.96,Same Day,Bank Transfer
O002490,2024-04-01,C01448,P0176,1,48.8,0.1,43.92,18.98,Same Day,UPI
O011555,2024-04-01,C03233,P0058,1,23.31,0.05,22.14,10.66,Standard,PayPal
O008918,2024-04-02,C02448,P0115,1,25.15,0.15,21.38,6.1,First Class,PayPal
O004906,2024-04-02,C01569,P0157,1,95.85,0.0,95.85,17.56,First Class,Bank Transfer
O007308,2024-04-02,C00847,P0090,1,39.79,0.05,37.8,14.91,Second Class,Bank Transfer
O000382,2024-04-02,C01084,P0018,1,34.96,0.1,31.46,10.1,Same Day,PayPal
O009010,2024-04-02,C01630,P0043,3,26.44,0.1,71.39,11.78,Standard,Bank Transfer
O001829,2024-04-02,C01391,P0175,1,34.12,0.0,34.12,7.24,Second Class,Bank Transfer
O000540,2024-04-02,C00226,P0062,1,25.26,0.0,25.26,8.65,Standard,PayPal
O009350,2024-04-02,C01444,P0180,1,167.02,0.0,167.02,54.29,Standard,UPI
O003998,2024-04-02,C00903,P0046,2,17.85,0.05,33.91,7.11,Same Day,Debit Card
O006138,2024-04-02,C03181,P0100,1,24.47,0.15,20.8,8.09,Second Class,PayPal
O008220,2024-04-02,C00486,P0003,3,43.42,0.2,104.21,29.24,Same Day,Credit Card
O007529,2024-04-02,C01633,P0062,2,25.26,0.1,45.47,12.25,Standard,Debit Card
O000068,2024-04-02,C03074,P0081,1,24.71,0.0,24.71,5.83,Same Day,Credit Card
O001731,2024-04-02,C01216,P0159,3,13.14,0.1,35.48,11.57,Second Class,PayPal
O000109,2024-04-02,C03022,P0025,2,20.01,0.1,36.02,9.06,Standard,Credit Card
O005480,2024-04-02,C01896,P0122,2,15.78,0.05,29.98,7.94,Second Class,Bank Transfer
O006626,2024-04-02,C02883,P0030,3,23.58,0.0,70.74,24.33,Same Day,Credit Card
O006964,2024-04-02,C00093,P0094,1,23.04,0.05,21.89,6.04,First Class,Bank Transfer
O001623,2024-04-02,C02566,P0163,2,60.53,0.05,115.01,21.57,Same Day,UPI
O006863,2024-04-02,C00071,P0172,1,16.77,0.0,16.77,3.61,Same Day,Bank Transfer
O007984,2024-04-02,C02998,P0158,1,38.78,0.0,38.78,14.73,Second Class,Debit Card
O008292,2024-04-02,C01061,P0013,2,33.36,0.1,60.05,18.31,Second Class,Bank Transfer
O001082,2024-04-02,C01475,P0166,1,37.27,0.1,33.54,6.09,Standard,UPI
O010675,2024-04-02,C00673,P0160,1,43.67,0.15,37.12,4.63,First Class,Bank Transfer
O001845,2024-04-03,C02941,P0129,1,30.41,0.0,30.41,11.08,Standard,Bank Transfer
O005364,2024-04-03,C00202,P0142,1,66.66,0.1,59.99,20.76,Same Day,Credit Card
O004489,2024-04-03,C03425,P0046,2,17.85,0.15,30.35,3.55,First Class,Credit Card
O002932,2024-04-03,C01976,P0012,1,21.06,0.1,18.95,2.19,Standard,Bank Transfer
O005871,2024-04-03,C01668,P0087,1,51.68,0.15,43.93,9.47,First Class,Bank Transfer
O007095,2024-04-03,C02458,P0154,2,33.15,0.1,59.67,23.85,Second Class,UPI
O003621,2024-04-03,C03220,P0168,3,97.8,0.0,293.4,62.52,Second Class,Credit Card
O010102,2024-04-03,C01810,P0164,2,16.72,0.2,26.75,5.83,Standard,PayPal
O003185,2024-04-03,C02857,P0122,1,15.78,0.05,14.99,3.97,First Class,Debit Card
O011248,2024-04-03,C00205,P0066,4,68.82,0.3,192.7,52.58,Same Day,Debit Card
O000838,2024-04-03,C02655,P0076,1,48.63,0.1,43.77,15.95,First Class,Credit Card
O003095,2024-04-03,C02152,P0014,1,8.22,0.1,7.4,0.75,Same Day,Bank Transfer
O011579,2024-04-03,C02429,P0100,1,24.47,0.05,23.25,10.54,Same Day,Bank Transfer
O002312,2024-04-03,C02394,P0106,1,37.06,0.0,37.06,18.04,First Class,UPI
O011564,2024-04-03,C01486,P0164,1,16.72,0.1,15.05,4.59,Second Class,Credit Card
O005594,2024-04-03,C03103,P0140,2,12.81,0.1,23.06,4.82,Second Class,Debit Card
O001747,2024-04-04,C00161,P0124,2,11.46,0.0,22.92,7.36,First Class,Credit Card
O008031,2024-04-04,C00642,P0134,4,38.78,0.3,108.58,-13.62,First Class,Credit Card
O000064,2024-04-04,C03199,P0053,1,18.36,0.15,15.61,3.89,Same Day,UPI
O010191,2024-04-04,C00662,P0106,2,37.06,0.0,74.12,36.08,Second Class,PayPal
O008024,2024-04-04,C00248,P0085,1,16.85,0.1,15.17,6.19,First Class,Debit Card
O000294,2024-04-04,C00517,P0169,2,24.3,0.1,43.74,12.06,First Class,Bank Transfer
O009548,2024-04-04,C02861,P0143,1,10.03,0.0,10.03,2.33,Standard,UPI
O011970,2024-04-04,C03311,P0001,1,39.36,0.3,27.55,6.04,Same Day,Credit Card
O005539,2024-04-04,C00120,P0012,3,21.06,0.1,56.86,6.58,First Class,Credit Card
O009643,2024-04-04,C01865,P0021,2,73.9,0.15,125.63,46.17,Standard,PayPal
O005488,2024-04-04,C03188,P0159,2,13.14,0.15,22.34,6.4,First Class,UPI
O001614,2024-04-04,C03280,P0154,3,33.15,0.1,89.5,35.77,Same Day,Bank Transfer
O009008,2024-04-04,C01565,P0114,3,141.33,0.0,423.99,213.93,Second Class,UPI
O010402,2024-04-04,C02564,P0034,1,14.33,0.05,13.61,3.31,Same Day,Credit Card
O009834,2024-04-04,C02093,P0141,2,33.04,0.2,52.86,19.54,Standard,UPI
O001242,2024-04-04,C00521,P0031,2,19.28,0.2,30.85,0.83,Same Day,Bank Transfer
O004545,2024-04-04,C00210,P0092,1,53.5,0.1,48.15,9.05,First Class,Debit Card
O002771,2024-04-04,C00898,P0119,1,59.91,0.05,56.91,14.74,First Class,Credit Card
O006982,2024-04-05,C02792,P0152,1,35.7,0.0,35.7,8.81,Same Day,Credit Card
O006920,2024-04-05,C02656,P0013,1,33.36,0.05,31.69,10.82,Standard,PayPal
O009595,2024-04-05,C02536,P0063,3,13.89,0.05,39.59,8.69,Same Day,Debit Card
O000829,2024-04-05,C03433,P0095,2,22.09,0.0,44.18,16.68,Second Class,Credit Card
O000314,2024-04-05,C03213,P0050,3,9.06,0.0,27.18,13.26,First Class,Bank Transfer
O006661,2024-04-05,C02381,P0015,1,9.29,0.1,8.36,0.86,Second Class,PayPal
O011267,2024-04-05,C02898,P0012,2,21.06,0.1,37.91,4.39,Same Day,Debit Card
O005300,2024-04-05,C01565,P0052,1,22.19,0.05,21.08,10.16,First Class,Bank Transfer
O000284,2024-04-05,C02856,P0158,2,38.78,0.0,77.56,29.46,Second Class,PayPal
O005255,2024-04-05,C02298,P0147,3,12.76,0.05,36.37,16.45,Second Class,Debit Card
O009227,2024-04-05,C03172,P0009,2,21.01,0.1,37.82,4.58,First Class,Debit Card
O011866,2024-04-05,C00610,P0123,3,70.94,0.1,191.54,87.47,Second Class,PayPal
O006139,2024-04-05,C01242,P0155,4,34.48,0.0,137.92,36.52,Second Class,PayPal
O010563,2024-04-05,C01167,P0066,3,68.82,0.1,185.81,80.72,Same Day,UPI
O002459,2024-04-05,C02709,P0128,1,19.73,0.15,16.77,2.98,First Class,PayPal
O007405,2024-04-05,C00689,P0019,2,15.8,0.0,31.6,7.28,Second Class,Debit Card
O001561,2024-04-05,C03333,P0115,1,25.15,0.0,25.15,9.87,Second Class,Bank Transfer
O011167,2024-04-05,C01999,P0068,1,54.72,0.1,49.25,13.1,Same Day,Credit Card
O006754,2024-04-05,C02238,P0084,1,20.35,0.1,18.32,7.35,Same Day,PayPal
O011073,2024-04-05,C00657,P0120,1,46.47,0.15,39.5,14.62,Same Day,PayPal
O004194,2024-04-06,C01067,P0055,1,55.71,0.1,50.14,17.97,Second Class,UPI
O007118,2024-04-06,C01491,P0168,4,97.8,0.2,312.96,5.12,Same Day,Credit Card
O011737,2024-04-06,C01327,P0179,1,24.0,0.0,24.0,4.72,Standard,Credit Card
O009399,2024-04-06,C02429,P0034,1,14.33,0.1,12.9,2.6,Same Day,UPI
O002362,2024-04-06,C01105,P0136,2,78.06,0.0,156.12,77.5,Same Day,Credit Card
O005088,2024-04-06,C00138,P0037,1,32.65,0.05,31.02,6.36,First Class,UPI
O011440,2024-04-06,C00397,P0094,2,23.04,0.2,36.86,5.16,Same Day,Credit Card
O000998,2024-04-06,C01364,P0089,3,20.2,0.1,54.54,11.85,Same Day,PayPal
O002340,2024-04-06,C01329,P0060,2,53.74,0.0,107.48,42.72,Second Class,Credit Card
O002135,2024-04-06,C03196,P0073,1,27.85,0.1,25.07,6.81,Standard,PayPal
O006726,2024-04-06,C03004,P0044,4,23.44,0.3,65.63,-0.09,Standard,UPI
O005636,2024-04-06,C01699,P0051,3,35.19,0.15,89.73,18.3,Standard,PayPal
O009491,2024-04-06,C00840,P0057,2,16.52,0.1,29.74,13.54,Standard,UPI
O008295,2024-04-06,C01532,P0077,1,30.16,0.1,27.14,8.16,First Class,Bank Transfer
O010941,2024-04-06,C01409,P0068,4,54.72,0.15,186.05,41.45,Standard,Credit Card
O008441,2024-04-06,C03191,P0048,2,56.66,0.1,101.99,34.57,First Class,Credit Card
O003908,2024-04-06,C01703,P0017,2,14.76,0.1,26.57,9.45,Second Class,UPI
O005331,2024-04-06,C02197,P0167,1,48.63,0.05,46.2,21.15,Second Class,Credit Card
O011330,2024-04-06,C01467,P0106,1,37.06,0.2,29.65,10.63,Standard,UPI
O010724,2024-04-07,C03343,P0052,2,22.19,0.15,37.72,15.88,Standard,Bank Transfer
O004696,2024-04-07,C00841,P0005,3,24.48,0.0,73.44,22.08,Second Class,Debit Card
O009756,2024-04-07,C00027,P0048,1,56.66,0.1,50.99,17.28,Standard,Debit Card
O009622,2024-04-07,C00579,P0102,1,21.68,0.2,17.34,6.63,Same Day,Credit Card
O002236,2024-04-07,C01073,P0157,2,95.85,0.0,191.7,35.12,Standard,PayPal
O000770,2024-04-07,C01707,P0171,5,15.99,0.1,71.95,24.85,Same Day,PayPal
O002021,2024-04-07,C01876,P0152,3,35.7,0.0,107.1,26.43,Same Day,UPI
O009730,2024-04-07,C02344,P0023,1,29.78,0.2,23.82,0.05,Standard,Bank Transfer
O007679,2024-04-07,C03436,P0067,1,27.2,0.1,24.48,10.95,Same Day,Credit Card
O004137,2024-04-07,C02999,P0061,1,20.87,0.0,20.87,9.95,Same Day,PayPal
O005584,2024-04-07,C00961,P0126,2,118.37,0.0,236.74,76.78,Standard,PayPal
O009971,2024-04-07,C01610,P0061,1,20.87,0.15,17.74,6.82,Same Day,Debit Card
O006417,2024-04-07,C01456,P0093,2,18.06,0.15,30.7,6.56,Second Class,Bank Transfer
O010462,2024-04-07,C00199,P0097,1,34.55,0.0,34.55,13.78,Standard,Debit Card
O009712,2024-04-07,C00902,P0081,1,24.71,0.1,22.24,3.36,Same Day,Debit Card
O006788,2024-04-07,C01045,P0158,1,38.78,0.1,34.9,10.85,First Class,UPI
O007913,2024-04-07,C01163,P0048,1,56.66,0.0,56.66,22.95,Standard,Credit Card
O003122,2024-04-08,C02593,P0068,2,54.72,0.1,98.5,26.2,Standard,Bank Transfer
O009713,2024-04-08,C02387,P0081,1,24.71,0.05,23.47,4.59,First Class,Debit Card
O008038,2024-04-08,C02311,P0126,1,118.37,0.05,112.45,32.47,Second Class,UPI
O010156,2024-04-08,C01875,P0028,2,36.39,0.0,72.78,13.34,Second Class,UPI
O001740,2024-04-08,C01289,P0115,1,25.15,0.0,25.15,9.87,Standard,Credit Card
O005535,2024-04-08,C03149,P0047,1,21.13,0.05,20.07,3.53,First Class,Debit Card
O002391,2024-04-08,C01112,P0163,3,60.53,0.05,172.51,32.35,Second Class,PayPal
O005236,2024-04-08,C03276,P0090,1,39.79,0.1,35.81,12.92,Same Day,UPI
O009944,2024-04-08,C03275,P0133,1,14.29,0.0,14.29,2.76,Same Day,Credit Card
O004465,2024-04-08,C02625,P0099,1,28.6,0.0,28.6,14.73,Same Day,UPI
O008934,2024-04-08,C00286,P0161,3,15.13,0.2,36.31,9.25,Standard,PayPal
O011521,2024-04-08,C02168,P0066,4,68.82,0.3,192.7,52.58,Same Day,PayPal
O004012,2024-04-08,C03237,P0143,1,10.03,0.1,9.03,1.33,First Class,Bank Transfer
O002479,2024-04-08,C01090,P0045,2,10.9,0.1,19.62,3.96,Standard,Bank Transfer
O004042,2024-04-08,C00565,P0025,1,20.01,0.0,20.01,6.53,First Class,Debit Card
O004366,2024-04-09,C00699,P0086,2,20.57,0.1,37.03,13.79,Same Day,Debit Card
O008324,2024-04-09,C03468,P0024,2,11.29,0.1,20.32,4.14,Same Day,PayPal
O000422,2024-04-09,C02225,P0063,1,13.89,0.1,12.5,2.2,First Class,Bank Transfer
O001012,2024-04-09,C02141,P0097,2,34.55,0.1,62.19,20.65,First Class,Debit Card
O000549,2024-04-09,C01431,P0058,2,23.31,0.05,44.29,21.33,First Class,Credit Card
O009660,2024-04-09,C01389,P0162,1,47.54,0.2,38.03,0.17,Second Class,Debit Card
O005531,2024-04-09,C00057,P0091,4,30.36,0.15,103.22,5.5,Same Day,Credit Card
O010500,2024-04-09,C00798,P0025,1,20.01,0.15,17.01,3.53,Same Day,UPI
O007816,2024-04-09,C01061,P0011,1,21.09,0.05,20.04,9.81,Second Class,Credit Card
O003888,2024-04-09,C02957,P0076,2,48.63,0.0,97.26,41.62,Second Class,Bank Transfer
O001046,2024-04-09,C02764,P0127,1,14.97,0.0,14.97,5.81,Standard,Debit Card
O010175,2024-04-10,C03381,P0139,3,48.37,0.0,145.11,70.8,Same Day,Credit Card
O010942,2024-04-10,C02113,P0076,2,48.63,0.1,87.53,31.89,Second Class,Bank Transfer
O005944,2024-04-10,C02016,P0153,2,18.32,0.3,25.65,4.55,Second Class,Credit Card
O000229,2024-04-10,C00015,P0047,2,21.13,0.0,42.26,9.18,Same Day,UPI
O011758,2024-04-10,C01830,P0118,1,13.33,0.0,13.33,3.05,Standard,Credit Card
O005867,2024-04-10,C00194,P0049,1,35.64,0.15,30.29,8.63,Same Day,Debit Card
O001588,2024-04-10,C00940,P0103,2,22.81,0.15,38.78,3.62,Standard,UPI
O006224,2024-04-10,C03212,P0161,2,15.13,0.1,27.23,9.19,Second Class,Bank Transfer
O002605,2024-04-10,C00852,P0137,1,17.13,0.0,17.13,8.32,First Class,UPI
O006167,2024-04-10,C00199,P0059,1,35.35,0.15,30.05,3.2,Standard,Credit Card
O006667,2024-04-10,C02983,P0039,2,12.02,0.0,24.04,5.42,First Class,Bank Transfer
O006175,2024-04-10,C03228,P0180,1,167.02,0.1,150.32,37.59,Same Day,Credit Card
O009150,2024-04-10,C00424,P0012,2,21.06,0.2,33.7,0.18,Standard,Bank Transfer
O005927,2024-04-11,C02064,P0127,4,14.97,0.15,50.9,14.26,Standard,Bank Transfer
O005196,2024-04-11,C00633,P0071,3,36.05,0.1,97.33,18.73,Same Day,Bank Transfer
O008748,2024-04-11,C01651,P0031,1,19.28,0.0,19.28,4.27,First Class,Credit Card
O010167,2024-04-11,C01479,P0097,2,34.55,0.0,69.1,27.56,First Class,PayPal
O010753,2024-04-11,C02734,P0151,1,33.54,0.0,33.54,9.06,Same Day,Bank Transfer
O002324,2024-04-11,C01905,P0091,1,30.36,0.15,25.81,1.38,Standard,PayPal
O004117,2024-04-11,C02321,P0050,2,9.06,0.1,16.31,7.03,First Class,Debit Card
O004765,2024-04-11,C01114,P0070,4,18.74,0.1,67.46,15.22,Second Class,Bank Transfer
O005151,2024-04-11,C01951,P0096,1,11.01,0.0,11.01,4.8,Standard,Debit Card
O008993,2024-04-11,C00697,P0040,3,32.39,0.15,82.59,5.79,Standard,UPI
O000713,2024-04-11,C01360,P0024,2,11.29,0.0,22.58,6.4,First Class,Credit Card
O002948,2024-04-11,C01625,P0050,1,9.06,0.3,6.34,1.7,Second Class,UPI
O009406,2024-04-11,C00522,P0005,5,24.48,0.1,110.16,24.56,Same Day,PayPal
O010678,2024-04-11,C02921,P0136,4,78.06,0.15,265.4,108.16,Second Class,Debit Card
O006987,2024-04-11,C01527,P0016,1,19.78,0.0,19.78,4.55,Second Class,Debit Card
O009213,2024-04-12,C03324,P0050,1,9.06,0.0,9.06,4.42,First Class,Bank Transfer
O000536,2024-04-12,C01009,P0006,4,24.48,0.0,97.92,45.04,First Class,Debit Card
O007787,2024-04-12,C01209,P0016,2,19.78,0.05,37.58,7.12,Same Day,UPI
O000640,2024-04-12,C00437,P0147,2,12.76,0.05,24.24,10.96,Standard,Credit Card
O000012,2024-04-12,C01876,P0051,1,35.19,0.2,28.15,4.34,Second Class,Bank Transfer
O008768,2024-04-12,C00100,P0159,3,13.14,0.1,35.48,11.57,Same Day,Credit Card
O005136,2024-04-12,C02114,P0128,1,19.73,0.1,17.76,3.97,Same Day,UPI
O002017,2024-04-12,C01928,P0117,2,27.87,0.2,44.59,8.29,First Class,Credit Card
O008381,2024-04-12,C01097,P0089,1,20.2,0.1,18.18,3.95,Same Day,Debit Card
O002015,2024-04-12,C02056,P0090,5,39.79,0.1,179.06,64.61,Second Class,UPI
O005894,2024-04-12,C03087,P0087,2,51.68,0.1,93.02,24.1,Standard,Bank Transfer
O006730,2024-04-12,C03074,P0059,1,35.35,0.0,35.35,8.5,Second Class,PayPal
O003375,2024-04-12,C01208,P0113,1,29.64,0.3,20.75,0.12,Second Class,Credit Card
O010084,2024-04-12,C00893,P0080,2,7.83,0.05,14.88,2.24,First Class,Bank Transfer
O007020,2024-04-12,C00597,P0149,1,40.02,0.05,38.02,10.25,Standard,UPI
O009141,2024-04-12,C02432,P0120,1,46.47,0.2,37.18,12.3,Second Class,Debit Card
O004149,2024-04-12,C00091,P0124,2,11.46,0.05,21.77,6.21,Second Class,Credit Card
O003692,2024-04-12,C01315,P0096,2,11.01,0.15,18.72,6.3,Second Class,PayPal
O009632,2024-04-12,C03061,P0096,1,11.01,0.0,11.01,4.8,Same Day,Credit Card
O001241,2024-04-12,C00664,P0141,3,33.04,0.0,99.12,49.14,Second Class,Bank Transfer
O002085,2024-04-12,C00540,P0067,3,27.2,0.2,65.28,24.69,Second Class,UPI
O001127,2024-04-12,C01611,P0156,4,17.92,0.0,71.68,17.6,Second Class,UPI
O002954,2024-04-12,C00820,P0163,3,60.53,0.2,145.27,5.11,Standard,Credit Card
O000381,2024-04-12,C00744,P0172,1,16.77,0.2,13.42,0.26,Same Day,Bank Transfer
O001631,2024-04-12,C01471,P0175,2,34.12,0.15,58.0,4.24,Second Class,UPI
O005185,2024-04-12,C00524,P0015,1,9.29,0.0,9.29,1.79,Second Class,Credit Card
O010159,2024-04-12,C00535,P0007,1,79.56,0.0,79.56,15.93,Same Day,Credit Card
O010360,2024-04-12,C00324,P0099,1,28.6,0.2,22.88,9.01,Same Day,Bank Transfer
O006676,2024-04-12,C02374,P0040,3,32.39,0.1,87.45,10.65,First Class,Credit Card
O008037,2024-04-12,C00516,P0151,1,33.54,0.2,26.83,2.35,Second Class,Credit Card
O005868,2024-04-13,C02266,P0078,1,23.47,0.15,19.95,8.06,Second Class,UPI
O002594,2024-04-13,C01071,P0073,4,27.85,0.15,94.69,21.65,Second Class,Bank Transfer
O005828,2024-04-13,C03225,P0033,2,28.25,0.15,48.02,7.52,First Class,PayPal
O009769,2024-04-13,C02285,P0045,1,10.9,0.2,8.72,0.89,Same Day,Credit Card
O004862,2024-04-13,C00687,P0033,2,28.25,0.0,56.5,16.0,Same Day,UPI
O004636,2024-04-13,C02398,P0121,3,47.66,0.15,121.53,49.47,Standard,Bank Transfer
O008632,2024-04-13,C02994,P0025,1,20.01,0.15,17.01,3.53,Second Class,Debit Card
O009928,2024-04-13,C03414,P0090,1,39.79,0.2,31.83,8.94,Standard,Credit Card
O004926,2024-04-13,C01784,P0173,1,27.11,0.2,21.69,5.09,Standard,UPI
O009950,2024-04-13,C00794,P0079,2,30.25,0.1,54.45,24.89,Second Class,Bank Transfer
O004525,2024-04-13,C00300,P0157,1,95.85,0.05,91.06,12.77,Same Day,PayPal
O009209,2024-04-13,C00199,P0077,1,30.16,0.0,30.16,11.18,First Class,Credit Card
O008630,2024-04-13,C01775,P0014,2,8.22,0.1,14.8,1.5,Same Day,UPI
O000149,2024-04-13,C01915,P0010,1,40.56,0.15,34.48,9.91,Second Class,UPI
O005742,2024-04-13,C01264,P0178,2,73.32,0.15,124.64,6.88,Standard,PayPal
O006118,2024-04-13,C01677,P0047,3,21.13,0.05,60.22,10.6,Same Day,Credit Card
O007760,2024-04-14,C03270,P0039,5,12.02,0.1,54.09,7.54,Same Day,Credit Card
O003637,2024-04-14,C01756,P0120,2,46.47,0.1,83.65,33.89,Second Class,Credit Card
O000568,2024-04-14,C03376,P0001,2,39.36,0.3,55.1,12.08,Standard,UPI
O000929,2024-04-14,C03110,P0097,1,34.55,0.0,34.55,13.78,First Class,PayPal
O003735,2024-04-14,C00009,P0034,2,14.33,0.2,22.93,2.33,First Class,Debit Card
O009254,2024-04-14,C02297,P0162,2,47.54,0.0,95.08,19.36,Standard,Credit Card
O004478,2024-04-14,C02670,P0114,1,141.33,0.0,141.33,71.31,Same Day,Credit Card
O006204,2024-04-14,C01019,P0036,2,12.89,0.1,23.2,8.26,First Class,Credit Card
O000710,2024-04-14,C02232,P0121,1,47.66,0.1,42.89,18.87,Same Day,Debit Card
O010411,2024-04-14,C00080,P0073,1,27.85,0.1,25.07,6.81,Second Class,UPI
O005000,2024-04-14,C01476,P0137,1,17.13,0.05,16.27,7.46,Same Day,Debit Card
O000117,2024-04-14,C02047,P0020,1,11.38,0.1,10.24,3.55,Second Class,Debit Card
O011907,2024-04-14,C01428,P0173,1,27.11,0.1,24.4,7.8,Standard,Credit Card
O010450,2024-04-14,C00439,P0059,4,35.35,0.15,120.19,12.79,Second Class,UPI
O004356,2024-04-14,C02969,P0018,1,34.96,0.2,27.97,6.61,Second Class,Credit Card
O002013,2024-04-14,C01556,P0080,3,7.83,0.05,22.32,3.36,Standard,Bank Transfer
O006372,2024-04-15,C00619,P0038,2,7.97,0.0,15.94,3.9,Second Class,PayPal
O006546,2024-04-15,C03431,P0043,2,26.44,0.3,37.02,-2.72,Standard,UPI
O007396,2024-04-15,C00578,P0063,2,13.89,0.1,25.0,4.4,Same Day,PayPal
O008258,2024-04-15,C03460,P0109,4,33.7,0.1,121.32,48.68,First Class,Bank Transfer
O006693,2024-04-15,C02717,P0090,1,39.79,0.1,35.81,12.92,First Class,UPI
O009721,2024-04-15,C02973,P0167,1,48.63,0.0,48.63,23.58,Same Day,PayPal
O010925,2024-04-15,C01075,P0157,2,95.85,0.05,182.11,25.53,Standard,Bank Transfer
O011235,2024-04-15,C03480,P0034,1,14.33,0.0,14.33,4.03,First Class,Bank Transfer
O001504,2024-04-15,C00563,P0149,1,40.02,0.1,36.02,8.25,Same Day,Bank Transfer
O011254,2024-04-15,C03372,P0083,1,74.49,0.05,70.77,24.66,Standard,Debit Card
O010349,2024-04-15,C00493,P0117,2,27.87,0.05,52.95,16.65,Second Class,PayPal
O002452,2024-04-15,C03451,P0068,5,54.72,0.05,259.92,79.17,Same Day,Bank Transfer
O009899,2024-04-15,C00571,P0107,3,97.13,0.15,247.68,59.1,Same Day,UPI
O011265,2024-04-15,C02298,P0072,1,77.46,0.0,77.46,14.58,First Class,Debit Card
O011218,2024-04-15,C02687,P0170,1,17.46,0.1,15.71,2.42,Second Class,Credit Card
O006403,2024-04-16,C03071,P0007,1,79.56,0.3,55.69,-7.94,Standard,Bank Transfer
O010806,2024-04-16,C02154,P0164,3,16.72,0.05,47.65,16.27,Standard,Credit Card
O011752,2024-04-16,C00463,P0066,2,68.82,0.0,137.64,67.58,Standard,Credit Card
O001236,2024-04-16,C02281,P0011,4,21.09,0.1,75.92,35.0,First Class,PayPal
O004316,2024-04-16,C02746,P0025,1,20.01,0.1,18.01,4.53,First Class,UPI
O009328,2024-04-16,C02224,P0170,1,17.46,0.0,17.46,4.17,Same Day,Debit Card
O000377,2024-04-16,C01966,P0146,1,47.38,0.15,40.27,12.99,Standard,UPI
O003723,2024-04-16,C02555,P0033,1,28.25,0.05,26.84,6.59,First Class,Credit Card
O002753,2024-04-16,C00699,P0055,1,55.71,0.15,47.35,15.18,Second Class,Debit Card
O008589,2024-04-16,C02981,P0075,1,5.19,0.0,5.19,1.3,First Class,UPI
O008641,2024-04-16,C00552,P0015,2,9.29,0.05,17.65,2.65,Second Class,PayPal
O003378,2024-04-16,C02649,P0143,1,10.03,0.0,10.03,2.33,Second Class,Debit Card
O009653,2024-04-16,C03215,P0178,1,73.32,0.05,69.65,10.77,Second Class,Debit Card
O001402,2024-04-16,C03109,P0003,3,43.42,0.2,104.21,29.24,Same Day,UPI
O010103,2024-04-16,C01274,P0128,3,19.73,0.0,59.19,17.82,Same Day,Credit Card
O003928,2024-04-16,C00256,P0070,3,18.74,0.1,50.6,11.42,First Class,Debit Card
O006733,2024-04-17,C03220,P0131,1,10.4,0.15,8.84,0.52,Second Class,Credit Card
O009857,2024-04-17,C02659,P0038,1,7.97,0.1,7.17,1.15,First Class,PayPal
O009245,2024-04-17,C02542,P0095,3,22.09,0.05,62.96,21.71,Second Class,UPI
O005934,2024-04-17,C01549,P0006,1,24.48,0.1,22.03,8.81,Same Day,Credit Card
O001475,2024-04-17,C02299,P0112,1,28.02,0.2,22.42,3.1,Standard,Credit Card
O005906,2024-04-17,C01271,P0008,1,46.94,0.0,46.94,9.18,Second Class,Debit Card
O001771,2024-04-17,C02904,P0067,2,27.2,0.0,54.4,27.34,Second Class,Debit Card
O001053,2024-04-17,C00548,P0028,2,36.39,0.0,72.78,13.34,Standard,Debit Card
O010053,2024-04-17,C02501,P0148,2,12.08,0.3,16.91,-0.41,First Class,PayPal
O000343,2024-04-17,C02616,P0079,1,30.25,0.15,25.71,10.93,Same Day,PayPal
O004774,2024-04-17,C02530,P0006,3,24.48,0.2,58.75,19.09,First Class,PayPal
O004100,2024-04-17,C00641,P0016,4,19.78,0.2,63.3,2.38,Standard,UPI
O004804,2024-04-17,C02117,P0060,1,53.74,0.15,45.68,13.3,Standard,UPI
O003033,2024-04-17,C01078,P0086,2,20.57,0.05,39.08,15.84,Same Day,Debit Card
O004966,2024-04-17,C01878,P0145,1,33.75,0.05,32.06,6.51,First Class,Credit Card
O000517,2024-04-18,C01912,P0062,1,25.26,0.15,21.47,4.86,Same Day,Debit Card
O004337,2024-04-18,C02793,P0103,1,22.81,0.1,20.53,2.95,First Class,Credit Card
O003646,2024-04-18,C03286,P0006,1,24.48,0.2,19.58,6.36,First Class,Debit Card
O002219,2024-04-18,C03376,P0138,1,23.12,0.0,23.12,11.88,Second Class,UPI
O005356,2024-04-18,C01122,P0037,1,32.65,0.05,31.02,6.36,First Class,PayPal
O005357,2024-04-18,C02314,P0021,1,73.9,0.15,62.82,23.09,Same Day,Bank Transfer
O005984,2024-04-18,C00194,P0100,1,24.47,0.0,24.47,11.76,Same Day,Bank Transfer
O006014,2024-04-18,C01781,P0030,2,23.58,0.0,47.16,16.22,First Class,Credit Card
O006373,2024-04-18,C00664,P0025,1,20.01,0.0,20.01,6.53,Second Class,Debit Card
O002992,2024-04-18,C00638,P0054,1,42.42,0.0,42.42,14.23,Second Class,Credit Card
O006844,2024-04-18,C00925,P0072,2,77.46,0.2,123.94,-1.82,Same Day,Credit Card
O011823,2024-04-18,C02726,P0006,1,24.48,0.0,24.48,11.26,Second Class,PayPal
O002342,2024-04-18,C02873,P0043,4,26.44,0.1,95.18,15.7,Same Day,Credit Card
O010728,2024-04-18,C01261,P0178,1,73.32,0.05,69.65,10.77,First Class,Bank Transfer
O005059,2024-04-18,C02309,P0002,1,26.05,0.0,26.05,7.15,Standard,Bank Transfer
O010295,2024-04-18,C01809,P0033,2,28.25,0.05,53.67,13.17,Second Class,Debit Card
O000051,2024-04-18,C02799,P0150,1,34.57,0.1,31.11,4.2,Same Day,Bank Transfer
O008970,2024-04-18,C02305,P0027,5,13.49,0.2,53.96,7.46,First Class,Bank Transfer
O006717,2024-04-18,C00467,P0162,1,47.54,0.1,42.79,4.93,First Class,UPI
O000757,2024-04-18,C03208,P0057,1,16.52,0.1,14.87,6.77,First Class,Debit Card
O004639,2024-04-19,C03015,P0176,1,48.8,0.2,39.04,14.1,Second Class,Debit Card
O008795,2024-04-19,C00825,P0018,2,34.96,0.1,62.93,20.21,First Class,Bank Transfer
O002004,2024-04-19,C01958,P0148,1,12.08,0.15,10.27,1.61,Second Class,PayPal
O003424,2024-04-19,C01023,P0015,1,9.29,0.0,9.29,1.79,Same Day,UPI
O005642,2024-04-19,C03060,P0012,1,21.06,0.0,21.06,4.3,First Class,Debit Card
O011379,2024-04-19,C00660,P0132,3,29.8,0.1,80.46,25.8,Standard,PayPal
O000475,2024-04-19,C01607,P0080,1,7.83,0.05,7.44,1.12,Second Class,Debit Card
O006109,2024-04-19,C02906,P0051,4,35.19,0.0,140.76,45.52,Standard,Credit Card
O006383,2024-04-19,C02484,P0119,1,59.91,0.05,56.91,14.74,First Class,Debit Card
O005717,2024-04-19,C02463,P0171,1,15.99,0.1,14.39,4.97,Standard,PayPal
O005924,2024-04-19,C01563,P0023,1,29.78,0.15,25.31,1.54,Same Day,Credit Card
O011268,2024-04-19,C02756,P0161,2,15.13,0.15,25.72,7.68,First Class,Debit Card
O004276,2024-04-19,C01573,P0082,3,35.95,0.2,86.28,9.0,First Class,Bank Transfer
O000553,2024-04-19,C00072,P0111,1,8.19,0.05,7.78,2.74,Standard,Bank Transfer
O003891,2024-04-19,C01206,P0156,1,17.92,0.3,12.54,-0.98,Second Class,Bank Transfer
O001437,2024-04-19,C00178,P0045,1,10.9,0.05,10.36,2.53,Same Day,UPI
O000893,2024-04-19,C03472,P0048,2,56.66,0.1,101.99,34.57,Standard,PayPal
O010055,2024-04-20,C01066,P0062,1,25.26,0.1,22.73,6.12,Standard,Bank Transfer
O011558,2024-04-20,C02535,P0104,3,16.92,0.0,50.76,14.25,Second Class,PayPal
O010622,2024-04-20,C01691,P0098,2,33.77,0.1,60.79,10.97,First Class,Debit Card
O000984,2024-04-20,C02687,P0013,2,33.36,0.0,66.72,24.98,Second Class,Debit Card
O000557,2024-04-20,C03313,P0092,2,53.5,0.05,101.65,23.45,Same Day,PayPal
O011175,2024-04-20,C02640,P0165,1,53.31,0.05,50.64,11.44,Standard,PayPal
O001254,2024-04-20,C02564,P0136,1,78.06,0.15,66.35,27.04,First Class,Bank Transfer
O005186,2024-04-20,C02220,P0151,1,33.54,0.15,28.51,4.03,Same Day,Credit Card
O003489,2024-04-20,C01861,P0056,2,52.21,0.0,104.42,33.32,Second Class,Credit Card
O011450,2024-04-20,C01892,P0036,2,12.89,0.1,23.2,8.26,Same Day,Bank Transfer
O003564,2024-04-20,C02788,P0147,1,12.76,0.05,12.12,5.48,Same Day,Credit Card
O009129,2024-04-21,C01354,P0008,3,46.94,0.1,126.74,13.46,First Class,Credit Card
O005256,2024-04-21,C01627,P0085,2,16.85,0.1,30.33,12.37,Same Day,Credit Card
O001853,2024-04-21,C00753,P0074,3,78.81,0.05,224.61,85.17,Same Day,Bank Transfer
O005785,2024-04-21,C02288,P0060,1,53.74,0.15,45.68,13.3,Second Class,Debit Card
O001202,2024-04-21,C00912,P0068,2,54.72,0.15,93.02,20.72,Second Class,PayPal
O004105,2024-04-21,C01626,P0146,1,47.38,0.1,42.64,15.36,First Class,Bank Transfer
O006480,2024-04-21,C03024,P0040,1,32.39,0.15,27.53,1.93,Standard,Bank Transfer
O010012,2024-04-21,C02078,P0158,1,38.78,0.05,36.84,12.79,First Class,UPI
O011852,2024-04-21,C02292,P0069,3,36.06,0.1,97.36,25.54,Standard,Credit Card
O011034,2024-04-22,C00206,P0103,1,22.81,0.1,20.53,2.95,Same Day,Bank Transfer
O007474,2024-04-22,C02383,P0113,2,29.64,0.3,41.5,0.24,Same Day,PayPal
O003292,2024-04-22,C02133,P0041,1,46.06,0.0,46.06,15.94,Standard,UPI
O010028,2024-04-22,C00829,P0041,1,46.06,0.15,39.15,9.03,Standard,Debit Card
O003733,2024-04-22,C01630,P0028,1,36.39,0.0,36.39,6.67,Second Class,Bank Transfer
O000277,2024-04-22,C02263,P0008,1,46.94,0.2,37.55,-0.21,Second Class,UPI
O005401,2024-04-22,C00024,P0107,2,97.13,0.05,184.55,58.83,Standard,Bank Transfer
O003930,2024-04-22,C02669,P0167,2,48.63,0.0,97.26,47.16,Second Class,Bank Transfer
O007165,2024-04-22,C00834,P0177,1,28.74,0.15,24.43,7.51,Second Class,Bank Transfer
O006765,2024-04-22,C01483,P0142,1,66.66,0.0,66.66,27.43,Standard,Bank Transfer
O011242,2024-04-22,C00714,P0180,1,167.02,0.0,167.02,54.29,Same Day,PayPal
O011179,2024-04-22,C00256,P0167,2,48.63,0.15,82.67,32.57,Second Class,PayPal
O008871,2024-04-22,C00821,P0006,2,24.48,0.15,41.62,15.18,Standard,PayPal
O003271,2024-04-22,C01603,P0093,1,18.06,0.15,15.35,3.28,Standard,Debit Card
O009521,2024-04-22,C02844,P0027,1,13.49,0.0,13.49,4.19,Standard,Credit Card
O011007,2024-04-22,C00660,P0166,1,37.27,0.05,35.41,7.96,Same Day,Credit Card
O002422,2024-04-22,C00728,P0135,1,15.68,0.0,15.68,7.11,Standard,Debit Card
O002066,2024-04-23,C03226,P0018,1,34.96,0.1,31.46,10.1,Same Day,Bank Transfer
O001090,2024-04-23,C02278,P0055,2,55.71,0.1,100.28,35.94,Second Class,Bank Transfer
O010616,2024-04-23,C02790,P0067,1,27.2,0.1,24.48,10.95,Same Day,Bank Transfer
O010051,2024-04-23,C02021,P0178,2,73.32,0.2,117.31,-0.45,Second Class,Debit Card
O005805,2024-04-23,C02823,P0074,1,78.81,0.0,78.81,32.33,Second Class,UPI
O004018,2024-04-23,C02794,P0050,2,9.06,0.1,16.31,7.03,Standard,Credit Card
O000523,2024-04-23,C01710,P0176,1,48.8,0.15,41.48,16.54,Same Day,Credit Card
O006971,2024-04-23,C01651,P0156,2,17.92,0.05,34.05,7.01,Second Class,Bank Transfer
O006160,2024-04-23,C01064,P0144,1,32.14,0.0,32.14,16.46,Second Class,UPI
O010224,2024-04-23,C00355,P0092,1,53.5,0.0,53.5,14.4,First Class,Bank Transfer
O004164,2024-04-23,C01597,P0126,1,118.37,0.0,118.37,38.39,Same Day,Debit Card
O001282,2024-04-23,C02855,P0050,5,9.06,0.05,43.04,19.84,First Class,PayPal
O005990,2024-04-23,C01964,P0054,3,42.42,0.2,101.81,17.24,Same Day,Bank Transfer
O005360,2024-04-23,C01963,P0154,2,33.15,0.15,56.35,20.53,First Class,PayPal
O004733,2024-04-23,C02827,P0005,4,24.48,0.0,97.92,29.44,First Class,Bank Transfer
O006940,2024-04-23,C03110,P0051,1,35.19,0.05,33.43,9.62,Second Class,PayPal
O010371,2024-04-23,C01343,P0083,1,74.49,0.3,52.14,6.03,Second Class,PayPal
O005472,2024-04-23,C00165,P0020,1,11.38,0.2,9.1,2.41,Standard,UPI
O005279,2024-04-23,C02452,P0150,2,34.57,0.15,58.77,4.95,Standard,PayPal
O010336,2024-04-23,C00375,P0084,1,20.35,0.1,18.32,7.35,First Class,Credit Card
O000785,2024-04-24,C01713,P0080,1,7.83,0.2,6.26,-0.06,First Class,Bank Transfer
O008186,2024-04-24,C01056,P0039,2,12.02,0.1,21.64,3.02,Same Day,PayPal
O001335,2024-04-24,C01468,P0103,1,22.81,0.3,15.97,-1.61,Second Class,Credit Card
O004680,2024-04-24,C01786,P0042,3,31.86,0.2,76.46,14.27,Second Class,PayPal
O007377,2024-04-24,C02879,P0042,1,31.86,0.1,28.67,7.94,Same Day,PayPal
O008053,2024-04-24,C00377,P0143,2,10.03,0.1,18.05,2.65,First Class,Bank Transfer
O003971,2024-04-24,C01837,P0050,2,9.06,0.1,16.31,7.03,Same Day,Credit Card
O002819,2024-04-24,C02354,P0024,2,11.29,0.05,21.45,5.27,First Class,Bank Transfer
O003997,2024-04-24,C00478,P0096,1,11.01,0.0,11.01,4.8,Standard,UPI
O005277,2024-04-24,C03184,P0128,1,19.73,0.15,16.77,2.98,Standard,Bank Transfer
O005352,2024-04-24,C01322,P0109,1,33.7,0.15,28.65,10.49,Standard,Bank Transfer
O002343,2024-04-24,C01911,P0141,2,33.04,0.05,62.78,29.46,Standard,Debit Card
O005982,2024-04-24,C00383,P0177,4,28.74,0.05,109.21,41.53,Standard,Credit Card
O004562,2024-04-24,C01380,P0023,1,29.78,0.1,26.8,3.03,First Class,Debit Card
O005041,2024-04-24,C02839,P0072,1,77.46,0.05,73.59,10.71,Same Day,PayPal
O001506,2024-04-25,C02667,P0071,2,36.05,0.15,61.28,8.88,Same Day,UPI
O007471,2024-04-25,C00518,P0164,1,16.72,0.0,16.72,6.26,First Class,Credit Card
O002715,2024-04-25,C00220,P0029,2,19.29,0.15,32.79,12.43,Second Class,Credit Card
O005094,2024-04-25,C00869,P0145,2,33.75,0.05,64.12,13.02,Same Day,Credit Card
O004391,2024-04-25,C00669,P0066,1,68.82,0.3,48.17,13.14,Standard,Debit Card
O000340,2024-04-25,C03198,P0165,1,53.31,0.1,47.98,8.78,First Class,PayPal
O003915,2024-04-25,C02682,P0110,3,27.16,0.1,73.33,22.21,Second Class,Bank Transfer
O011108,2024-04-25,C01600,P0060,1,53.74,0.05,51.05,18.67,Same Day,PayPal
O002791,2024-04-25,C01080,P0076,5,48.63,0.0,243.15,104.05,First Class,UPI
O011275,2024-04-25,C00797,P0155,4,34.48,0.15,117.23,15.83,Second Class,Debit Card
O007339,2024-04-25,C00213,P0056,3,52.21,0.0,156.63,49.98,Standard,Credit Card
O004262,2024-04-25,C02331,P0043,4,26.44,0.0,105.76,26.28,Same Day,PayPal
O000874,2024-04-25,C00195,P0070,1,18.74,0.0,18.74,5.68,Second Class,PayPal
O006456,2024-04-25,C01586,P0010,1,40.56,0.1,36.5,11.93,Standard,Bank Transfer
O006094,2024-04-25,C02903,P0056,2,52.21,0.15,88.76,17.66,Standard,PayPal
O003753,2024-04-25,C02953,P0022,1,24.61,0.2,19.69,3.22,First Class,Debit Card
O003991,2024-04-25,C00528,P0005,3,24.48,0.15,62.42,11.06,First Class,Bank Transfer
O000215,2024-04-25,C02959,P0068,1,54.72,0.1,49.25,13.1,First Class,PayPal
O000974,2024-04-25,C01467,P0168,1,97.8,0.0,97.8,20.84,Same Day,Debit Card
O009761,2024-04-26,C00302,P0129,4,30.41,0.05,115.56,38.24,Second Class,UPI
O010846,2024-04-26,C02876,P0140,1,12.81,0.05,12.17,3.05,Second Class,UPI
O006392,2024-04-26,C02762,P0102,2,21.68,0.1,39.02,17.6,Same Day,Debit Card
O010060,2024-04-26,C01767,P0172,1,16.77,0.15,14.25,1.09,Second Class,PayPal
O011511,2024-04-26,C01826,P0061,5,20.87,0.0,104.35,49.75,Same Day,Bank Transfer
O001107,2024-04-26,C01558,P0172,1,16.77,0.15,14.25,1.09,Second Class,UPI
O000586,2024-04-26,C00129,P0130,5,20.55,0.15,87.34,18.94,Second Class,Bank Transfer
O004786,2024-04-26,C01265,P0099,1,28.6,0.0,28.6,14.73,Second Class,Bank Transfer
O008947,2024-04-26,C00371,P0132,3,29.8,0.0,89.4,34.74,First Class,Credit Card
O000738,2024-04-26,C01825,P0140,2,12.81,0.0,25.62,7.38,Standard,Debit Card
O009264,2024-04-26,C02386,P0041,2,46.06,0.1,82.91,22.67,Second Class,Bank Transfer
O011872,2024-04-26,C01973,P0028,2,36.39,0.0,72.78,13.34,Standard,Debit Card
O007390,2024-04-26,C02048,P0029,1,19.29,0.05,18.33,8.15,First Class,UPI
O006585,2024-04-26,C01534,P0118,2,13.33,0.15,22.66,2.1,Same Day,Bank Transfer
O004093,2024-04-26,C02615,P0047,2,21.13,0.1,38.03,4.95,Same Day,PayPal
O011660,2024-04-26,C02755,P0011,2,21.09,0.0,42.18,21.72,Second Class,Credit Card
O011161,2024-04-26,C00665,P0077,1,30.16,0.3,21.11,2.13,First Class,Credit Card
O003386,2024-04-27,C01484,P0145,1,33.75,0.1,30.38,4.83,First Class,Bank Transfer
O001542,2024-04-27,C00699,P0145,1,33.75,0.05,32.06,6.51,First Class,Bank Transfer
O009387,2024-04-27,C02133,P0029,1,19.29,0.0,19.29,9.11,Second Class,PayPal
O005658,2024-04-27,C00833,P0123,2,70.94,0.0,141.88,72.5,Same Day,Credit Card
O003426,2024-04-27,C00448,P0014,1,8.22,0.0,8.22,1.57,Same Day,PayPal
O009131,2024-04-27,C01000,P0055,1,55.71,0.0,55.71,23.54,Standard,Credit Card
O009596,2024-04-27,C02390,P0018,2,34.96,0.1,62.93,20.21,Standard,Bank Transfer
O007411,2024-04-27,C00098,P0020,3,11.38,0.15,29.02,8.95,Second Class,Debit Card
O000316,2024-04-27,C00518,P0135,1,15.68,0.1,14.11,5.54,Second Class,UPI
O011628,2024-04-27,C01835,P0144,1,32.14,0.1,28.93,13.25,Same Day,UPI
O006975,2024-04-27,C00727,P0048,1,56.66,0.1,50.99,17.28,Standard,Debit Card
O011516,2024-04-27,C00883,P0173,1,27.11,0.15,23.04,6.44,Standard,UPI
O003025,2024-04-27,C01589,P0036,1,12.89,0.1,11.6,4.13,First Class,UPI
O002311,2024-04-27,C01280,P0011,1,21.09,0.3,14.76,4.53,Same Day,Debit Card
O000335,2024-04-27,C00337,P0171,2,15.99,0.1,28.78,9.94,Standard,Bank Transfer
O004925,2024-04-28,C00662,P0003,2,43.42,0.15,73.81,23.83,Standard,Bank Transfer
O011400,2024-04-28,C01938,P0153,4,18.32,0.1,65.95,23.75,Second Class,Debit Card
O001846,2024-04-28,C01827,P0140,1,12.81,0.1,11.53,2.41,Standard,Bank Transfer
O010171,2024-04-28,C00044,P0093,1,18.06,0.0,18.06,5.99,Same Day,PayPal
O004527,2024-04-28,C01459,P0136,1,78.06,0.05,74.16,34.85,Second Class,Debit Card
O001909,2024-04-28,C00547,P0124,1,11.46,0.3,8.02,0.24,Standard,UPI
O000323,2024-04-28,C01417,P0084,1,20.35,0.05,19.33,8.36,Standard,UPI
O005007,2024-04-28,C01169,P0099,1,28.6,0.0,28.6,14.73,First Class,Debit Card
O000339,2024-04-28,C02540,P0139,1,48.37,0.15,41.11,16.34,Second Class,Bank Transfer
O005644,2024-04-28,C01986,P0177,3,28.74,0.05,81.91,31.15,Standard,UPI
O006073,2024-04-28,C00460,P0047,1,21.13,0.05,20.07,3.53,Standard,PayPal
O010408,2024-04-28,C00590,P0128,1,19.73,0.05,18.74,4.95,First Class,Debit Card
O003183,2024-04-28,C00042,P0035,3,48.65,0.15,124.06,36.16,Second Class,Debit Card
O010497,2024-04-28,C00316,P0056,1,52.21,0.2,41.77,6.22,First Class,PayPal
O010413,2024-04-28,C00725,P0177,2,28.74,0.1,51.73,17.89,Same Day,Debit Card
O009447,2024-04-29,C00064,P0045,1,10.9,0.1,9.81,1.98,Standard,UPI
O004160,2024-04-29,C02723,P0129,1,30.41,0.15,25.85,6.52,Standard,Bank Transfer
O003847,2024-04-29,C02604,P0150,2,34.57,0.0,69.14,15.32,Same Day,Credit Card
O001528,2024-04-29,C02905,P0179,1,24.0,0.1,21.6,2.32,First Class,Credit Card
O000647,2024-04-29,C02529,P0178,2,73.32,0.1,131.98,14.22,Same Day,PayPal
O004423,2024-04-29,C00378,P0007,5,79.56,0.0,397.8,79.65,Same Day,PayPal
O002740,2024-04-29,C00737,P0026,2,30.63,0.05,58.2,26.78,Second Class,Credit Card
O000194,2024-04-29,C03110,P0076,2,48.63,0.1,87.53,31.89,First Class,Debit Card
O007925,2024-04-29,C02291,P0148,2,12.08,0.2,19.33,2.01,Same Day,Credit Card
O011059,2024-04-29,C03333,P0067,2,27.2,0.2,43.52,16.46,Standard,Credit Card
O002258,2024-04-29,C03453,P0144,2,32.14,0.15,54.64,23.28,Standard,Debit Card
O009778,2024-04-29,C03233,P0033,1,28.25,0.15,24.01,3.76,Second Class,UPI
O006992,2024-04-29,C03474,P0024,1,11.29,0.15,9.6,1.51,First Class,Debit Card
O005922,2024-04-29,C02635,P0053,2,18.36,0.0,36.72,13.28,Same Day,Debit Card
O009986,2024-04-30,C00640,P0055,3,55.71,0.15,142.06,45.55,Second Class,Credit Card
O000869,2024-04-30,C00418,P0157,1,95.85,0.0,95.85,17.56,First Class,PayPal
O010431,2024-04-30,C00918,P0106,3,37.06,0.2,88.94,31.88,Second Class,UPI
O007941,2024-04-30,C00457,P0089,1,20.2,0.1,18.18,3.95,Second Class,Bank Transfer
O005435,2024-04-30,C01793,P0141,1,33.04,0.0,33.04,16.38,Standard,Bank Transfer
O000326,2024-04-30,C02577,P0086,2,20.57,0.05,39.08,15.84,First Class,Bank Transfer
O002577,2024-04-30,C01065,P0092,1,53.5,0.2,42.8,3.7,Standard,UPI
O008020,2024-04-30,C00629,P0077,2,30.16,0.05,57.3,19.34,Second Class,UPI
O001725,2024-04-30,C00806,P0004,3,76.71,0.1,207.12,94.77,Standard,PayPal
O007260,2024-04-30,C03021,P0075,1,5.19,0.3,3.63,-0.26,Standard,PayPal
O006640,2024-04-30,C00375,P0026,1,30.63,0.1,27.57,11.86,Standard,Debit Card
O006496,2024-04-30,C01270,P0155,1,34.48,0.05,32.76,7.41,Standard,UPI
O004295,2024-05-01,C01506,P0102,4,21.68,0.05,82.38,39.54,Standard,Bank Transfer
O002724,2024-05-01,C02639,P0005,2,24.48,0.05,46.51,12.27,Standard,UPI
O004383,2024-05-01,C01250,P0108,2,31.93,0.05,60.67,19.73,First Class,Bank Transfer
O000527,2024-05-01,C00156,P0163,1,60.53,0.05,57.5,10.78,Same Day,PayPal
O006143,2024-05-01,C00969,P0046,1,17.85,0.2,14.28,0.88,First Class,PayPal
O010125,2024-05-01,C00078,P0129,1,30.41,0.0,30.41,11.08,Same Day,Bank Transfer
O009313,2024-05-01,C01255,P0147,3,12.76,0.1,34.45,14.53,First Class,Credit Card
O005882,2024-05-01,C02634,P0070,5,18.74,0.05,89.01,23.71,Standard,Debit Card
O009161,2024-05-01,C03102,P0107,1,97.13,0.2,77.7,14.84,First Class,Credit Card
O000425,2024-05-01,C01991,P0180,1,167.02,0.0,167.02,54.29,Same Day,Bank Transfer
O004564,2024-05-01,C00947,P0083,4,74.49,0.2,238.37,53.93,Second Class,UPI
O003963,2024-05-01,C03126,P0115,1,25.15,0.0,25.15,9.87,Same Day,Credit Card
O006064,2024-05-01,C03093,P0177,1,28.74,0.05,27.3,10.38,Standard,UPI
O002519,2024-05-01,C00943,P0098,1,33.77,0.05,32.08,7.17,Standard,UPI
O008162,2024-05-01,C02819,P0153,2,18.32,0.1,32.98,11.88,Same Day,Bank Transfer
O002116,2024-05-01,C02911,P0065,2,48.33,0.0,96.66,29.8,Same Day,UPI
O007715,2024-05-01,C01295,P0168,4,97.8,0.1,352.08,44.24,Standard,PayPal
O009036,2024-05-01,C00580,P0138,1,23.12,0.0,23.12,11.88,Standard,Bank Transfer
O001217,2024-05-01,C02903,P0012,1,21.06,0.1,18.95,2.19,Same Day,UPI
O001672,2024-05-01,C02081,P0133,1,14.29,0.0,14.29,2.76,Same Day,UPI
O010234,2024-05-01,C03391,P0012,1,21.06,0.15,17.9,1.14,Second Class,Debit Card
O007581,2024-05-01,C01135,P0089,3,20.2,0.0,60.6,17.91,Second Class,Bank Transfer
O010798,2024-05-01,C00227,P0141,3,33.04,0.05,94.16,44.18,Same Day,Bank Transfer
O005483,2024-05-01,C02801,P0061,1,20.87,0.05,19.83,8.91,Standard,Credit Card
O011936,2024-05-01,C01162,P0111,2,8.19,0.05,15.56,5.48,Standard,Credit Card
O005530,2024-05-01,C01300,P0001,1,39.36,0.15,33.46,11.95,First Class,UPI
O003697,2024-05-02,C01184,P0089,1,20.2,0.1,18.18,3.95,Standard,PayPal
O005058,2024-05-02,C01331,P0157,1,95.85,0.15,81.47,3.18,Same Day,Bank Transfer
O008052,2024-05-02,C00666,P0018,3,34.96,0.1,94.39,30.31,Standard,UPI
O007488,2024-05-02,C03369,P0055,2,55.71,0.1,100.28,35.94,Standard,Credit Card
O002852,2024-05-02,C02835,P0093,1,18.06,0.3,12.64,0.57,Same Day,Credit Card
O005270,2024-05-02,C01778,P0128,2,19.73,0.05,37.49,9.91,First Class,PayPal
O007299,2024-05-02,C02516,P0159,2,13.14,0.05,24.97,9.03,Second Class,Debit Card
O005965,2024-05-02,C01970,P0041,1,46.06,0.15,39.15,9.03,Second Class,PayPal
O002504,2024-05-02,C01750,P0042,2,31.86,0.05,60.53,19.07,Same Day,PayPal
O010192,2024-05-02,C01301,P0030,2,23.58,0.05,44.8,13.86,First Class,UPI
O010692,2024-05-02,C00964,P0044,2,23.44,0.1,42.19,9.33,Second Class,Bank Transfer
O008736,2024-05-02,C00437,P0045,1,10.9,0.2,8.72,0.89,Same Day,PayPal
O000704,2024-05-03,C03044,P0131,2,10.4,0.1,18.72,2.08,Second Class,UPI
O011444,2024-05-03,C01693,P0072,1,77.46,0.2,61.97,-0.91,Standard,Debit Card
O010990,2024-05-03,C01130,P0126,2,118.37,0.05,224.9,64.94,Standard,Credit Card
O006699,2024-05-03,C00876,P0155,2,34.48,0.15,58.62,7.92,Same Day,Debit Card
O002942,2024-05-03,C02211,P0010,1,40.56,0.1,36.5,11.93,Standard,Credit Card
O005955,2024-05-03,C02298,P0058,1,23.31,0.1,20.98,9.5,Standard,Debit Card
O007206,2024-05-03,C02253,P0151,2,33.54,0.1,60.37,11.41,Same Day,Debit Card
O009502,2024-05-03,C02971,P0008,1,46.94,0.05,44.59,6.83,Same Day,Debit Card
O006004,2024-05-03,C03185,P0021,1,73.9,0.05,70.2,30.47,First Class,Debit Card
O000347,2024-05-03,C01475,P0152,1,35.7,0.0,35.7,8.81,Standard,Credit Card
O000608,2024-05-03,C00130,P0179,1,24.0,0.1,21.6,2.32,Standard,UPI
O011401,2024-05-03,C01424,P0029,2,19.29,0.3,27.01,6.65,Standard,Bank Transfer
O003203,2024-05-03,C01559,P0005,1,24.48,0.05,23.26,6.14,Second Class,Debit Card
O008226,2024-05-03,C00963,P0149,1,40.02,0.0,40.02,12.25,Same Day,UPI
O008156,2024-05-03,C00811,P0147,1,12.76,0.05,12.12,5.48,First Class,Debit Card
O007803,2024-05-03,C00449,P0040,1,32.39,0.1,29.15,3.55,Standard,UPI
O000123,2024-05-03,C02786,P0154,3,33.15,0.1,89.5,35.77,Standard,Debit Card
O000805,2024-05-03,C01567,P0047,2,21.13,0.1,38.03,4.95,Second Class,Debit Card
O006381,2024-05-03,C00029,P0004,2,76.71,0.1,138.08,63.18,Same Day,Bank Transfer
O002766,2024-05-03,C01315,P0060,3,53.74,0.05,153.16,56.02,Second Class,Debit Card
O001526,2024-05-04,C01163,P0107,5,97.13,0.0,485.65,171.35,Second Class,Credit Card
O005481,2024-05-04,C01444,P0153,4,18.32,0.1,65.95,23.75,Standard,UPI
O003042,2024-05-04,C02628,P0142,1,66.66,0.2,53.33,14.1,Second Class,PayPal
O010372,2024-05-04,C03170,P0077,4,30.16,0.1,108.58,32.66,Same Day,UPI
O002760,2024-05-04,C01526,P0028,2,36.39,0.0,72.78,13.34,Same Day,Bank Transfer
O001553,2024-05-04,C02485,P0027,3,13.49,0.05,38.45,10.55,First Class,Bank Transfer
O006039,2024-05-04,C02488,P0024,1,11.29,0.1,10.16,2.07,Standard,PayPal
O010710,2024-05-04,C02424,P0074,3,78.81,0.0,236.43,96.99,First Class,Credit Card
O003331,2024-05-04,C01451,P0161,1,15.13,0.0,15.13,6.11,Standard,Debit Card
O004835,2024-05-04,C00801,P0167,3,48.63,0.15,124.01,48.86,Standard,PayPal
O007669,2024-05-04,C01945,P0059,5,35.35,0.05,167.91,33.66,Same Day,PayPal
O004836,2024-05-04,C00072,P0080,2,7.83,0.05,14.88,2.24,First Class,UPI
O010136,2024-05-04,C02559,P0070,5,18.74,0.15,79.64,14.34,Same Day,Credit Card
O002871,2024-05-04,C02768,P0054,2,42.42,0.05,80.6,24.22,First Class,Debit Card
O004852,2024-05-04,C01779,P0094,1,23.04,0.15,19.58,3.73,Second Class,UPI
O010227,2024-05-05,C02508,P0150,3,34.57,0.0,103.71,22.98,Standard,Credit Card
O006211,2024-05-05,C00061,P0159,2,13.14,0.05,24.97,9.03,Standard,UPI
O009988,2024-05-05,C01463,P0179,1,24.0,0.15,20.4,1.12,First Class,Credit Card
O003578,2024-05-05,C02522,P0162,3,47.54,0.3,99.83,-13.75,Second Class,UPI
O004864,2024-05-05,C00302,P0078,1,23.47,0.1,21.12,9.23,First Class,UPI
O006622,2024-05-05,C02854,P0180,2,167.02,0.05,317.34,91.88,Same Day,UPI
O006153,2024-05-05,C03429,P0148,1,12.08,0.3,8.46,-0.2,Second Class,Bank Transfer
O009374,2024-05-05,C00176,P0057,1,16.52,0.15,14.04,5.94,First Class,Debit Card
O000529,2024-05-05,C03449,P0084,1,20.35,0.1,18.32,7.35,Standard,UPI
O000176,2024-05-05,C00331,P0007,4,79.56,0.0,318.24,63.72,First Class,PayPal
O002728,2024-05-05,C02481,P0163,3,60.53,0.05,172.51,32.35,Same Day,Credit Card
O004623,2024-05-05,C03106,P0033,3,28.25,0.2,67.8,7.05,Same Day,PayPal
O004397,2024-05-05,C00860,P0058,4,23.31,0.0,93.24,47.32,Standard,Bank Transfer
O005827,2024-05-06,C01089,P0064,1,13.1,0.0,13.1,5.85,Same Day,Bank Transfer
O002860,2024-05-06,C00884,P0079,3,30.25,0.1,81.67,37.33,Second Class,Debit Card
O005049,2024-05-06,C00194,P0133,1,14.29,0.1,12.86,1.33,Second Class,Credit Card
O001447,2024-05-06,C01715,P0085,1,16.85,0.0,16.85,7.87,Same Day,Bank Transfer
O001310,2024-05-06,C02685,P0096,1,11.01,0.2,8.81,2.6,Second Class,UPI
O000448,2024-05-06,C02560,P0114,3,141.33,0.2,339.19,129.13,Same Day,Bank Transfer
O008350,2024-05-06,C02588,P0062,1,25.26,0.0,25.26,8.65,First Class,UPI
O008246,2024-05-06,C02978,P0095,4,22.09,0.1,79.52,24.52,Standard,Credit Card
O008333,2024-05-06,C01978,P0049,1,35.64,0.0,35.64,13.98,First Class,Bank Transfer
O011906,2024-05-06,C01006,P0111,1,8.19,0.1,7.37,2.33,Second Class,Credit Card
O010867,2024-05-06,C02985,P0062,2,25.26,0.3,35.36,2.14,First Class,Debit Card
O009454,2024-05-06,C01199,P0051,1,35.19,0.0,35.19,11.38,First Class,Bank Transfer
O004585,2024-05-07,C01262,P0051,1,35.19,0.1,31.67,7.86,First Class,UPI
O011740,2024-05-07,C03062,P0103,2,22.81,0.1,41.06,5.9,Standard,Credit Card
O002951,2024-05-07,C03298,P0141,5,33.04,0.2,132.16,48.86,Same Day,Bank Transfer
O001010,2024-05-07,C00037,P0060,5,53.74,0.2,214.96,53.06,Standard,Bank Transfer
O004436,2024-05-07,C01577,P0087,1,51.68,0.3,36.18,1.72,First Class,Debit Card
O000654,2024-05-07,C01121,P0148,1,12.08,0.0,12.08,3.42,Same Day,Bank Transfer
O004981,2024-05-07,C02430,P0099,3,28.6,0.15,72.93,31.32,Same Day,UPI
O002332,2024-05-07,C02354,P0018,1,34.96,0.05,33.21,11.85,Same Day,UPI
O003199,2024-05-07,C01199,P0011,1,21.09,0.1,18.98,8.75,Second Class,Bank Transfer
O001091,2024-05-07,C01872,P0158,3,38.78,0.1,104.71,32.56,Second Class,Debit Card
O008221,2024-05-07,C03383,P0086,1,20.57,0.2,16.46,4.84,Standard,Bank Transfer
O000491,2024-05-07,C00182,P0028,2,36.39,0.1,65.5,6.06,Same Day,Debit Card
O008489,2024-05-07,C02151,P0077,1,30.16,0.1,27.14,8.16,Same Day,UPI
O011850,2024-05-07,C02928,P0170,2,17.46,0.05,33.17,6.59,Same Day,PayPal
O006286,2024-05-08,C01165,P0161,1,15.13,0.0,15.13,6.11,First Class,Bank Transfer
O011374,2024-05-08,C03477,P0021,1,73.9,0.05,70.2,30.47,Same Day,PayPal
O005690,2024-05-08,C02529,P0122,1,15.78,0.2,12.62,1.6,First Class,PayPal
O011389,2024-05-08,C01985,P0042,1,31.86,0.15,27.08,6.35,First Class,Bank Transfer
O005793,2024-05-08,C03096,P0070,1,18.74,0.0,18.74,5.68,Standard,Bank Transfer
O010824,2024-05-08,C03023,P0018,2,34.96,0.15,59.43,16.71,First Class,UPI
O007766,2024-05-08,C01378,P0031,2,19.28,0.1,34.7,4.68,Standard,Bank Transfer
O000941,2024-05-08,C02740,P0136,2,78.06,0.1,140.51,61.89,Standard,PayPal
O004844,2024-05-08,C03455,P0037,1,32.65,0.15,27.75,3.09,First Class,UPI
O009427,2024-05-08,C01997,P0174,1,35.58,0.0,35.58,18.37,Same Day,UPI
O002183,2024-05-08,C01400,P0120,1,46.47,0.2,37.18,12.3,First Class,Bank Transfer
O006506,2024-05-08,C02181,P0017,2,14.76,0.1,26.57,9.45,First Class,Bank Transfer
O011763,2024-05-08,C00176,P0155,3,34.48,0.0,103.44,27.39,Same Day,Credit Card
O006824,2024-05-08,C01651,P0112,1,28.02,0.05,26.62,7.3,Same Day,Bank Transfer
O003404,2024-05-08,C03213,P0088,1,35.29,0.2,28.23,2.72,First Class,UPI
O001126,2024-05-08,C00237,P0039,1,12.02,0.1,10.82,1.51,Same Day,UPI
O000055,2024-05-09,C00402,P0152,1,35.7,0.05,33.91,7.02,Standard,UPI
O004422,2024-05-09,C00911,P0025,1,20.01,0.05,19.01,5.53,Same Day,UPI
O002433,2024-05-09,C00352,P0123,2,70.94,0.1,127.69,58.31,Second Class,Credit Card
O006623,2024-05-09,C03339,P0140,1,12.81,0.15,10.89,1.77,Standard,PayPal
O001782,2024-05-09,C02401,P0112,1,28.02,0.2,22.42,3.1,Second Class,Credit Card
O009789,2024-05-09,C03450,P0131,1,10.4,0.05,9.88,1.56,Same Day,Debit Card
O000471,2024-05-09,C03178,P0148,2,12.08,0.1,21.74,4.42,Same Day,Bank Transfer
O006748,2024-05-09,C01610,P0106,1,37.06,0.2,29.65,10.63,Same Day,PayPal
O010920,2024-05-09,C02454,P0106,2,37.06,0.1,66.71,28.67,First Class,Debit Card
O004831,2024-05-09,C02180,P0049,1,35.64,0.2,28.51,6.85,Same Day,Bank Transfer
O010614,2024-05-09,C01088,P0132,1,29.8,0.1,26.82,8.6,Same Day,UPI
O005381,2024-05-09,C00952,P0094,1,23.04,0.05,21.89,6.04,Second Class,UPI
O002120,2024-05-09,C00622,P0073,3,27.85,0.1,75.2,20.42,Standard,Bank Transfer
O001030,2024-05-09,C01906,P0143,4,10.03,0.0,40.12,9.32,First Class,UPI
O010706,2024-05-09,C01914,P0147,4,12.76,0.1,45.94,19.38,Standard,UPI
O004731,2024-05-09,C02372,P0160,3,43.67,0.2,104.81,7.34,Same Day,PayPal
O001786,2024-05-09,C00316,P0176,2,48.8,0.05,92.72,42.84,Standard,PayPal
O002686,2024-05-09,C00274,P0067,1,27.2,0.05,25.84,12.31,Second Class,UPI
O011119,2024-05-09,C00838,P0095,3,22.09,0.15,56.33,15.08,Second Class,UPI
O010460,2024-05-09,C03172,P0013,1,33.36,0.1,30.02,9.15,First Class,PayPal
O002308,2024-05-09,C02243,P0025,1,20.01,0.05,19.01,5.53,Standard,Credit Card
O007688,2024-05-09,C00651,P0031,1,19.28,0.0,19.28,4.27,Second Class,PayPal
O001697,2024-05-09,C01949,P0100,1,24.47,0.05,23.25,10.54,First Class,Credit Card
O008475,2024-05-09,C00600,P0037,1,32.65,0.05,31.02,6.36,Second Class,PayPal
O005744,2024-05-09,C00606,P0156,2,17.92,0.2,28.67,1.63,Second Class,UPI
O011012,2024-05-09,C01749,P0050,3,9.06,0.0,27.18,13.26,Second Class,Debit Card
O009884,2024-05-10,C02535,P0076,1,48.63,0.1,43.77,15.95,First Class,UPI
O011492,2024-05-10,C02335,P0151,2,33.54,0.1,60.37,11.41,Standard,UPI
O001263,2024-05-10,C00787,P0052,2,22.19,0.0,44.38,22.54,Same Day,PayPal
O010444,2024-05-10,C02187,P0139,1,48.37,0.1,43.53,18.76,First Class,UPI
O004155,2024-05-10,C00719,P0162,1,47.54,0.05,45.16,7.3,First Class,Bank Transfer
O002436,2024-05-10,C00237,P0102,1,21.68,0.0,21.68,10.97,Same Day,UPI
O004486,2024-05-10,C02975,P0151,1,33.54,0.15,28.51,4.03,Same Day,PayPal
O005672,2024-05-10,C01780,P0123,1,70.94,0.0,70.94,36.25,Same Day,Debit Card
O002405,2024-05-10,C01767,P0170,2,17.46,0.3,24.44,-2.14,Standard,PayPal
O002450,2024-05-10,C01927,P0123,1,70.94,0.2,56.75,22.06,Second Class,Bank Transfer
O007595,2024-05-10,C00282,P0117,1,27.87,0.1,25.08,6.93,First Class,Debit Card
O001309,2024-05-10,C01750,P0023,1,29.78,0.0,29.78,6.01,First Class,PayPal
O003614,2024-05-10,C02845,P0145,1,33.75,0.05,32.06,6.51,First Class,Debit Card
O005103,2024-05-10,C01523,P0101,3,11.36,0.05,32.38,15.49,Second Class,UPI
O005683,2024-05-10,C00461,P0078,2,23.47,0.0,46.94,23.16,Same Day,PayPal
O008624,2024-05-10,C01285,P0006,3,24.48,0.05,69.77,30.11,Standard,Credit Card
O005421,2024-05-10,C03208,P0180,2,167.02,0.0,334.04,108.58,First Class,Debit Card
O009225,2024-05-10,C00222,P0079,1,30.25,0.0,30.25,15.47,Same Day,PayPal
O002891,2024-05-10,C02094,P0078,1,23.47,0.1,21.12,9.23,Second Class,Credit Card
O006486,2024-05-10,C00979,P0124,1,11.46,0.2,9.17,1.39,First Class,PayPal
O011599,2024-05-11,C01360,P0138,1,23.12,0.2,18.5,7.26,Standard,Credit Card
O007869,2024-05-11,C03130,P0090,1,39.79,0.2,31.83,8.94,Standard,Credit Card
O009425,2024-05-11,C01686,P0099,2,28.6,0.3,40.04,12.3,Second Class,UPI
O006681,2024-05-11,C02569,P0150,2,34.57,0.2,55.31,1.49,Second Class,Credit Card
O002844,2024-05-11,C02903,P0086,1,20.57,0.1,18.51,6.89,First Class,Debit Card
O007629,2024-05-11,C01528,P0090,1,39.79,0.0,39.79,16.9,Same Day,UPI
O009737,2024-05-11,C01387,P0025,2,20.01,0.1,36.02,9.06,Standard,Credit Card
O009526,2024-05-11,C00249,P0082,1,35.95,0.1,32.36,6.6,Standard,Debit Card
O000417,2024-05-11,C03165,P0095,1,22.09,0.15,18.78,5.03,First Class,Debit Card
O008502,2024-05-11,C02903,P0106,2,37.06,0.1,66.71,28.67,Second Class,Debit Card
O011406,2024-05-11,C00254,P0034,1,14.33,0.2,11.46,1.16,Standard,UPI
O003364,2024-05-11,C01387,P0178,1,73.32,0.1,65.99,7.11,Same Day,PayPal
O008681,2024-05-11,C03289,P0092,2,53.5,0.0,107.0,28.8,Standard,PayPal
O009470,2024-05-11,C03458,P0081,1,24.71,0.15,21.0,2.12,Same Day,Debit Card
O010472,2024-05-11,C02669,P0175,4,34.12,0.15,116.01,8.49,Standard,Debit Card
O009670,2024-05-11,C02197,P0173,2,27.11,0.0,54.22,21.02,Second Class,Debit Card
O000401,2024-05-11,C02608,P0107,1,97.13,0.0,97.13,34.27,Second Class,Credit Card
O002089,2024-05-12,C01974,P0147,2,12.76,0.1,22.97,9.69,Same Day,Debit Card
O006946,2024-05-12,C01798,P0063,2,13.89,0.1,25.0,4.4,Same Day,Credit Card
O002572,2024-05-12,C01996,P0036,3,12.89,0.05,36.74,14.33,First Class,Bank Transfer
O002922,2024-05-12,C01202,P0037,1,32.65,0.05,31.02,6.36,Standard,UPI
O008144,2024-05-12,C01493,P0019,1,15.8,0.3,11.06,-1.1,Same Day,UPI
O003966,2024-05-12,C01256,P0095,1,22.09,0.2,17.67,3.92,Second Class,PayPal
O011000,2024-05-12,C02075,P0017,3,14.76,0.1,39.85,14.17,Same Day,UPI
O008121,2024-05-12,C01660,P0037,1,32.65,0.1,29.38,4.72,First Class,PayPal
O000344,2024-05-12,C00418,P0087,3,51.68,0.15,131.78,28.4,Second Class,Debit Card
O000037,2024-05-12,C02534,P0154,1,33.15,0.0,33.15,15.24,Same Day,Credit Card
O008961,2024-05-12,C01030,P0051,1,35.19,0.1,31.67,7.86,Standard,UPI
O008305,2024-05-12,C00783,P0180,1,167.02,0.1,150.32,37.59,Second Class,Debit Card
O005994,2024-05-12,C00245,P0056,1,52.21,0.1,46.99,11.44,Standard,Debit Card
O007609,2024-05-12,C01901,P0099,4,28.6,0.3,80.08,24.6,Second Class,PayPal
O003382,2024-05-12,C01196,P0020,2,11.38,0.1,20.48,7.1,First Class,Debit Card
O005408,2024-05-13,C00073,P0084,2,20.35,0.15,34.59,12.65,Standard,Bank Transfer
O002446,2024-05-13,C02767,P0115,2,25.15,0.1,45.27,14.71,Second Class,UPI
O005760,2024-05-13,C03455,P0106,1,37.06,0.05,35.21,16.19,First Class,Credit Card
O002215,2024-05-13,C01815,P0026,1,30.63,0.15,26.04,10.33,Same Day,Debit Card
O001194,2024-05-13,C00737,P0028,1,36.39,0.15,30.93,1.21,First Class,Debit Card
O001188,2024-05-13,C02665,P0012,1,21.06,0.05,20.01,3.25,Second Class,PayPal
O009746,2024-05-13,C00097,P0107,4,97.13,0.1,349.67,98.23,First Class,Bank Transfer
O000225,2024-05-13,C02952,P0119,2,59.91,0.05,113.83,29.49,Same Day,Bank Transfer
O008631,2024-05-13,C00525,P0121,1,47.66,0.15,40.51,16.49,Second Class,Credit Card
O005333,2024-05-13,C02143,P0111,3,8.19,0.05,23.34,8.22,Same Day,Debit Card
O000470,2024-05-13,C02938,P0084,2,20.35,0.3,28.49,6.55,Second Class,Bank Transfer
O003693,2024-05-13,C02113,P0024,1,11.29,0.1,10.16,2.07,Second Class,PayPal
O000437,2024-05-13,C02218,P0024,5,11.29,0.05,53.63,13.18,First Class,UPI
O009964,2024-05-13,C00372,P0063,1,13.89,0.0,13.89,3.59,First Class,Credit Card
O006361,2024-05-13,C00316,P0132,1,29.8,0.1,26.82,8.6,Standard,Bank Transfer
O002457,2024-05-13,C01485,P0084,1,20.35,0.15,17.3,6.33,Same Day,PayPal
O006752,2024-05-14,C01864,P0030,2,23.58,0.05,44.8,13.86,First Class,Credit Card
O010684,2024-05-14,C00307,P0158,2,38.78,0.1,69.8,21.7,Standard,Credit Card
O001904,2024-05-14,C01541,P0088,3,35.29,0.2,84.7,8.17,Second Class,UPI
O009987,2024-05-14,C01387,P0153,2,18.32,0.1,32.98,11.88,Standard,Credit Card
O002420,2024-05-14,C02718,P0129,2,30.41,0.05,57.78,19.12,Same Day,Credit Card
O011032,2024-05-14,C01603,P0030,4,23.58,0.1,84.89,23.01,Same Day,Debit Card
O004404,2024-05-14,C00553,P0165,1,53.31,0.05,50.64,11.44,Second Class,Bank Transfer
O008625,2024-05-14,C01640,P0047,1,21.13,0.15,17.96,1.42,Standard,Credit Card
O007140,2024-05-14,C02195,P0008,2,46.94,0.1,84.49,8.97,Second Class,Bank Transfer
O010427,2024-05-14,C02831,P0087,2,51.68,0.2,82.69,13.77,Same Day,UPI
O003612,2024-05-14,C02320,P0163,1,60.53,0.05,57.5,10.78,Standard,Bank Transfer
O005296,2024-05-14,C00361,P0072,1,77.46,0.2,61.97,-0.91,First Class,UPI
O005355,2024-05-14,C03389,P0034,1,14.33,0.1,12.9,2.6,Standard,Bank Transfer
O002445,2024-05-14,C03109,P0061,1,20.87,0.2,16.7,5.78,Same Day,UPI
O007774,2024-05-14,C01925,P0168,1,97.8,0.1,88.02,11.06,Same Day,PayPal
O002980,2024-05-14,C02093,P0120,3,46.47,0.0,139.41,64.77,Second Class,UPI
O008274,2024-05-14,C02940,P0057,1,16.52,0.2,13.22,5.12,Second Class,Bank Transfer
O008103,2024-05-15,C02503,P0100,1,24.47,0.1,22.02,9.31,Same Day,PayPal
O008545,2024-05-15,C01151,P0010,3,40.56,0.1,109.51,35.8,First Class,Credit Card
O003155,2024-05-15,C02921,P0113,1,29.64,0.05,28.16,7.53,Same Day,UPI
O010842,2024-05-15,C02000,P0168,1,97.8,0.3,68.46,-8.5,Standard,Credit Card
O007479,2024-05-15,C00054,P0124,4,11.46,0.15,38.96,7.84,Second Class,Debit Card
O007550,2024-05-15,C00448,P0093,1,18.06,0.05,17.16,5.09,Standard,PayPal
O008746,2024-05-15,C00068,P0085,1,16.85,0.0,16.85,7.87,Second Class,PayPal
O001700,2024-05-15,C02068,P0021,4,73.9,0.3,206.92,48.0,First Class,Credit Card
O008784,2024-05-15,C01028,P0111,1,8.19,0.05,7.78,2.74,Standard,UPI
O006613,2024-05-15,C02036,P0007,2,79.56,0.1,143.21,15.95,Standard,Bank Transfer
O002808,2024-05-15,C00089,P0113,3,29.64,0.2,71.14,9.25,Standard,PayPal
O003626,2024-05-15,C00011,P0174,3,35.58,0.1,96.07,44.44,Second Class,Bank Transfer
O001492,2024-05-15,C01258,P0056,1,52.21,0.05,49.6,14.05,Same Day,Credit Card
O007996,2024-05-15,C00078,P0066,2,68.82,0.15,116.99,46.93,Standard,Debit Card
O002483,2024-05-15,C00799,P0002,2,26.05,0.0,52.1,14.3,Second Class,Bank Transfer
O010193,2024-05-15,C02833,P0105,4,25.67,0.0,102.68,36.84,Same Day,PayPal
O003403,2024-05-15,C02600,P0039,2,12.02,0.3,16.83,-1.79,Same Day,Credit Card
O007726,2024-05-15,C02985,P0167,4,48.63,0.05,184.79,84.59,First Class,PayPal
O006669,2024-05-15,C03245,P0179,3,24.0,0.05,68.4,10.56,First Class,Bank Transfer
O001770,2024-05-15,C00446,P0155,1,34.48,0.1,31.03,5.68,Same Day,Debit Card
O009165,2024-05-15,C03446,P0035,2,48.65,0.15,82.7,24.1,Second Class,Debit Card
O008401,2024-05-16,C01415,P0087,1,51.68,0.2,41.34,6.88,First Class,Credit Card
O003940,2024-05-16,C02960,P0127,1,14.97,0.05,14.22,5.06,Second Class,Credit Card
O008410,2024-05-16,C01856,P0044,3,23.44,0.0,70.32,21.03,Standard,PayPal
O008197,2024-05-16,C02915,P0020,1,11.38,0.0,11.38,4.69,Second Class,PayPal
O007484,2024-05-16,C00335,P0112,2,28.02,0.1,50.44,11.8,Same Day,Debit Card
O009471,2024-05-16,C02593,P0006,2,24.48,0.3,34.27,7.83,Second Class,Credit Card
O011153,2024-05-16,C03069,P0114,1,141.33,0.1,127.2,57.18,Standard,Bank Transfer
O010319,2024-05-16,C01392,P0139,3,48.37,0.15,123.34,49.03,Second Class,UPI
O007555,2024-05-16,C01279,P0122,1,15.78,0.05,14.99,3.97,First Class,Bank Transfer
O003552,2024-05-16,C00440,P0043,2,26.44,0.1,47.59,7.85,First Class,UPI
O005105,2024-05-16,C02738,P0144,4,32.14,0.0,128.56,65.84,First Class,Debit Card
O009030,2024-05-16,C02693,P0168,1,97.8,0.0,97.8,20.84,Standard,UPI
O001473,2024-05-16,C00454,P0149,2,40.02,0.0,80.04,24.5,Standard,Debit Card
O000052,2024-05-16,C00519,P0100,3,24.47,0.3,51.39,13.26,Standard,PayPal
O002575,2024-05-17,C01115,P0166,2,37.27,0.15,63.36,8.46,Same Day,PayPal
O004848,2024-05-17,C00595,P0108,1,31.93,0.05,30.33,9.86,Standard,Credit Card
O000230,2024-05-17,C00072,P0081,1,24.71,0.1,22.24,3.36,Second Class,Bank Transfer
O006638,2024-05-17,C02363,P0160,1,43.67,0.1,39.3,6.81,Same Day,Debit Card
O003838,2024-05-17,C01981,P0056,2,52.21,0.0,104.42,33.32,Same Day,Debit Card
O002625,2024-05-17,C00065,P0027,1,13.49,0.05,12.82,3.52,Standard,Debit Card
O001230,2024-05-17,C02872,P0092,3,53.5,0.15,136.42,19.12,Standard,Bank Transfer
O006916,2024-05-17,C02188,P0132,3,29.8,0.05,84.93,30.27,Same Day,Credit Card
O011072,2024-05-17,C03189,P0104,1,16.92,0.3,11.84,-0.33,First Class,PayPal
O004935,2024-05-17,C00967,P0018,4,34.96,0.05,132.85,47.41,Same Day,Bank Transfer
O005122,2024-05-17,C00058,P0090,2,39.79,0.1,71.62,25.84,Same Day,Credit Card
O006885,2024-05-17,C00222,P0131,1,10.4,0.3,7.28,-1.04,Second Class,UPI
O005344,2024-05-17,C00022,P0141,2,33.04,0.1,59.47,26.15,Same Day,UPI
O011532,2024-05-17,C01537,P0161,1,15.13,0.0,15.13,6.11,Second Class,Debit Card
O009608,2024-05-17,C02752,P0122,2,15.78,0.1,28.4,6.36,Second Class,Bank Transfer
O003560,2024-05-17,C01192,P0122,3,15.78,0.05,44.97,11.91,First Class,PayPal
O009304,2024-05-17,C02506,P0040,2,32.39,0.2,51.82,0.62,Standard,Debit Card
O000396,2024-05-17,C00456,P0048,1,56.66,0.1,50.99,17.28,Same Day,Credit Card
O004998,2024-05-17,C00314,P0010,1,40.56,0.05,38.53,13.96,Second Class,Debit Card
O009152,2024-05-17,C02463,P0058,1,23.31,0.15,19.81,8.33,First Class,Credit Card
O006168,2024-05-17,C03150,P0086,3,20.57,0.1,55.54,20.68,First Class,Credit Card
O009469,2024-05-17,C02282,P0108,2,31.93,0.0,63.86,22.92,Same Day,Credit Card
O007740,2024-05-18,C00015,P0039,1,12.02,0.05,11.42,2.11,First Class,Credit Card
O010362,2024-05-18,C00345,P0087,2,51.68,0.0,103.36,34.44,Second Class,Bank Transfer
O003477,2024-05-18,C03117,P0139,1,48.37,0.3,33.86,9.09,Same Day,Debit Card
O004988,2024-05-18,C00491,P0075,3,5.19,0.1,14.01,2.34,Standard,Credit Card
O011824,2024-05-18,C03277,P0168,3,97.8,0.1,264.06,33.18,First Class,Credit Card
O008535,2024-05-18,C00378,P0178,1,73.32,0.2,58.66,-0.22,Standard,PayPal
O004869,2024-05-18,C00259,P0126,1,118.37,0.3,82.86,2.88,Same Day,PayPal
O007617,2024-05-18,C03447,P0173,2,27.11,0.1,48.8,15.6,First Class,Bank Transfer
O002408,2024-05-18,C02712,P0016,1,19.78,0.1,17.8,2.57,First Class,Debit Card
O008170,2024-05-18,C03162,P0142,1,66.66,0.15,56.66,17.43,Second Class,UPI
O009738,2024-05-18,C01054,P0006,2,24.48,0.05,46.51,20.07,Same Day,UPI
O006816,2024-05-18,C02150,P0130,1,20.55,0.15,17.47,3.79,Standard,PayPal
O010180,2024-05-18,C00576,P0078,3,23.47,0.05,66.89,31.22,Standard,Debit Card
O007208,2024-05-18,C02654,P0119,1,59.91,0.05,56.91,14.74,Standard,UPI
O010862,2024-05-18,C00184,P0169,1,24.3,0.0,24.3,8.46,Standard,Bank Transfer
O010173,2024-05-18,C01814,P0038,1,7.97,0.2,6.38,0.36,Same Day,Credit Card
O000101,2024-05-18,C00179,P0068,1,54.72,0.15,46.51,10.36,Second Class,Bank Transfer
O001093,2024-05-18,C02089,P0096,2,11.01,0.15,18.72,6.3,Same Day,UPI
O006034,2024-05-18,C03018,P0060,1,53.74,0.0,53.74,21.36,First Class,Bank Transfer
O001274,2024-05-18,C00235,P0094,1,23.04,0.05,21.89,6.04,Same Day,Debit Card
O002052,2024-05-18,C01153,P0028,1,36.39,0.3,25.47,-4.25,First Class,UPI
O005219,2024-05-18,C01651,P0072,5,77.46,0.1,348.57,34.17,Standard,PayPal
O008865,2024-05-18,C02897,P0081,2,24.71,0.0,49.42,11.66,Standard,Debit Card
O002720,2024-05-19,C03162,P0093,1,18.06,0.3,12.64,0.57,Second Class,Credit Card
O004662,2024-05-19,C03485,P0031,1,19.28,0.0,19.28,4.27,Second Class,UPI
O006264,2024-05-19,C00827,P0084,1,20.35,0.0,20.35,9.38,Standard,Debit Card
O003425,2024-05-19,C01830,P0135,4,15.68,0.1,56.45,22.17,Standard,UPI
O004217,2024-05-19,C01378,P0073,1,27.85,0.05,26.46,8.2,Standard,Bank Transfer
O008435,2024-05-19,C02788,P0116,2,34.67,0.0,69.34,21.3,Second Class,UPI
O001866,2024-05-19,C02292,P0037,1,32.65,0.1,29.38,4.72,Second Class,UPI
O011948,2024-05-19,C02078,P0159,3,13.14,0.05,37.45,13.54,Standard,UPI
O001806,2024-05-19,C01875,P0049,1,35.64,0.1,32.08,10.42,Standard,Credit Card
O001145,2024-05-19,C01644,P0161,2,15.13,0.05,28.75,10.71,First Class,UPI
O005239,2024-05-19,C02284,P0140,1,12.81,0.0,12.81,3.69,Second Class,PayPal
O003558,2024-05-19,C00052,P0116,2,34.67,0.2,55.47,7.43,Same Day,Bank Transfer
O009335,2024-05-19,C01632,P0071,1,36.05,0.1,32.45,6.25,First Class,Bank Transfer
O001830,2024-05-19,C01091,P0046,1,17.85,0.0,17.85,4.45,Second Class,Credit Card
O000351,2024-05-19,C02050,P0087,1,51.68,0.0,51.68,17.22,First Class,UPI
O003123,2024-05-19,C02936,P0037,2,32.65,0.1,58.77,9.45,Standard,UPI
O009739,2024-05-19,C03113,P0103,1,22.81,0.1,20.53,2.95,Second Class,Debit Card
O005618,2024-05-19,C00223,P0021,1,73.9,0.15,62.82,23.09,Standard,Credit Card
O010779,2024-05-19,C00004,P0067,1,27.2,0.15,23.12,9.59,Second Class,UPI
O010199,2024-05-19,C01688,P0145,2,33.75,0.1,60.75,9.65,Standard,Debit Card
O002264,2024-05-19,C00244,P0158,1,38.78,0.05,36.84,12.79,First Class,PayPal
O005047,2024-05-19,C01725,P0021,1,73.9,0.15,62.82,23.09,Second Class,Debit Card
O004473,2024-05-20,C02896,P0125,1,41.74,0.1,37.57,4.19,First Class,PayPal
O003110,2024-05-20,C00703,P0128,1,19.73,0.05,18.74,4.95,First Class,Bank Transfer
O008084,2024-05-20,C02746,P0058,4,23.31,0.1,83.92,38.0,Same Day,UPI
O011057,2024-05-20,C01676,P0123,3,70.94,0.1,191.54,87.47,Standard,PayPal
O001479,2024-05-20,C02161,P0007,1,79.56,0.15,67.63,4.0,Same Day,PayPal
O008208,2024-05-20,C01934,P0036,5,12.89,0.1,58.01,20.66,Second Class,UPI
O008659,2024-05-20,C01322,P0068,3,54.72,0.0,164.16,55.71,First Class,UPI
O000956,2024-05-20,C03282,P0129,2,30.41,0.1,54.74,16.08,Second Class,Debit Card
O005976,2024-05-20,C01427,P0012,1,21.06,0.15,17.9,1.14,Second Class,Credit Card
O011701,2024-05-20,C02577,P0161,1,15.13,0.1,13.62,4.6,Standard,PayPal
O004748,2024-05-20,C02711,P0041,3,46.06,0.2,110.54,20.18,First Class,UPI
O006099,2024-05-20,C03461,P0176,2,48.8,0.1,87.84,37.96,Same Day,Debit Card
O002585,2024-05-20,C01675,P0099,5,28.6,0.05,135.85,66.5,Second Class,Credit Card
O000518,2024-05-20,C03358,P0047,1,21.13,0.2,16.9,0.36,First Class,PayPal
O007067,2024-05-20,C01871,P0058,1,23.31,0.15,19.81,8.33,First Class,PayPal
O004430,2024-05-20,C00571,P0153,2,18.32,0.2,29.31,8.21,Second Class,Credit Card
O006985,2024-05-20,C01123,P0026,1,30.63,0.0,30.63,14.92,Standard,Bank Transfer
O006161,2024-05-20,C00685,P0024,1,11.29,0.05,10.73,2.64,First Class,PayPal
O006711,2024-05-20,C01606,P0180,1,167.02,0.05,158.67,45.94,Second Class,Debit Card
O003276,2024-05-20,C02458,P0134,1,38.78,0.1,34.9,4.35,Same Day,Credit Card
O001580,2024-05-21,C03205,P0089,1,20.2,0.1,18.18,3.95,Same Day,Debit Card
O000220,2024-05-21,C00319,P0021,2,73.9,0.15,125.63,46.17,Same Day,UPI
O010995,2024-05-21,C00020,P0047,2,21.13,0.1,38.03,4.95,Second Class,Debit Card
O004195,2024-05-21,C01240,P0028,1,36.39,0.05,34.57,4.85,Second Class,Debit Card
O008559,2024-05-21,C02549,P0050,2,9.06,0.15,15.4,6.12,Second Class,PayPal
O010873,2024-05-21,C00429,P0172,1,16.77,0.0,16.77,3.61,Second Class,Debit Card
O011110,2024-05-21,C01568,P0020,3,11.38,0.15,29.02,8.95,Standard,UPI
O005587,2024-05-21,C01936,P0138,1,23.12,0.1,20.81,9.57,Second Class,UPI
O006283,2024-05-21,C00014,P0153,5,18.32,0.05,87.02,34.27,Standard,UPI
O008454,2024-05-21,C01089,P0062,1,25.26,0.05,24.0,7.39,Second Class,PayPal
O011030,2024-05-21,C01707,P0073,3,27.85,0.05,79.37,24.59,Same Day,Debit Card
O005598,2024-05-21,C00601,P0029,1,19.29,0.0,19.29,9.11,First Class,Debit Card
O002393,2024-05-21,C00705,P0004,1,76.71,0.05,72.87,35.42,Same Day,Bank Transfer
O000803,2024-05-21,C00229,P0054,2,42.42,0.0,84.84,28.46,First Class,Bank Transfer
O007258,2024-05-21,C00025,P0143,2,10.03,0.1,18.05,2.65,Same Day,Bank Transfer
O011480,2024-05-21,C03477,P0023,2,29.78,0.15,50.63,3.09,Same Day,Credit Card
O001733,2024-05-21,C02055,P0110,4,27.16,0.0,108.64,40.48,Standard,UPI
O000630,2024-05-21,C02003,P0102,1,21.68,0.15,18.43,7.72,Standard,Credit Card
O001974,2024-05-21,C03082,P0126,2,118.37,0.0,236.74,76.78,First Class,PayPal
O008115,2024-05-21,C02252,P0110,1,27.16,0.3,19.01,1.97,Standard,UPI
O001752,2024-05-21,C03493,P0064,1,13.1,0.1,11.79,4.54,First Class,PayPal
O009709,2024-05-21,C03195,P0069,1,36.06,0.0,36.06,12.12,Standard,Credit Card
O010660,2024-05-22,C00225,P0117,1,27.87,0.0,27.87,9.72,Second Class,Debit Card
O011861,2024-05-22,C01332,P0095,1,22.09,0.0,22.09,8.34,Same Day,UPI
O008260,2024-05-22,C01293,P0154,1,33.15,0.05,31.49,13.58,First Class,Bank Transfer
O009462,2024-05-22,C00594,P0004,1,76.71,0.15,65.2,27.75,First Class,Debit Card
O005591,2024-05-22,C02937,P0039,1,12.02,0.1,10.82,1.51,Second Class,UPI
O010267,2024-05-22,C00835,P0053,2,18.36,0.0,36.72,13.28,First Class,PayPal
O010939,2024-05-22,C03211,P0097,1,34.55,0.15,29.37,8.6,Same Day,Bank Transfer
O010014,2024-05-22,C00344,P0110,1,27.16,0.0,27.16,10.12,Same Day,Bank Transfer
O005638,2024-05-22,C00161,P0120,2,46.47,0.15,79.0,29.24,Same Day,UPI
O007259,2024-05-22,C01809,P0094,2,23.04,0.0,46.08,14.38,Standard,UPI
O005494,2024-05-22,C01503,P0164,4,16.72,0.2,53.5,11.66,Standard,Debit Card
O010683,2024-05-22,C01724,P0059,2,35.35,0.0,70.7,17.0,Standard,Credit Card
O011582,2024-05-22,C03435,P0014,1,8.22,0.1,7.4,0.75,Same Day,Credit Card
O004299,2024-05-22,C03117,P0143,3,10.03,0.3,21.06,-2.04,Second Class,UPI
O011736,2024-05-22,C02537,P0051,2,35.19,0.15,59.82,12.2,Same Day,UPI
O000748,2024-05-22,C00003,P0141,2,33.04,0.2,52.86,19.54,First Class,Bank Transfer
O001718,2024-05-22,C00612,P0106,1,37.06,0.0,37.06,18.04,Standard,PayPal
O011955,2024-05-22,C00063,P0157,1,95.85,0.0,95.85,17.56,First Class,Debit Card
O006729,2024-05-22,C03080,P0164,3,16.72,0.15,42.64,11.26,First Class,PayPal
O000333,2024-05-22,C02627,P0132,1,29.8,0.15,25.33,7.11,Standard,PayPal
O004883,2024-05-23,C00779,P0087,1,51.68,0.05,49.1,14.64,Standard,Debit Card
O010667,2024-05-23,C02015,P0106,1,37.06,0.1,33.35,14.33,Second Class,UPI
O006744,2024-05-23,C00977,P0064,2,13.1,0.1,23.58,9.08,Second Class,PayPal
O008922,2024-05-23,C03290,P0023,1,29.78,0.15,25.31,1.54,Standard,Credit Card
O008906,2024-05-23,C00326,P0069,1,36.06,0.0,36.06,12.12,Standard,Bank Transfer
O010376,2024-05-23,C02877,P0102,2,21.68,0.15,36.86,15.44,First Class,Bank Transfer
O001336,2024-05-23,C01803,P0153,2,18.32,0.0,36.64,15.54,First Class,UPI
O011742,2024-05-23,C00532,P0027,1,13.49,0.1,12.14,2.84,Second Class,UPI
O009518,2024-05-23,C01489,P0116,1,34.67,0.1,31.2,7.18,First Class,Debit Card
O003222,2024-05-23,C02115,P0097,1,34.55,0.15,29.37,8.6,Same Day,Bank Transfer
O011700,2024-05-23,C02148,P0112,1,28.02,0.2,22.42,3.1,Standard,Credit Card
O009981,2024-05-23,C00038,P0013,3,33.36,0.0,100.08,37.47,Second Class,Debit Card
O004522,2024-05-23,C02453,P0107,3,97.13,0.15,247.68,59.1,First Class,UPI
O000390,2024-05-23,C00876,P0098,4,33.77,0.0,135.08,35.44,Standard,UPI
O010573,2024-05-23,C01414,P0025,1,20.01,0.15,17.01,3.53,Same Day,Bank Transfer
O011103,2024-05-23,C00648,P0074,1,78.81,0.15,66.99,20.51,Same Day,UPI
O009753,2024-05-23,C02441,P0007,1,79.56,0.2,63.65,0.02,Standard,Bank Transfer
O011404,2024-05-23,C00754,P0095,1,22.09,0.1,19.88,6.13,Second Class,Bank Transfer
O009569,2024-05-24,C00846,P0028,1,36.39,0.2,29.11,-0.61,First Class,PayPal
O010602,2024-05-24,C00962,P0014,3,8.22,0.1,22.19,2.24,Same Day,UPI
O008741,2024-05-24,C01222,P0084,4,20.35,0.1,73.26,29.38,First Class,PayPal
O011424,2024-05-24,C00217,P0061,1,20.87,0.2,16.7,5.78,First Class,PayPal
O006199,2024-05-24,C01905,P0128,1,19.73,0.1,17.76,3.97,Standard,UPI
O001785,2024-05-24,C01477,P0077,2,30.16,0.0,60.32,22.36,Standard,PayPal
O001893,2024-05-24,C02644,P0053,1,18.36,0.1,16.52,4.8,Second Class,Bank Transfer
O001651,2024-05-24,C00497,P0027,4,13.49,0.15,45.87,8.67,Standard,Credit Card
O011902,2024-05-24,C02949,P0062,3,25.26,0.3,53.05,3.22,First Class,PayPal
O008433,2024-05-24,C00997,P0096,1,11.01,0.2,8.81,2.6,Standard,PayPal
O001757,2024-05-24,C00127,P0052,3,22.19,0.05,63.24,30.48,Second Class,PayPal
O003510,2024-05-24,C00142,P0125,1,41.74,0.3,29.22,-4.16,Second Class,Credit Card
O005608,2024-05-24,C03115,P0094,4,23.04,0.05,87.55,24.15,Same Day,PayPal
O003973,2024-05-24,C02498,P0036,2,12.89,0.0,25.78,10.84,Second Class,UPI
O001914,2024-05-24,C02238,P0060,1,53.74,0.15,45.68,13.3,First Class,Debit Card
O003422,2024-05-24,C03406,P0113,2,29.64,0.1,53.35,12.09,Standard,PayPal
O000444,2024-05-24,C02787,P0007,2,79.56,0.1,143.21,15.95,First Class,PayPal
O005549,2024-05-24,C00470,P0166,1,37.27,0.1,33.54,6.09,Standard,Credit Card
O004557,2024-05-24,C01640,P0178,1,73.32,0.15,62.32,3.44,Same Day,Debit Card
O008680,2024-05-24,C00953,P0025,1,20.01,0.0,20.01,6.53,Same Day,Credit Card
O011607,2024-05-24,C02823,P0047,1,21.13,0.15,17.96,1.42,Second Class,UPI
O011422,2024-05-24,C01978,P0127,1,14.97,0.0,14.97,5.81,Second Class,UPI
O009736,2024-05-24,C00856,P0163,3,60.53,0.0,181.59,41.43,Same Day,Credit Card
O010364,2024-05-24,C00987,P0105,4,25.67,0.15,87.28,21.44,Standard,Debit Card
O002295,2024-05-24,C03285,P0018,2,34.96,0.05,66.42,23.7,Standard,PayPal
O000426,2024-05-25,C01851,P0015,3,9.29,0.05,26.48,3.98,Second Class,UPI
O003586,2024-05-25,C01795,P0123,3,70.94,0.0,212.82,108.75,Second Class,UPI
O009728,2024-05-25,C01223,P0152,1,35.7,0.05,33.91,7.02,Same Day,PayPal
O000931,2024-05-25,C02216,P0173,1,27.11,0.0,27.11,10.51,Second Class,Debit Card
O003836,2024-05-25,C00359,P0006,2,24.48,0.0,48.96,22.52,Second Class,Bank Transfer
O011589,2024-05-25,C01519,P0102,1,21.68,0.0,21.68,10.97,Second Class,Bank Transfer
O002986,2024-05-25,C01219,P0054,4,42.42,0.05,161.2,48.44,Second Class,Credit Card
O009280,2024-05-25,C00128,P0022,2,24.61,0.0,49.22,16.28,Same Day,Debit Card
O005893,2024-05-25,C00414,P0074,2,78.81,0.0,157.62,64.66,Same Day,Debit Card
O006694,2024-05-25,C01069,P0131,2,10.4,0.1,18.72,2.08,Same Day,Credit Card
O004421,2024-05-25,C03078,P0037,1,32.65,0.05,31.02,6.36,Standard,Debit Card
O007402,2024-05-25,C01851,P0012,2,21.06,0.05,40.01,6.49,Same Day,Bank Transfer
O005311,2024-05-25,C00403,P0053,1,18.36,0.1,16.52,4.8,Standard,Credit Card
O005268,2024-05-25,C02686,P0064,2,13.1,0.0,26.2,11.7,Second Class,Bank Transfer
O002025,2024-05-25,C02310,P0158,1,38.78,0.0,38.78,14.73,Second Class,Bank Transfer
O002765,2024-05-25,C01283,P0079,1,30.25,0.2,24.2,9.42,Standard,Credit Card
O006069,2024-05-25,C01140,P0082,2,35.95,0.05,68.31,16.79,Same Day,UPI
O000107,2024-05-25,C00661,P0035,1,48.65,0.0,48.65,19.35,First Class,Bank Transfer
O003738,2024-05-25,C00112,P0025,1,20.01,0.1,18.01,4.53,Second Class,Bank Transfer
O011329,2024-05-25,C02210,P0128,2,19.73,0.2,31.57,3.99,Same Day,Bank Transfer
O011008,2024-05-26,C01260,P0110,3,27.16,0.15,69.26,18.14,Standard,Debit Card
O002706,2024-05-26,C02572,P0180,1,167.02,0.0,167.02,54.29,First Class,PayPal
O004737,2024-05-26,C02932,P0016,1,19.78,0.15,16.81,1.58,Same Day,PayPal
O010773,2024-05-26,C00180,P0102,1,21.68,0.1,19.51,8.8,First Class,PayPal
O009679,2024-05-26,C00916,P0006,3,24.48,0.0,73.44,33.78,Second Class,UPI
O008619,2024-05-26,C02072,P0082,1,35.95,0.0,35.95,10.19,Standard,UPI
O010378,2024-05-26,C03290,P0135,1,15.68,0.15,13.33,4.76,First Class,PayPal
O007519,2024-05-26,C01989,P0032,2,95.01,0.0,190.02,50.96,Second Class,Credit Card
O000058,2024-05-26,C00005,P0114,2,141.33,0.05,268.53,128.49,Standard,UPI
O004225,2024-05-26,C00607,P0037,1,32.65,0.1,29.38,4.72,First Class,Debit Card
O005676,2024-05-26,C01041,P0008,2,46.94,0.0,93.88,18.36,Second Class,UPI
O004993,2024-05-26,C02893,P0134,1,38.78,0.3,27.15,-3.4,First Class,Credit Card
O004494,2024-05-26,C00148,P0041,2,46.06,0.2,73.7,13.46,Second Class,Credit Card
O008168,2024-05-26,C03035,P0002,1,26.05,0.15,22.14,3.24,Standard,UPI
O010908,2024-05-26,C01329,P0005,2,24.48,0.1,44.06,9.82,First Class,Bank Transfer
O006641,2024-05-26,C01789,P0170,1,17.46,0.05,16.59,3.3,Second Class,Bank Transfer
O011626,2024-05-26,C02553,P0003,1,43.42,0.0,43.42,18.43,Second Class,Bank Transfer
O008808,2024-05-27,C01356,P0090,1,39.79,0.0,39.79,16.9,Same Day,Credit Card
O005174,2024-05-27,C02791,P0048,2,56.66,0.1,101.99,34.57,Standard,Debit Card
O003752,2024-05-27,C00763,P0042,4,31.86,0.2,101.95,19.03,Second Class,Bank Transfer
O005709,2024-05-27,C01702,P0160,1,43.67,0.1,39.3,6.81,Standard,UPI
O000160,2024-05-27,C00784,P0052,3,22.19,0.1,59.91,27.15,Second Class,Debit Card
O010000,2024-05-27,C01099,P0104,1,16.92,0.1,15.23,3.06,Standard,Bank Transfer
O011078,2024-05-27,C01482,P0086,1,20.57,0.05,19.54,7.92,First Class,Bank Transfer
O010647,2024-05-27,C00474,P0144,3,32.14,0.0,96.42,49.38,Standard,Debit Card
O009032,2024-05-27,C00008,P0013,1,33.36,0.15,28.36,7.49,Standard,PayPal
O006271,2024-05-27,C02157,P0161,1,15.13,0.0,15.13,6.11,First Class,PayPal
O005304,2024-05-27,C00081,P0101,2,11.36,0.1,20.45,9.19,Same Day,PayPal
O005299,2024-05-27,C00357,P0090,2,39.79,0.05,75.6,29.82,Standard,Debit Card
O010959,2024-05-27,C01642,P0048,2,56.66,0.1,101.99,34.57,Standard,Debit Card
O005154,2024-05-27,C01916,P0066,3,68.82,0.05,196.14,91.05,First Class,Debit Card
O000024,2024-05-27,C00455,P0178,1,73.32,0.05,69.65,10.77,Second Class,Bank Transfer
O005153,2024-05-27,C01176,P0119,1,59.91,0.05,56.91,14.74,Second Class,PayPal
O010560,2024-05-27,C00535,P0064,1,13.1,0.1,11.79,4.54,Second Class,Credit Card
O009171,2024-05-27,C01893,P0070,1,18.74,0.3,13.12,0.06,Second Class,Bank Transfer
O006931,2024-05-27,C00578,P0009,1,21.01,0.05,19.96,3.34,Standard,Credit Card
O008393,2024-05-27,C02377,P0071,1,36.05,0.15,30.64,4.44,First Class,UPI
O010135,2024-05-27,C00718,P0047,1,21.13,0.05,20.07,3.53,Second Class,Credit Card
O003975,2024-05-28,C01765,P0155,2,34.48,0.1,62.06,11.36,Second Class,Credit Card
O001008,2024-05-28,C01189,P0174,1,35.58,0.15,30.24,13.03,First Class,UPI
O000317,2024-05-28,C03164,P0170,2,17.46,0.1,31.43,4.85,Same Day,Bank Transfer
O002981,2024-05-28,C00730,P0053,2,18.36,0.05,34.88,11.44,Standard,UPI
O001391,2024-05-28,C03455,P0035,2,48.65,0.1,87.57,28.97,First Class,Bank Transfer
O006076,2024-05-28,C00612,P0062,1,25.26,0.0,25.26,8.65,First Class,UPI
O003200,2024-05-28,C01553,P0048,1,56.66,0.05,53.83,20.12,Same Day,Debit Card
O006318,2024-05-28,C01423,P0043,1,26.44,0.2,21.15,1.28,Standard,Credit Card
O005292,2024-05-28,C01952,P0021,3,73.9,0.2,177.36,58.17,Standard,Debit Card
O008034,2024-05-28,C01300,P0177,2,28.74,0.15,48.86,15.02,Same Day,UPI
O001745,2024-05-28,C01460,P0174,2,35.58,0.1,64.04,29.62,Second Class,UPI
O001045,2024-05-28,C00988,P0128,5,19.73,0.1,88.79,19.84,First Class,Bank Transfer
O010310,2024-05-29,C02570,P0102,5,21.68,0.05,102.98,49.43,Same Day,Debit Card
O011419,2024-05-29,C00338,P0111,4,8.19,0.3,22.93,2.77,Second Class,Bank Transfer
O011163,2024-05-29,C02227,P0047,3,21.13,0.05,60.22,10.6,Second Class,Debit Card
O005792,2024-05-29,C03461,P0012,3,21.06,0.0,63.18,12.9,Standard,UPI
O010755,2024-05-29,C00337,P0069,1,36.06,0.15,30.65,6.71,First Class,Debit Card
O010499,2024-05-29,C02305,P0013,1,33.36,0.15,28.36,7.49,Same Day,Credit Card
O010422,2024-05-29,C00004,P0159,1,13.14,0.05,12.48,4.51,First Class,Debit Card
O003357,2024-05-29,C02862,P0042,2,31.86,0.15,54.16,12.7,Standard,Bank Transfer
O001332,2024-05-29,C01734,P0159,2,13.14,0.0,26.28,10.34,First Class,Debit Card
O001525,2024-05-29,C03448,P0176,1,48.8,0.0,48.8,23.86,First Class,UPI
O011587,2024-05-29,C02228,P0140,1,12.81,0.0,12.81,3.69,Second Class,Bank Transfer
O007450,2024-05-30,C02228,P0139,1,48.37,0.0,48.37,23.6,Same Day,UPI
O000784,2024-05-30,C00151,P0011,1,21.09,0.1,18.98,8.75,Standard,Debit Card
O007580,2024-05-30,C02387,P0088,3,35.29,0.05,100.58,24.05,Second Class,Bank Transfer
O008063,2024-05-30,C00774,P0148,3,12.08,0.3,25.37,-0.61,Same Day,UPI
O006356,2024-05-30,C02350,P0162,1,47.54,0.0,47.54,9.68,Standard,Bank Transfer
O008914,2024-05-30,C00346,P0122,1,15.78,0.3,11.05,0.03,Same Day,Credit Card
O007702,2024-05-30,C02462,P0152,1,35.7,0.1,32.13,5.24,Standard,PayPal
O009016,2024-05-30,C01377,P0077,2,30.16,0.0,60.32,22.36,First Class,UPI
O007371,2024-05-30,C02233,P0036,2,12.89,0.05,24.49,9.55,Second Class,PayPal
O002150,2024-05-30,C03481,P0042,1,31.86,0.3,22.3,1.57,Second Class,Bank Transfer
O009931,2024-05-30,C02019,P0099,4,28.6,0.05,108.68,53.2,First Class,PayPal
O003682,2024-05-30,C03153,P0070,1,18.74,0.3,13.12,0.06,Second Class,UPI
O007836,2024-05-30,C00392,P0001,5,39.36,0.2,157.44,49.89,First Class,Bank Transfer
O005838,2024-05-30,C00082,P0175,1,34.12,0.2,27.3,0.42,First Class,Bank Transfer
O001448,2024-05-30,C01216,P0049,1,35.64,0.0,35.64,13.98,Second Class,Credit Card
O001281,2024-05-30,C02052,P0097,5,34.55,0.1,155.47,51.62,First Class,Debit Card
O006370,2024-05-30,C00210,P0047,2,21.13,0.15,35.92,2.84,Same Day,PayPal
O011041,2024-05-30,C01912,P0175,5,34.12,0.15,145.01,10.61,First Class,Credit Card
O006117,2024-05-30,C00379,P0122,2,15.78,0.05,29.98,7.94,Same Day,PayPal
O006968,2024-05-30,C00720,P0073,1,27.85,0.1,25.07,6.81,Standard,Credit Card
O002580,2024-05-30,C01543,P0029,2,19.29,0.0,38.58,18.22,Same Day,Debit Card
O009324,2024-05-30,C02536,P0028,2,36.39,0.0,72.78,13.34,First Class,Bank Transfer
O009168,2024-05-30,C00585,P0108,2,31.93,0.1,57.47,16.53,First Class,Debit Card
O002899,2024-05-31,C02974,P0174,3,35.58,0.0,106.74,55.11,Standard,PayPal
O005582,2024-05-31,C02940,P0071,2,36.05,0.05,68.49,16.09,First Class,PayPal
O000554,2024-05-31,C02692,P0094,3,23.04,0.15,58.75,11.2,Second Class,UPI
O003663,2024-05-31,C03173,P0168,2,97.8,0.2,156.48,2.56,Same Day,PayPal
O003416,2024-05-31,C02278,P0010,1,40.56,0.05,38.53,13.96,Standard,Debit Card
O005444,2024-05-31,C00212,P0043,1,26.44,0.2,21.15,1.28,Second Class,Credit Card
O010380,2024-05-31,C00841,P0112,2,28.02,0.05,53.24,14.6,Standard,PayPal
O005452,2024-05-31,C02661,P0157,1,95.85,0.0,95.85,17.56,Second Class,Debit Card
O002608,2024-05-31,C02217,P0129,2,30.41,0.1,54.74,16.08,First Class,Bank Transfer
O004811,2024-05-31,C00658,P0044,1,23.44,0.1,21.1,4.67,First Class,Debit Card
O002803,2024-05-31,C01624,P0109,1,33.7,0.1,30.33,12.17,Standard,Credit Card
O006253,2024-05-31,C03469,P0118,1,13.33,0.3,9.33,-0.95,Standard,UPI
O004343,2024-06-01,C00118,P0112,3,28.02,0.2,67.25,9.29,Second Class,PayPal
O007159,2024-06-01,C03018,P0107,1,97.13,0.0,97.13,34.27,Same Day,Bank Transfer
O008463,2024-06-01,C02508,P0095,1,22.09,0.15,18.78,5.03,Same Day,Credit Card
O000286,2024-06-01,C00095,P0023,5,29.78,0.15,126.56,7.71,Second Class,Bank Transfer
O010902,2024-06-01,C02100,P0057,1,16.52,0.05,15.69,7.59,Standard,PayPal
O008245,2024-06-01,C01887,P0146,2,47.38,0.3,66.33,11.77,First Class,Bank Transfer
O002443,2024-06-01,C01415,P0030,1,23.58,0.1,21.22,5.75,Second Class,UPI
O009593,2024-06-01,C00367,P0134,1,38.78,0.1,34.9,4.35,Second Class,Bank Transfer
O011928,2024-06-01,C01121,P0170,1,17.46,0.1,15.71,2.42,Second Class,Debit Card
O003046,2024-06-01,C02608,P0010,2,40.56,0.1,73.01,23.87,First Class,Bank Transfer
O005203,2024-06-01,C00740,P0038,1,7.97,0.15,6.77,0.75,Second Class,Debit Card
O000623,2024-06-01,C01344,P0170,4,17.46,0.1,62.86,9.7,Standard,PayPal
O000714,2024-06-01,C00133,P0132,1,29.8,0.05,28.31,10.09,First Class,Debit Card
O005606,2024-06-01,C02699,P0002,3,26.05,0.15,66.43,9.73,Second Class,Credit Card
O000226,2024-06-01,C00604,P0158,1,38.78,0.05,36.84,12.79,Second Class,UPI
O005729,2024-06-01,C00233,P0095,1,22.09,0.3,15.46,1.71,Second Class,Credit Card
O003751,2024-06-02,C02059,P0040,1,32.39,0.1,29.15,3.55,Second Class,Debit Card
O000035,2024-06-02,C00655,P0004,2,76.71,0.2,122.74,47.84,Same Day,Bank Transfer
O007949,2024-06-02,C02869,P0055,1,55.71,0.1,50.14,17.97,Same Day,PayPal
O007434,2024-06-02,C00602,P0110,2,27.16,0.0,54.32,20.24,Second Class,Debit Card
O005552,2024-06-02,C03173,P0165,2,53.31,0.05,101.29,22.89,First Class,Bank Transfer
O011312,2024-06-02,C03002,P0178,1,73.32,0.15,62.32,3.44,First Class,UPI
O009014,2024-06-02,C03035,P0098,1,33.77,0.0,33.77,8.86,Standard,Debit Card
O000397,2024-06-02,C00802,P0001,1,39.36,0.2,31.49,9.98,Same Day,UPI
O003126,2024-06-02,C00364,P0166,3,37.27,0.15,95.04,12.69,Second Class,Credit Card
O011908,2024-06-02,C02398,P0132,2,29.8,0.15,50.66,14.22,First Class,UPI
O009497,2024-06-02,C02254,P0078,2,23.47,0.0,46.94,23.16,Standard,PayPal
O000378,2024-06-02,C02131,P0006,1,24.48,0.15,20.81,7.59,Standard,Credit Card
O002231,2024-06-02,C02185,P0163,1,60.53,0.1,54.48,7.76,Same Day,Debit Card
O009897,2024-06-03,C02524,P0060,2,53.74,0.0,107.48,42.72,First Class,Debit Card
O000854,2024-06-03,C02453,P0169,1,24.3,0.05,23.09,7.25,First Class,Bank Transfer
O003721,2024-06-03,C02296,P0011,1,21.09,0.05,20.04,9.81,First Class,PayPal
O008501,2024-06-03,C02579,P0138,3,23.12,0.05,65.89,32.17,Same Day,Debit Card
O002515,2024-06-03,C03097,P0145,3,33.75,0.1,91.12,14.47,First Class,PayPal
O005162,2024-06-03,C00690,P0177,1,28.74,0.1,25.87,8.95,Standard,UPI
O009124,2024-06-03,C00388,P0067,1,27.2,0.2,21.76,8.23,Same Day,Credit Card
O004181,2024-06-03,C03472,P0075,1,5.19,0.1,4.67,0.78,First Class,Debit Card
O001505,2024-06-03,C01768,P0086,3,20.57,0.0,61.71,26.85,Second Class,Bank Transfer
O000960,2024-06-03,C02059,P0022,5,24.61,0.0,123.05,40.7,First Class,Bank Transfer
O010721,2024-06-03,C01926,P0171,2,15.99,0.15,27.18,8.34,Second Class,Debit Card
O003844,2024-06-03,C01519,P0111,4,8.19,0.05,31.12,10.96,Standard,Bank Transfer
O010863,2024-06-03,C01856,P0148,2,12.08,0.2,19.33,2.01,Standard,UPI
O005806,2024-06-03,C01870,P0128,1,19.73,0.0,19.73,5.94,Second Class,UPI
O007747,2024-06-03,C02557,P0178,1,73.32,0.05,69.65,10.77,First Class,Credit Card
O002901,2024-06-03,C00218,P0044,3,23.44,0.05,66.8,17.51,Standard,UPI
O002593,2024-06-03,C03475,P0068,1,54.72,0.0,54.72,18.57,Second Class,PayPal
O006686,2024-06-03,C03126,P0099,1,28.6,0.15,24.31,10.44,First Class,PayPal
O000321,2024-06-03,C03435,P0086,3,20.57,0.1,55.54,20.68,Second Class,UPI
O010120,2024-06-03,C02695,P0071,1,36.05,0.1,32.45,6.25,First Class,Debit Card
O003907,2024-06-04,C03404,P0112,2,28.02,0.0,56.04,17.4,First Class,PayPal
O009042,2024-06-04,C03099,P0008,1,46.94,0.2,37.55,-0.21,First Class,Bank Transfer
O007593,2024-06-04,C01518,P0060,1,53.74,0.2,42.99,10.61,Standard,Credit Card
O000922,2024-06-04,C02046,P0059,1,35.35,0.15,30.05,3.2,Standard,Debit Card
O011477,2024-06-04,C00342,P0124,1,11.46,0.2,9.17,1.39,Second Class,Credit Card
O011526,2024-06-04,C01483,P0044,1,23.44,0.2,18.75,2.32,Second Class,Credit Card
O011831,2024-06-04,C02104,P0074,2,78.81,0.1,141.86,48.9,Same Day,UPI
O005492,2024-06-04,C00960,P0137,1,17.13,0.05,16.27,7.46,First Class,PayPal
O011351,2024-06-04,C01408,P0147,1,12.76,0.15,10.85,4.21,Same Day,UPI
O007977,2024-06-04,C00783,P0071,2,36.05,0.2,57.68,5.28,Same Day,Credit Card
O009436,2024-06-04,C00455,P0101,1,11.36,0.15,9.66,4.03,Second Class,Debit Card
O011111,2024-06-04,C02301,P0178,1,73.32,0.2,58.66,-0.22,Same Day,PayPal
O005211,2024-06-04,C01617,P0151,2,33.54,0.05,63.73,14.77,Second Class,Credit Card
O010233,2024-06-04,C03243,P0004,3,76.71,0.1,207.12,94.77,Same Day,Debit Card
O010887,2024-06-04,C03201,P0032,1,95.01,0.1,85.51,15.98,Second Class,Debit Card
O005597,2024-06-04,C00186,P0131,2,10.4,0.15,17.68,1.04,Same Day,Debit Card
O000322,2024-06-04,C03255,P0135,1,15.68,0.3,10.98,2.41,Same Day,Credit Card
O003853,2024-06-04,C01362,P0115,1,25.15,0.2,20.12,4.84,Second Class,Debit Card
O001219,2024-06-04,C02564,P0121,1,47.66,0.0,47.66,23.64,Second Class,PayPal
O007722,2024-06-04,C02020,P0153,2,18.32,0.05,34.81,13.71,Second Class,UPI
O002840,2024-06-04,C03327,P0083,1,74.49,0.05,70.77,24.66,Second Class,PayPal
O002257,2024-06-04,C01974,P0165,1,53.31,0.05,50.64,11.44,First Class,Debit Card
O001945,2024-06-04,C02862,P0105,1,25.67,0.15,21.82,5.36,Same Day,PayPal
O002985,2024-06-05,C00909,P0111,1,8.19,0.05,7.78,2.74,Second Class,PayPal
O004116,2024-06-05,C00588,P0144,1,32.14,0.1,28.93,13.25,First Class,Bank Transfer
O008868,2024-06-05,C03017,P0095,2,22.09,0.0,44.18,16.68,Second Class,UPI
O003554,2024-06-05,C00520,P0024,1,11.29,0.1,10.16,2.07,Same Day,Bank Transfer
O007793,2024-06-05,C03251,P0075,4,5.19,0.15,17.65,2.09,Standard,UPI
O002827,2024-06-05,C00520,P0138,2,23.12,0.05,43.93,21.45,Same Day,PayPal
O005804,2024-06-05,C00782,P0131,2,10.4,0.3,14.56,-2.08,Same Day,Credit Card
O005759,2024-06-05,C02168,P0101,1,11.36,0.15,9.66,4.03,First Class,Bank Transfer
O003516,2024-06-05,C02218,P0168,2,97.8,0.1,176.04,22.12,Standard,Credit Card
O009255,2024-06-05,C00731,P0100,1,24.47,0.1,22.02,9.31,Same Day,UPI
O009028,2024-06-05,C02991,P0025,1,20.01,0.05,19.01,5.53,First Class,UPI
O000926,2024-06-05,C01728,P0071,1,36.05,0.05,34.25,8.05,First Class,Debit Card
O010537,2024-06-05,C01677,P0092,1,53.5,0.05,50.82,11.72,First Class,Debit Card
O002537,2024-06-05,C01743,P0128,1,19.73,0.1,17.76,3.97,First Class,Debit Card
O003001,2024-06-06,C01902,P0128,1,19.73,0.15,16.77,2.98,First Class,Credit Card
O003828,2024-06-06,C02080,P0018,1,34.96,0.0,34.96,13.6,Second Class,UPI
O008931,2024-06-06,C02344,P0110,2,27.16,0.15,46.17,12.09,Standard,Bank Transfer
O009890,2024-06-06,C01906,P0072,2,77.46,0.2,123.94,-1.82,Standard,UPI
O008270,2024-06-06,C01168,P0152,1,35.7,0.05,33.91,7.02,Second Class,PayPal
O002996,2024-06-06,C01757,P0132,1,29.8,0.0,29.8,11.58,Same Day,Debit Card
O003919,2024-06-06,C02178,P0166,2,37.27,0.05,70.81,15.91,First Class,PayPal
O006579,2024-06-06,C02682,P0133,1,14.29,0.1,12.86,1.33,Standard,Credit Card
O001338,2024-06-06,C00106,P0031,1,19.28,0.3,13.5,-1.51,First Class,Debit Card
O007301,2024-06-06,C03485,P0018,3,34.96,0.1,94.39,30.31,First Class,PayPal
O008733,2024-06-06,C01089,P0171,1,15.99,0.05,15.19,5.77,First Class,Bank Transfer
O009715,2024-06-06,C01252,P0003,2,43.42,0.1,78.16,28.18,Second Class,Debit Card
O008831,2024-06-06,C01914,P0014,1,8.22,0.05,7.81,1.16,Same Day,Bank Transfer
O002878,2024-06-06,C01008,P0177,1,28.74,0.05,27.3,10.38,Same Day,PayPal
O003659,2024-06-06,C00152,P0177,3,28.74,0.0,86.22,35.46,Same Day,UPI
O001926,2024-06-06,C00113,P0115,1,25.15,0.05,23.89,8.61,First Class,Bank Transfer
O006753,2024-06-06,C01367,P0058,4,23.31,0.0,93.24,47.32,Same Day,UPI
O006190,2024-06-06,C01039,P0116,2,34.67,0.05,65.87,17.83,First Class,UPI
O008796,2024-06-06,C01385,P0145,1,33.75,0.15,28.69,3.14,Same Day,UPI
O004002,2024-06-06,C02939,P0073,1,27.85,0.05,26.46,8.2,Same Day,UPI
O003866,2024-06-06,C01280,P0069,3,36.06,0.0,108.18,36.36,Second Class,Bank Transfer
O009142,2024-06-07,C01915,P0136,2,78.06,0.05,148.31,69.69,Same Day,Bank Transfer
O003533,2024-06-07,C00501,P0140,1,12.81,0.0,12.81,3.69,Second Class,Bank Transfer
O000142,2024-06-07,C01281,P0079,3,30.25,0.0,90.75,46.41,Standard,UPI
O007647,2024-06-07,C00602,P0031,4,19.28,0.15,65.55,5.51,Same Day,Bank Transfer
O006179,2024-06-07,C02997,P0086,1,20.57,0.05,19.54,7.92,Second Class,Credit Card
O000103,2024-06-07,C01966,P0032,1,95.01,0.0,95.01,25.48,Standard,PayPal
O005993,2024-06-07,C02781,P0050,1,9.06,0.1,8.15,3.51,Second Class,Credit Card
O007687,2024-06-07,C02014,P0171,2,15.99,0.05,30.38,11.54,Same Day,UPI
O002380,2024-06-07,C01710,P0176,1,48.8,0.15,41.48,16.54,Standard,PayPal
O008497,2024-06-07,C02282,P0121,3,47.66,0.1,128.68,56.62,First Class,UPI
O004109,2024-06-07,C01655,P0009,1,21.01,0.2,16.81,0.19,Same Day,Debit Card
O001464,2024-06-07,C02954,P0093,3,18.06,0.1,48.76,12.55,Same Day,Bank Transfer
O011251,2024-06-07,C02510,P0170,2,17.46,0.15,29.68,3.1,Second Class,Bank Transfer
O010384,2024-06-07,C00319,P0111,1,8.19,0.2,6.55,1.51,First Class,Credit Card
O009118,2024-06-08,C00985,P0159,3,13.14,0.1,35.48,11.57,Second Class,UPI
O002952,2024-06-08,C01099,P0005,2,24.48,0.1,44.06,9.82,Same Day,Debit Card
O010391,2024-06-08,C01038,P0045,1,10.9,0.0,10.9,3.07,Standard,PayPal
O002410,2024-06-08,C02632,P0140,1,12.81,0.15,10.89,1.77,First Class,Debit Card
O007530,2024-06-08,C00796,P0083,3,74.49,0.2,178.78,40.45,Second Class,Debit Card
O006148,2024-06-08,C02214,P0158,1,38.78,0.3,27.15,3.1,Same Day,Bank Transfer
O000442,2024-06-08,C01399,P0119,1,59.91,0.1,53.92,11.75,Same Day,Debit Card
O010871,2024-06-08,C01218,P0146,1,47.38,0.15,40.27,12.99,Second Class,Bank Transfer
O010841,2024-06-08,C01436,P0166,2,37.27,0.2,59.63,4.73,First Class,PayPal
O007415,2024-06-08,C02674,P0012,1,21.06,0.1,18.95,2.19,Second Class,Debit Card
O011576,2024-06-08,C03453,P0012,1,21.06,0.05,20.01,3.25,First Class,PayPal
O011083,2024-06-08,C00230,P0132,3,29.8,0.0,89.4,34.74,Same Day,Bank Transfer
O010144,2024-06-08,C03015,P0036,1,12.89,0.3,9.02,1.55,Second Class,Debit Card
O005937,2024-06-08,C00036,P0173,1,27.11,0.0,27.11,10.51,Standard,Bank Transfer
O010316,2024-06-08,C00941,P0057,1,16.52,0.1,14.87,6.77,Same Day,Bank Transfer
O003668,2024-06-08,C00919,P0012,1,21.06,0.0,21.06,4.3,First Class,UPI
O006474,2024-06-09,C03048,P0175,1,34.12,0.2,27.3,0.42,First Class,Bank Transfer
O002775,2024-06-09,C02855,P0024,5,11.29,0.3,39.51,-0.94,First Class,UPI
O002200,2024-06-09,C02774,P0038,1,7.97,0.05,7.57,1.55,Same Day,Debit Card
O004498,2024-06-09,C01032,P0167,2,48.63,0.05,92.4,42.3,Second Class,UPI
O001513,2024-06-09,C02423,P0180,3,167.02,0.1,450.95,112.76,First Class,PayPal
O006089,2024-06-09,C03019,P0046,1,17.85,0.05,16.96,3.56,Second Class,Debit Card
O008240,2024-06-09,C00276,P0064,1,13.1,0.0,13.1,5.85,Standard,PayPal
O004112,2024-06-09,C01671,P0008,1,46.94,0.1,42.25,4.49,Second Class,Credit Card
O008633,2024-06-09,C03344,P0022,1,24.61,0.1,22.15,5.68,Same Day,Credit Card
O003902,2024-06-09,C02664,P0015,1,9.29,0.05,8.83,1.33,Same Day,UPI
O006567,2024-06-09,C02711,P0004,2,76.71,0.05,145.75,70.85,Standard,Credit Card
O010713,2024-06-09,C00167,P0065,1,48.33,0.05,45.91,12.48,Same Day,Debit Card
O010681,2024-06-09,C01046,P0162,3,47.54,0.15,121.23,7.65,First Class,Debit Card
O000617,2024-06-09,C01290,P0163,1,60.53,0.2,48.42,1.7,Standard,UPI
O009903,2024-06-09,C02697,P0083,1,74.49,0.1,67.04,20.93,Same Day,UPI
O003475,2024-06-10,C01048,P0163,5,60.53,0.05,287.52,53.92,First Class,UPI
O009540,2024-06-10,C00359,P0075,2,5.19,0.0,10.38,2.6,Same Day,PayPal
O006489,2024-06-10,C00972,P0071,1,36.05,0.0,36.05,9.85,Same Day,UPI
O007320,2024-06-10,C02185,P0159,2,13.14,0.15,22.34,6.4,Same Day,Credit Card
O006388,2024-06-10,C01066,P0066,1,68.82,0.05,65.38,30.35,First Class,UPI
O003843,2024-06-10,C01705,P0161,2,15.13,0.05,28.75,10.71,Standard,UPI
O000325,2024-06-10,C01095,P0104,2,16.92,0.0,33.84,9.5,Second Class,Credit Card
O010677,2024-06-10,C03443,P0075,1,5.19,0.0,5.19,1.3,First Class,Debit Card
O007980,2024-06-10,C02513,P0024,2,11.29,0.15,19.19,3.01,Same Day,Debit Card
O009847,2024-06-10,C02699,P0111,1,8.19,0.3,5.73,0.69,First Class,UPI
O005434,2024-06-10,C00270,P0027,5,13.49,0.05,64.08,17.58,Standard,PayPal
O000842,2024-06-10,C02316,P0122,1,15.78,0.15,13.41,2.39,Second Class,Bank Transfer
O002060,2024-06-10,C02744,P0151,4,33.54,0.05,127.45,29.53,First Class,Credit Card
O002738,2024-06-10,C00777,P0072,2,77.46,0.1,139.43,13.67,Same Day,Debit Card
O003377,2024-06-10,C02064,P0085,1,16.85,0.0,16.85,7.87,Same Day,Bank Transfer
O008175,2024-06-10,C00404,P0025,2,20.01,0.15,34.02,7.06,Standard,Bank Transfer
O011355,2024-06-10,C00723,P0162,2,47.54,0.0,95.08,19.36,Standard,UPI
O000761,2024-06-11,C01927,P0061,1,20.87,0.05,19.83,8.91,First Class,UPI
O002500,2024-06-11,C00305,P0089,1,20.2,0.0,20.2,5.97,First Class,Debit Card
O000479,2024-06-11,C02993,P0168,2,97.8,0.0,195.6,41.68,Same Day,UPI
O008956,2024-06-11,C01552,P0077,1,30.16,0.1,27.14,8.16,Standard,UPI
O011786,2024-06-11,C02270,P0050,1,9.06,0.0,9.06,4.42,Standard,UPI
O002944,2024-06-11,C02943,P0062,1,25.26,0.0,25.26,8.65,First Class,UPI
O008973,2024-06-11,C02878,P0061,3,20.87,0.1,56.35,23.59,Standard,UPI
O006347,2024-06-11,C00996,P0003,1,43.42,0.15,36.91,11.92,Standard,Credit Card
O009780,2024-06-11,C03133,P0144,1,32.14,0.2,25.71,10.03,Same Day,Debit Card
O003115,2024-06-11,C03392,P0176,1,48.8,0.2,39.04,14.1,Same Day,UPI
O003202,2024-06-11,C03083,P0041,2,46.06,0.05,87.51,27.27,Same Day,Debit Card
O006839,2024-06-11,C03143,P0084,1,20.35,0.2,16.28,5.31,Second Class,Bank Transfer
O004943,2024-06-11,C02110,P0164,1,16.72,0.0,16.72,6.26,First Class,Debit Card
O008062,2024-06-11,C00128,P0112,3,28.02,0.15,71.45,13.49,First Class,Credit Card
O006706,2024-06-11,C01250,P0118,1,13.33,0.0,13.33,3.05,First Class,Bank Transfer
O011325,2024-06-12,C02163,P0011,1,21.09,0.15,17.93,7.7,Standard,Bank Transfer
O006494,2024-06-12,C01594,P0007,1,79.56,0.0,79.56,15.93,First Class,Bank Transfer
O007297,2024-06-12,C02210,P0062,1,25.26,0.1,22.73,6.12,Second Class,PayPal
O004770,2024-06-12,C01608,P0002,2,26.05,0.3,36.47,-1.33,First Class,PayPal
O006653,2024-06-12,C01545,P0102,4,21.68,0.15,73.71,30.87,Standard,Debit Card
O005634,2024-06-12,C03457,P0139,1,48.37,0.2,38.7,13.93,Standard,Credit Card
O008428,2024-06-12,C01250,P0087,1,51.68,0.2,41.34,6.88,First Class,Debit Card
O003813,2024-06-12,C00082,P0141,1,33.04,0.15,28.08,11.42,Standard,Bank Transfer
O005776,2024-06-12,C02460,P0037,2,32.65,0.15,55.5,6.18,Same Day,Bank Transfer
O000074,2024-06-12,C01006,P0098,2,33.77,0.1,60.79,10.97,First Class,PayPal
O010983,2024-06-12,C03015,P0109,3,33.7,0.2,80.88,26.4,Standard,Debit Card
O006458,2024-06-12,C02273,P0026,1,30.63,0.05,29.1,13.39,First Class,Bank Transfer
O009867,2024-06-12,C00982,P0126,5,118.37,0.2,473.48,73.58,Second Class,Bank Transfer
O001994,2024-06-12,C00463,P0045,1,10.9,0.05,10.36,2.53,Standard,UPI
O001658,2024-06-12,C02660,P0172,1,16.77,0.0,16.77,3.61,First Class,UPI
O005139,2024-06-12,C01608,P0157,1,95.85,0.05,91.06,12.77,Standard,Bank Transfer
O007432,2024-06-12,C01105,P0153,1,18.32,0.05,17.4,6.85,First Class,Debit Card
O008564,2024-06-12,C01335,P0174,1,35.58,0.0,35.58,18.37,Standard,UPI
O005626,2024-06-12,C03193,P0082,2,35.95,0.15,61.12,9.6,Standard,Debit Card
O003549,2024-06-12,C00672,P0023,1,29.78,0.3,20.85,-2.92,Same Day,Debit Card
O010827,2024-06-12,C00434,P0179,3,24.0,0.15,61.2,3.36,Standard,Debit Card
O003825,2024-06-12,C02317,P0164,2,16.72,0.15,28.42,7.5,Same Day,Debit Card
O000932,2024-06-12,C01873,P0072,3,77.46,0.0,232.38,43.74,Same Day,PayPal
O007737,2024-06-12,C02576,P0035,2,48.65,0.05,92.43,33.83,Second Class,PayPal
O011289,2024-06-12,C00194,P0079,1,30.25,0.1,27.23,12.45,Standard,UPI
O002205,2024-06-13,C00394,P0147,5,12.76,0.0,63.8,30.6,Standard,Bank Transfer
O000804,2024-06-13,C00136,P0118,1,13.33,0.1,12.0,1.72,Second Class,Credit Card
O005872,2024-06-13,C00291,P0156,2,17.92,0.1,32.26,5.22,First Class,Credit Card
O006917,2024-06-13,C02184,P0028,1,36.39,0.05,34.57,4.85,First Class,PayPal
O003295,2024-06-13,C00053,P0043,1,26.44,0.0,26.44,6.57,First Class,Debit Card
O001215,2024-06-13,C00944,P0142,2,66.66,0.0,133.32,54.86,Same Day,Debit Card
O004014,2024-06-13,C00319,P0049,1,35.64,0.0,35.64,13.98,First Class,Credit Card
O006186,2024-06-13,C02938,P0142,2,66.66,0.1,119.99,41.53,Standard,Debit Card
O009320,2024-06-13,C00369,P0022,1,24.61,0.2,19.69,3.22,Same Day,PayPal
O001824,2024-06-13,C02776,P0085,2,16.85,0.0,33.7,15.74,Second Class,PayPal
O010585,2024-06-13,C01254,P0099,3,28.6,0.0,85.8,44.19,Same Day,Bank Transfer
O007959,2024-06-13,C00442,P0039,2,12.02,0.15,20.43,1.81,Same Day,Debit Card
O005254,2024-06-13,C01546,P0020,1,11.38,0.2,9.1,2.41,First Class,PayPal
O000451,2024-06-14,C02745,P0022,1,24.61,0.1,22.15,5.68,Second Class,UPI
O000542,2024-06-14,C01997,P0023,1,29.78,0.05,28.29,4.52,Same Day,Credit Card
O008669,2024-06-14,C02098,P0148,1,12.08,0.05,11.48,2.82,First Class,Bank Transfer
O011930,2024-06-14,C01648,P0020,1,11.38,0.1,10.24,3.55,First Class,UPI
O010118,2024-06-14,C00569,P0077,1,30.16,0.0,30.16,11.18,Second Class,UPI
O010185,2024-06-14,C00375,P0137,4,17.13,0.05,65.09,29.85,First Class,Debit Card
O001167,2024-06-14,C00199,P0074,1,78.81,0.05,74.87,28.39,Standard,Credit Card
O009394,2024-06-14,C00085,P0148,1,12.08,0.1,10.87,2.21,First Class,Credit Card
O003539,2024-06-14,C03074,P0072,2,77.46,0.2,123.94,-1.82,Standard,Credit Card
O002314,2024-06-14,C02914,P0125,2,41.74,0.15,70.96,4.2,Second Class,UPI
O006627,2024-06-14,C01870,P0102,1,21.68,0.0,21.68,10.97,Same Day,Bank Transfer
O000182,2024-06-14,C01140,P0083,2,74.49,0.0,148.98,56.76,First Class,PayPal
O004386,2024-06-14,C01303,P0005,3,24.48,0.1,66.1,14.74,Standard,UPI
O006244,2024-06-14,C03443,P0056,2,52.21,0.1,93.98,22.88,Second Class,PayPal
O010375,2024-06-14,C00403,P0110,2,27.16,0.0,54.32,20.24,First Class,PayPal
O004059,2024-06-14,C02532,P0160,1,43.67,0.0,43.67,11.18,Same Day,PayPal
O003293,2024-06-14,C02908,P0111,2,8.19,0.1,14.74,4.66,Second Class,Debit Card
O000206,2024-06-14,C02663,P0062,4,25.26,0.15,85.88,19.44,First Class,Debit Card
O011781,2024-06-14,C00336,P0063,3,13.89,0.1,37.5,6.6,Same Day,PayPal
O002488,2024-06-14,C01690,P0071,2,36.05,0.05,68.49,16.09,Same Day,Debit Card
O004035,2024-06-14,C02519,P0070,1,18.74,0.1,16.87,3.81,Same Day,Bank Transfer
O002987,2024-06-14,C02695,P0079,3,30.25,0.3,63.52,19.18,First Class,UPI
O011478,2024-06-14,C03452,P0174,1,35.58,0.0,35.58,18.37,Same Day,PayPal
O002396,2024-06-15,C00967,P0022,3,24.61,0.1,66.45,17.04,Second Class,UPI
O007521,2024-06-15,C01594,P0116,3,34.67,0.05,98.81,26.75,Same Day,Debit Card
O001499,2024-06-15,C03268,P0123,1,70.94,0.0,70.94,36.25,First Class,Debit Card
O007361,2024-06-15,C02981,P0175,1,34.12,0.1,30.71,3.83,Standard,Debit Card
O002514,2024-06-15,C01571,P0019,2,15.8,0.2,25.28,0.96,Standard,Bank Transfer
O006865,2024-06-15,C01577,P0166,1,37.27,0.05,35.41,7.96,First Class,Debit Card
O010637,2024-06-15,C03419,P0055,1,55.71,0.05,52.92,20.75,First Class,Bank Transfer
O006606,2024-06-15,C02369,P0114,2,141.33,0.2,226.13,86.09,Same Day,Credit Card
O003623,2024-06-15,C02340,P0044,4,23.44,0.0,93.76,28.04,Same Day,PayPal
O007282,2024-06-15,C01002,P0005,1,24.48,0.1,22.03,4.91,Standard,Credit Card
O008047,2024-06-15,C03023,P0107,2,97.13,0.0,194.26,68.54,Standard,Credit Card
O006038,2024-06-15,C00083,P0013,1,33.36,0.15,28.36,7.49,Standard,Debit Card
O001756,2024-06-15,C02012,P0138,1,23.12,0.1,20.81,9.57,Standard,Debit Card
O001811,2024-06-15,C02344,P0011,2,21.09,0.2,33.74,13.28,Same Day,Debit Card
O004653,2024-06-15,C00385,P0025,1,20.01,0.0,20.01,6.53,Same Day,PayPal
O004204,2024-06-15,C00928,P0116,2,34.67,0.1,62.41,14.37,Second Class,PayPal
O000281,2024-06-15,C01607,P0177,1,28.74,0.0,28.74,11.82,Same Day,UPI
O007805,2024-06-16,C01358,P0071,1,36.05,0.0,36.05,9.85,First Class,Credit Card
O005902,2024-06-16,C02950,P0147,2,12.76,0.1,22.97,9.69,Standard,UPI
O008658,2024-06-16,C03349,P0146,2,47.38,0.05,90.02,35.46,Standard,UPI
O004073,2024-06-16,C01389,P0131,1,10.4,0.3,7.28,-1.04,Same Day,Bank Transfer
O009345,2024-06-16,C03431,P0153,2,18.32,0.0,36.64,15.54,Second Class,UPI
O004297,2024-06-16,C03007,P0146,1,47.38,0.05,45.01,17.73,First Class,PayPal
O010948,2024-06-16,C00410,P0052,1,22.19,0.0,22.19,11.27,Same Day,UPI
O004695,2024-06-16,C00879,P0002,2,26.05,0.05,49.49,11.69,Same Day,UPI
O002795,2024-06-16,C00099,P0019,1,15.8,0.05,15.01,2.85,Standard,UPI
O000981,2024-06-16,C02812,P0155,1,34.48,0.15,29.31,3.96,Second Class,Debit Card
O005740,2024-06-16,C00161,P0006,1,24.48,0.0,24.48,11.26,Same Day,PayPal
O003747,2024-06-16,C02955,P0086,1,20.57,0.15,17.48,5.86,Second Class,PayPal
O011323,2024-06-16,C03028,P0121,1,47.66,0.0,47.66,23.64,First Class,Bank Transfer
O005814,2024-06-16,C02623,P0063,2,13.89,0.15,23.61,3.01,First Class,Bank Transfer
O008413,2024-06-16,C00755,P0027,1,13.49,0.05,12.82,3.52,Standard,Credit Card
O003986,2024-06-16,C00761,P0027,2,13.49,0.0,26.98,8.38,First Class,UPI
O003624,2024-06-16,C02653,P0101,1,11.36,0.05,10.79,5.16,Standard,UPI
O003538,2024-06-16,C03300,P0058,1,23.31,0.1,20.98,9.5,First Class,Bank Transfer
O006610,2024-06-16,C02350,P0056,3,52.21,0.0,156.63,49.98,Second Class,PayPal
O008384,2024-06-16,C01806,P0095,2,22.09,0.2,35.34,7.84,Same Day,Bank Transfer
O001283,2024-06-17,C00210,P0044,1,23.44,0.0,23.44,7.01,Same Day,PayPal
O003147,2024-06-17,C01765,P0173,1,27.11,0.1,24.4,7.8,First Class,PayPal
O011372,2024-06-17,C02912,P0068,1,54.72,0.0,54.72,18.57,Standard,Debit Card
O008163,2024-06-17,C02133,P0009,2,21.01,0.1,37.82,4.58,Same Day,PayPal
O010003,2024-06-17,C03496,P0148,2,12.08,0.1,21.74,4.42,Standard,UPI
O010639,2024-06-17,C00828,P0028,2,36.39,0.0,72.78,13.34,First Class,PayPal
O001277,2024-06-17,C00030,P0031,1,19.28,0.05,18.32,3.31,Standard,PayPal
O009507,2024-06-17,C02084,P0150,4,34.57,0.1,124.45,16.81,Second Class,Bank Transfer
O004417,2024-06-17,C00153,P0113,1,29.64,0.1,26.68,6.05,Standard,UPI
O010984,2024-06-17,C01481,P0142,3,66.66,0.2,159.98,42.29,Same Day,Bank Transfer
O002868,2024-06-17,C03385,P0060,2,53.74,0.2,85.98,21.22,Standard,UPI
O010423,2024-06-17,C01142,P0134,1,38.78,0.1,34.9,4.35,Standard,Credit Card
O006385,2024-06-17,C00279,P0058,1,23.31,0.15,19.81,8.33,First Class,UPI
O000745,2024-06-18,C02788,P0049,2,35.64,0.3,49.9,6.58,Second Class,Credit Card
O007625,2024-06-18,C03175,P0091,4,30.36,0.1,109.3,11.58,Second Class,Credit Card
O000081,2024-06-18,C01064,P0094,1,23.04,0.1,20.74,4.89,Same Day,UPI
O006551,2024-06-18,C00708,P0083,2,74.49,0.1,134.08,41.86,First Class,UPI
O005963,2024-06-18,C02380,P0054,2,42.42,0.0,84.84,28.46,Standard,Credit Card
O006792,2024-06-18,C02279,P0109,1,33.7,0.0,33.7,15.54,Standard,Bank Transfer
O007060,2024-06-18,C00840,P0085,4,16.85,0.15,57.29,21.37,Standard,PayPal
O001003,2024-06-18,C01584,P0008,3,46.94,0.2,112.66,-0.62,Standard,Credit Card
O009395,2024-06-18,C03429,P0041,1,46.06,0.0,46.06,15.94,Standard,PayPal
O008986,2024-06-18,C02825,P0097,1,34.55,0.0,34.55,13.78,First Class,UPI
O007436,2024-06-18,C02825,P0115,2,25.15,0.15,42.75,12.19,Second Class,PayPal
O008422,2024-06-18,C02694,P0163,3,60.53,0.0,181.59,41.43,Standard,Debit Card
O000848,2024-06-18,C00231,P0073,1,27.85,0.05,26.46,8.2,First Class,Debit Card
O004287,2024-06-19,C00538,P0131,2,10.4,0.0,20.8,4.16,Second Class,Bank Transfer
O011133,2024-06-19,C03106,P0034,1,14.33,0.1,12.9,2.6,Second Class,PayPal
O000162,2024-06-19,C02508,P0066,2,68.82,0.1,123.88,53.82,First Class,UPI
O004479,2024-06-19,C00259,P0132,1,29.8,0.05,28.31,10.09,Same Day,PayPal
O005448,2024-06-19,C03443,P0143,3,10.03,0.05,28.59,5.49,Standard,Bank Transfer
O005108,2024-06-19,C01064,P0161,1,15.13,0.05,14.37,5.35,Same Day,PayPal
O006515,2024-06-19,C03462,P0029,1,19.29,0.1,17.36,7.18,First Class,UPI
O011395,2024-06-19,C02519,P0030,1,23.58,0.0,23.58,8.11,Standard,Debit Card
O005968,2024-06-19,C03120,P0069,1,36.06,0.05,34.26,10.32,Same Day,UPI
O006715,2024-06-19,C02659,P0163,3,60.53,0.1,163.43,23.27,Same Day,UPI
O003788,2024-06-19,C01899,P0016,1,19.78,0.1,17.8,2.57,Same Day,UPI
O007163,2024-06-19,C02504,P0148,4,12.08,0.2,38.66,4.02,First Class,UPI
O000458,2024-06-19,C02507,P0089,2,20.2,0.0,40.4,11.94,Same Day,Bank Transfer
O004803,2024-06-19,C02655,P0101,1,11.36,0.05,10.79,5.16,Second Class,Bank Transfer
O007892,2024-06-19,C02716,P0066,1,68.82,0.1,61.94,26.91,First Class,Credit Card
O011596,2024-06-19,C02624,P0138,1,23.12,0.0,23.12,11.88,Same Day,Debit Card
O001358,2024-06-19,C01363,P0131,1,10.4,0.2,8.32,0.0,Second Class,Debit Card
O009969,2024-06-19,C03278,P0090,2,39.79,0.2,63.66,17.88,Standard,PayPal
O008241,2024-06-20,C02162,P0137,2,17.13,0.15,29.12,11.5,Standard,PayPal
O001524,2024-06-20,C01877,P0095,1,22.09,0.1,19.88,6.13,Same Day,UPI
O006574,2024-06-20,C01834,P0067,2,27.2,0.2,43.52,16.46,Standard,PayPal
O004144,2024-06-20,C01492,P0134,3,38.78,0.1,104.71,13.06,Second Class,PayPal
O010259,2024-06-20,C01784,P0081,2,24.71,0.0,49.42,11.66,Standard,Credit Card
O002359,2024-06-20,C00610,P0180,3,167.02,0.1,450.95,112.76,First Class,Debit Card
O005281,2024-06-20,C00921,P0079,1,30.25,0.0,30.25,15.47,Same Day,UPI
O008555,2024-06-20,C00244,P0124,4,11.46,0.0,45.84,14.72,Second Class,Bank Transfer
O000289,2024-06-20,C01349,P0032,2,95.01,0.15,161.52,22.46,First Class,Debit Card
O002764,2024-06-20,C02750,P0065,2,48.33,0.05,91.83,24.97,First Class,UPI
O002285,2024-06-20,C00381,P0022,1,24.61,0.15,20.92,4.45,Same Day,UPI
O000041,2024-06-20,C02057,P0089,3,20.2,0.0,60.6,17.91,First Class,Debit Card
O009105,2024-06-20,C00490,P0027,1,13.49,0.05,12.82,3.52,Standard,Debit Card
O002569,2024-06-20,C01271,P0156,2,17.92,0.1,32.26,5.22,First Class,PayPal
O003113,2024-06-21,C00392,P0158,2,38.78,0.05,73.68,25.58,Second Class,PayPal
O001303,2024-06-21,C00806,P0147,2,12.76,0.05,24.24,10.96,First Class,Bank Transfer
O002036,2024-06-21,C00420,P0157,1,95.85,0.0,95.85,17.56,Same Day,Credit Card
O011941,2024-06-21,C03284,P0057,1,16.52,0.1,14.87,6.77,Second Class,PayPal
O007036,2024-06-21,C02325,P0078,4,23.47,0.1,84.49,36.93,Same Day,UPI
O009710,2024-06-21,C00947,P0107,4,97.13,0.0,388.52,137.08,First Class,UPI
O004028,2024-06-21,C00316,P0017,1,14.76,0.0,14.76,6.2,Standard,Credit Card
O002323,2024-06-21,C00496,P0052,3,22.19,0.05,63.24,30.48,Same Day,PayPal
O008910,2024-06-21,C00991,P0067,1,27.2,0.1,24.48,10.95,First Class,PayPal
O006837,2024-06-21,C03268,P0033,1,28.25,0.15,24.01,3.76,Standard,PayPal
O008017,2024-06-21,C02993,P0036,3,12.89,0.0,38.67,16.26,Same Day,Credit Card
O006827,2024-06-21,C01330,P0176,1,48.8,0.05,46.36,21.42,Standard,PayPal
O007046,2024-06-21,C02982,P0114,5,141.33,0.05,671.32,321.22,Second Class,Bank Transfer
O008977,2024-06-21,C03371,P0138,1,23.12,0.1,20.81,9.57,Same Day,PayPal
O006851,2024-06-21,C00111,P0018,2,34.96,0.05,66.42,23.7,First Class,UPI
O010368,2024-06-21,C02728,P0136,1,78.06,0.3,54.64,15.33,Same Day,Credit Card
O002394,2024-06-21,C00804,P0046,1,17.85,0.2,14.28,0.88,Same Day,Debit Card
O005446,2024-06-21,C02231,P0096,1,11.01,0.0,11.01,4.8,Standard,UPI
O002573,2024-06-21,C03047,P0025,1,20.01,0.1,18.01,4.53,Second Class,Debit Card
O006864,2024-06-22,C01488,P0015,4,9.29,0.15,31.59,1.59,First Class,Debit Card
O005739,2024-06-22,C00088,P0006,1,24.48,0.1,22.03,8.81,Standard,Credit Card
O011806,2024-06-22,C01276,P0175,2,34.12,0.0,68.24,14.48,Second Class,Bank Transfer
O005209,2024-06-22,C02639,P0069,1,36.06,0.15,30.65,6.71,Second Class,Debit Card
O001360,2024-06-22,C02020,P0070,1,18.74,0.2,14.99,1.93,First Class,UPI
O007824,2024-06-22,C02247,P0066,1,68.82,0.05,65.38,30.35,First Class,UPI
O006028,2024-06-22,C03296,P0112,1,28.02,0.0,28.02,8.7,First Class,Bank Transfer
O001367,2024-06-22,C00123,P0044,2,23.44,0.1,42.19,9.33,First Class,Bank Transfer
O002900,2024-06-22,C00317,P0054,1,42.42,0.05,40.3,12.11,Same Day,PayPal
O008531,2024-06-22,C02121,P0090,1,39.79,0.3,27.85,4.96,Same Day,UPI
O010230,2024-06-22,C00960,P0072,2,77.46,0.1,139.43,13.67,Same Day,UPI
O010056,2024-06-22,C01050,P0173,1,27.11,0.05,25.75,9.15,Standard,PayPal
O006541,2024-06-22,C03446,P0044,3,23.44,0.1,63.29,14.0,Second Class,PayPal
O007241,2024-06-22,C01951,P0031,1,19.28,0.0,19.28,4.27,First Class,Credit Card
O003607,2024-06-23,C02294,P0003,2,43.42,0.0,86.84,36.86,Same Day,Credit Card
O004464,2024-06-23,C02965,P0038,2,7.97,0.1,14.35,2.31,First Class,Bank Transfer
O009651,2024-06-23,C02887,P0007,1,79.56,0.0,79.56,15.93,Same Day,PayPal
O003824,2024-06-23,C02248,P0017,3,14.76,0.0,44.28,18.6,Standard,Debit Card
O004706,2024-06-23,C01960,P0155,1,34.48,0.2,27.58,2.23,Second Class,Bank Transfer
O006881,2024-06-23,C00964,P0055,2,55.71,0.2,89.14,24.8,Second Class,Credit Card
O005365,2024-06-23,C00052,P0060,1,53.74,0.1,48.37,15.99,Same Day,Credit Card
O006782,2024-06-23,C00983,P0138,1,23.12,0.3,16.18,4.94,Same Day,Bank Transfer
O004519,2024-06-23,C00825,P0142,5,66.66,0.0,333.3,137.15,Second Class,Debit Card
O004190,2024-06-23,C00415,P0007,1,79.56,0.0,79.56,15.93,First Class,Credit Card
O005113,2024-06-23,C02071,P0134,2,38.78,0.1,69.8,8.7,First Class,Debit Card
O004721,2024-06-23,C00136,P0093,1,18.06,0.1,16.25,4.18,Standard,PayPal
O011694,2024-06-23,C00285,P0087,3,51.68,0.05,147.29,43.91,Standard,UPI
O009210,2024-06-23,C00040,P0110,1,27.16,0.0,27.16,10.12,Same Day,Bank Transfer
O000148,2024-06-24,C01266,P0127,1,14.97,0.1,13.47,4.31,Standard,Debit Card
O004062,2024-06-24,C02696,P0092,2,53.5,0.0,107.0,28.8,Standard,Credit Card
O003356,2024-06-24,C03318,P0025,1,20.01,0.0,20.01,6.53,Same Day,Debit Card
O001804,2024-06-24,C01725,P0044,2,23.44,0.05,44.54,11.68,First Class,Debit Card
O006548,2024-06-24,C00801,P0109,2,33.7,0.15,57.29,20.97,Same Day,PayPal
O002328,2024-06-24,C02952,P0156,3,17.92,0.15,45.7,5.14,Second Class,Bank Transfer
O007475,2024-06-24,C02748,P0062,1,25.26,0.0,25.26,8.65,First Class,UPI
O007316,2024-06-24,C02397,P0179,1,24.0,0.15,20.4,1.12,Second Class,Bank Transfer
O005253,2024-06-24,C01024,P0166,1,37.27,0.05,35.41,7.96,First Class,UPI
O004294,2024-06-24,C01241,P0094,2,23.04,0.15,39.17,7.47,Second Class,Bank Transfer
O006513,2024-06-24,C00145,P0053,1,18.36,0.0,18.36,6.64,Second Class,Credit Card
O006810,2024-06-24,C01012,P0023,1,29.78,0.15,25.31,1.54,First Class,Debit Card
O011920,2024-06-24,C02510,P0175,2,34.12,0.1,61.42,7.66,Second Class,Credit Card
O002280,2024-06-24,C01579,P0069,1,36.06,0.15,30.65,6.71,Second Class,Bank Transfer
O000756,2024-06-24,C00431,P0163,3,60.53,0.05,172.51,32.35,Same Day,Credit Card
O009043,2024-06-24,C02191,P0117,1,27.87,0.2,22.3,4.15,Standard,Debit Card
O004514,2024-06-24,C03144,P0097,1,34.55,0.05,32.82,12.05,First Class,Debit Card
O003736,2024-06-25,C00597,P0067,2,27.2,0.0,54.4,27.34,First Class,Debit Card
O006854,2024-06-25,C00369,P0059,1,35.35,0.0,35.35,8.5,Second Class,PayPal
O001414,2024-06-25,C01070,P0164,1,16.72,0.1,15.05,4.59,Second Class,PayPal
O000818,2024-06-25,C00725,P0093,1,18.06,0.1,16.25,4.18,Same Day,UPI
O007673,2024-06-25,C02720,P0177,1,28.74,0.1,25.87,8.95,Standard,PayPal
O011784,2024-06-25,C01283,P0162,1,47.54,0.15,40.41,2.55,Standard,PayPal
O006840,2024-06-25,C02731,P0149,1,40.02,0.1,36.02,8.25,Standard,PayPal
O005818,2024-06-25,C00322,P0026,4,30.63,0.05,116.39,53.55,First Class,UPI
O011950,2024-06-25,C01056,P0070,2,18.74,0.2,29.98,3.86,Same Day,Bank Transfer
O000679,2024-06-25,C00978,P0109,1,33.7,0.05,32.02,13.86,Standard,PayPal
O006818,2024-06-25,C02193,P0169,2,24.3,0.15,41.31,9.63,Standard,UPI
O003869,2024-06-25,C00542,P0111,1,8.19,0.05,7.78,2.74,Standard,Debit Card
O002384,2024-06-25,C01630,P0070,1,18.74,0.1,16.87,3.81,Second Class,Bank Transfer
O000141,2024-06-25,C01687,P0173,3,27.11,0.0,81.33,31.53,Second Class,PayPal
O008667,2024-06-25,C03278,P0041,2,46.06,0.15,78.3,18.06,First Class,UPI
O005183,2024-06-25,C00300,P0020,3,11.38,0.2,27.31,7.24,Same Day,Credit Card
O001516,2024-06-25,C02200,P0081,1,24.71,0.05,23.47,4.59,First Class,Debit Card
O000513,2024-06-25,C00688,P0104,1,16.92,0.15,14.38,2.21,Second Class,Debit Card
O006246,2024-06-25,C01935,P0124,3,11.46,0.0,34.38,11.04,Second Class,UPI
O008769,2024-06-25,C01217,P0001,5,39.36,0.2,157.44,49.89,First Class,PayPal
O007031,2024-06-25,C03091,P0135,1,15.68,0.15,13.33,4.76,Same Day,Bank Transfer
O008837,2024-06-26,C00497,P0016,1,19.78,0.3,13.85,-1.38,Standard,Credit Card
O005030,2024-06-26,C03198,P0072,1,77.46,0.05,73.59,10.71,First Class,UPI
O005663,2024-06-26,C02025,P0154,3,33.15,0.05,94.48,40.75,Same Day,PayPal
O007075,2024-06-26,C01093,P0177,1,28.74,0.3,20.12,3.2,Same Day,PayPal
O003909,2024-06-26,C02673,P0062,1,25.26,0.1,22.73,6.12,Standard,PayPal
O001266,2024-06-26,C01160,P0047,2,21.13,0.05,40.15,7.07,First Class,PayPal
O003385,2024-06-26,C00907,P0088,1,35.29,0.1,31.76,6.25,Same Day,Bank Transfer
O005031,2024-06-26,C01802,P0037,3,32.65,0.05,93.05,19.07,Same Day,Debit Card
O000048,2024-06-26,C01786,P0158,1,38.78,0.2,31.02,6.97,Standard,Credit Card
O003601,2024-06-26,C00064,P0170,1,17.46,0.05,16.59,3.3,Second Class,UPI
O003594,2024-06-26,C01068,P0165,1,53.31,0.15,45.31,6.11,First Class,Credit Card
O011665,2024-06-26,C03022,P0025,4,20.01,0.0,80.04,26.12,First Class,Credit Card
O000236,2024-06-26,C00770,P0084,2,20.35,0.05,38.66,16.72,Standard,Debit Card
O006566,2024-06-26,C01575,P0073,2,27.85,0.2,44.56,8.04,Standard,Bank Transfer
O009801,2024-06-26,C03285,P0130,1,20.55,0.0,20.55,6.87,Same Day,Bank Transfer
O006572,2024-06-26,C02849,P0021,1,73.9,0.0,73.9,34.17,Same Day,Credit Card
O006960,2024-06-26,C00534,P0072,1,77.46,0.15,65.84,2.96,Standard,Bank Transfer
O010604,2024-06-27,C02148,P0141,2,33.04,0.3,46.26,12.94,Same Day,Bank Transfer
O003076,2024-06-27,C02514,P0131,1,10.4,0.1,9.36,1.04,Standard,PayPal
O007616,2024-06-27,C00233,P0152,1,35.7,0.0,35.7,8.81,First Class,UPI
O009773,2024-06-27,C00414,P0019,1,15.8,0.1,14.22,2.06,Same Day,Credit Card
O000203,2024-06-27,C01004,P0101,1,11.36,0.05,10.79,5.16,Standard,Bank Transfer
O002912,2024-06-27,C03197,P0126,1,118.37,0.05,112.45,32.47,Standard,Bank Transfer
O002141,2024-06-27,C00672,P0005,1,24.48,0.1,22.03,4.91,First Class,UPI
O007094,2024-06-27,C03127,P0152,1,35.7,0.1,32.13,5.24,Second Class,Bank Transfer
O009809,2024-06-27,C01269,P0166,1,37.27,0.2,29.82,2.37,First Class,Bank Transfer
O000725,2024-06-27,C00126,P0176,1,48.8,0.05,46.36,21.42,First Class,Bank Transfer
O007440,2024-06-27,C03438,P0114,1,141.33,0.1,127.2,57.18,Same Day,Credit Card
O010632,2024-06-27,C01775,P0130,4,20.55,0.0,82.2,27.48,Second Class,UPI
O009467,2024-06-27,C02939,P0011,1,21.09,0.3,14.76,4.53,Second Class,Debit Card
O004608,2024-06-27,C00517,P0106,1,37.06,0.1,33.35,14.33,Standard,UPI
O003052,2024-06-27,C02649,P0081,1,24.71,0.15,21.0,2.12,First Class,Bank Transfer
O008797,2024-06-28,C00523,P0056,1,52.21,0.2,41.77,6.22,Standard,Debit Card
O000126,2024-06-28,C02870,P0048,1,56.66,0.2,45.33,11.62,Standard,UPI
O006872,2024-06-28,C01506,P0112,4,28.02,0.15,95.27,17.99,First Class,Credit Card
O010261,2024-06-28,C03066,P0011,1,21.09,0.1,18.98,8.75,First Class,Credit Card
O009348,2024-06-28,C00434,P0079,2,30.25,0.0,60.5,30.94,Standard,Debit Card
O005681,2024-06-28,C02008,P0044,2,23.44,0.05,44.54,11.68,Second Class,PayPal
O010475,2024-06-28,C02765,P0150,3,34.57,0.2,82.97,2.24,Standard,Debit Card
O001532,2024-06-28,C03261,P0064,4,13.1,0.1,47.16,18.16,Standard,Credit Card
O006402,2024-06-28,C02831,P0097,1,34.55,0.1,31.09,10.32,Second Class,Debit Card
O008450,2024-06-28,C02382,P0087,3,51.68,0.1,139.54,36.16,Second Class,Credit Card
O006368,2024-06-28,C02902,P0111,2,8.19,0.3,11.47,1.39,Standard,Credit Card
O007492,2024-06-28,C00933,P0075,3,5.19,0.0,15.57,3.9,Same Day,UPI
O000585,2024-06-28,C01316,P0007,2,79.56,0.3,111.38,-15.88,First Class,Bank Transfer
O004604,2024-06-28,C03445,P0028,4,36.39,0.1,131.0,12.12,Second Class,Credit Card
O001490,2024-06-28,C00536,P0029,1,19.29,0.1,17.36,7.18,Same Day,UPI
O003737,2024-06-28,C00092,P0039,1,12.02,0.0,12.02,2.71,Standard,Credit Card
O001218,2024-06-28,C01315,P0179,3,24.0,0.1,64.8,6.96,Second Class,Credit Card
O001307,2024-06-28,C01605,P0077,4,30.16,0.05,114.61,38.69,Same Day,PayPal
O010382,2024-06-28,C02829,P0029,2,19.29,0.1,34.72,14.36,Second Class,Credit Card
O005649,2024-06-29,C02677,P0147,1,12.76,0.05,12.12,5.48,Standard,UPI
O010697,2024-06-29,C00902,P0017,1,14.76,0.1,13.28,4.72,Second Class,PayPal
O009749,2024-06-29,C00963,P0124,1,11.46,0.1,10.31,2.53,Standard,Debit Card
O003755,2024-06-29,C00593,P0125,2,41.74,0.15,70.96,4.2,First Class,Credit Card
O002881,2024-06-29,C02075,P0125,1,41.74,0.1,37.57,4.19,Same Day,Bank Transfer
O009373,2024-06-29,C00986,P0104,1,16.92,0.1,15.23,3.06,Same Day,Bank Transfer
O000380,2024-06-29,C02297,P0040,1,32.39,0.0,32.39,6.79,Second Class,UPI
O006367,2024-06-29,C03450,P0168,2,97.8,0.0,195.6,41.68,Standard,UPI
O002780,2024-06-29,C02379,P0036,3,12.89,0.2,30.94,8.53,First Class,UPI
O006305,2024-06-29,C03363,P0072,1,77.46,0.0,77.46,14.58,Standard,Credit Card
O004078,2024-06-30,C03381,P0067,2,27.2,0.1,48.96,21.9,Second Class,UPI
O001809,2024-06-30,C03428,P0003,1,43.42,0.3,30.39,5.4,Same Day,Debit Card
O001967,2024-06-30,C00890,P0050,1,9.06,0.0,9.06,4.42,First Class,UPI
O007290,2024-06-30,C00245,P0020,1,11.38,0.0,11.38,4.69,Same Day,UPI
O001755,2024-06-30,C00081,P0002,2,26.05,0.15,44.28,6.48,Standard,UPI
O005708,2024-06-30,C02717,P0125,2,41.74,0.2,66.78,0.02,Same Day,Debit Card
O000089,2024-06-30,C00282,P0078,1,23.47,0.05,22.3,10.41,Same Day,Debit Card
O002048,2024-06-30,C02533,P0035,1,48.65,0.0,48.65,19.35,Standard,Debit Card
O002688,2024-06-30,C01801,P0056,1,52.21,0.1,46.99,11.44,Second Class,PayPal
O003945,2024-06-30,C01279,P0119,2,59.91,0.1,107.84,23.5,Second Class,Debit Card
O004097,2024-06-30,C00885,P0113,1,29.64,0.1,26.68,6.05,Second Class,Debit Card
O001238,2024-06-30,C02276,P0119,1,59.91,0.1,53.92,11.75,Same Day,UPI
O003906,2024-06-30,C00741,P0065,1,48.33,0.0,48.33,14.9,First Class,Credit Card
O009837,2024-06-30,C02199,P0046,3,17.85,0.0,53.55,13.35,Standard,UPI
O000882,2024-06-30,C00628,P0072,3,77.46,0.1,209.14,20.5,First Class,PayPal
O005169,2024-06-30,C00480,P0173,1,27.11,0.05,25.75,9.15,Same Day,UPI
O004954,2024-06-30,C01219,P0043,1,26.44,0.0,26.44,6.57,Standard,Debit Card
O010818,2024-06-30,C01318,P0085,2,16.85,0.2,26.96,9.0,Same Day,PayPal
O002035,2024-06-30,C02471,P0049,2,35.64,0.15,60.59,17.27,Standard,UPI
O007639,2024-06-30,C02329,P0078,1,23.47,0.1,21.12,9.23,Same Day,UPI
O002399,2024-06-30,C03209,P0035,3,48.65,0.0,145.95,58.05,Same Day,PayPal
O010691,2024-06-30,C00628,P0027,2,13.49,0.3,18.89,0.29,Same Day,PayPal
O006915,2024-06-30,C02440,P0172,1,16.77,0.0,16.77,3.61,Standard,UPI
O009828,2024-06-30,C00358,P0045,1,10.9,0.1,9.81,1.98,First Class,Credit Card
O007514,2024-07-01,C03306,P0013,1,33.36,0.15,28.36,7.49,Second Class,Credit Card
O003006,2024-07-01,C00057,P0097,2,34.55,0.2,55.28,13.74,Standard,Debit Card
O007950,2024-07-01,C01392,P0176,1,48.8,0.1,43.92,18.98,Standard,Credit Card
O006995,2024-07-01,C02675,P0064,2,13.1,0.15,22.27,7.77,First Class,Credit Card
O004433,2024-07-01,C00656,P0040,2,32.39,0.05,61.54,10.34,Same Day,UPI
O003730,2024-07-01,C03386,P0110,3,27.16,0.1,73.33,22.21,Standard,Debit Card
O001851,2024-07-01,C01964,P0043,2,26.44,0.05,50.24,10.5,Same Day,Credit Card
O004178,2024-07-01,C02540,P0159,4,13.14,0.1,47.3,15.42,Same Day,PayPal
O002843,2024-07-01,C00863,P0062,3,25.26,0.15,64.41,14.58,Second Class,Credit Card
O000371,2024-07-02,C00984,P0095,3,22.09,0.15,56.33,15.08,Same Day,Credit Card
O011357,2024-07-02,C02797,P0114,1,141.33,0.05,134.26,64.24,Second Class,PayPal
O006409,2024-07-02,C02974,P0070,4,18.74,0.05,71.21,18.97,First Class,Credit Card
O005853,2024-07-02,C01803,P0126,1,118.37,0.0,118.37,38.39,Standard,Bank Transfer
O009688,2024-07-02,C02360,P0022,1,24.61,0.0,24.61,8.14,Second Class,UPI
O003976,2024-07-02,C02359,P0149,2,40.02,0.1,72.04,16.5,Second Class,Credit Card
O003289,2024-07-02,C02945,P0150,1,34.57,0.1,31.11,4.2,First Class,PayPal
O004736,2024-07-02,C00962,P0098,3,33.77,0.1,91.18,16.45,Same Day,Credit Card
O002292,2024-07-02,C02126,P0006,1,24.48,0.0,24.48,11.26,Same Day,UPI
O001150,2024-07-02,C02009,P0180,1,167.02,0.05,158.67,45.94,Second Class,Bank Transfer
O011017,2024-07-02,C01505,P0061,1,20.87,0.15,17.74,6.82,Same Day,PayPal
O004310,2024-07-02,C01711,P0037,2,32.65,0.05,62.03,12.71,Second Class,Credit Card
O009557,2024-07-02,C02815,P0148,1,12.08,0.15,10.27,1.61,Standard,Debit Card
O008306,2024-07-02,C02202,P0163,1,60.53,0.05,57.5,10.78,Second Class,Debit Card
O007834,2024-07-02,C03441,P0174,1,35.58,0.0,35.58,18.37,Second Class,Debit Card
O007349,2024-07-02,C00444,P0029,1,19.29,0.2,15.43,5.25,Standard,PayPal
O004048,2024-07-02,C00438,P0075,1,5.19,0.15,4.41,0.52,Same Day,Debit Card
O006860,2024-07-03,C01424,P0130,3,20.55,0.15,52.4,11.36,Standard,Bank Transfer
O003667,2024-07-03,C00688,P0169,1,24.3,0.2,19.44,3.6,Same Day,Credit Card
O000830,2024-07-03,C00714,P0068,1,54.72,0.15,46.51,10.36,Second Class,UPI
O003873,2024-07-03,C02739,P0150,1,34.57,0.05,32.84,5.93,Second Class,Bank Transfer
O011676,2024-07-03,C02572,P0130,3,20.55,0.0,61.65,20.61,Same Day,Debit Card
O006412,2024-07-03,C02323,P0057,1,16.52,0.0,16.52,8.42,Same Day,Bank Transfer
O005319,2024-07-03,C02351,P0028,1,36.39,0.15,30.93,1.21,Second Class,Credit Card
O008105,2024-07-03,C01656,P0138,5,23.12,0.15,98.26,42.06,Second Class,UPI
O000195,2024-07-03,C02901,P0126,1,118.37,0.1,106.53,26.55,Same Day,Credit Card
O003970,2024-07-03,C02711,P0104,4,16.92,0.0,67.68,19.0,Second Class,PayPal
O006491,2024-07-03,C00727,P0151,1,33.54,0.0,33.54,9.06,Second Class,PayPal
O001096,2024-07-03,C01652,P0166,1,37.27,0.3,26.09,-1.36,Same Day,PayPal
O006767,2024-07-03,C02612,P0159,1,13.14,0.15,11.17,3.2,Standard,UPI
O001686,2024-07-03,C01920,P0008,1,46.94,0.0,46.94,9.18,Second Class,UPI
O010594,2024-07-03,C03418,P0033,2,28.25,0.15,48.02,7.52,Standard,UPI
O009130,2024-07-03,C03049,P0139,2,48.37,0.0,96.74,47.2,Same Day,Debit Card
O009570,2024-07-03,C02437,P0069,1,36.06,0.2,28.85,4.91,First Class,Bank Transfer
O010343,2024-07-03,C01726,P0152,2,35.7,0.0,71.4,17.62,Second Class,PayPal
O006364,2024-07-03,C00804,P0039,5,12.02,0.0,60.1,13.55,Standard,UPI
O007011,2024-07-03,C01743,P0141,1,33.04,0.3,23.13,6.47,Same Day,Credit Card
O004435,2024-07-04,C02466,P0024,1,11.29,0.05,10.73,2.64,Standard,Debit Card
O005306,2024-07-04,C01266,P0088,1,35.29,0.2,28.23,2.72,First Class,Bank Transfer
O011929,2024-07-04,C00395,P0059,2,35.35,0.0,70.7,17.0,Same Day,Debit Card
O010654,2024-07-04,C01374,P0035,2,48.65,0.0,97.3,38.7,Second Class,Bank Transfer
O011889,2024-07-04,C03125,P0162,2,47.54,0.3,66.56,-9.16,First Class,UPI
O010381,2024-07-04,C01872,P0045,1,10.9,0.1,9.81,1.98,Second Class,Debit Card
O004515,2024-07-04,C02047,P0079,2,30.25,0.15,51.42,21.86,First Class,PayPal
O000090,2024-07-04,C02025,P0109,1,33.7,0.0,33.7,15.54,First Class,Credit Card
O006670,2024-07-04,C02516,P0095,2,22.09,0.0,44.18,16.68,First Class,Credit Card
O001221,2024-07-04,C00526,P0025,2,20.01,0.0,40.02,13.06,First Class,Credit Card
O009775,2024-07-04,C01253,P0157,3,95.85,0.1,258.79,23.92,First Class,UPI
O010029,2024-07-04,C02589,P0120,1,46.47,0.2,37.18,12.3,First Class,Credit Card
O000345,2024-07-04,C02974,P0001,3,39.36,0.05,112.18,47.65,Standard,PayPal
O006241,2024-07-04,C00289,P0102,1,21.68,0.05,20.6,9.89,Second Class,Credit Card
O006357,2024-07-04,C02010,P0099,2,28.6,0.05,54.34,26.6,Same Day,Credit Card
O004622,2024-07-04,C02111,P0126,1,118.37,0.3,82.86,2.88,Second Class,Credit Card
O002319,2024-07-04,C02653,P0152,1,35.7,0.1,32.13,5.24,Same Day,PayPal
O002726,2024-07-04,C02337,P0040,1,32.39,0.1,29.15,3.55,Same Day,Debit Card
O003546,2024-07-04,C03328,P0158,1,38.78,0.05,36.84,12.79,Standard,PayPal
O003807,2024-07-05,C00852,P0095,2,22.09,0.05,41.97,14.47,Standard,PayPal
O000140,2024-07-05,C00386,P0177,2,28.74,0.2,45.98,12.14,Second Class,Credit Card
O009000,2024-07-05,C01524,P0142,1,66.66,0.1,59.99,20.76,Second Class,UPI
O008653,2024-07-05,C02495,P0077,1,30.16,0.15,25.64,6.66,Same Day,UPI
O000900,2024-07-05,C02199,P0129,3,30.41,0.3,63.86,5.87,First Class,PayPal
O004597,2024-07-05,C00740,P0173,1,27.11,0.1,24.4,7.8,First Class,Debit Card
O006016,2024-07-05,C00075,P0002,1,26.05,0.1,23.45,4.55,Standard,PayPal
O002053,2024-07-05,C03339,P0130,1,20.55,0.0,20.55,6.87,Same Day,UPI
O000593,2024-07-05,C01693,P0100,1,24.47,0.1,22.02,9.31,Second Class,UPI
O000010,2024-07-05,C03276,P0016,1,19.78,0.15,16.81,1.58,Second Class,Bank Transfer
O011491,2024-07-05,C01112,P0175,4,34.12,0.05,129.66,22.14,Second Class,Bank Transfer
O003197,2024-07-05,C00051,P0108,2,31.93,0.2,51.09,10.15,First Class,UPI
O005870,2024-07-05,C00983,P0140,1,12.81,0.05,12.17,3.05,First Class,Debit Card
O006657,2024-07-05,C02956,P0074,2,78.81,0.0,157.62,64.66,First Class,PayPal
O002714,2024-07-05,C01755,P0148,3,12.08,0.15,30.8,4.82,Same Day,PayPal
O000121,2024-07-05,C01951,P0173,1,27.11,0.05,25.75,9.15,First Class,UPI
O004940,2024-07-05,C00312,P0092,3,53.5,0.1,144.45,27.15,Second Class,PayPal
O008438,2024-07-05,C01645,P0158,2,38.78,0.2,62.05,13.95,Same Day,Debit Card
O001595,2024-07-05,C03364,P0031,1,19.28,0.0,19.28,4.27,First Class,Bank Transfer
O004776,2024-07-05,C02347,P0180,4,167.02,0.1,601.27,150.35,First Class,PayPal
O003746,2024-07-05,C01008,P0061,1,20.87,0.0,20.87,9.95,Second Class,Credit Card
O005168,2024-07-06,C01532,P0178,5,73.32,0.15,311.61,17.21,Same Day,Debit Card
O003472,2024-07-06,C03446,P0094,1,23.04,0.05,21.89,6.04,Standard,Credit Card
O007750,2024-07-06,C00523,P0043,1,26.44,0.05,25.12,5.25,Same Day,Debit Card
O005325,2024-07-06,C02881,P0084,2,20.35,0.0,40.7,18.76,Second Class,UPI
O003011,2024-07-06,C00889,P0032,1,95.01,0.0,95.01,25.48,Second Class,UPI
O007209,2024-07-06,C01648,P0046,2,17.85,0.0,35.7,8.9,Standard,Credit Card
O006450,2024-07-06,C02028,P0169,1,24.3,0.05,23.09,7.25,First Class,PayPal
O000728,2024-07-06,C00015,P0151,1,33.54,0.0,33.54,9.06,First Class,Credit Card
O003649,2024-07-06,C02049,P0007,2,79.56,0.1,143.21,15.95,Same Day,Bank Transfer
O007210,2024-07-06,C01059,P0125,2,41.74,0.0,83.48,16.72,First Class,Credit Card
O006841,2024-07-06,C03319,P0037,1,32.65,0.3,22.85,-1.81,Same Day,UPI
O001934,2024-07-06,C00968,P0034,1,14.33,0.0,14.33,4.03,Second Class,Credit Card
O001997,2024-07-06,C01071,P0042,1,31.86,0.0,31.86,11.13,Standard,UPI
O009542,2024-07-06,C02696,P0039,1,12.02,0.1,10.82,1.51,Standard,PayPal
O002069,2024-07-06,C02008,P0037,2,32.65,0.3,45.71,-3.61,Standard,Debit Card
O001823,2024-07-06,C00099,P0159,1,13.14,0.1,11.83,3.86,Second Class,Debit Card
O003484,2024-07-06,C01898,P0173,1,27.11,0.0,27.11,10.51,First Class,Credit Card
O005747,2024-07-06,C00300,P0152,1,35.7,0.05,33.91,7.02,Same Day,Credit Card
O007034,2024-07-06,C01881,P0076,1,48.63,0.3,34.04,6.22,Same Day,Debit Card
O002963,2024-07-06,C03477,P0117,1,27.87,0.05,26.48,8.33,Second Class,Credit Card
O003979,2024-07-06,C01512,P0001,2,39.36,0.3,55.1,12.08,First Class,Bank Transfer
O006846,2024-07-06,C01322,P0070,2,18.74,0.15,31.86,5.74,Same Day,UPI
O007536,2024-07-06,C00090,P0012,1,21.06,0.1,18.95,2.19,Second Class,Credit Card
O010961,2024-07-06,C01358,P0052,1,22.19,0.15,18.86,7.94,Second Class,PayPal
O004617,2024-07-07,C02191,P0178,1,73.32,0.0,73.32,14.44,Standard,Debit Card
O003005,2024-07-07,C02658,P0167,1,48.63,0.05,46.2,21.15,Same Day,Credit Card
O011787,2024-07-07,C00747,P0005,2,24.48,0.0,48.96,14.72,Same Day,Debit Card
O010600,2024-07-07,C02545,P0026,2,30.63,0.15,52.07,20.65,First Class,Bank Transfer
O007624,2024-07-07,C00262,P0075,2,5.19,0.15,8.82,1.04,Same Day,UPI
O010756,2024-07-07,C01922,P0109,1,33.7,0.2,26.96,8.8,Second Class,UPI
O010953,2024-07-07,C01099,P0042,1,31.86,0.0,31.86,11.13,Standard,Bank Transfer
O002223,2024-07-07,C01922,P0041,2,46.06,0.3,64.48,4.24,Second Class,Bank Transfer
O005297,2024-07-07,C01343,P0022,3,24.61,0.0,73.83,24.42,Second Class,Debit Card
O007853,2024-07-07,C02028,P0132,3,29.8,0.1,80.46,25.8,Same Day,Debit Card
O002217,2024-07-07,C02149,P0107,1,97.13,0.1,87.42,24.56,First Class,PayPal
O004434,2024-07-07,C03346,P0173,1,27.11,0.05,25.75,9.15,Standard,PayPal
O006419,2024-07-07,C02449,P0103,1,22.81,0.05,21.67,4.09,First Class,UPI
O007457,2024-07-07,C02973,P0004,3,76.71,0.15,195.61,83.26,Second Class,Debit Card
O010311,2024-07-07,C00355,P0099,2,28.6,0.05,54.34,26.6,Second Class,Bank Transfer
O010747,2024-07-07,C02646,P0040,2,32.39,0.05,61.54,10.34,First Class,Debit Card
O009996,2024-07-07,C00542,P0129,1,30.41,0.1,27.37,8.04,Second Class,UPI
O008498,2024-07-07,C02416,P0114,4,141.33,0.2,452.26,172.18,Standard,Bank Transfer
O011883,2024-07-07,C02219,P0179,3,24.0,0.1,64.8,6.96,Standard,Credit Card
O009747,2024-07-07,C02570,P0032,2,95.01,0.15,161.52,22.46,Standard,Debit Card
O001196,2024-07-07,C00816,P0023,1,29.78,0.0,29.78,6.01,First Class,UPI
O010671,2024-07-07,C00004,P0110,2,27.16,0.15,46.17,12.09,Second Class,PayPal
O007505,2024-07-07,C02254,P0041,1,46.06,0.2,36.85,6.73,First Class,PayPal
O010720,2024-07-08,C02700,P0072,1,77.46,0.15,65.84,2.96,Second Class,UPI
O003819,2024-07-08,C02134,P0115,3,25.15,0.05,71.68,25.84,Standard,UPI
O006447,2024-07-08,C00516,P0163,1,60.53,0.1,54.48,7.76,Standard,Bank Transfer
O002703,2024-07-08,C03453,P0016,2,19.78,0.2,31.65,1.19,First Class,Debit Card
O001738,2024-07-08,C03212,P0097,1,34.55,0.3,24.18,3.41,Same Day,Bank Transfer
O005175,2024-07-08,C02011,P0163,1,60.53,0.0,60.53,13.81,First Class,Debit Card
O003106,2024-07-08,C02653,P0115,2,25.15,0.15,42.75,12.19,Standard,Debit Card
O000259,2024-07-08,C01334,P0078,1,23.47,0.1,21.12,9.23,Second Class,Bank Transfer
O010251,2024-07-08,C01807,P0025,1,20.01,0.1,18.01,4.53,Same Day,UPI
O001057,2024-07-08,C02109,P0061,1,20.87,0.05,19.83,8.91,Second Class,PayPal
O004488,2024-07-08,C01154,P0158,1,38.78,0.0,38.78,14.73,Same Day,Debit Card
O006896,2024-07-08,C01145,P0073,1,27.85,0.05,26.46,8.2,Second Class,UPI
O009695,2024-07-08,C00950,P0029,2,19.29,0.1,34.72,14.36,Standard,Credit Card
O001530,2024-07-08,C01132,P0099,1,28.6,0.0,28.6,14.73,First Class,UPI
O003154,2024-07-08,C00768,P0179,1,24.0,0.2,19.2,-0.08,Standard,Bank Transfer
O009698,2024-07-08,C00594,P0028,2,36.39,0.05,69.14,9.7,First Class,PayPal
O001857,2024-07-09,C02331,P0173,1,27.11,0.15,23.04,6.44,First Class,Bank Transfer
O005269,2024-07-09,C00979,P0072,1,77.46,0.05,73.59,10.71,Standard,Debit Card
O011040,2024-07-09,C00294,P0165,2,53.31,0.0,106.62,28.22,Same Day,Bank Transfer
O002885,2024-07-09,C00075,P0074,1,78.81,0.0,78.81,32.33,Standard,PayPal
O006037,2024-07-09,C00457,P0068,2,54.72,0.0,109.44,37.14,Standard,Debit Card
O008408,2024-07-09,C02469,P0060,1,53.74,0.0,53.74,21.36,Second Class,PayPal
O008370,2024-07-09,C01778,P0126,3,118.37,0.1,319.6,79.66,Same Day,PayPal
O007620,2024-07-09,C01710,P0099,1,28.6,0.0,28.6,14.73,Standard,Credit Card
O009792,2024-07-09,C02519,P0087,2,51.68,0.1,93.02,24.1,Second Class,Debit Card
O005101,2024-07-09,C01808,P0092,1,53.5,0.1,48.15,9.05,First Class,PayPal
O002847,2024-07-09,C02343,P0084,2,20.35,0.2,32.56,10.62,Same Day,Credit Card
O004922,2024-07-09,C00725,P0005,2,24.48,0.1,44.06,9.82,Standard,Debit Card
O006552,2024-07-09,C01842,P0005,1,24.48,0.1,22.03,4.91,Standard,Credit Card
O003267,2024-07-09,C01139,P0052,1,22.19,0.0,22.19,11.27,First Class,Bank Transfer
O006255,2024-07-09,C01326,P0134,4,38.78,0.1,139.61,17.41,First Class,Bank Transfer
O005879,2024-07-09,C01064,P0029,1,19.29,0.0,19.29,9.11,Same Day,PayPal
O000137,2024-07-09,C02547,P0121,1,47.66,0.05,45.28,21.26,Standard,PayPal
O008050,2024-07-09,C01361,P0076,3,48.63,0.05,138.6,55.14,Standard,Bank Transfer
O003691,2024-07-09,C01505,P0138,2,23.12,0.2,36.99,14.51,Same Day,Bank Transfer
O002278,2024-07-09,C00805,P0103,1,22.81,0.0,22.81,5.23,First Class,Debit Card
O008383,2024-07-09,C01359,P0130,2,20.55,0.05,39.05,11.69,Second Class,PayPal
O006231,2024-07-09,C01012,P0060,1,53.74,0.2,42.99,10.61,Same Day,Credit Card
O002628,2024-07-10,C00295,P0029,1,19.29,0.15,16.4,6.22,Second Class,Bank Transfer
O007278,2024-07-10,C00716,P0149,4,40.02,0.1,144.07,32.99,First Class,PayPal
O007664,2024-07-10,C03104,P0109,1,33.7,0.3,23.59,5.43,Second Class,Debit Card
O009446,2024-07-10,C01857,P0177,1,28.74,0.0,28.74,11.82,Second Class,Bank Transfer
O010525,2024-07-10,C00669,P0021,4,73.9,0.15,251.26,92.34,Second Class,Debit Card
O000991,2024-07-10,C01724,P0007,4,79.56,0.2,254.59,0.07,Second Class,Debit Card
O002227,2024-07-10,C03495,P0167,2,48.63,0.2,77.81,27.71,Standard,Debit Card
O000201,2024-07-10,C00901,P0032,3,95.01,0.05,270.78,62.19,First Class,PayPal
O002300,2024-07-10,C00589,P0151,3,33.54,0.0,100.62,27.18,Same Day,Bank Transfer
O005443,2024-07-10,C00525,P0055,1,55.71,0.15,47.35,15.18,Second Class,Credit Card
O008420,2024-07-10,C02496,P0044,2,23.44,0.0,46.88,14.02,Standard,Debit Card
O001216,2024-07-10,C00030,P0068,1,54.72,0.1,49.25,13.1,Same Day,PayPal
O002938,2024-07-10,C02814,P0012,1,21.06,0.1,18.95,2.19,First Class,UPI
O011807,2024-07-10,C01587,P0178,2,73.32,0.1,131.98,14.22,Second Class,Credit Card
O011557,2024-07-10,C00652,P0043,1,26.44,0.05,25.12,5.25,Same Day,Debit Card
O006410,2024-07-10,C00966,P0049,1,35.64,0.2,28.51,6.85,Same Day,Bank Transfer
O001709,2024-07-10,C00278,P0066,1,68.82,0.1,61.94,26.91,First Class,Bank Transfer
O008189,2024-07-10,C00607,P0136,3,78.06,0.0,234.18,116.25,Second Class,Debit Card
O004123,2024-07-10,C01174,P0135,3,15.68,0.05,44.69,18.98,Second Class,Debit Card
O004752,2024-07-11,C02311,P0154,1,33.15,0.2,26.52,8.61,Second Class,Bank Transfer
O003527,2024-07-11,C02914,P0179,1,24.0,0.2,19.2,-0.08,Same Day,Credit Card
O011162,2024-07-11,C02471,P0119,1,59.91,0.2,47.93,5.76,Standard,Bank Transfer
O003687,2024-07-11,C02973,P0018,3,34.96,0.1,94.39,30.31,Standard,Credit Card
O000235,2024-07-11,C01070,P0117,1,27.87,0.05,26.48,8.33,Second Class,Credit Card
O003190,2024-07-11,C00864,P0160,1,43.67,0.2,34.94,2.45,First Class,Debit Card
O011858,2024-07-11,C00014,P0030,3,23.58,0.1,63.67,17.26,First Class,Credit Card
O011840,2024-07-11,C00182,P0043,3,26.44,0.2,63.46,3.85,Standard,Bank Transfer
O002815,2024-07-11,C02799,P0079,1,30.25,0.1,27.23,12.45,Second Class,Debit Card
O010213,2024-07-11,C01904,P0096,4,11.01,0.1,39.64,14.8,Standard,PayPal
O004644,2024-07-11,C03001,P0092,1,53.5,0.1,48.15,9.05,Standard,Credit Card
O001558,2024-07-12,C00605,P0065,1,48.33,0.2,38.66,5.23,Same Day,Credit Card
O008448,2024-07-12,C02649,P0013,1,33.36,0.2,26.69,5.82,First Class,PayPal
O002559,2024-07-12,C02574,P0139,3,48.37,0.15,123.34,49.03,Same Day,Debit Card
O003456,2024-07-12,C01993,P0116,1,34.67,0.05,32.94,8.92,Same Day,UPI
O009449,2024-07-12,C03170,P0111,2,8.19,0.3,11.47,1.39,Second Class,PayPal
O004983,2024-07-12,C01883,P0070,1,18.74,0.2,14.99,1.93,Second Class,Credit Card
O005554,2024-07-12,C03365,P0117,1,27.87,0.1,25.08,6.93,Second Class,PayPal
O007030,2024-07-12,C02429,P0096,1,11.01,0.05,10.46,4.25,Standard,Debit Card
O006857,2024-07-12,C01408,P0143,2,10.03,0.0,20.06,4.66,Same Day,PayPal
O002320,2024-07-12,C00494,P0143,1,10.03,0.15,8.53,0.83,Standard,Credit Card
O004041,2024-07-12,C00686,P0160,1,43.67,0.0,43.67,11.18,First Class,Debit Card
O000831,2024-07-12,C02754,P0176,1,48.8,0.15,41.48,16.54,Standard,Credit Card
O011932,2024-07-12,C02222,P0126,1,118.37,0.05,112.45,32.47,First Class,Debit Card
O007640,2024-07-12,C02556,P0163,3,60.53,0.1,163.43,23.27,Second Class,Debit Card
O000053,2024-07-13,C00876,P0042,1,31.86,0.15,27.08,6.35,Second Class,Bank Transfer
O008392,2024-07-13,C00889,P0084,1,20.35,0.0,20.35,9.38,Standard,PayPal
O004108,2024-07-13,C03256,P0174,1,35.58,0.1,32.02,14.81,Same Day,PayPal
O002908,2024-07-13,C03471,P0084,1,20.35,0.1,18.32,7.35,First Class,PayPal
O005249,2024-07-13,C01132,P0141,2,33.04,0.05,62.78,29.46,Standard,Credit Card
O003436,2024-07-13,C01737,P0060,2,53.74,0.0,107.48,42.72,First Class,Credit Card
O011300,2024-07-13,C00340,P0101,1,11.36,0.1,10.22,4.59,Second Class,PayPal
O007851,2024-07-13,C01497,P0133,1,14.29,0.0,14.29,2.76,Same Day,Debit Card
O007999,2024-07-13,C02315,P0120,1,46.47,0.05,44.15,19.27,Same Day,Debit Card
O004323,2024-07-13,C02734,P0078,2,23.47,0.1,42.25,18.47,Standard,Credit Card
O002571,2024-07-13,C03230,P0168,1,97.8,0.1,88.02,11.06,Same Day,UPI
O007355,2024-07-13,C01456,P0088,2,35.29,0.2,56.46,5.44,First Class,Bank Transfer
O007684,2024-07-13,C00415,P0180,2,167.02,0.1,300.64,75.18,Second Class,PayPal
O003800,2024-07-13,C02982,P0134,1,38.78,0.1,34.9,4.35,Standard,PayPal
O010010,2024-07-14,C00735,P0099,2,28.6,0.05,54.34,26.6,First Class,Bank Transfer
O009200,2024-07-14,C02650,P0093,5,18.06,0.0,90.3,29.95,First Class,Bank Transfer
O006714,2024-07-14,C01719,P0175,2,34.12,0.0,68.24,14.48,Second Class,Credit Card
O000428,2024-07-14,C02216,P0060,2,53.74,0.1,96.73,31.97,First Class,Debit Card
O002088,2024-07-14,C03439,P0180,3,167.02,0.1,450.95,112.76,First Class,Bank Transfer
O008929,2024-07-14,C02392,P0098,3,33.77,0.0,101.31,26.58,Second Class,Bank Transfer
O011214,2024-07-14,C03205,P0086,1,20.57,0.2,16.46,4.84,Same Day,Credit Card
O008570,2024-07-14,C02567,P0066,3,68.82,0.1,185.81,80.72,Same Day,Debit Card
O011384,2024-07-14,C01582,P0111,1,8.19,0.15,6.96,1.92,Standard,Bank Transfer
O003473,2024-07-14,C00876,P0020,1,11.38,0.0,11.38,4.69,Same Day,Debit Card
O001183,2024-07-15,C02754,P0097,3,34.55,0.05,98.47,36.16,Standard,Debit Card
O007287,2024-07-15,C02490,P0161,2,15.13,0.0,30.26,12.22,Standard,Bank Transfer
O006331,2024-07-15,C01729,P0105,2,25.67,0.0,51.34,18.42,Second Class,Credit Card
O003764,2024-07-15,C02618,P0069,1,36.06,0.1,32.45,8.51,First Class,Credit Card
O006808,2024-07-15,C00823,P0037,1,32.65,0.2,26.12,1.46,Standard,Bank Transfer
O004370,2024-07-15,C01655,P0045,1,10.9,0.05,10.36,2.53,Same Day,Credit Card
O001362,2024-07-15,C03018,P0151,3,33.54,0.0,100.62,27.18,Same Day,Bank Transfer
O010369,2024-07-15,C02427,P0093,2,18.06,0.05,34.31,10.17,Second Class,Bank Transfer
O003394,2024-07-16,C03130,P0042,2,31.86,0.0,63.72,22.26,Standard,UPI
O000363,2024-07-16,C01161,P0096,2,11.01,0.05,20.92,8.5,Standard,PayPal
O006605,2024-07-16,C01104,P0115,1,25.15,0.0,25.15,9.87,Second Class,Debit Card
O001017,2024-07-16,C02227,P0030,1,23.58,0.05,22.4,6.93,First Class,Credit Card
O005623,2024-07-16,C00075,P0043,4,26.44,0.3,74.03,-5.45,Second Class,Debit Card
O000301,2024-07-16,C01678,P0164,1,16.72,0.0,16.72,6.26,Same Day,UPI
O008660,2024-07-16,C02945,P0128,1,19.73,0.15,16.77,2.98,Second Class,UPI
O008995,2024-07-16,C02364,P0007,1,79.56,0.1,71.6,7.97,First Class,Debit Card
O010890,2024-07-16,C01843,P0010,1,40.56,0.2,32.45,7.88,First Class,UPI
O008726,2024-07-16,C02091,P0013,1,33.36,0.0,33.36,12.49,Same Day,Credit Card
O005191,2024-07-16,C00181,P0101,1,11.36,0.0,11.36,5.73,Same Day,Bank Transfer
O006569,2024-07-16,C01120,P0041,1,46.06,0.3,32.24,2.12,Same Day,Bank Transfer
O007900,2024-07-16,C02194,P0170,2,17.46,0.15,29.68,3.1,Second Class,Debit Card
O011080,2024-07-16,C02896,P0030,4,23.58,0.1,84.89,23.01,First Class,UPI
O010393,2024-07-16,C03371,P0169,3,24.3,0.3,51.03,3.51,Standard,Bank Transfer
O003978,2024-07-16,C02520,P0130,1,20.55,0.15,17.47,3.79,Standard,Credit Card
O005096,2024-07-16,C00757,P0002,2,26.05,0.0,52.1,14.3,First Class,Bank Transfer
O009807,2024-07-16,C01694,P0081,1,24.71,0.0,24.71,5.83,Standard,PayPal
O009770,2024-07-16,C01072,P0030,2,23.58,0.1,42.44,11.5,Same Day,UPI
O001337,2024-07-17,C03298,P0016,3,19.78,0.15,50.44,4.75,Second Class,Debit Card
O004038,2024-07-17,C00501,P0013,3,33.36,0.05,95.08,32.47,Standard,UPI
O002455,2024-07-17,C01598,P0109,1,33.7,0.15,28.65,10.49,Standard,Debit Card
O000404,2024-07-17,C03388,P0172,1,16.77,0.15,14.25,1.09,First Class,PayPal
O009624,2024-07-17,C01363,P0101,1,11.36,0.0,11.36,5.73,Standard,PayPal
O007847,2024-07-17,C00679,P0107,2,97.13,0.05,184.55,58.83,Second Class,Debit Card
O011425,2024-07-17,C02509,P0076,2,48.63,0.1,87.53,31.89,First Class,Credit Card
O004258,2024-07-17,C00487,P0125,2,41.74,0.15,70.96,4.2,Second Class,Debit Card
O002186,2024-07-17,C01817,P0077,4,30.16,0.05,114.61,38.69,Second Class,UPI
O006436,2024-07-17,C03495,P0143,1,10.03,0.1,9.03,1.33,Standard,Debit Card
O008826,2024-07-17,C00269,P0169,1,24.3,0.05,23.09,7.25,Standard,UPI
O002793,2024-07-17,C01720,P0124,2,11.46,0.05,21.77,6.21,Second Class,Credit Card
O001956,2024-07-17,C00670,P0180,3,167.02,0.0,501.06,162.87,Second Class,Bank Transfer
O006895,2024-07-17,C00149,P0118,1,13.33,0.1,12.0,1.72,Standard,Debit Card
O010419,2024-07-17,C00971,P0121,2,47.66,0.0,95.32,47.28,Standard,PayPal
O007810,2024-07-17,C03427,P0049,5,35.64,0.1,160.38,52.08,First Class,UPI
O006033,2024-07-17,C03035,P0167,1,48.63,0.15,41.34,16.29,First Class,Debit Card
O006603,2024-07-17,C01827,P0159,2,13.14,0.2,21.02,5.08,Standard,PayPal
O004830,2024-07-18,C01277,P0150,1,34.57,0.05,32.84,5.93,First Class,UPI
O003889,2024-07-18,C02255,P0103,1,22.81,0.2,18.25,0.67,Second Class,UPI
O001383,2024-07-18,C00361,P0009,1,21.01,0.15,17.86,1.24,Second Class,Bank Transfer
O002816,2024-07-18,C02083,P0018,3,34.96,0.2,83.9,19.82,Second Class,PayPal
O001964,2024-07-18,C00478,P0068,2,54.72,0.0,109.44,37.14,First Class,PayPal
O003480,2024-07-18,C01392,P0164,1,16.72,0.0,16.72,6.26,Same Day,Debit Card
O011799,2024-07-18,C03447,P0018,3,34.96,0.1,94.39,30.31,Second Class,Credit Card
O011469,2024-07-18,C00534,P0008,1,46.94,0.0,46.94,9.18,Second Class,UPI
O009696,2024-07-18,C03210,P0106,1,37.06,0.0,37.06,18.04,Standard,PayPal
O004584,2024-07-18,C02655,P0172,1,16.77,0.05,15.93,2.77,First Class,UPI
O001644,2024-07-18,C00946,P0063,1,13.89,0.1,12.5,2.2,Standard,UPI
O003765,2024-07-18,C02084,P0180,5,167.02,0.05,793.35,229.7,Same Day,Debit Card
O002851,2024-07-18,C02791,P0079,1,30.25,0.0,30.25,15.47,First Class,Debit Card
O010580,2024-07-18,C03107,P0158,2,38.78,0.1,69.8,21.7,Same Day,Bank Transfer
O007494,2024-07-18,C00023,P0093,1,18.06,0.05,17.16,5.09,First Class,PayPal
O008353,2024-07-18,C03185,P0038,1,7.97,0.0,7.97,1.95,Standard,PayPal
O001581,2024-07-18,C03149,P0019,1,15.8,0.2,12.64,0.48,First Class,Bank Transfer
O010069,2024-07-18,C01988,P0029,1,19.29,0.2,15.43,5.25,First Class,Debit Card
O011486,2024-07-19,C00595,P0078,2,23.47,0.05,44.59,20.81,First Class,Credit Card
O011904,2024-07-19,C02126,P0049,1,35.64,0.1,32.08,10.42,First Class,Debit Card
O005875,2024-07-19,C02038,P0049,1,35.64,0.05,33.86,12.2,First Class,Debit Card
O011946,2024-07-19,C02507,P0044,1,23.44,0.0,23.44,7.01,Standard,Debit Card
O002736,2024-07-19,C03487,P0089,4,20.2,0.2,64.64,7.72,Standard,PayPal
O009690,2024-07-19,C03204,P0046,1,17.85,0.05,16.96,3.56,Same Day,Credit Card
O005833,2024-07-19,C02084,P0157,2,95.85,0.15,162.94,6.36,Standard,UPI
O011042,2024-07-19,C01838,P0066,1,68.82,0.0,68.82,33.79,Same Day,UPI
O001264,2024-07-19,C00471,P0094,3,23.04,0.0,69.12,21.57,Standard,Credit Card
O000563,2024-07-19,C01581,P0063,2,13.89,0.0,27.78,7.18,Same Day,Bank Transfer
O003769,2024-07-19,C02791,P0117,1,27.87,0.15,23.69,5.54,First Class,Debit Card
O002429,2024-07-19,C00941,P0162,1,47.54,0.1,42.79,4.93,Standard,Bank Transfer
O010802,2024-07-19,C02926,P0130,1,20.55,0.15,17.47,3.79,Second Class,Bank Transfer
O000588,2024-07-20,C01270,P0097,1,34.55,0.0,34.55,13.78,Second Class,UPI
O008086,2024-07-20,C00309,P0109,1,33.7,0.1,30.33,12.17,Second Class,Bank Transfer
O007822,2024-07-20,C03476,P0082,1,35.95,0.1,32.36,6.6,First Class,Debit Card
O009909,2024-07-20,C01579,P0140,1,12.81,0.15,10.89,1.77,First Class,UPI
O005223,2024-07-20,C02569,P0010,1,40.56,0.2,32.45,7.88,Second Class,PayPal
O000304,2024-07-20,C02606,P0052,1,22.19,0.1,19.97,9.05,First Class,UPI
O007052,2024-07-20,C00229,P0109,2,33.7,0.05,64.03,27.71,Same Day,Bank Transfer
O009954,2024-07-20,C01629,P0132,1,29.8,0.15,25.33,7.11,Same Day,UPI
O011098,2024-07-20,C02287,P0149,5,40.02,0.1,180.09,41.24,Same Day,Credit Card
O008275,2024-07-20,C02319,P0111,5,8.19,0.3,28.66,3.46,First Class,UPI
O006993,2024-07-20,C02796,P0037,4,32.65,0.0,130.6,31.96,Same Day,Bank Transfer
O002555,2024-07-20,C01522,P0090,2,39.79,0.1,71.62,25.84,Second Class,UPI
O002466,2024-07-20,C02913,P0031,2,19.28,0.0,38.56,8.54,Standard,PayPal
O011230,2024-07-20,C00269,P0038,1,7.97,0.05,7.57,1.55,Same Day,PayPal
O004612,2024-07-20,C02333,P0063,1,13.89,0.05,13.2,2.9,Same Day,PayPal
O009991,2024-07-20,C02844,P0130,1,20.55,0.2,16.44,2.76,First Class,Credit Card
O005052,2024-07-20,C03385,P0032,2,95.01,0.0,190.02,50.96,Second Class,Debit Card
O004034,2024-07-20,C02761,P0147,2,12.76,0.0,25.52,12.24,First Class,Credit Card
O001333,2024-07-20,C00847,P0167,1,48.63,0.0,48.63,23.58,Same Day,PayPal
O006006,2024-07-21,C03434,P0138,2,23.12,0.15,39.3,16.82,First Class,Bank Transfer
O006973,2024-07-21,C00619,P0004,1,76.71,0.0,76.71,39.26,First Class,Bank Transfer
O009683,2024-07-21,C01304,P0137,2,17.13,0.15,29.12,11.5,Same Day,Credit Card
O002872,2024-07-21,C02171,P0129,1,30.41,0.0,30.41,11.08,Same Day,Debit Card
O007076,2024-07-21,C01110,P0138,2,23.12,0.0,46.24,23.76,Standard,UPI
O010148,2024-07-21,C03041,P0021,3,73.9,0.05,210.62,91.43,Same Day,PayPal
O007594,2024-07-21,C03269,P0039,1,12.02,0.2,9.62,0.31,Standard,PayPal
O011635,2024-07-21,C03069,P0147,2,12.76,0.1,22.97,9.69,Standard,UPI
O005422,2024-07-21,C03296,P0089,2,20.2,0.2,32.32,3.86,First Class,PayPal
O009592,2024-07-21,C03184,P0007,2,79.56,0.0,159.12,31.86,Second Class,Debit Card
O006645,2024-07-21,C00548,P0033,3,28.25,0.05,80.51,19.76,Same Day,Credit Card
O006083,2024-07-21,C00672,P0027,2,13.49,0.05,25.63,7.03,Same Day,Debit Card
O000357,2024-07-21,C03168,P0068,2,54.72,0.0,109.44,37.14,Second Class,PayPal
O003571,2024-07-21,C02889,P0089,2,20.2,0.1,36.36,7.9,Second Class,Debit Card
O011412,2024-07-22,C00724,P0138,1,23.12,0.0,23.12,11.88,Second Class,Bank Transfer
O007844,2024-07-22,C01486,P0077,1,30.16,0.1,27.14,8.16,Standard,PayPal
O008284,2024-07-22,C03218,P0117,1,27.87,0.1,25.08,6.93,First Class,UPI
O009260,2024-07-22,C01251,P0055,5,55.71,0.0,278.55,117.7,Same Day,Bank Transfer
O003259,2024-07-22,C01726,P0034,1,14.33,0.0,14.33,4.03,First Class,Bank Transfer
O000612,2024-07-22,C03470,P0097,4,34.55,0.1,124.38,41.3,Second Class,UPI
O000296,2024-07-22,C01557,P0177,2,28.74,0.1,51.73,17.89,Second Class,UPI
O006445,2024-07-22,C01116,P0117,1,27.87,0.1,25.08,6.93,Second Class,Debit Card
O011288,2024-07-22,C01536,P0025,1,20.01,0.1,18.01,4.53,Same Day,Debit Card
O004017,2024-07-22,C01132,P0132,3,29.8,0.05,84.93,30.27,Standard,Debit Card
O000131,2024-07-22,C02471,P0063,1,13.89,0.15,11.81,1.51,Same Day,Bank Transfer
O003550,2024-07-22,C02807,P0064,3,13.1,0.1,35.37,13.62,Standard,UPI
O001591,2024-07-22,C03223,P0120,3,46.47,0.3,97.59,22.95,Second Class,Debit Card
O002870,2024-07-22,C00889,P0147,4,12.76,0.05,48.49,21.93,Second Class,Bank Transfer
O010864,2024-07-22,C00272,P0170,2,17.46,0.05,33.17,6.59,Same Day,PayPal
O000699,2024-07-22,C01104,P0175,1,34.12,0.0,34.12,7.24,Second Class,PayPal
O006779,2024-07-22,C02667,P0021,1,73.9,0.2,59.12,19.39,Standard,UPI
O006961,2024-07-23,C01370,P0175,1,34.12,0.3,23.88,-3.0,Same Day,UPI
O004571,2024-07-23,C01202,P0040,2,32.39,0.1,58.3,7.1,First Class,Credit Card
O007997,2024-07-23,C03441,P0003,1,43.42,0.1,39.08,14.09,Standard,UPI
O002669,2024-07-23,C01553,P0025,1,20.01,0.2,16.01,2.53,Second Class,Debit Card
O008032,2024-07-23,C00309,P0052,1,22.19,0.0,22.19,11.27,First Class,Credit Card
O000583,2024-07-23,C01969,P0173,1,27.11,0.2,21.69,5.09,Second Class,UPI
O001867,2024-07-23,C02615,P0039,1,12.02,0.3,8.41,-0.9,Second Class,Bank Transfer
O007681,2024-07-23,C02220,P0090,4,39.79,0.1,143.24,51.68,Second Class,Credit Card
O008701,2024-07-23,C00143,P0115,1,25.15,0.15,21.38,6.1,First Class,Bank Transfer
O000056,2024-07-23,C01814,P0056,2,52.21,0.1,93.98,22.88,Same Day,Credit Card
O008177,2024-07-23,C02497,P0061,2,20.87,0.0,41.74,19.9,Second Class,PayPal
O002945,2024-07-23,C02536,P0091,3,30.36,0.1,81.97,8.68,First Class,Credit Card
O006320,2024-07-23,C03279,P0086,2,20.57,0.0,41.14,17.9,Second Class,Credit Card
O005449,2024-07-23,C01060,P0139,4,48.37,0.15,164.46,65.38,Second Class,PayPal
O007408,2024-07-23,C01950,P0089,4,20.2,0.15,68.68,11.76,Standard,Credit Card
O006986,2024-07-23,C00560,P0047,1,21.13,0.0,21.13,4.59,Second Class,Bank Transfer
O002621,2024-07-24,C00131,P0049,1,35.64,0.0,35.64,13.98,Second Class,Credit Card
O006912,2024-07-24,C00059,P0046,1,17.85,0.0,17.85,4.45,First Class,Bank Transfer
O000614,2024-07-24,C00260,P0012,1,21.06,0.0,21.06,4.3,Standard,Debit Card
O011489,2024-07-24,C01732,P0060,1,53.74,0.15,45.68,13.3,Same Day,Debit Card
O005682,2024-07-24,C01435,P0021,1,73.9,0.05,70.2,30.47,First Class,Bank Transfer
O004592,2024-07-24,C03389,P0087,1,51.68,0.15,43.93,9.47,Same Day,PayPal
O010137,2024-07-24,C03149,P0143,1,10.03,0.1,9.03,1.33,Second Class,Debit Card
O011106,2024-07-24,C02420,P0009,1,21.01,0.1,18.91,2.29,Standard,Debit Card
O004113,2024-07-24,C01109,P0174,2,35.58,0.05,67.6,33.18,Second Class,Debit Card
O011644,2024-07-24,C03349,P0053,2,18.36,0.2,29.38,5.94,Second Class,Bank Transfer
O002976,2024-07-24,C01058,P0162,4,47.54,0.3,133.11,-18.33,First Class,Credit Card
O003551,2024-07-24,C02267,P0164,5,16.72,0.0,83.6,31.3,Same Day,Credit Card
O011286,2024-07-25,C03376,P0071,1,36.05,0.15,30.64,4.44,Same Day,UPI
O005905,2024-07-25,C01183,P0044,1,23.44,0.05,22.27,5.84,Second Class,PayPal
O008486,2024-07-25,C02084,P0014,3,8.22,0.0,24.66,4.71,Second Class,Debit Card
O005417,2024-07-25,C01023,P0045,1,10.9,0.2,8.72,0.89,Standard,Credit Card
O008734,2024-07-25,C03059,P0130,1,20.55,0.05,19.52,5.84,First Class,Debit Card
O008809,2024-07-25,C02501,P0161,2,15.13,0.0,30.26,12.22,Same Day,Credit Card
O003129,2024-07-25,C01760,P0020,2,11.38,0.15,19.35,5.97,Same Day,PayPal
O009434,2024-07-25,C02102,P0161,4,15.13,0.15,51.44,15.36,Standard,Credit Card
O008810,2024-07-25,C00226,P0125,1,41.74,0.15,35.48,2.1,Second Class,UPI
O003242,2024-07-25,C01588,P0002,1,26.05,0.0,26.05,7.15,Second Class,Credit Card
O010929,2024-07-25,C00958,P0173,1,27.11,0.1,24.4,7.8,First Class,Debit Card
O005497,2024-07-25,C00109,P0062,3,25.26,0.1,68.2,18.37,Second Class,UPI
O008957,2024-07-25,C03376,P0039,1,12.02,0.1,10.82,1.51,Same Day,PayPal
O000266,2024-07-25,C02593,P0128,1,19.73,0.1,17.76,3.97,Second Class,PayPal
O001916,2024-07-26,C00362,P0057,1,16.52,0.1,14.87,6.77,First Class,UPI
O009892,2024-07-26,C02720,P0004,3,76.71,0.0,230.13,117.78,Same Day,Bank Transfer
O011349,2024-07-26,C00374,P0120,1,46.47,0.15,39.5,14.62,First Class,Debit Card
O005063,2024-07-26,C01593,P0114,2,141.33,0.1,254.39,114.35,Standard,PayPal
O003182,2024-07-26,C00868,P0047,5,21.13,0.0,105.65,22.95,Standard,Credit Card
O003770,2024-07-26,C03044,P0159,1,13.14,0.1,11.83,3.86,First Class,PayPal
O002518,2024-07-26,C02414,P0004,1,76.71,0.05,72.87,35.42,Standard,PayPal
O011631,2024-07-26,C02129,P0146,1,47.38,0.05,45.01,17.73,Second Class,Debit Card
O001648,2024-07-26,C03269,P0059,1,35.35,0.0,35.35,8.5,Same Day,PayPal
O009075,2024-07-26,C02010,P0084,1,20.35,0.1,18.32,7.35,Second Class,Debit Card
O005901,2024-07-26,C02929,P0120,2,46.47,0.15,79.0,29.24,First Class,Debit Card
O005995,2024-07-26,C00978,P0055,1,55.71,0.0,55.71,23.54,First Class,Credit Card
O011730,2024-07-26,C01084,P0031,3,19.28,0.05,54.95,9.92,Same Day,PayPal
O002638,2024-07-26,C02384,P0128,4,19.73,0.0,78.92,23.76,Second Class,Bank Transfer
O011123,2024-07-27,C03082,P0105,5,25.67,0.2,102.68,20.38,First Class,Bank Transfer
O008508,2024-07-27,C01146,P0088,2,35.29,0.15,59.99,8.97,Second Class,Debit Card
O005561,2024-07-27,C00710,P0084,1,20.35,0.0,20.35,9.38,Standard,Credit Card
O004575,2024-07-27,C01286,P0102,1,21.68,0.1,19.51,8.8,First Class,UPI
O000075,2024-07-27,C01755,P0124,1,11.46,0.0,11.46,3.68,First Class,Debit Card
O004085,2024-07-27,C02624,P0133,3,14.29,0.2,34.3,-0.29,Standard,UPI
O011067,2024-07-27,C00701,P0083,2,74.49,0.2,119.18,26.96,Second Class,Bank Transfer
O003427,2024-07-27,C01980,P0098,5,33.77,0.1,151.97,27.42,Second Class,Debit Card
O009419,2024-07-27,C02410,P0160,4,43.67,0.1,157.21,27.25,First Class,PayPal
O007992,2024-07-27,C00157,P0072,3,77.46,0.1,209.14,20.5,First Class,Debit Card
O006663,2024-07-27,C01315,P0118,5,13.33,0.0,66.65,15.25,First Class,Credit Card
O004393,2024-07-27,C01180,P0122,1,15.78,0.0,15.78,4.76,Same Day,Debit Card
O007305,2024-07-27,C01479,P0121,1,47.66,0.2,38.13,14.11,Second Class,PayPal
O010172,2024-07-27,C00814,P0016,1,19.78,0.0,19.78,4.55,First Class,Bank Transfer
O002113,2024-07-27,C00824,P0176,1,48.8,0.0,48.8,23.86,Second Class,Bank Transfer
O000005,2024-07-27,C00632,P0008,3,46.94,0.15,119.7,6.42,Same Day,UPI
O006207,2024-07-27,C02669,P0070,1,18.74,0.2,14.99,1.93,First Class,Credit Card
O011545,2024-07-27,C03495,P0080,4,7.83,0.05,29.75,4.47,First Class,PayPal
O000170,2024-07-27,C00155,P0152,2,35.7,0.05,67.83,14.05,Second Class,Bank Transfer
O001493,2024-07-27,C00727,P0090,1,39.79,0.0,39.79,16.9,Standard,Bank Transfer
O004361,2024-07-27,C00579,P0172,3,16.77,0.3,35.22,-4.26,Standard,Credit Card
O007422,2024-07-27,C00558,P0039,2,12.02,0.05,22.84,4.22,Standard,PayPal
O001285,2024-07-27,C01613,P0068,2,54.72,0.1,98.5,26.2,Same Day,PayPal
O011124,2024-07-28,C00680,P0164,3,16.72,0.05,47.65,16.27,First Class,Bank Transfer
O000982,2024-07-28,C02827,P0119,1,59.91,0.1,53.92,11.75,First Class,Bank Transfer
O004972,2024-07-28,C00754,P0013,1,33.36,0.0,33.36,12.49,Second Class,Debit Card
O004198,2024-07-28,C01888,P0031,2,19.28,0.05,36.63,6.61,Standard,Bank Transfer
O008682,2024-07-28,C00826,P0023,1,29.78,0.15,25.31,1.54,Same Day,PayPal
O008883,2024-07-28,C01235,P0035,4,48.65,0.0,194.6,77.4,Standard,PayPal
O010859,2024-07-28,C00571,P0109,1,33.7,0.05,32.02,13.86,First Class,UPI
O005167,2024-07-28,C02680,P0155,4,34.48,0.0,137.92,36.52,Second Class,Credit Card
O011262,2024-07-28,C01506,P0082,3,35.95,0.05,102.46,25.18,Same Day,PayPal
O011354,2024-07-28,C01942,P0052,1,22.19,0.2,17.75,6.83,Same Day,PayPal
O005257,2024-07-28,C02579,P0152,1,35.7,0.1,32.13,5.24,Standard,Bank Transfer
O005726,2024-07-28,C00338,P0019,2,15.8,0.05,30.02,5.7,First Class,Debit Card
O007238,2024-07-28,C01401,P0128,2,19.73,0.0,39.46,11.88,First Class,Debit Card
O007717,2024-07-28,C03179,P0147,1,12.76,0.05,12.12,5.48,Standard,Bank Transfer
O003566,2024-07-28,C00409,P0068,2,54.72,0.0,109.44,37.14,First Class,Credit Card
O000607,2024-07-28,C01230,P0094,1,23.04,0.2,18.43,2.58,Standard,Bank Transfer
O003470,2024-07-28,C00082,P0024,2,11.29,0.05,21.45,5.27,First Class,PayPal
O003890,2024-07-28,C01545,P0100,2,24.47,0.0,48.94,23.52,Standard,UPI
O006520,2024-07-29,C00356,P0005,1,24.48,0.0,24.48,7.36,Second Class,PayPal
O003282,2024-07-29,C01741,P0138,3,23.12,0.2,55.49,21.77,Same Day,Debit Card
O007277,2024-07-29,C01292,P0165,2,53.31,0.0,106.62,28.22,Same Day,PayPal
O005957,2024-07-29,C03061,P0051,4,35.19,0.05,133.72,38.48,First Class,Credit Card
O005072,2024-07-29,C02352,P0029,4,19.29,0.0,77.16,36.44,Same Day,Credit Card
O010160,2024-07-29,C03402,P0075,2,5.19,0.3,7.27,-0.51,Same Day,Credit Card
O004880,2024-07-29,C02227,P0113,1,29.64,0.1,26.68,6.05,Standard,Credit Card
O010080,2024-07-29,C02702,P0047,1,21.13,0.0,21.13,4.59,Same Day,Bank Transfer
O001995,2024-07-29,C03062,P0180,2,167.02,0.05,317.34,91.88,First Class,Credit Card
O009734,2024-07-29,C03084,P0158,1,38.78,0.0,38.78,14.73,Standard,Credit Card
O006972,2024-07-29,C02815,P0087,1,51.68,0.1,46.51,12.05,Standard,Debit Card
O009115,2024-07-29,C01480,P0123,2,70.94,0.15,120.6,51.22,Standard,Debit Card
O010009,2024-07-29,C01425,P0096,1,11.01,0.1,9.91,3.7,Second Class,Bank Transfer
O007235,2024-07-29,C02827,P0121,3,47.66,0.1,128.68,56.62,Same Day,Bank Transfer
O007991,2024-07-30,C00815,P0014,1,8.22,0.0,8.22,1.57,First Class,PayPal
O004271,2024-07-30,C00924,P0019,1,15.8,0.05,15.01,2.85,Standard,UPI
O011552,2024-07-30,C00204,P0115,1,25.15,0.1,22.63,7.35,Second Class,PayPal
O011142,2024-07-30,C01964,P0118,1,13.33,0.15,11.33,1.05,Same Day,Bank Transfer
O009639,2024-07-30,C00149,P0023,1,29.78,0.0,29.78,6.01,Second Class,Bank Transfer
O007322,2024-07-30,C00994,P0173,2,27.11,0.1,48.8,15.6,Standard,Bank Transfer
O001351,2024-07-30,C01387,P0152,1,35.7,0.0,35.7,8.81,Standard,Bank Transfer
O004080,2024-07-30,C01753,P0014,1,8.22,0.1,7.4,0.75,Same Day,PayPal
O006270,2024-07-30,C01294,P0146,1,47.38,0.05,45.01,17.73,Standard,UPI
O006571,2024-07-30,C01897,P0152,1,35.7,0.1,32.13,5.24,First Class,Bank Transfer
O004767,2024-07-30,C03158,P0048,3,56.66,0.1,152.98,51.85,Standard,UPI
O003299,2024-07-30,C01014,P0115,2,25.15,0.05,47.78,17.22,First Class,Bank Transfer
O004873,2024-07-30,C03281,P0055,3,55.71,0.0,167.13,70.62,Standard,Debit Card
O006363,2024-07-30,C02026,P0029,1,19.29,0.0,19.29,9.11,First Class,PayPal
O006275,2024-07-30,C01780,P0169,2,24.3,0.2,38.88,7.2,Same Day,Bank Transfer
O009762,2024-07-31,C01701,P0118,1,13.33,0.1,12.0,1.72,Same Day,Bank Transfer
O011578,2024-07-31,C03160,P0007,1,79.56,0.05,75.58,11.95,Same Day,Debit Card
O008521,2024-07-31,C02406,P0039,2,12.02,0.15,20.43,1.81,Standard,PayPal
O009365,2024-07-31,C01187,P0135,2,15.68,0.0,31.36,14.22,Same Day,Credit Card
O001119,2024-07-31,C01715,P0112,4,28.02,0.15,95.27,17.99,First Class,PayPal
O005780,2024-07-31,C02592,P0148,2,12.08,0.1,21.74,4.42,First Class,Credit Card
O000324,2024-07-31,C01004,P0150,1,34.57,0.05,32.84,5.93,Same Day,PayPal
O006407,2024-07-31,C00815,P0177,2,28.74,0.15,48.86,15.02,Same Day,UPI
O011298,2024-07-31,C02087,P0013,2,33.36,0.0,66.72,24.98,Second Class,UPI
O002439,2024-07-31,C00033,P0001,2,39.36,0.1,70.85,27.83,First Class,Bank Transfer
O000531,2024-07-31,C00589,P0016,2,19.78,0.1,35.6,5.14,First Class,UPI
O003487,2024-07-31,C02919,P0090,1,39.79,0.0,39.79,16.9,Standard,PayPal
O003530,2024-07-31,C03428,P0065,5,48.33,0.1,217.48,50.33,Standard,PayPal
O003175,2024-07-31,C03033,P0133,2,14.29,0.05,27.15,4.09,Second Class,UPI
O010907,2024-07-31,C03036,P0135,3,15.68,0.0,47.04,21.33,First Class,Debit Card
O009985,2024-07-31,C00023,P0038,1,7.97,0.05,7.57,1.55,First Class,Debit Card
O008618,2024-07-31,C02558,P0059,1,35.35,0.0,35.35,8.5,Same Day,UPI
O004816,2024-07-31,C02342,P0015,1,9.29,0.1,8.36,0.86,Second Class,UPI
O009962,2024-08-01,C02397,P0140,4,12.81,0.1,46.12,9.64,Standard,PayPal
O009332,2024-08-01,C01096,P0140,1,12.81,0.1,11.53,2.41,Second Class,Bank Transfer
O002684,2024-08-01,C02558,P0135,2,15.68,0.15,26.66,9.52,Same Day,Bank Transfer
O009481,2024-08-01,C02249,P0170,1,17.46,0.0,17.46,4.17,Second Class,PayPal
O006780,2024-08-01,C02262,P0027,1,13.49,0.15,11.47,2.17,Second Class,PayPal
O006601,2024-08-01,C01067,P0133,1,14.29,0.1,12.86,1.33,Standard,UPI
O007007,2024-08-01,C01901,P0158,1,38.78,0.05,36.84,12.79,Standard,Credit Card
O008588,2024-08-01,C03257,P0081,2,24.71,0.1,44.48,6.72,Standard,Bank Transfer
O005065,2024-08-01,C02822,P0099,2,28.6,0.05,54.34,26.6,First Class,Bank Transfer
O009312,2024-08-01,C02195,P0094,2,23.04,0.3,32.26,0.56,Standard,UPI
O006277,2024-08-01,C03290,P0023,2,29.78,0.0,59.56,12.02,Second Class,Bank Transfer
O011537,2024-08-01,C00334,P0053,2,18.36,0.1,33.05,9.61,Standard,Bank Transfer
O009561,2024-08-01,C01945,P0024,1,11.29,0.1,10.16,2.07,Standard,UPI
O004996,2024-08-01,C02682,P0167,1,48.63,0.0,48.63,23.58,Standard,Debit Card
O010305,2024-08-01,C01332,P0055,5,55.71,0.15,236.77,75.92,Standard,Debit Card
O011625,2024-08-01,C03479,P0123,1,70.94,0.3,49.66,14.97,Second Class,PayPal
O011986,2024-08-01,C02923,P0064,1,13.1,0.2,10.48,3.23,Same Day,PayPal
O005457,2024-08-01,C01190,P0004,3,76.71,0.0,230.13,117.78,Standard,Bank Transfer
O011347,2024-08-01,C03151,P0094,1,23.04,0.0,23.04,7.19,Second Class,Bank Transfer
O006446,2024-08-01,C01166,P0167,1,48.63,0.0,48.63,23.58,Standard,Credit Card
O000367,2024-08-01,C00137,P0126,1,118.37,0.15,100.61,20.63,Second Class,Bank Transfer
O005323,2024-08-01,C01789,P0003,1,43.42,0.15,36.91,11.92,Standard,PayPal
O009877,2024-08-01,C00754,P0171,1,15.99,0.05,15.19,5.77,Second Class,UPI
O010919,2024-08-01,C01152,P0040,1,32.39,0.0,32.39,6.79,Second Class,Bank Transfer
O008992,2024-08-02,C01254,P0081,1,24.71,0.05,23.47,4.59,Second Class,Bank Transfer
O005797,2024-08-02,C01195,P0171,1,15.99,0.05,15.19,5.77,First Class,Debit Card
O003812,2024-08-02,C02655,P0079,1,30.25,0.15,25.71,10.93,Second Class,UPI
O010146,2024-08-02,C03495,P0162,2,47.54,0.15,80.82,5.1,Second Class,Credit Card
O005919,2024-08-02,C02552,P0170,1,17.46,0.15,14.84,1.55,Same Day,UPI
O008872,2024-08-02,C01747,P0147,1,12.76,0.0,12.76,6.12,First Class,Bank Transfer
O000044,2024-08-02,C00439,P0064,1,13.1,0.1,11.79,4.54,First Class,PayPal
O010701,2024-08-02,C01309,P0143,1,10.03,0.1,9.03,1.33,Same Day,PayPal
O008310,2024-08-02,C01470,P0164,2,16.72,0.15,28.42,7.5,Second Class,Debit Card
O007955,2024-08-02,C02361,P0111,1,8.19,0.05,7.78,2.74,Second Class,Bank Transfer
O002776,2024-08-02,C03046,P0057,1,16.52,0.0,16.52,8.42,Second Class,Credit Card
O004660,2024-08-02,C02011,P0097,1,34.55,0.2,27.64,6.87,Second Class,UPI
O006728,2024-08-02,C02490,P0145,1,33.75,0.0,33.75,8.2,Same Day,UPI
O004780,2024-08-02,C00292,P0079,1,30.25,0.1,27.23,12.45,Second Class,Debit Card
O009766,2024-08-02,C03144,P0078,1,23.47,0.3,16.43,4.54,Same Day,Bank Transfer
O002982,2024-08-02,C01691,P0051,1,35.19,0.0,35.19,11.38,Standard,Debit Card
O004894,2024-08-02,C02702,P0022,2,24.61,0.1,44.3,11.36,Standard,Debit Card
O009244,2024-08-02,C00147,P0024,1,11.29,0.0,11.29,3.2,Standard,Bank Transfer
O007848,2024-08-03,C00163,P0155,2,34.48,0.05,65.51,14.81,Second Class,PayPal
O001515,2024-08-03,C02195,P0097,3,34.55,0.15,88.1,25.79,Standard,Bank Transfer
O009085,2024-08-03,C00334,P0006,1,24.48,0.0,24.48,11.26,Standard,Debit Card
O000252,2024-08-03,C00260,P0132,1,29.8,0.1,26.82,8.6,Second Class,UPI
O008402,2024-08-03,C00335,P0089,4,20.2,0.0,80.8,23.88,First Class,UPI
O006359,2024-08-03,C02821,P0151,1,33.54,0.0,33.54,9.06,Standard,Credit Card
O000729,2024-08-03,C01302,P0005,2,24.48,0.3,34.27,0.03,Same Day,Bank Transfer
O011935,2024-08-03,C02623,P0174,2,35.58,0.2,56.93,22.51,Same Day,Credit Card
O009108,2024-08-03,C01906,P0099,1,28.6,0.2,22.88,9.01,Second Class,PayPal
O000310,2024-08-03,C01665,P0092,2,53.5,0.0,107.0,28.8,First Class,PayPal
O000282,2024-08-03,C02569,P0091,1,30.36,0.0,30.36,5.93,Same Day,Bank Transfer
O010937,2024-08-03,C03121,P0116,1,34.67,0.2,27.74,3.72,First Class,Bank Transfer
O003598,2024-08-03,C00733,P0117,1,27.87,0.1,25.08,6.93,Second Class,Debit Card
O001425,2024-08-03,C03048,P0130,2,20.55,0.0,41.1,13.74,Same Day,Credit Card
O009508,2024-08-04,C01695,P0128,4,19.73,0.0,78.92,23.76,Second Class,Bank Transfer
O008234,2024-08-04,C00659,P0055,1,55.71,0.0,55.71,23.54,Standard,Debit Card
O002419,2024-08-04,C01357,P0177,2,28.74,0.2,45.98,12.14,Second Class,UPI
O001805,2024-08-04,C01768,P0135,3,15.68,0.15,39.98,14.27,Same Day,Bank Transfer
O010733,2024-08-04,C00877,P0045,3,10.9,0.1,29.43,5.94,Standard,UPI
O002346,2024-08-04,C01462,P0086,3,20.57,0.0,61.71,26.85,Standard,UPI
O005013,2024-08-04,C02100,P0176,2,48.8,0.3,68.32,18.44,Standard,Bank Transfer
O003014,2024-08-04,C02188,P0064,1,13.1,0.05,12.44,5.19,First Class,Bank Transfer
O003099,2024-08-04,C03300,P0028,3,36.39,0.05,103.71,14.55,First Class,UPI
O007201,2024-08-04,C01981,P0091,1,30.36,0.1,27.32,2.89,Second Class,UPI
O007194,2024-08-04,C00146,P0031,2,19.28,0.05,36.63,6.61,First Class,PayPal
O006091,2024-08-04,C00564,P0118,1,13.33,0.15,11.33,1.05,First Class,Debit Card
O008850,2024-08-05,C02164,P0081,2,24.71,0.0,49.42,11.66,Same Day,PayPal
O000438,2024-08-05,C00665,P0124,1,11.46,0.1,10.31,2.53,First Class,Bank Transfer
O011723,2024-08-05,C01801,P0139,1,48.37,0.1,43.53,18.76,Second Class,UPI
O004871,2024-08-05,C01927,P0027,4,13.49,0.1,48.56,11.36,First Class,PayPal
O001523,2024-08-05,C00366,P0084,2,20.35,0.0,40.7,18.76,Second Class,UPI
O008832,2024-08-05,C01873,P0139,5,48.37,0.2,193.48,69.63,Same Day,Bank Transfer
O011125,2024-08-05,C01383,P0018,1,34.96,0.1,31.46,10.1,Second Class,UPI
O010605,2024-08-05,C01600,P0136,1,78.06,0.1,70.25,30.94,Same Day,Debit Card
O009915,2024-08-05,C02973,P0082,2,35.95,0.05,68.31,16.79,Standard,UPI
O008399,2024-08-05,C02996,P0173,2,27.11,0.1,48.8,15.6,First Class,Credit Card
O004349,2024-08-05,C02838,P0022,1,24.61,0.1,22.15,5.68,Same Day,Bank Transfer
O002211,2024-08-05,C03137,P0001,1,39.36,0.0,39.36,17.85,Same Day,Debit Card
O004630,2024-08-05,C03405,P0023,1,29.78,0.05,28.29,4.52,Same Day,Debit Card
O007126,2024-08-05,C00560,P0075,3,5.19,0.1,14.01,2.34,Standard,Credit Card
O008455,2024-08-05,C03488,P0063,1,13.89,0.0,13.89,3.59,First Class,Bank Transfer
O000986,2024-08-06,C02190,P0126,1,118.37,0.2,94.7,14.72,Second Class,Bank Transfer
O002897,2024-08-06,C03447,P0002,1,26.05,0.2,20.84,1.94,First Class,Bank Transfer
O011212,2024-08-06,C00727,P0005,2,24.48,0.0,48.96,14.72,Second Class,Bank Transfer
O009606,2024-08-06,C02551,P0048,1,56.66,0.3,39.66,5.95,Standard,UPI
O001920,2024-08-06,C01686,P0035,4,48.65,0.0,194.6,77.4,First Class,Credit Card
O010644,2024-08-06,C03300,P0147,2,12.76,0.3,17.86,4.58,Same Day,UPI
O001938,2024-08-06,C02763,P0121,2,47.66,0.15,81.02,32.98,Same Day,Credit Card
O002401,2024-08-06,C00073,P0035,2,48.65,0.1,87.57,28.97,First Class,UPI
O009002,2024-08-06,C01518,P0012,1,21.06,0.0,21.06,4.3,Standard,Credit Card
O010204,2024-08-06,C01769,P0150,1,34.57,0.1,31.11,4.2,Second Class,PayPal
O008495,2024-08-06,C01666,P0124,1,11.46,0.15,9.74,1.96,Same Day,UPI
O002744,2024-08-06,C00557,P0170,4,17.46,0.15,59.36,6.2,Second Class,Credit Card
O008323,2024-08-06,C01411,P0077,1,30.16,0.0,30.16,11.18,First Class,Bank Transfer
O006035,2024-08-06,C00458,P0093,3,18.06,0.1,48.76,12.55,Second Class,PayPal
O001901,2024-08-06,C00075,P0063,1,13.89,0.15,11.81,1.51,Same Day,UPI
O000412,2024-08-07,C01136,P0045,1,10.9,0.05,10.36,2.53,Second Class,Credit Card
O004990,2024-08-07,C02563,P0087,5,51.68,0.3,180.88,8.58,First Class,Bank Transfer
O009779,2024-08-07,C01112,P0014,1,8.22,0.1,7.4,0.75,Second Class,Debit Card
O005382,2024-08-07,C02557,P0039,1,12.02,0.2,9.62,0.31,Second Class,Debit Card
O000359,2024-08-07,C00008,P0077,1,30.16,0.0,30.16,11.18,Same Day,Bank Transfer
O000216,2024-08-07,C01497,P0063,1,13.89,0.0,13.89,3.59,Second Class,Debit Card
O005307,2024-08-07,C01775,P0071,2,36.05,0.0,72.1,19.7,First Class,Debit Card
O005182,2024-08-07,C01416,P0106,1,37.06,0.1,33.35,14.33,Standard,Debit Card
O004555,2024-08-07,C02995,P0003,1,43.42,0.1,39.08,14.09,Second Class,UPI
O008346,2024-08-07,C00359,P0038,1,7.97,0.2,6.38,0.36,Standard,Bank Transfer
O002068,2024-08-07,C01850,P0012,2,21.06,0.1,37.91,4.39,Second Class,PayPal
O000973,2024-08-07,C01413,P0015,3,9.29,0.1,25.08,2.58,First Class,Debit Card
O000750,2024-08-07,C02701,P0043,1,26.44,0.15,22.47,2.6,Second Class,PayPal
O000146,2024-08-07,C00484,P0172,2,16.77,0.05,31.86,5.54,Standard,UPI
O002122,2024-08-07,C02060,P0044,3,23.44,0.2,56.26,6.97,Standard,UPI
O004086,2024-08-07,C01702,P0127,1,14.97,0.05,14.22,5.06,Second Class,UPI
O005081,2024-08-07,C03421,P0017,4,14.76,0.2,47.23,12.99,Standard,Bank Transfer
O010074,2024-08-08,C00353,P0081,1,24.71,0.1,22.24,3.36,Same Day,PayPal
O010709,2024-08-08,C01390,P0083,1,74.49,0.3,52.14,6.03,Standard,PayPal
O010020,2024-08-08,C01353,P0091,1,30.36,0.0,30.36,5.93,Standard,UPI
O005199,2024-08-08,C01687,P0158,3,38.78,0.0,116.34,44.19,Second Class,Bank Transfer
O007524,2024-08-08,C01025,P0122,3,15.78,0.1,42.61,9.55,First Class,Debit Card
O003565,2024-08-08,C00920,P0042,4,31.86,0.1,114.7,31.78,Same Day,Credit Card
O011026,2024-08-08,C03120,P0086,2,20.57,0.0,41.14,17.9,Same Day,PayPal
O004441,2024-08-08,C03098,P0037,1,32.65,0.15,27.75,3.09,Standard,UPI
O003145,2024-08-08,C00237,P0085,2,16.85,0.05,32.02,14.06,Standard,PayPal
O007652,2024-08-08,C03489,P0118,1,13.33,0.0,13.33,3.05,Second Class,UPI
O000130,2024-08-08,C01031,P0082,1,35.95,0.05,34.15,8.39,Second Class,Credit Card
O005138,2024-08-08,C02654,P0049,1,35.64,0.1,32.08,10.42,First Class,UPI
O011169,2024-08-08,C00103,P0138,1,23.12,0.0,23.12,11.88,Standard,Credit Card
O006223,2024-08-09,C00276,P0078,1,23.47,0.2,18.78,6.89,Same Day,Credit Card
O009553,2024-08-09,C02988,P0048,1,56.66,0.2,45.33,11.62,First Class,UPI
O003610,2024-08-09,C00394,P0175,1,34.12,0.05,32.41,5.53,First Class,Credit Card
O011767,2024-08-09,C00192,P0072,3,77.46,0.05,220.76,32.12,Standard,UPI
O006433,2024-08-09,C01665,P0058,3,23.31,0.0,69.93,35.49,Same Day,Credit Card
O008158,2024-08-09,C00462,P0156,1,17.92,0.1,16.13,2.61,Same Day,Debit Card
O011189,2024-08-09,C01522,P0124,3,11.46,0.15,29.22,5.88,Same Day,UPI
O002582,2024-08-09,C01665,P0137,3,17.13,0.0,51.39,24.96,Standard,Debit Card
O000715,2024-08-09,C00528,P0110,3,27.16,0.0,81.48,30.36,Standard,Credit Card
O002983,2024-08-09,C01236,P0032,1,95.01,0.0,95.01,25.48,First Class,Bank Transfer
O002375,2024-08-09,C02891,P0176,2,48.8,0.05,92.72,42.84,Second Class,PayPal
O006830,2024-08-09,C03006,P0009,4,21.01,0.05,79.84,13.36,Standard,PayPal
O009790,2024-08-09,C01660,P0014,1,8.22,0.2,6.58,-0.07,Standard,Credit Card
O008127,2024-08-09,C03468,P0081,1,24.71,0.15,21.0,2.12,Second Class,Credit Card
O010097,2024-08-09,C01025,P0025,1,20.01,0.0,20.01,6.53,Same Day,Debit Card
O002110,2024-08-09,C02612,P0101,1,11.36,0.05,10.79,5.16,Same Day,Bank Transfer
O011430,2024-08-09,C01725,P0056,1,52.21,0.2,41.77,6.22,Second Class,Bank Transfer
O008623,2024-08-09,C03321,P0021,1,73.9,0.1,66.51,26.78,Same Day,Bank Transfer
O005245,2024-08-09,C00271,P0128,1,19.73,0.1,17.76,3.97,First Class,Credit Card
O004777,2024-08-10,C01092,P0058,1,23.31,0.2,18.65,7.17,Standard,Debit Card
O011640,2024-08-10,C02450,P0159,1,13.14,0.05,12.48,4.51,First Class,PayPal
O011222,2024-08-10,C00632,P0152,1,35.7,0.0,35.7,8.81,Same Day,Credit Card
O002861,2024-08-10,C03158,P0123,1,70.94,0.0,70.94,36.25,Same Day,Bank Transfer
O004587,2024-08-10,C01192,P0032,2,95.01,0.05,180.52,41.46,Same Day,UPI
O010778,2024-08-10,C01969,P0077,1,30.16,0.0,30.16,11.18,First Class,UPI
O003967,2024-08-10,C01929,P0158,1,38.78,0.15,32.96,8.91,Second Class,PayPal
O001433,2024-08-10,C00446,P0103,1,22.81,0.1,20.53,2.95,First Class,Debit Card
O004886,2024-08-10,C00821,P0141,1,33.04,0.05,31.39,14.73,First Class,Debit Card
O008591,2024-08-10,C02421,P0091,2,30.36,0.0,60.72,11.86,Second Class,Bank Transfer
O000133,2024-08-10,C01756,P0179,2,24.0,0.05,45.6,7.04,Same Day,Debit Card
O003990,2024-08-10,C01554,P0075,1,5.19,0.1,4.67,0.78,First Class,Bank Transfer
O006082,2024-08-10,C00805,P0094,1,23.04,0.15,19.58,3.73,First Class,PayPal
O007713,2024-08-10,C00435,P0096,1,11.01,0.1,9.91,3.7,First Class,Debit Card
O008391,2024-08-10,C00203,P0053,3,18.36,0.3,38.56,3.4,Same Day,Credit Card
O010243,2024-08-11,C02543,P0053,2,18.36,0.0,36.72,13.28,Second Class,Debit Card
O010047,2024-08-11,C02291,P0047,1,21.13,0.0,21.13,4.59,Second Class,Credit Card
O002204,2024-08-11,C02295,P0114,2,141.33,0.15,240.26,100.22,Same Day,Bank Transfer
O009308,2024-08-11,C01545,P0036,1,12.89,0.1,11.6,4.13,First Class,PayPal
O009212,2024-08-11,C01637,P0022,1,24.61,0.05,23.38,6.91,Same Day,Bank Transfer
O004477,2024-08-11,C01695,P0013,1,33.36,0.0,33.36,12.49,Same Day,Bank Transfer
O008507,2024-08-11,C01674,P0047,2,21.13,0.05,40.15,7.07,Second Class,Debit Card
O003449,2024-08-11,C01959,P0178,2,73.32,0.15,124.64,6.88,Same Day,Debit Card
O002184,2024-08-11,C03447,P0107,1,97.13,0.05,92.27,29.41,First Class,Credit Card
O005458,2024-08-11,C01246,P0069,5,36.06,0.15,153.25,33.55,First Class,PayPal
O006287,2024-08-11,C02947,P0008,1,46.94,0.1,42.25,4.49,Second Class,PayPal
O003367,2024-08-11,C00915,P0015,2,9.29,0.2,14.86,-0.14,Second Class,PayPal
O000047,2024-08-11,C00349,P0134,3,38.78,0.0,116.34,24.69,First Class,Debit Card
O003851,2024-08-11,C03141,P0123,1,70.94,0.05,67.39,32.7,Standard,Credit Card
O006949,2024-08-11,C00998,P0095,2,22.09,0.2,35.34,7.84,Standard,PayPal
O007499,2024-08-11,C01597,P0111,4,8.19,0.0,32.76,12.6,Second Class,PayPal
O009303,2024-08-11,C02023,P0126,1,118.37,0.2,94.7,14.72,First Class,Bank Transfer
O009528,2024-08-11,C01266,P0164,1,16.72,0.3,11.7,1.24,Same Day,Credit Card
O002503,2024-08-11,C01035,P0122,1,15.78,0.05,14.99,3.97,Same Day,Bank Transfer
O007227,2024-08-11,C00511,P0156,1,17.92,0.1,16.13,2.61,Second Class,Debit Card
O005712,2024-08-12,C00785,P0021,1,73.9,0.05,70.2,30.47,Standard,Credit Card
O002444,2024-08-12,C00262,P0047,2,21.13,0.2,33.81,0.73,First Class,Debit Card
O005527,2024-08-12,C00490,P0019,2,15.8,0.05,30.02,5.7,First Class,PayPal
O009861,2024-08-12,C02756,P0127,1,14.97,0.0,14.97,5.81,Standard,UPI
O001959,2024-08-12,C02399,P0143,1,10.03,0.15,8.53,0.83,Same Day,UPI
O000181,2024-08-12,C02502,P0164,5,16.72,0.1,75.24,22.94,First Class,Credit Card
O003570,2024-08-12,C01380,P0152,1,35.7,0.15,30.35,3.46,First Class,Bank Transfer
O011101,2024-08-12,C02969,P0179,1,24.0,0.1,21.6,2.32,Same Day,UPI
O006483,2024-08-12,C00069,P0136,1,78.06,0.2,62.45,23.14,Second Class,Bank Transfer
O004022,2024-08-12,C00257,P0015,2,9.29,0.1,16.72,1.72,Standard,UPI
O002232,2024-08-12,C00667,P0148,1,12.08,0.15,10.27,1.61,Standard,Credit Card
O001797,2024-08-12,C00865,P0082,1,35.95,0.1,32.36,6.6,Second Class,Bank Transfer
O007047,2024-08-12,C00800,P0174,3,35.58,0.05,101.4,49.77,Second Class,UPI
O007039,2024-08-12,C03109,P0042,1,31.86,0.0,31.86,11.13,Standard,Bank Transfer
O005664,2024-08-12,C03341,P0020,1,11.38,0.0,11.38,4.69,Same Day,Bank Transfer
O011992,2024-08-12,C02064,P0175,3,34.12,0.05,97.24,16.6,Standard,UPI
O009166,2024-08-12,C01306,P0003,4,43.42,0.2,138.94,38.98,First Class,Credit Card
O006909,2024-08-12,C02704,P0109,1,33.7,0.1,30.33,12.17,First Class,Bank Transfer
O011685,2024-08-13,C00638,P0071,1,36.05,0.2,28.84,2.64,First Class,PayPal
O010575,2024-08-13,C00381,P0100,1,24.47,0.1,22.02,9.31,Standard,Credit Card
O010049,2024-08-13,C01019,P0173,1,27.11,0.0,27.11,10.51,First Class,Debit Card
O008976,2024-08-13,C03427,P0081,1,24.71,0.1,22.24,3.36,Standard,Bank Transfer
O011716,2024-08-13,C00172,P0046,1,17.85,0.1,16.07,2.67,First Class,Debit Card
O009033,2024-08-13,C02570,P0111,1,8.19,0.2,6.55,1.51,First Class,UPI
O006105,2024-08-13,C01613,P0139,5,48.37,0.05,229.76,105.91,Same Day,PayPal
O009474,2024-08-13,C00690,P0029,2,19.29,0.2,30.86,10.5,Second Class,Bank Transfer
O011546,2024-08-13,C03395,P0114,4,141.33,0.15,480.52,200.44,Standard,Credit Card
O002263,2024-08-13,C02282,P0033,3,28.25,0.1,76.28,15.53,Second Class,Credit Card
O003743,2024-08-13,C03012,P0125,2,41.74,0.05,79.31,12.55,Same Day,PayPal
O003050,2024-08-13,C01944,P0133,3,14.29,0.2,34.3,-0.29,Second Class,PayPal
O003257,2024-08-13,C03014,P0053,2,18.36,0.2,29.38,5.94,First Class,Debit Card
O002749,2024-08-13,C02388,P0039,1,12.02,0.05,11.42,2.11,Standard,Credit Card
O010956,2024-08-13,C00814,P0134,1,38.78,0.15,32.96,2.41,First Class,Credit Card
O010965,2024-08-13,C00258,P0121,2,47.66,0.1,85.79,37.75,First Class,UPI
O010882,2024-08-13,C01891,P0155,1,34.48,0.15,29.31,3.96,Second Class,PayPal
O002620,2024-08-13,C00942,P0104,2,16.92,0.2,27.07,2.73,Second Class,Debit Card
O007105,2024-08-13,C02257,P0162,1,47.54,0.1,42.79,4.93,First Class,PayPal
O002136,2024-08-14,C01569,P0028,2,36.39,0.05,69.14,9.7,Second Class,PayPal
O002233,2024-08-14,C02095,P0080,1,7.83,0.0,7.83,1.51,Same Day,PayPal
O003462,2024-08-14,C01009,P0099,1,28.6,0.05,27.17,13.3,First Class,PayPal
O003324,2024-08-14,C01892,P0160,1,43.67,0.05,41.49,9.0,Same Day,Debit Card
O004317,2024-08-14,C01515,P0144,2,32.14,0.15,54.64,23.28,First Class,Debit Card
O010291,2024-08-14,C01073,P0159,1,13.14,0.15,11.17,3.2,Standard,Debit Card
O010705,2024-08-14,C02189,P0142,1,66.66,0.15,56.66,17.43,Standard,Credit Card
O008488,2024-08-14,C03169,P0139,1,48.37,0.15,41.11,16.34,Standard,UPI
O001182,2024-08-14,C00570,P0135,5,15.68,0.05,74.48,31.63,Same Day,UPI
O004817,2024-08-14,C01076,P0039,1,12.02,0.0,12.02,2.71,Standard,Bank Transfer
O010645,2024-08-14,C02963,P0087,2,51.68,0.1,93.02,24.1,Same Day,UPI
O009485,2024-08-14,C00238,P0080,1,7.83,0.1,7.05,0.73,First Class,Debit Card
O005600,2024-08-15,C01830,P0034,1,14.33,0.0,14.33,4.03,Standard,UPI
O007120,2024-08-15,C00078,P0105,2,25.67,0.0,51.34,18.42,Standard,Debit Card
O000484,2024-08-15,C01130,P0044,3,23.44,0.0,70.32,21.03,Same Day,Credit Card
O005079,2024-08-15,C02055,P0170,2,17.46,0.0,34.92,8.34,First Class,UPI
O008626,2024-08-15,C01850,P0127,1,14.97,0.0,14.97,5.81,First Class,Bank Transfer
O008029,2024-08-15,C00773,P0041,1,46.06,0.0,46.06,15.94,Standard,UPI
O004583,2024-08-15,C03010,P0062,2,25.26,0.1,45.47,12.25,Same Day,Credit Card
O007561,2024-08-15,C00577,P0096,1,11.01,0.15,9.36,3.15,Second Class,Bank Transfer
O006467,2024-08-15,C00173,P0152,1,35.7,0.05,33.91,7.02,Second Class,Credit Card
O007388,2024-08-15,C02317,P0112,1,28.02,0.1,25.22,5.9,Same Day,PayPal
O005627,2024-08-15,C02528,P0161,1,15.13,0.15,12.86,3.84,Second Class,Bank Transfer
O000027,2024-08-15,C03375,P0161,1,15.13,0.0,15.13,6.11,Standard,Credit Card
O006498,2024-08-15,C01470,P0087,2,51.68,0.0,103.36,34.44,Second Class,Debit Card
O001932,2024-08-15,C02038,P0042,1,31.86,0.1,28.67,7.94,Same Day,Debit Card
O002919,2024-08-15,C02023,P0162,1,47.54,0.1,42.79,4.93,First Class,Credit Card
O000945,2024-08-15,C02584,P0099,2,28.6,0.2,45.76,18.02,Same Day,Debit Card
O002804,2024-08-15,C00789,P0136,1,78.06,0.1,70.25,30.94,First Class,Credit Card
O011364,2024-08-15,C03276,P0024,1,11.29,0.1,10.16,2.07,First Class,PayPal
O006923,2024-08-15,C01313,P0087,1,51.68,0.0,51.68,17.22,Second Class,Debit Card
O006097,2024-08-15,C03088,P0027,2,13.49,0.0,26.98,8.38,Same Day,PayPal
O009233,2024-08-15,C01860,P0123,1,70.94,0.0,70.94,36.25,Same Day,PayPal
O002958,2024-08-15,C00006,P0137,2,17.13,0.2,27.41,9.79,Same Day,Credit Card
O010337,2024-08-15,C03349,P0061,4,20.87,0.0,83.48,39.8,First Class,Bank Transfer
O010485,2024-08-15,C01234,P0137,2,17.13,0.05,32.55,14.93,Standard,Credit Card
O010655,2024-08-15,C03010,P0087,1,51.68,0.15,43.93,9.47,Same Day,Bank Transfer
O010501,2024-08-15,C01712,P0164,1,16.72,0.1,15.05,4.59,First Class,Credit Card
O010482,2024-08-16,C03160,P0002,1,26.05,0.1,23.45,4.55,Same Day,PayPal
O005960,2024-08-16,C00456,P0166,1,37.27,0.05,35.41,7.96,First Class,Debit Card
O008896,2024-08-16,C02966,P0061,2,20.87,0.1,37.57,15.73,Second Class,UPI
O010564,2024-08-16,C03334,P0153,1,18.32,0.15,15.57,5.02,Standard,UPI
O007531,2024-08-16,C01762,P0012,4,21.06,0.0,84.24,17.2,Second Class,PayPal
O006969,2024-08-16,C01008,P0119,3,59.91,0.0,179.73,53.22,First Class,Bank Transfer
O008845,2024-08-16,C01124,P0011,2,21.09,0.0,42.18,21.72,Same Day,PayPal
O003280,2024-08-16,C01644,P0025,3,20.01,0.1,54.03,13.59,Second Class,Bank Transfer
O009767,2024-08-16,C03229,P0111,2,8.19,0.2,13.1,3.02,Same Day,Bank Transfer
O003892,2024-08-16,C02913,P0104,2,16.92,0.3,23.69,-0.65,Second Class,Bank Transfer
O004460,2024-08-16,C02171,P0002,1,26.05,0.05,24.75,5.85,Same Day,Bank Transfer
O003465,2024-08-16,C03302,P0077,1,30.16,0.05,28.65,9.67,Standard,UPI
O003418,2024-08-16,C00432,P0036,3,12.89,0.05,36.74,14.33,Second Class,PayPal
O004207,2024-08-16,C00714,P0028,1,36.39,0.1,32.75,3.03,First Class,Credit Card
O009946,2024-08-17,C00383,P0045,1,10.9,0.0,10.9,3.07,Standard,UPI
O003358,2024-08-17,C00308,P0094,1,23.04,0.0,23.04,7.19,Second Class,UPI
O010046,2024-08-17,C00429,P0096,1,11.01,0.05,10.46,4.25,First Class,Debit Card
O000696,2024-08-17,C03153,P0059,2,35.35,0.3,49.49,-4.21,Second Class,Bank Transfer
O009912,2024-08-17,C01578,P0040,2,32.39,0.05,61.54,10.34,Same Day,Bank Transfer
O000889,2024-08-17,C03312,P0167,2,48.63,0.2,77.81,27.71,Standard,Bank Transfer
O005436,2024-08-17,C01727,P0131,1,10.4,0.0,10.4,2.08,Second Class,Debit Card
O006455,2024-08-17,C00625,P0175,1,34.12,0.15,29.0,2.12,Same Day,PayPal
O011393,2024-08-17,C01677,P0179,1,24.0,0.05,22.8,3.52,First Class,UPI
O004659,2024-08-17,C01820,P0102,1,21.68,0.15,18.43,7.72,Same Day,PayPal
O009176,2024-08-17,C00718,P0137,2,17.13,0.0,34.26,16.64,Same Day,UPI
O003900,2024-08-17,C00593,P0090,1,39.79,0.15,33.82,10.93,First Class,Debit Card
O002482,2024-08-17,C00532,P0177,1,28.74,0.1,25.87,8.95,Standard,PayPal
O008429,2024-08-17,C02987,P0063,1,13.89,0.15,11.81,1.51,First Class,Debit Card
O004121,2024-08-17,C02815,P0149,1,40.02,0.0,40.02,12.25,Second Class,UPI
O005701,2024-08-17,C01599,P0071,1,36.05,0.0,36.05,9.85,Standard,UPI
O006565,2024-08-18,C00821,P0026,2,30.63,0.15,52.07,20.65,First Class,Credit Card
O005293,2024-08-18,C00707,P0021,1,73.9,0.3,51.73,12.0,Same Day,Credit Card
O007065,2024-08-18,C02709,P0044,3,23.44,0.0,70.32,21.03,Same Day,PayPal
O004468,2024-08-18,C01182,P0080,3,7.83,0.05,22.32,3.36,Standard,Bank Transfer
O007870,2024-08-18,C03110,P0050,1,9.06,0.1,8.15,3.51,Same Day,Debit Card
O008218,2024-08-18,C00723,P0160,3,43.67,0.15,111.36,13.89,Standard,UPI
O003719,2024-08-18,C02273,P0017,1,14.76,0.0,14.76,6.2,First Class,Debit Card
O006485,2024-08-18,C02894,P0170,2,17.46,0.3,24.44,-2.14,Same Day,UPI
O005332,2024-08-18,C01640,P0050,1,9.06,0.1,8.15,3.51,Standard,Debit Card
O005846,2024-08-18,C01153,P0142,2,66.66,0.15,113.32,34.86,Second Class,Credit Card
O002193,2024-08-18,C00915,P0067,1,27.2,0.15,23.12,9.59,Second Class,PayPal
O009199,2024-08-18,C00649,P0027,1,13.49,0.2,10.79,1.49,Second Class,Credit Card
O002921,2024-08-18,C01683,P0131,1,10.4,0.1,9.36,1.04,Same Day,Credit Card
O001625,2024-08-18,C02612,P0084,1,20.35,0.05,19.33,8.36,Second Class,Credit Card
O002560,2024-08-18,C00866,P0088,1,35.29,0.05,33.53,8.02,First Class,PayPal
O007807,2024-08-18,C02328,P0036,3,12.89,0.1,34.8,12.39,Second Class,Credit Card
O002635,2024-08-18,C02615,P0141,5,33.04,0.0,165.2,81.9,Same Day,Credit Card
O001496,2024-08-19,C01722,P0150,2,34.57,0.0,69.14,15.32,Second Class,Credit Card
O007829,2024-08-19,C02365,P0090,2,39.79,0.3,55.71,9.93,First Class,Debit Card
O001054,2024-08-19,C02798,P0121,1,47.66,0.15,40.51,16.49,Standard,PayPal
O004114,2024-08-19,C00135,P0127,3,14.97,0.2,35.93,8.45,Second Class,Credit Card
O002752,2024-08-19,C01659,P0148,1,12.08,0.1,10.87,2.21,First Class,Credit Card
O004632,2024-08-19,C01728,P0041,4,46.06,0.15,156.6,36.12,Same Day,PayPal
O002315,2024-08-19,C00471,P0165,3,53.31,0.1,143.94,26.34,Second Class,PayPal
O006587,2024-08-19,C00756,P0176,1,48.8,0.0,48.8,23.86,Same Day,Bank Transfer
O010070,2024-08-19,C00016,P0102,1,21.68,0.0,21.68,10.97,Standard,Bank Transfer
O008066,2024-08-19,C02779,P0116,3,34.67,0.0,104.01,31.95,Second Class,Debit Card
O006593,2024-08-19,C03377,P0014,1,8.22,0.1,7.4,0.75,Second Class,PayPal
O010736,2024-08-19,C00061,P0038,2,7.97,0.1,14.35,2.31,Second Class,PayPal
O010663,2024-08-19,C03416,P0179,1,24.0,0.2,19.2,-0.08,First Class,Debit Card
O003345,2024-08-19,C01530,P0111,1,8.19,0.1,7.37,2.33,Standard,UPI
O005980,2024-08-20,C01794,P0180,1,167.02,0.3,116.91,4.18,Second Class,Credit Card
O009346,2024-08-20,C02358,P0090,5,39.79,0.05,189.0,74.55,Same Day,Bank Transfer
O007708,2024-08-20,C02295,P0071,3,36.05,0.2,86.52,7.92,Second Class,UPI
O009347,2024-08-20,C02451,P0144,1,32.14,0.1,28.93,13.25,First Class,Credit Card
O003656,2024-08-20,C00653,P0074,1,78.81,0.1,70.93,24.45,Same Day,PayPal
O006187,2024-08-20,C01099,P0019,1,15.8,0.2,12.64,0.48,Second Class,Bank Transfer
O010774,2024-08-20,C03133,P0178,1,73.32,0.0,73.32,14.44,Same Day,PayPal
O008933,2024-08-20,C00325,P0002,1,26.05,0.0,26.05,7.15,Standard,PayPal
O011931,2024-08-20,C02621,P0137,2,17.13,0.2,27.41,9.79,Second Class,UPI
O002857,2024-08-20,C02488,P0046,1,17.85,0.0,17.85,4.45,Standard,UPI
O004077,2024-08-20,C01058,P0162,1,47.54,0.0,47.54,9.68,Second Class,PayPal
O005620,2024-08-20,C01883,P0076,1,48.63,0.05,46.2,18.38,Standard,PayPal
O002923,2024-08-20,C00614,P0002,1,26.05,0.05,24.75,5.85,Standard,PayPal
O002905,2024-08-20,C02899,P0029,2,19.29,0.05,36.65,16.29,Same Day,Credit Card
O001891,2024-08-20,C00416,P0140,1,12.81,0.0,12.81,3.69,Same Day,Bank Transfer
O009256,2024-08-20,C02426,P0057,1,16.52,0.05,15.69,7.59,Same Day,Credit Card
O001114,2024-08-20,C02339,P0161,2,15.13,0.1,27.23,9.19,First Class,Bank Transfer
O006009,2024-08-20,C01561,P0091,1,30.36,0.15,25.81,1.38,First Class,Credit Card
O010493,2024-08-20,C01018,P0044,5,23.44,0.1,105.48,23.33,First Class,UPI
O007087,2024-08-20,C03306,P0076,2,48.63,0.0,97.26,41.62,Same Day,Credit Card
O001862,2024-08-20,C02408,P0163,1,60.53,0.15,51.45,4.73,Same Day,Debit Card
O009044,2024-08-21,C03074,P0144,1,32.14,0.3,22.5,6.82,Same Day,UPI
O008449,2024-08-21,C00006,P0049,1,35.64,0.0,35.64,13.98,Second Class,Credit Card
O007185,2024-08-21,C03344,P0023,5,29.78,0.3,104.23,-14.62,Second Class,Debit Card
O003534,2024-08-21,C00105,P0129,2,30.41,0.1,54.74,16.08,Standard,Credit Card
O004687,2024-08-21,C02865,P0003,1,43.42,0.1,39.08,14.09,Standard,PayPal
O000469,2024-08-21,C01021,P0020,3,11.38,0.0,34.14,14.07,Standard,Bank Transfer
O006228,2024-08-21,C02557,P0106,3,37.06,0.1,100.06,43.0,First Class,PayPal
O009771,2024-08-21,C02747,P0011,1,21.09,0.1,18.98,8.75,Same Day,Credit Card
O000952,2024-08-21,C02328,P0016,2,19.78,0.05,37.58,7.12,Same Day,Bank Transfer
O010409,2024-08-21,C00509,P0028,1,36.39,0.1,32.75,3.03,Same Day,Credit Card
O008647,2024-08-21,C03234,P0042,2,31.86,0.0,63.72,22.26,Same Day,Bank Transfer
O001291,2024-08-21,C00930,P0165,2,53.31,0.05,101.29,22.89,Standard,Debit Card
O009407,2024-08-21,C01002,P0105,5,25.67,0.0,128.35,46.05,First Class,Credit Card
O006958,2024-08-21,C02455,P0162,1,47.54,0.0,47.54,9.68,Second Class,Debit Card
O001969,2024-08-21,C01110,P0075,4,5.19,0.0,20.76,5.2,Standard,PayPal
O009573,2024-08-22,C02630,P0046,1,17.85,0.2,14.28,0.88,First Class,Credit Card
O001394,2024-08-22,C01126,P0008,1,46.94,0.1,42.25,4.49,Second Class,Debit Card
O001288,2024-08-22,C03497,P0114,3,141.33,0.2,339.19,129.13,Standard,Debit Card
O002407,2024-08-22,C02646,P0163,1,60.53,0.0,60.53,13.81,Standard,Credit Card
O003060,2024-08-22,C01271,P0148,2,12.08,0.15,20.54,3.22,Same Day,UPI
O006701,2024-08-22,C00484,P0172,1,16.77,0.0,16.77,3.61,Second Class,UPI
O003039,2024-08-22,C02730,P0156,1,17.92,0.0,17.92,4.4,First Class,UPI
O001209,2024-08-22,C01482,P0130,1,20.55,0.3,14.38,0.7,First Class,Debit Card
O010377,2024-08-22,C00121,P0102,2,21.68,0.15,36.86,15.44,First Class,Credit Card
O006675,2024-08-22,C01176,P0069,4,36.06,0.15,122.6,26.84,Standard,PayPal
O006115,2024-08-22,C02298,P0007,1,79.56,0.2,63.65,0.02,Second Class,UPI
O009646,2024-08-22,C02306,P0118,4,13.33,0.15,45.32,4.2,Second Class,Bank Transfer
O000423,2024-08-22,C02601,P0150,2,34.57,0.1,62.23,8.41,Standard,Debit Card
O000867,2024-08-22,C02524,P0127,2,14.97,0.0,29.94,11.62,First Class,UPI
O000573,2024-08-22,C01891,P0021,1,73.9,0.1,66.51,26.78,Standard,PayPal
O008289,2024-08-23,C00228,P0107,4,97.13,0.15,330.24,78.8,Same Day,Debit Card
O005424,2024-08-23,C01235,P0113,2,29.64,0.3,41.5,0.24,First Class,Credit Card
O006721,2024-08-23,C01219,P0080,2,7.83,0.1,14.09,1.45,Standard,Credit Card
O003568,2024-08-23,C02544,P0157,4,95.85,0.15,325.89,12.73,Second Class,Debit Card
O004552,2024-08-23,C00856,P0145,2,33.75,0.1,60.75,9.65,First Class,PayPal
O001396,2024-08-23,C02433,P0167,1,48.63,0.0,48.63,23.58,Same Day,PayPal
O011068,2024-08-23,C03248,P0010,1,40.56,0.05,38.53,13.96,Standard,PayPal
O006219,2024-08-23,C01571,P0076,1,48.63,0.1,43.77,15.95,Second Class,PayPal
O011681,2024-08-23,C02779,P0148,1,12.08,0.15,10.27,1.61,Second Class,Credit Card
O000535,2024-08-23,C01871,P0051,1,35.19,0.15,29.91,6.1,Standard,Debit Card
O001531,2024-08-23,C01935,P0176,1,48.8,0.1,43.92,18.98,Same Day,Credit Card
O005010,2024-08-23,C00466,P0036,2,12.89,0.05,24.49,9.55,Second Class,Credit Card
O001387,2024-08-23,C00175,P0048,3,56.66,0.1,152.98,51.85,Second Class,Bank Transfer
O005395,2024-08-24,C03372,P0081,1,24.71,0.1,22.24,3.36,Standard,Bank Transfer
O010711,2024-08-24,C01144,P0170,1,17.46,0.05,16.59,3.3,Standard,Debit Card
O003602,2024-08-24,C00442,P0125,1,41.74,0.15,35.48,2.1,First Class,PayPal
O004578,2024-08-24,C00117,P0044,1,23.44,0.15,19.92,3.49,Standard,Bank Transfer
O007596,2024-08-24,C02766,P0157,3,95.85,0.2,230.04,-4.83,First Class,Debit Card
O000453,2024-08-24,C01667,P0139,4,48.37,0.1,174.13,75.05,Second Class,UPI
O002101,2024-08-24,C00008,P0077,3,30.16,0.15,76.91,19.97,Standard,Debit Card
O004399,2024-08-24,C02796,P0140,3,12.81,0.15,32.67,5.31,Same Day,Debit Card
O002288,2024-08-24,C01709,P0118,1,13.33,0.1,12.0,1.72,First Class,PayPal
O006131,2024-08-24,C00733,P0041,1,46.06,0.1,41.45,11.33,Second Class,PayPal
O011668,2024-08-24,C03132,P0102,1,21.68,0.15,18.43,7.72,Standard,Bank Transfer
O008185,2024-08-24,C02399,P0048,1,56.66,0.0,56.66,22.95,Same Day,Debit Card
O009175,2024-08-24,C00534,P0166,1,37.27,0.1,33.54,6.09,First Class,Credit Card
O006621,2024-08-24,C00677,P0086,1,20.57,0.05,19.54,7.92,Same Day,Credit Card
O002472,2024-08-24,C02855,P0016,1,19.78,0.05,18.79,3.56,Standard,PayPal
O011019,2024-08-24,C02228,P0026,2,30.63,0.1,55.13,23.71,Same Day,Debit Card
O003151,2024-08-24,C02118,P0080,2,7.83,0.1,14.09,1.45,Second Class,UPI
O009831,2024-08-25,C01008,P0093,1,18.06,0.05,17.16,5.09,First Class,PayPal
O009744,2024-08-25,C01464,P0010,2,40.56,0.05,77.06,27.92,Second Class,Credit Card
O006903,2024-08-25,C01605,P0092,2,53.5,0.05,101.65,23.45,Standard,UPI
O008113,2024-08-25,C01899,P0114,3,141.33,0.05,402.79,192.73,Second Class,Debit Card
O009296,2024-08-25,C01850,P0009,1,21.01,0.0,21.01,4.39,Second Class,PayPal
O007753,2024-08-25,C03366,P0048,3,56.66,0.05,161.48,60.35,Same Day,Credit Card
O007363,2024-08-25,C00250,P0003,1,43.42,0.15,36.91,11.92,Same Day,UPI
O010071,2024-08-25,C02649,P0021,2,73.9,0.15,125.63,46.17,Standard,PayPal
O003492,2024-08-25,C00068,P0177,1,28.74,0.1,25.87,8.95,Standard,Bank Transfer
O004466,2024-08-25,C01854,P0015,1,9.29,0.15,7.9,0.4,Standard,Bank Transfer
O006679,2024-08-25,C00961,P0123,1,70.94,0.0,70.94,36.25,Second Class,Bank Transfer
O009281,2024-08-25,C00465,P0125,2,41.74,0.15,70.96,4.2,Second Class,PayPal
O003861,2024-08-26,C02018,P0139,1,48.37,0.0,48.37,23.6,Standard,Debit Card
O003198,2024-08-26,C02951,P0134,1,38.78,0.2,31.02,0.47,Second Class,Bank Transfer
O000985,2024-08-26,C01222,P0056,3,52.21,0.15,133.14,26.49,Same Day,UPI
O003817,2024-08-26,C00106,P0153,2,18.32,0.1,32.98,11.88,Second Class,Bank Transfer
O005114,2024-08-26,C00038,P0085,2,16.85,0.0,33.7,15.74,First Class,PayPal
O007306,2024-08-26,C00293,P0015,3,9.29,0.15,23.69,1.19,Standard,Credit Card
O006135,2024-08-26,C03035,P0006,1,24.48,0.05,23.26,10.04,Standard,Bank Transfer
O005089,2024-08-26,C00096,P0007,3,79.56,0.15,202.88,11.99,First Class,UPI
O001482,2024-08-26,C00431,P0145,1,33.75,0.1,30.38,4.83,Same Day,UPI
O009875,2024-08-26,C03424,P0099,2,28.6,0.1,51.48,23.74,Same Day,PayPal
O011899,2024-08-26,C01826,P0054,3,42.42,0.15,108.17,23.6,Standard,Credit Card
O001314,2024-08-26,C02608,P0180,1,167.02,0.2,133.62,20.89,Second Class,Bank Transfer
O011746,2024-08-26,C02403,P0097,3,34.55,0.05,98.47,36.16,Same Day,Bank Transfer
O008817,2024-08-26,C00857,P0017,1,14.76,0.1,13.28,4.72,Same Day,UPI
O008917,2024-08-26,C01516,P0083,1,74.49,0.1,67.04,20.93,First Class,Debit Card
O000810,2024-08-26,C02093,P0060,2,53.74,0.1,96.73,31.97,First Class,Debit Card
O000724,2024-08-26,C00078,P0100,1,24.47,0.05,23.25,10.54,Same Day,Credit Card
O006399,2024-08-26,C01717,P0144,2,32.14,0.15,54.64,23.28,First Class,Credit Card
O006304,2024-08-27,C00465,P0023,3,29.78,0.05,84.87,13.56,Second Class,UPI
O010551,2024-08-27,C01459,P0040,1,32.39,0.1,29.15,3.55,Standard,Credit Card
O007143,2024-08-27,C01963,P0011,2,21.09,0.0,42.18,21.72,Same Day,UPI
O003556,2024-08-27,C01757,P0060,3,53.74,0.0,161.22,64.08,First Class,Debit Card
O002042,2024-08-27,C02378,P0062,4,25.26,0.1,90.94,24.5,Same Day,PayPal
O009579,2024-08-27,C00805,P0112,3,28.02,0.15,71.45,13.49,First Class,Bank Transfer
O001664,2024-08-27,C01088,P0172,1,16.77,0.15,14.25,1.09,Standard,Credit Card
O009327,2024-08-27,C01656,P0109,1,33.7,0.0,33.7,15.54,Standard,UPI
O010780,2024-08-27,C00779,P0135,1,15.68,0.1,14.11,5.54,Second Class,Bank Transfer
O006169,2024-08-27,C01839,P0040,1,32.39,0.05,30.77,5.17,Same Day,Bank Transfer
O004691,2024-08-27,C00032,P0054,2,42.42,0.0,84.84,28.46,Same Day,Bank Transfer
O002534,2024-08-27,C00071,P0114,2,141.33,0.15,240.26,100.22,Second Class,PayPal
O005844,2024-08-27,C02581,P0151,1,33.54,0.05,31.86,7.38,Standard,Debit Card
O007751,2024-08-27,C01702,P0109,1,33.7,0.0,33.7,15.54,First Class,UPI
O005080,2024-08-27,C01270,P0102,2,21.68,0.05,41.19,19.77,Second Class,Debit Card
O002014,2024-08-27,C00096,P0034,3,14.33,0.05,40.84,9.94,First Class,Credit Card
O006310,2024-08-28,C00267,P0145,1,33.75,0.1,30.38,4.83,First Class,Debit Card
O007098,2024-08-28,C03009,P0113,3,29.64,0.0,88.92,27.03,Standard,Credit Card
O001564,2024-08-28,C00550,P0020,1,11.38,0.1,10.24,3.55,Second Class,UPI
O008352,2024-08-28,C00108,P0117,1,27.87,0.1,25.08,6.93,Same Day,UPI
O003302,2024-08-28,C03117,P0140,1,12.81,0.1,11.53,2.41,First Class,PayPal
O000773,2024-08-28,C01908,P0100,1,24.47,0.2,19.58,6.87,Second Class,UPI
O002898,2024-08-28,C00704,P0106,1,37.06,0.15,31.5,12.48,Second Class,Debit Card
O005794,2024-08-28,C02210,P0014,3,8.22,0.1,22.19,2.24,Second Class,UPI
O005493,2024-08-28,C00473,P0034,1,14.33,0.1,12.9,2.6,First Class,UPI
O003608,2024-08-28,C00555,P0114,4,141.33,0.15,480.52,200.44,First Class,PayPal
O005731,2024-08-28,C02946,P0072,4,77.46,0.2,247.87,-3.65,Standard,PayPal
O007328,2024-08-28,C01370,P0001,1,39.36,0.1,35.42,13.91,Second Class,UPI
O011636,2024-08-28,C01777,P0133,3,14.29,0.1,38.58,3.99,Same Day,Debit Card
O004052,2024-08-28,C01156,P0064,1,13.1,0.1,11.79,4.54,Standard,UPI
O006781,2024-08-28,C01516,P0139,2,48.37,0.05,91.9,42.36,Second Class,PayPal
O011468,2024-08-28,C01674,P0108,1,31.93,0.15,27.14,6.67,Standard,PayPal
O011655,2024-08-28,C01046,P0086,2,20.57,0.05,39.08,15.84,First Class,PayPal
O008256,2024-08-28,C01422,P0027,2,13.49,0.0,26.98,8.38,Second Class,PayPal
O007178,2024-08-29,C00921,P0086,2,20.57,0.2,32.91,9.67,Same Day,UPI
O009029,2024-08-29,C02153,P0145,2,33.75,0.0,67.5,16.4,First Class,Credit Card
O003702,2024-08-29,C01558,P0001,2,39.36,0.2,62.98,19.96,Same Day,Debit Card
O006757,2024-08-29,C03261,P0143,1,10.03,0.1,9.03,1.33,Standard,Debit Card
O004440,2024-08-29,C02409,P0004,1,76.71,0.05,72.87,35.42,First Class,Debit Card
O011769,2024-08-29,C01778,P0130,2,20.55,0.15,34.94,7.58,Same Day,Bank Transfer
O001501,2024-08-29,C02011,P0065,1,48.33,0.0,48.33,14.9,Second Class,Bank Transfer
O009208,2024-08-29,C00943,P0071,4,36.05,0.05,136.99,32.19,First Class,Credit Card
O003034,2024-08-29,C02500,P0046,2,17.85,0.0,35.7,8.9,Same Day,Debit Card
O000270,2024-08-29,C00531,P0034,2,14.33,0.1,25.79,5.19,Second Class,Debit Card
O000661,2024-08-29,C01991,P0002,3,26.05,0.0,78.15,21.45,Second Class,UPI
O002634,2024-08-29,C02618,P0155,1,34.48,0.2,27.58,2.23,First Class,Credit Card
O000157,2024-08-29,C02773,P0005,3,24.48,0.15,62.42,11.06,First Class,Debit Card
O004492,2024-08-30,C01986,P0006,3,24.48,0.0,73.44,33.78,First Class,UPI
O008425,2024-08-30,C01222,P0128,3,19.73,0.2,47.35,5.98,Standard,Bank Transfer
O000161,2024-08-30,C01055,P0054,1,42.42,0.0,42.42,14.23,Same Day,PayPal
O004332,2024-08-30,C00766,P0140,2,12.81,0.2,20.5,2.26,First Class,UPI
O009937,2024-08-30,C01803,P0129,3,30.41,0.2,72.98,14.99,Same Day,PayPal
O005043,2024-08-30,C03368,P0031,1,19.28,0.2,15.42,0.41,Standard,Credit Card
O008165,2024-08-30,C02154,P0122,2,15.78,0.15,26.83,4.79,First Class,Bank Transfer
O003173,2024-08-30,C00422,P0123,2,70.94,0.15,120.6,51.22,First Class,Debit Card
O004341,2024-08-30,C02840,P0105,2,25.67,0.15,43.64,10.72,Second Class,PayPal
O002370,2024-08-30,C01543,P0057,1,16.52,0.1,14.87,6.77,Same Day,Bank Transfer
O005721,2024-08-30,C01945,P0164,1,16.72,0.1,15.05,4.59,First Class,UPI
O000260,2024-08-30,C02421,P0026,1,30.63,0.2,24.5,8.79,First Class,UPI
O001696,2024-08-30,C00097,P0042,1,31.86,0.3,22.3,1.57,Same Day,Debit Card
O008135,2024-08-30,C02964,P0106,1,37.06,0.05,35.21,16.19,Standard,Bank Transfer
O007993,2024-08-30,C02173,P0161,1,15.13,0.05,14.37,5.35,Standard,Bank Transfer
O005216,2024-08-30,C01050,P0100,1,24.47,0.1,22.02,9.31,Standard,Credit Card
O009125,2024-08-31,C02643,P0170,1,17.46,0.3,12.22,-1.07,Second Class,Debit Card
O006556,2024-08-31,C01130,P0088,2,35.29,0.3,49.41,-1.61,First Class,Credit Card
O010240,2024-08-31,C03410,P0166,1,37.27,0.3,26.09,-1.36,First Class,PayPal
O008525,2024-08-31,C01822,P0009,2,21.01,0.1,37.82,4.58,Second Class,Credit Card
O001502,2024-08-31,C00646,P0104,2,16.92,0.1,30.46,6.12,Second Class,UPI
O007331,2024-08-31,C00472,P0149,1,40.02,0.3,28.01,0.24,Standard,PayPal
O006735,2024-08-31,C02707,P0085,1,16.85,0.15,14.32,5.34,Same Day,Debit Card
O008436,2024-09-01,C03458,P0062,1,25.26,0.05,24.0,7.39,Second Class,PayPal
O007890,2024-09-01,C01645,P0128,1,19.73,0.0,19.73,5.94,Second Class,PayPal
O011961,2024-09-01,C00671,P0133,1,14.29,0.15,12.15,0.62,Second Class,UPI
O008139,2024-09-01,C00103,P0050,1,9.06,0.1,8.15,3.51,Same Day,Debit Card
O010643,2024-09-01,C02942,P0170,1,17.46,0.1,15.71,2.42,First Class,Debit Card
O005563,2024-09-01,C03216,P0069,2,36.06,0.15,61.3,13.42,First Class,Credit Card
O011380,2024-09-01,C03095,P0152,1,35.7,0.05,33.91,7.02,Same Day,Debit Card
O007961,2024-09-01,C02035,P0033,1,28.25,0.2,22.6,2.35,Same Day,Credit Card
O010216,2024-09-01,C01151,P0158,2,38.78,0.05,73.68,25.58,First Class,PayPal
O002716,2024-09-02,C01124,P0028,2,36.39,0.05,69.14,9.7,First Class,UPI
O008412,2024-09-02,C01354,P0024,1,11.29,0.0,11.29,3.2,First Class,PayPal
O002671,2024-09-02,C02467,P0150,1,34.57,0.1,31.11,4.2,First Class,Credit Card
O004937,2024-09-02,C00578,P0106,2,37.06,0.0,74.12,36.08,First Class,UPI
O005470,2024-09-02,C01728,P0121,1,47.66,0.05,45.28,21.26,Standard,Credit Card
O010730,2024-09-02,C02666,P0124,1,11.46,0.1,10.31,2.53,First Class,UPI
O005891,2024-09-02,C00400,P0080,1,7.83,0.15,6.66,0.34,Same Day,Bank Transfer
O005142,2024-09-02,C01192,P0104,2,16.92,0.05,32.15,7.81,Same Day,Debit Card
O002721,2024-09-02,C02727,P0180,1,167.02,0.2,133.62,20.89,Standard,UPI
O010506,2024-09-02,C00940,P0002,1,26.05,0.15,22.14,3.24,Same Day,Debit Card
O002624,2024-09-02,C02680,P0082,2,35.95,0.1,64.71,13.19,Standard,Bank Transfer
O007486,2024-09-02,C03444,P0169,1,24.3,0.05,23.09,7.25,First Class,Bank Transfer
O002610,2024-09-02,C01603,P0049,1,35.64,0.0,35.64,13.98,Second Class,Bank Transfer
O004593,2024-09-02,C01748,P0012,4,21.06,0.1,75.82,8.78,First Class,Credit Card
O011575,2024-09-02,C01528,P0110,1,27.16,0.1,24.44,7.4,Standard,Debit Card
O011317,2024-09-02,C01298,P0117,2,27.87,0.1,50.17,13.87,Second Class,PayPal
O004918,2024-09-02,C03471,P0075,1,5.19,0.0,5.19,1.3,Standard,PayPal
O010550,2024-09-03,C01398,P0040,1,32.39,0.05,30.77,5.17,Same Day,UPI
O009465,2024-09-03,C03146,P0097,2,34.55,0.0,69.1,27.56,Same Day,PayPal
O010601,2024-09-03,C02725,P0131,1,10.4,0.15,8.84,0.52,Second Class,UPI
O002641,2024-09-03,C02185,P0055,1,55.71,0.0,55.71,23.54,Same Day,Bank Transfer
O010695,2024-09-03,C00514,P0100,1,24.47,0.0,24.47,11.76,Same Day,Bank Transfer
O001444,2024-09-03,C01859,P0177,2,28.74,0.15,48.86,15.02,Second Class,UPI
O010442,2024-09-03,C00273,P0169,1,24.3,0.1,21.87,6.03,Same Day,UPI
O009578,2024-09-03,C00082,P0167,4,48.63,0.1,175.07,74.87,Standard,Credit Card
O008049,2024-09-03,C01887,P0015,2,9.29,0.1,16.72,1.72,First Class,Bank Transfer
O000116,2024-09-03,C02173,P0043,2,26.44,0.0,52.88,13.14,Second Class,Credit Card
O005923,2024-09-03,C01900,P0037,1,32.65,0.0,32.65,7.99,First Class,Debit Card
O004838,2024-09-03,C01465,P0032,2,95.01,0.1,171.02,31.96,Standard,Bank Transfer
O000629,2024-09-03,C03110,P0116,1,34.67,0.2,27.74,3.72,Standard,UPI
O001828,2024-09-03,C01918,P0025,1,20.01,0.05,19.01,5.53,Same Day,Credit Card
O002289,2024-09-03,C01378,P0148,1,12.08,0.1,10.87,2.21,Same Day,Credit Card
O009433,2024-09-04,C01889,P0081,3,24.71,0.1,66.72,10.08,Standard,Bank Transfer
O011819,2024-09-04,C00506,P0114,1,141.33,0.2,113.06,43.04,Second Class,UPI
O008390,2024-09-04,C01706,P0081,1,24.71,0.15,21.0,2.12,Standard,PayPal
O004896,2024-09-04,C03116,P0102,3,21.68,0.2,52.03,19.9,Same Day,Debit Card
O002177,2024-09-04,C01663,P0116,1,34.67,0.1,31.2,7.18,Second Class,Credit Card
O006463,2024-09-04,C00658,P0063,1,13.89,0.0,13.89,3.59,Standard,UPI
O001943,2024-09-04,C02805,P0021,4,73.9,0.1,266.04,107.12,Standard,Bank Transfer
O008729,2024-09-04,C00532,P0149,1,40.02,0.2,32.02,4.25,Standard,PayPal
O011203,2024-09-04,C00484,P0134,2,38.78,0.05,73.68,12.58,Standard,PayPal
O006353,2024-09-04,C02476,P0161,2,15.13,0.0,30.26,12.22,First Class,Bank Transfer
O006642,2024-09-05,C00041,P0127,1,14.97,0.1,13.47,4.31,Second Class,Bank Transfer
O008371,2024-09-05,C01978,P0089,1,20.2,0.1,18.18,3.95,Second Class,PayPal
O000224,2024-09-05,C02634,P0166,1,37.27,0.1,33.54,6.09,Standard,UPI
O005674,2024-09-05,C01299,P0108,1,31.93,0.3,22.35,1.88,First Class,UPI
O011691,2024-09-05,C03093,P0180,1,167.02,0.05,158.67,45.94,Same Day,Bank Transfer
O003338,2024-09-05,C01046,P0119,1,59.91,0.2,47.93,5.76,Second Class,UPI
O004265,2024-09-05,C02365,P0175,1,34.12,0.0,34.12,7.24,Second Class,UPI
O007574,2024-09-05,C01383,P0033,1,28.25,0.1,25.43,5.18,Second Class,Bank Transfer
O010455,2024-09-05,C02249,P0140,1,12.81,0.2,10.25,1.13,First Class,UPI
O009820,2024-09-05,C03379,P0149,2,40.02,0.1,72.04,16.5,First Class,PayPal
O009187,2024-09-05,C02464,P0136,1,78.06,0.0,78.06,38.75,Standard,PayPal
O001352,2024-09-05,C01734,P0159,1,13.14,0.05,12.48,4.51,Same Day,PayPal
O003019,2024-09-05,C02623,P0007,1,79.56,0.15,67.63,4.0,Standard,Debit Card
O011079,2024-09-05,C02733,P0158,2,38.78,0.1,69.8,21.7,Same Day,Credit Card
O007552,2024-09-05,C00068,P0172,2,16.77,0.1,30.19,3.87,Standard,Debit Card
O001189,2024-09-05,C03056,P0126,3,118.37,0.05,337.35,97.41,Second Class,Credit Card
O000935,2024-09-05,C02491,P0111,2,8.19,0.05,15.56,5.48,First Class,UPI
O011567,2024-09-05,C00882,P0170,2,17.46,0.05,33.17,6.59,Same Day,Debit Card
O002255,2024-09-05,C00188,P0044,1,23.44,0.1,21.1,4.67,Second Class,Debit Card
O005238,2024-09-06,C00397,P0011,1,21.09,0.05,20.04,9.81,Second Class,UPI
O008096,2024-09-06,C02184,P0094,2,23.04,0.15,39.17,7.47,Second Class,Credit Card
O003131,2024-09-06,C00961,P0070,5,18.74,0.15,79.64,14.34,Standard,Debit Card
O004076,2024-09-06,C02647,P0178,1,73.32,0.0,73.32,14.44,Same Day,Bank Transfer
O010903,2024-09-06,C02703,P0007,4,79.56,0.15,270.5,15.98,Standard,Bank Transfer
O009616,2024-09-06,C00572,P0149,1,40.02,0.0,40.02,12.25,Same Day,Bank Transfer
O009781,2024-09-06,C02566,P0120,2,46.47,0.0,92.94,43.18,Standard,Bank Transfer
O011508,2024-09-06,C01814,P0140,1,12.81,0.05,12.17,3.05,Same Day,Debit Card
O011497,2024-09-06,C02662,P0068,1,54.72,0.15,46.51,10.36,Same Day,Credit Card
O010732,2024-09-06,C01479,P0090,1,39.79,0.2,31.83,8.94,Same Day,Debit Card
O001569,2024-09-06,C00729,P0125,5,41.74,0.1,187.83,20.93,Second Class,Bank Transfer
O004853,2024-09-06,C01182,P0045,1,10.9,0.0,10.9,3.07,Second Class,Bank Transfer
O002145,2024-09-06,C02413,P0105,1,25.67,0.0,25.67,9.21,First Class,PayPal
O009636,2024-09-06,C02862,P0063,4,13.89,0.1,50.0,8.8,Same Day,UPI
O002453,2024-09-06,C03126,P0128,3,19.73,0.05,56.23,14.86,Second Class,Credit Card
O005532,2024-09-07,C01895,P0041,1,46.06,0.1,41.45,11.33,First Class,Bank Transfer
O003953,2024-09-07,C00269,P0089,3,20.2,0.1,54.54,11.85,Second Class,Debit Card
O008567,2024-09-07,C02527,P0103,1,22.81,0.15,19.39,1.81,Same Day,PayPal
O006130,2024-09-07,C02331,P0121,1,47.66,0.05,45.28,21.26,Standard,Credit Card
O003406,2024-09-07,C00209,P0147,1,12.76,0.15,10.85,4.21,Same Day,PayPal
O000070,2024-09-07,C02194,P0169,1,24.3,0.05,23.09,7.25,Second Class,Debit Card
O008974,2024-09-07,C02083,P0063,3,13.89,0.0,41.67,10.77,Same Day,PayPal
O010795,2024-09-07,C00487,P0133,2,14.29,0.05,27.15,4.09,Same Day,Debit Card
O003022,2024-09-07,C01177,P0021,1,73.9,0.3,51.73,12.0,Same Day,Bank Transfer
O002247,2024-09-07,C02306,P0142,2,66.66,0.05,126.65,48.19,Second Class,Debit Card
O005518,2024-09-07,C00825,P0179,1,24.0,0.1,21.6,2.32,Same Day,PayPal
O009959,2024-09-07,C03062,P0022,1,24.61,0.0,24.61,8.14,Standard,PayPal
O006575,2024-09-07,C03472,P0125,1,41.74,0.2,33.39,0.01,Same Day,PayPal
O003863,2024-09-07,C01054,P0025,3,20.01,0.05,57.03,16.59,Standard,Bank Transfer
O010894,2024-09-07,C02845,P0147,1,12.76,0.1,11.48,4.84,Standard,Credit Card
O008378,2024-09-07,C00311,P0022,4,24.61,0.1,88.6,22.72,Second Class,PayPal
O003336,2024-09-07,C03071,P0144,1,32.14,0.0,32.14,16.46,Standard,UPI
O009684,2024-09-07,C02869,P0042,4,31.86,0.0,127.44,44.52,First Class,Bank Transfer
O004050,2024-09-07,C03482,P0017,1,14.76,0.0,14.76,6.2,Standard,Debit Card
O000167,2024-09-07,C01749,P0155,3,34.48,0.05,98.27,22.22,First Class,Debit Card
O003253,2024-09-07,C01277,P0002,1,26.05,0.2,20.84,1.94,First Class,PayPal
O005289,2024-09-07,C03471,P0026,1,30.63,0.2,24.5,8.79,Same Day,PayPal
O011725,2024-09-07,C01737,P0173,1,27.11,0.15,23.04,6.44,Same Day,UPI
O006604,2024-09-08,C00870,P0116,2,34.67,0.1,62.41,14.37,Standard,Credit Card
O002636,2024-09-08,C03245,P0063,1,13.89,0.3,9.72,-0.58,Second Class,Credit Card
O007780,2024-09-08,C01151,P0063,2,13.89,0.05,26.39,5.79,First Class,Credit Card
O008311,2024-09-08,C01573,P0114,2,141.33,0.0,282.66,142.62,First Class,UPI
O008824,2024-09-08,C00468,P0130,1,20.55,0.0,20.55,6.87,Standard,PayPal
O006065,2024-09-08,C00470,P0166,1,37.27,0.3,26.09,-1.36,Standard,Bank Transfer
O008494,2024-09-08,C01687,P0111,1,8.19,0.2,6.55,1.51,Second Class,Bank Transfer
O007193,2024-09-08,C03235,P0081,1,24.71,0.2,19.77,0.89,Same Day,Credit Card
O010897,2024-09-08,C01171,P0107,2,97.13,0.1,174.83,49.11,First Class,UPI
O010861,2024-09-08,C01208,P0066,2,68.82,0.0,137.64,67.58,Standard,Credit Card
O007936,2024-09-08,C00966,P0040,1,32.39,0.05,30.77,5.17,Same Day,Bank Transfer
O010843,2024-09-08,C00744,P0067,1,27.2,0.05,25.84,12.31,First Class,Credit Card
O004789,2024-09-08,C02269,P0011,1,21.09,0.15,17.93,7.7,First Class,Debit Card
O006910,2024-09-08,C00241,P0135,2,15.68,0.15,26.66,9.52,First Class,PayPal
O004893,2024-09-08,C03351,P0175,1,34.12,0.05,32.41,5.53,Second Class,Debit Card
O009509,2024-09-08,C02633,P0142,2,66.66,0.2,106.66,28.2,First Class,Debit Card
O007368,2024-09-08,C02637,P0175,1,34.12,0.0,34.12,7.24,Standard,Credit Card
O006866,2024-09-08,C03105,P0170,2,17.46,0.15,29.68,3.1,Standard,Bank Transfer
O010062,2024-09-09,C03444,P0084,2,20.35,0.05,38.66,16.72,First Class,Debit Card
O010414,2024-09-09,C03151,P0079,1,30.25,0.15,25.71,10.93,Standard,Bank Transfer
O007678,2024-09-09,C01946,P0053,3,18.36,0.3,38.56,3.4,Second Class,Bank Transfer
O004504,2024-09-09,C02091,P0126,2,118.37,0.1,213.07,53.11,Second Class,Bank Transfer
O006608,2024-09-09,C01295,P0171,1,15.99,0.15,13.59,4.17,Second Class,UPI
O006156,2024-09-09,C02735,P0050,1,9.06,0.2,7.25,2.61,Same Day,Bank Transfer
O001101,2024-09-09,C02774,P0114,1,141.33,0.1,127.2,57.18,Same Day,Debit Card
O000209,2024-09-09,C01908,P0108,2,31.93,0.05,60.67,19.73,First Class,Debit Card
O007670,2024-09-09,C00450,P0149,1,40.02,0.3,28.01,0.24,Same Day,Bank Transfer
O009923,2024-09-09,C00573,P0133,2,14.29,0.0,28.58,5.52,Standard,Debit Card
O009524,2024-09-09,C02173,P0093,1,18.06,0.0,18.06,5.99,Standard,Debit Card
O001378,2024-09-09,C00823,P0021,1,73.9,0.05,70.2,30.47,First Class,PayPal
O004171,2024-09-09,C03392,P0119,1,59.91,0.0,59.91,17.74,Same Day,PayPal
O002889,2024-09-09,C03279,P0092,1,53.5,0.0,53.5,14.4,Second Class,UPI
O009849,2024-09-09,C01540,P0019,1,15.8,0.3,11.06,-1.1,Same Day,PayPal
O004929,2024-09-09,C00980,P0128,2,19.73,0.0,39.46,11.88,Same Day,Credit Card
O000514,2024-09-09,C01500,P0067,2,27.2,0.2,43.52,16.46,Second Class,PayPal
O000569,2024-09-09,C01833,P0040,2,32.39,0.1,58.3,7.1,First Class,PayPal
O011315,2024-09-09,C01342,P0081,1,24.71,0.05,23.47,4.59,Second Class,PayPal
O004912,2024-09-09,C01196,P0001,1,39.36,0.0,39.36,17.85,First Class,Credit Card
O010619,2024-09-09,C00920,P0131,1,10.4,0.15,8.84,0.52,Second Class,Credit Card
O010133,2024-09-09,C00893,P0053,1,18.36,0.1,16.52,4.8,First Class,PayPal
O006570,2024-09-10,C01630,P0178,1,73.32,0.1,65.99,7.11,Standard,Bank Transfer
O002737,2024-09-10,C00717,P0177,1,28.74,0.0,28.74,11.82,First Class,Credit Card
O007187,2024-09-10,C03439,P0014,1,8.22,0.1,7.4,0.75,First Class,UPI
O003683,2024-09-10,C03177,P0123,1,70.94,0.2,56.75,22.06,Second Class,Bank Transfer
O002507,2024-09-10,C02952,P0060,1,53.74,0.05,51.05,18.67,Same Day,Bank Transfer
O004152,2024-09-10,C01927,P0002,2,26.05,0.1,46.89,9.09,Second Class,Debit Card
O005880,2024-09-10,C00024,P0092,2,53.5,0.05,101.65,23.45,Standard,Credit Card
O009813,2024-09-10,C00152,P0025,2,20.01,0.15,34.02,7.06,First Class,Debit Card
O004101,2024-09-10,C02104,P0119,1,59.91,0.1,53.92,11.75,Same Day,Debit Card
O000185,2024-09-10,C03258,P0144,1,32.14,0.1,28.93,13.25,Second Class,UPI
O007799,2024-09-10,C00923,P0003,2,43.42,0.1,78.16,28.18,First Class,PayPal
O003319,2024-09-10,C00416,P0149,1,40.02,0.1,36.02,8.25,Same Day,UPI
O009359,2024-09-10,C02599,P0131,5,10.4,0.2,41.6,0.0,Standard,UPI
O007651,2024-09-10,C02709,P0114,4,141.33,0.0,565.32,285.24,First Class,Bank Transfer
O011318,2024-09-10,C02853,P0012,1,21.06,0.1,18.95,2.19,Second Class,PayPal
O007534,2024-09-11,C00178,P0062,1,25.26,0.15,21.47,4.86,Same Day,PayPal
O007945,2024-09-11,C03388,P0060,2,53.74,0.0,107.48,42.72,Same Day,Bank Transfer
O000976,2024-09-11,C02983,P0020,1,11.38,0.3,7.97,1.28,Standard,UPI
O001122,2024-09-11,C01594,P0112,1,28.02,0.3,19.61,0.29,Second Class,PayPal
O008106,2024-09-11,C01387,P0179,2,24.0,0.2,38.4,-0.16,Standard,Credit Card
O005466,2024-09-11,C00890,P0170,2,17.46,0.15,29.68,3.1,First Class,Credit Card
O000913,2024-09-11,C01461,P0150,1,34.57,0.0,34.57,7.66,Second Class,PayPal
O010966,2024-09-11,C01498,P0147,2,12.76,0.0,25.52,12.24,Second Class,UPI
O003479,2024-09-11,C02465,P0030,3,23.58,0.1,63.67,17.26,First Class,Debit Card
O000356,2024-09-11,C02055,P0026,2,30.63,0.05,58.2,26.78,Second Class,Bank Transfer
O007922,2024-09-11,C01451,P0178,2,73.32,0.1,131.98,14.22,Standard,Debit Card
O001068,2024-09-11,C03087,P0067,2,27.2,0.0,54.4,27.34,Same Day,Debit Card
O004842,2024-09-11,C01073,P0054,1,42.42,0.1,38.18,9.99,Standard,UPI
O000881,2024-09-11,C00856,P0065,1,48.33,0.0,48.33,14.9,Standard,Credit Card
O007586,2024-09-11,C02300,P0125,1,41.74,0.15,35.48,2.1,Second Class,Debit Card
O000992,2024-09-11,C01755,P0127,1,14.97,0.2,11.98,2.82,Same Day,Debit Card
O000723,2024-09-11,C00846,P0001,1,39.36,0.05,37.39,15.88,First Class,Credit Card
O000489,2024-09-12,C00552,P0103,1,22.81,0.05,21.67,4.09,First Class,Bank Transfer
O010231,2024-09-12,C02904,P0160,1,43.67,0.3,30.57,-1.92,Second Class,Credit Card
O003685,2024-09-12,C01570,P0079,4,30.25,0.05,114.95,55.83,Standard,Bank Transfer
O004484,2024-09-12,C00172,P0082,1,35.95,0.15,30.56,4.8,Standard,Credit Card
O003742,2024-09-12,C01683,P0048,2,56.66,0.2,90.66,23.24,First Class,PayPal
O009862,2024-09-12,C01241,P0141,1,33.04,0.1,29.74,13.08,Standard,UPI
O009733,2024-09-12,C03232,P0180,1,167.02,0.15,141.97,29.24,First Class,PayPal
O004952,2024-09-12,C02666,P0069,2,36.06,0.05,68.51,20.63,Standard,UPI
O009889,2024-09-12,C02440,P0016,3,19.78,0.1,53.41,7.72,Standard,UPI
O005528,2024-09-12,C00740,P0005,3,24.48,0.05,69.77,18.41,First Class,Debit Card
O000674,2024-09-12,C02969,P0108,1,31.93,0.0,31.93,11.46,Standard,Bank Transfer
O003592,2024-09-12,C02428,P0046,1,17.85,0.05,16.96,3.56,Same Day,Credit Card
O003376,2024-09-12,C02302,P0052,2,22.19,0.0,44.38,22.54,Same Day,UPI
O007544,2024-09-12,C00321,P0107,2,97.13,0.0,194.26,68.54,Second Class,Debit Card
O005840,2024-09-12,C01471,P0075,3,5.19,0.0,15.57,3.9,Same Day,Debit Card
O006263,2024-09-13,C03328,P0121,1,47.66,0.05,45.28,21.26,Same Day,Debit Card
O009645,2024-09-13,C00018,P0132,1,29.8,0.0,29.8,11.58,Standard,PayPal
O005574,2024-09-13,C03175,P0179,1,24.0,0.1,21.6,2.32,Second Class,Debit Card
O010505,2024-09-13,C02680,P0089,4,20.2,0.1,72.72,15.8,Second Class,Bank Transfer
O010603,2024-09-13,C00268,P0102,4,21.68,0.0,86.72,43.88,Second Class,Bank Transfer
O008912,2024-09-13,C01532,P0016,1,19.78,0.1,17.8,2.57,First Class,UPI
O001149,2024-09-13,C03485,P0053,2,18.36,0.15,31.21,7.77,First Class,Credit Card
O003727,2024-09-14,C01324,P0137,4,17.13,0.2,54.82,19.58,Same Day,Debit Card
O001960,2024-09-14,C00537,P0062,2,25.26,0.1,45.47,12.25,Same Day,PayPal
O001287,2024-09-14,C01429,P0091,3,30.36,0.15,77.42,4.13,Second Class,UPI
O000519,2024-09-14,C01345,P0108,2,31.93,0.15,54.28,13.34,Standard,Credit Card
O003073,2024-09-14,C02541,P0124,1,11.46,0.2,9.17,1.39,Second Class,UPI
O000515,2024-09-14,C03203,P0154,1,33.15,0.1,29.84,11.93,Standard,UPI
O006859,2024-09-14,C00114,P0017,1,14.76,0.3,10.33,1.77,Standard,Bank Transfer
O008648,2024-09-14,C01298,P0115,4,25.15,0.2,80.48,19.36,Second Class,Debit Card
O006001,2024-09-14,C02722,P0081,1,24.71,0.05,23.47,4.59,Same Day,UPI
O008898,2024-09-14,C01853,P0059,1,35.35,0.2,28.28,1.43,Second Class,Debit Card
O001245,2024-09-14,C03484,P0003,3,43.42,0.15,110.72,35.75,First Class,Bank Transfer
O007676,2024-09-14,C03167,P0159,3,13.14,0.2,31.54,7.63,Standard,Bank Transfer
O005087,2024-09-14,C01305,P0124,2,11.46,0.0,22.92,7.36,Standard,Bank Transfer
O010100,2024-09-14,C01485,P0099,2,28.6,0.0,57.2,29.46,Second Class,UPI
O006751,2024-09-14,C02116,P0110,2,27.16,0.0,54.32,20.24,Same Day,Bank Transfer
O008442,2024-09-14,C02355,P0148,1,12.08,0.05,11.48,2.82,First Class,PayPal
O006691,2024-09-14,C02843,P0063,4,13.89,0.2,44.45,3.25,First Class,Credit Card
O007008,2024-09-14,C00936,P0006,1,24.48,0.1,22.03,8.81,Second Class,UPI
O004313,2024-09-15,C02867,P0098,4,33.77,0.2,108.06,8.42,Second Class,PayPal
O009581,2024-09-15,C01133,P0046,1,17.85,0.15,15.17,1.77,Second Class,PayPal
O000655,2024-09-15,C01600,P0113,4,29.64,0.1,106.7,24.18,First Class,UPI
O007399,2024-09-15,C02057,P0136,1,78.06,0.0,78.06,38.75,First Class,Bank Transfer
O005482,2024-09-15,C01736,P0061,2,20.87,0.0,41.74,19.9,First Class,UPI
O002412,2024-09-15,C00532,P0035,1,48.65,0.05,46.22,16.92,Same Day,PayPal
O005811,2024-09-15,C02197,P0092,1,53.5,0.1,48.15,9.05,Same Day,UPI
O001489,2024-09-15,C01705,P0164,1,16.72,0.05,15.88,5.42,Standard,Bank Transfer
O004403,2024-09-15,C02300,P0031,1,19.28,0.2,15.42,0.41,Second Class,UPI
O011565,2024-09-15,C02434,P0130,1,20.55,0.15,17.47,3.79,Standard,UPI
O000604,2024-09-16,C03320,P0073,1,27.85,0.0,27.85,9.59,Second Class,Debit Card
O006451,2024-09-16,C03385,P0107,2,97.13,0.1,174.83,49.11,Same Day,Credit Card
O003572,2024-09-16,C03295,P0130,2,20.55,0.0,41.1,13.74,Second Class,Bank Transfer
O007507,2024-09-16,C03291,P0081,1,24.71,0.0,24.71,5.83,First Class,PayPal
O005272,2024-09-16,C03442,P0104,1,16.92,0.15,14.38,2.21,First Class,Debit Card
O001317,2024-09-16,C02451,P0166,2,37.27,0.3,52.18,-2.72,Standard,Debit Card
O011148,2024-09-16,C01929,P0131,1,10.4,0.0,10.4,2.08,First Class,Credit Card
O010256,2024-09-16,C01029,P0148,2,12.08,0.0,24.16,6.84,First Class,PayPal
O002995,2024-09-16,C03188,P0080,1,7.83,0.15,6.66,0.34,Same Day,PayPal
O011121,2024-09-16,C02880,P0118,1,13.33,0.1,12.0,1.72,Standard,PayPal
O003112,2024-09-16,C01334,P0059,1,35.35,0.1,31.82,4.97,Same Day,Debit Card
O011990,2024-09-16,C02246,P0013,1,33.36,0.05,31.69,10.82,Standard,UPI
O000190,2024-09-16,C02650,P0074,2,78.81,0.15,133.98,41.02,Same Day,Bank Transfer
O003988,2024-09-16,C00336,P0175,1,34.12,0.15,29.0,2.12,Standard,Bank Transfer
O002464,2024-09-16,C01305,P0017,2,14.76,0.15,25.09,7.97,Same Day,PayPal
O001480,2024-09-16,C03373,P0126,3,118.37,0.15,301.84,61.9,Standard,UPI
O002254,2024-09-16,C00222,P0064,3,13.1,0.15,33.4,11.65,Second Class,UPI
O001417,2024-09-17,C00174,P0016,1,19.78,0.0,19.78,4.55,Same Day,PayPal
O001416,2024-09-17,C01780,P0091,1,30.36,0.05,28.84,4.41,First Class,Debit Card
O008770,2024-09-17,C01051,P0014,1,8.22,0.1,7.4,0.75,Standard,PayPal
O000619,2024-09-17,C03051,P0071,2,36.05,0.15,61.28,8.88,Same Day,PayPal
O009783,2024-09-17,C03372,P0095,3,22.09,0.05,62.96,21.71,First Class,Bank Transfer
O009357,2024-09-17,C01323,P0147,2,12.76,0.05,24.24,10.96,First Class,UPI
O007671,2024-09-17,C01796,P0135,1,15.68,0.0,15.68,7.11,Same Day,PayPal
O002548,2024-09-17,C01843,P0146,3,47.38,0.1,127.93,46.09,Second Class,Credit Card
O011993,2024-09-17,C02388,P0102,1,21.68,0.0,21.68,10.97,Standard,Credit Card
O001324,2024-09-17,C00873,P0111,4,8.19,0.05,31.12,10.96,First Class,Credit Card
O000994,2024-09-17,C00070,P0009,1,21.01,0.0,21.01,4.39,First Class,PayPal
O003741,2024-09-17,C00944,P0042,2,31.86,0.3,44.6,3.14,Standard,PayPal
O009371,2024-09-17,C00647,P0018,1,34.96,0.05,33.21,11.85,Standard,UPI
O006346,2024-09-17,C02726,P0121,3,47.66,0.1,128.68,56.62,Standard,Bank Transfer
O006759,2024-09-17,C01823,P0067,1,27.2,0.15,23.12,9.59,Standard,Bank Transfer
O002222,2024-09-17,C01000,P0005,3,24.48,0.05,69.77,18.41,Standard,Credit Card
O003680,2024-09-17,C00212,P0068,1,54.72,0.3,38.3,2.15,First Class,Bank Transfer
O007056,2024-09-18,C02452,P0073,1,27.85,0.1,25.07,6.81,Standard,PayPal
O008703,2024-09-18,C02042,P0080,1,7.83,0.15,6.66,0.34,First Class,PayPal
O011196,2024-09-18,C03283,P0147,2,12.76,0.1,22.97,9.69,First Class,Credit Card
O005374,2024-09-18,C02758,P0170,2,17.46,0.15,29.68,3.1,Second Class,UPI
O002581,2024-09-18,C00302,P0128,3,19.73,0.3,41.43,0.06,Standard,PayPal
O007901,2024-09-18,C00778,P0031,2,19.28,0.3,26.99,-3.03,Second Class,Credit Card
O009417,2024-09-18,C01406,P0105,2,25.67,0.15,43.64,10.72,Second Class,Bank Transfer
O001380,2024-09-18,C00949,P0058,1,23.31,0.05,22.14,10.66,Standard,Bank Transfer
O004247,2024-09-18,C00117,P0002,1,26.05,0.15,22.14,3.24,Standard,Credit Card
O004958,2024-09-18,C02441,P0132,1,29.8,0.0,29.8,11.58,Standard,Debit Card
O009565,2024-09-18,C02447,P0102,3,21.68,0.2,52.03,19.9,Second Class,PayPal
O005164,2024-09-18,C02716,P0106,1,37.06,0.0,37.06,18.04,Same Day,Bank Transfer
O008307,2024-09-18,C00568,P0135,1,15.68,0.2,12.54,3.97,Standard,Credit Card
O011301,2024-09-18,C02538,P0097,2,34.55,0.15,58.73,17.19,First Class,Credit Card
O007564,2024-09-18,C01176,P0099,2,28.6,0.1,51.48,23.74,Standard,Debit Card
O002302,2024-09-18,C02366,P0173,2,27.11,0.1,48.8,15.6,Same Day,Credit Card
O008793,2024-09-18,C01308,P0079,1,30.25,0.0,30.25,15.47,Second Class,Debit Card
O001454,2024-09-18,C00919,P0107,1,97.13,0.0,97.13,34.27,First Class,PayPal
O011981,2024-09-18,C02335,P0056,1,52.21,0.05,49.6,14.05,Standard,Debit Card
O000681,2024-09-18,C00923,P0148,2,12.08,0.15,20.54,3.22,Second Class,Debit Card
O002214,2024-09-18,C01830,P0149,3,40.02,0.1,108.05,24.74,Same Day,UPI
O011365,2024-09-18,C03236,P0138,1,23.12,0.15,19.65,8.41,Standard,Credit Card
O011712,2024-09-19,C01821,P0099,1,28.6,0.15,24.31,10.44,Second Class,PayPal
O001941,2024-09-19,C02584,P0169,1,24.3,0.2,19.44,3.6,First Class,Credit Card
O009724,2024-09-19,C00170,P0108,1,31.93,0.1,28.74,8.27,First Class,Debit Card
O008798,2024-09-19,C02236,P0177,1,28.74,0.15,24.43,7.51,Second Class,PayPal
O007619,2024-09-19,C02973,P0071,3,36.05,0.1,97.33,18.73,Standard,Bank Transfer
O005287,2024-09-19,C00732,P0069,1,36.06,0.1,32.45,8.51,Second Class,Bank Transfer
O004959,2024-09-19,C00845,P0057,1,16.52,0.1,14.87,6.77,Second Class,Credit Card
O007137,2024-09-19,C00705,P0025,1,20.01,0.05,19.01,5.53,Standard,UPI
O001879,2024-09-19,C03307,P0037,1,32.65,0.15,27.75,3.09,Second Class,PayPal
O009763,2024-09-19,C02705,P0001,1,39.36,0.15,33.46,11.95,Standard,Credit Card
O005816,2024-09-19,C02322,P0135,3,15.68,0.0,47.04,21.33,Same Day,PayPal
O004666,2024-09-20,C00719,P0072,1,77.46,0.1,69.71,6.83,Standard,Debit Card
O008603,2024-09-20,C00892,P0147,3,12.76,0.2,30.62,10.7,First Class,PayPal
O007802,2024-09-20,C00854,P0131,2,10.4,0.0,20.8,4.16,Standard,Debit Card
O011027,2024-09-20,C00166,P0005,1,24.48,0.1,22.03,4.91,First Class,UPI
O006030,2024-09-20,C02906,P0072,3,77.46,0.1,209.14,20.5,Second Class,PayPal
O003248,2024-09-20,C02267,P0146,1,47.38,0.1,42.64,15.36,Second Class,Credit Card
O001906,2024-09-20,C03188,P0124,1,11.46,0.2,9.17,1.39,First Class,UPI
O008628,2024-09-20,C03470,P0145,2,33.75,0.0,67.5,16.4,Standard,UPI
O003327,2024-09-20,C02732,P0011,1,21.09,0.05,20.04,9.81,First Class,Credit Card
O003804,2024-09-20,C01943,P0014,2,8.22,0.0,16.44,3.14,Second Class,Bank Transfer
O008204,2024-09-20,C01367,P0154,3,33.15,0.0,99.45,45.72,Standard,Credit Card
O006328,2024-09-20,C00446,P0038,1,7.97,0.05,7.57,1.55,First Class,Bank Transfer
O005943,2024-09-21,C00239,P0073,4,27.85,0.0,111.4,38.36,Standard,Debit Card
O005702,2024-09-21,C02599,P0171,2,15.99,0.05,30.38,11.54,Standard,Debit Card
O002973,2024-09-21,C02948,P0093,1,18.06,0.3,12.64,0.57,Standard,Bank Transfer
O005516,2024-09-21,C00676,P0080,3,7.83,0.15,19.97,1.01,Same Day,PayPal
O001923,2024-09-21,C02349,P0077,1,30.16,0.15,25.64,6.66,First Class,Debit Card
O001191,2024-09-21,C00607,P0071,1,36.05,0.0,36.05,9.85,Second Class,UPI
O000870,2024-09-21,C02798,P0066,2,68.82,0.1,123.88,53.82,Same Day,UPI
O008421,2024-09-21,C02774,P0078,1,23.47,0.0,23.47,11.58,First Class,Bank Transfer
O010138,2024-09-21,C02307,P0129,1,30.41,0.05,28.89,9.56,Same Day,PayPal
O011496,2024-09-21,C00450,P0065,1,48.33,0.15,41.08,7.65,First Class,UPI
O007358,2024-09-21,C02710,P0070,1,18.74,0.05,17.8,4.74,Second Class,Bank Transfer
O001032,2024-09-21,C01109,P0145,1,33.75,0.05,32.06,6.51,First Class,Debit Card
O004448,2024-09-21,C03164,P0164,2,16.72,0.15,28.42,7.5,First Class,Debit Card
O004546,2024-09-21,C02285,P0150,1,34.57,0.2,27.66,0.75,Second Class,Bank Transfer
O000957,2024-09-21,C02461,P0176,2,48.8,0.15,82.96,33.08,Same Day,PayPal
O006088,2024-09-21,C02416,P0071,3,36.05,0.05,102.74,24.14,Same Day,PayPal
O010924,2024-09-21,C01467,P0152,1,35.7,0.05,33.91,7.02,First Class,Debit Card
O003340,2024-09-21,C01251,P0116,3,34.67,0.3,72.81,0.75,Standard,Credit Card
O003605,2024-09-21,C02626,P0170,2,17.46,0.0,34.92,8.34,Second Class,Bank Transfer
O000821,2024-09-22,C01918,P0118,2,13.33,0.0,26.66,6.1,Same Day,Credit Card
O000769,2024-09-22,C02074,P0081,1,24.71,0.15,21.0,2.12,Same Day,UPI
O002075,2024-09-22,C01434,P0124,1,11.46,0.0,11.46,3.68,First Class,UPI
O006355,2024-09-22,C02938,P0103,1,22.81,0.2,18.25,0.67,Standard,UPI
O005392,2024-09-22,C03132,P0001,2,39.36,0.1,70.85,27.83,Standard,Credit Card
O003880,2024-09-22,C00737,P0147,1,12.76,0.0,12.76,6.12,Second Class,PayPal
O005003,2024-09-22,C00436,P0049,1,35.64,0.2,28.51,6.85,Standard,Credit Card
O006050,2024-09-22,C00216,P0054,4,42.42,0.0,169.68,56.92,Second Class,Debit Card
O005730,2024-09-22,C00185,P0143,1,10.03,0.05,9.53,1.83,Standard,PayPal
O002784,2024-09-22,C03234,P0083,1,74.49,0.05,70.77,24.66,First Class,Debit Card
O010325,2024-09-22,C01756,P0073,1,27.85,0.1,25.07,6.81,Second Class,Credit Card
O006147,2024-09-22,C00394,P0169,1,24.3,0.1,21.87,6.03,First Class,PayPal
O006178,2024-09-22,C02349,P0095,3,22.09,0.1,59.64,18.39,Second Class,Bank Transfer
O006979,2024-09-22,C03363,P0060,2,53.74,0.2,85.98,21.22,First Class,UPI
O003633,2024-09-22,C02683,P0056,2,52.21,0.15,88.76,17.66,Standard,PayPal
O009067,2024-09-22,C00703,P0065,1,48.33,0.05,45.91,12.48,First Class,Debit Card
O006560,2024-09-22,C00302,P0108,1,31.93,0.3,22.35,1.88,First Class,UPI
O011956,2024-09-22,C00876,P0080,1,7.83,0.05,7.44,1.12,First Class,PayPal
O008406,2024-09-22,C00165,P0138,2,23.12,0.15,39.3,16.82,Second Class,Bank Transfer
O003457,2024-09-22,C01102,P0064,3,13.1,0.3,27.51,5.76,First Class,UPI
O010909,2024-09-22,C01435,P0060,2,53.74,0.05,102.11,37.35,Second Class,Credit Card
O006248,2024-09-22,C03468,P0138,2,23.12,0.1,41.62,19.14,Standard,Debit Card
O000440,2024-09-22,C00441,P0014,1,8.22,0.3,5.75,-0.9,Same Day,PayPal
O005864,2024-09-22,C01391,P0136,3,78.06,0.2,187.34,69.41,Same Day,UPI
O005546,2024-09-22,C00428,P0067,1,27.2,0.1,24.48,10.95,Same Day,PayPal
O006311,2024-09-22,C01723,P0149,1,40.02,0.0,40.02,12.25,Second Class,Credit Card
O005556,2024-09-23,C01408,P0108,1,31.93,0.1,28.74,8.27,Same Day,UPI
O010976,2024-09-23,C02081,P0080,2,7.83,0.1,14.09,1.45,First Class,UPI
O005022,2024-09-23,C02420,P0116,1,34.67,0.15,29.47,5.45,Second Class,Debit Card
O003760,2024-09-23,C01146,P0107,3,97.13,0.15,247.68,59.1,Second Class,Debit Card
O004572,2024-09-23,C01289,P0057,1,16.52,0.1,14.87,6.77,Second Class,Credit Card
O010344,2024-09-23,C03487,P0090,1,39.79,0.0,39.79,16.9,First Class,PayPal
O009597,2024-09-23,C00482,P0129,2,30.41,0.2,48.66,10.0,Second Class,Debit Card
O008800,2024-09-23,C01534,P0123,1,70.94,0.2,56.75,22.06,Standard,PayPal
O003644,2024-09-23,C03011,P0139,3,48.37,0.3,101.58,27.27,Same Day,Debit Card
O002637,2024-09-23,C00248,P0136,1,78.06,0.0,78.06,38.75,Same Day,Bank Transfer
O000095,2024-09-23,C02207,P0145,1,33.75,0.1,30.38,4.83,Same Day,Credit Card
O006472,2024-09-23,C00408,P0164,1,16.72,0.15,14.21,3.75,Same Day,PayPal
O001130,2024-09-23,C03370,P0061,1,20.87,0.0,20.87,9.95,Standard,Debit Card
O000800,2024-09-23,C02312,P0114,1,141.33,0.05,134.26,64.24,Standard,PayPal
O007916,2024-09-23,C01044,P0017,2,14.76,0.15,25.09,7.97,First Class,UPI
O007762,2024-09-24,C00382,P0093,1,18.06,0.2,14.45,2.38,Same Day,Debit Card
O011949,2024-09-24,C01687,P0062,3,25.26,0.1,68.2,18.37,Second Class,Credit Card
O001086,2024-09-24,C00393,P0095,1,22.09,0.15,18.78,5.03,Second Class,PayPal
O011164,2024-09-24,C00828,P0027,4,13.49,0.05,51.26,14.06,Second Class,Credit Card
O000189,2024-09-24,C03235,P0019,2,15.8,0.15,26.86,2.54,Second Class,Bank Transfer
O003451,2024-09-24,C01665,P0105,2,25.67,0.15,43.64,10.72,Same Day,Credit Card
O001420,2024-09-24,C03296,P0088,1,35.29,0.1,31.76,6.25,Second Class,Debit Card
O011539,2024-09-24,C00591,P0045,1,10.9,0.05,10.36,2.53,First Class,Credit Card
O006745,2024-09-24,C00118,P0162,1,47.54,0.0,47.54,9.68,Second Class,Credit Card
O000478,2024-09-24,C01387,P0176,1,48.8,0.2,39.04,14.1,Second Class,Debit Card
O004368,2024-09-24,C02052,P0042,2,31.86,0.0,63.72,22.26,First Class,Debit Card
O010143,2024-09-24,C00609,P0014,2,8.22,0.2,13.15,-0.15,Second Class,Bank Transfer
O001166,2024-09-25,C02387,P0100,2,24.47,0.1,44.05,18.63,Same Day,Bank Transfer
O007264,2024-09-25,C03216,P0036,2,12.89,0.15,21.91,6.97,Same Day,UPI
O004670,2024-09-25,C00666,P0020,2,11.38,0.15,19.35,5.97,Same Day,Bank Transfer
O004336,2024-09-25,C00010,P0114,3,141.33,0.1,381.59,171.53,Same Day,Credit Card
O011884,2024-09-25,C02504,P0137,1,17.13,0.0,17.13,8.32,Second Class,Credit Card
O010023,2024-09-25,C00521,P0071,2,36.05,0.05,68.49,16.09,First Class,Debit Card
O007109,2024-09-25,C03494,P0062,1,25.26,0.0,25.26,8.65,First Class,PayPal
O007315,2024-09-25,C00715,P0107,2,97.13,0.1,174.83,49.11,First Class,Credit Card
O010464,2024-09-25,C01418,P0108,1,31.93,0.15,27.14,6.67,Same Day,Bank Transfer
O001826,2024-09-25,C01054,P0113,1,29.64,0.1,26.68,6.05,Same Day,UPI
O001421,2024-09-25,C01297,P0141,1,33.04,0.1,29.74,13.08,First Class,Debit Card
O006889,2024-09-25,C00192,P0154,2,33.15,0.0,66.3,30.48,Standard,Bank Transfer
O003322,2024-09-25,C01929,P0054,2,42.42,0.05,80.6,24.22,Standard,UPI
O000659,2024-09-25,C03073,P0068,1,54.72,0.05,51.98,15.83,Same Day,Credit Card
O004763,2024-09-25,C02339,P0025,1,20.01,0.05,19.01,5.53,First Class,Bank Transfer
O011246,2024-09-25,C01378,P0106,2,37.06,0.0,74.12,36.08,First Class,UPI
O000072,2024-09-25,C02143,P0032,2,95.01,0.1,171.02,31.96,Second Class,PayPal
O005615,2024-09-25,C01147,P0139,1,48.37,0.1,43.53,18.76,First Class,Debit Card
O001009,2024-09-25,C03472,P0146,1,47.38,0.05,45.01,17.73,Same Day,Credit Card
O002971,2024-09-25,C00773,P0085,1,16.85,0.1,15.17,6.19,Standard,PayPal
O003933,2024-09-25,C00639,P0158,3,38.78,0.15,98.89,26.74,Standard,UPI
O007124,2024-09-25,C01404,P0008,1,46.94,0.15,39.9,2.14,Second Class,Credit Card
O008576,2024-09-25,C01055,P0053,3,18.36,0.1,49.57,14.41,Standard,UPI
O008173,2024-09-25,C02909,P0178,1,73.32,0.05,69.65,10.77,First Class,Credit Card
O002979,2024-09-25,C02301,P0147,3,12.76,0.1,34.45,14.53,Same Day,Debit Card
O005110,2024-09-25,C01826,P0169,2,24.3,0.3,34.02,2.34,Standard,Debit Card
O011683,2024-09-25,C02180,P0075,1,5.19,0.1,4.67,0.78,Standard,Debit Card
O002619,2024-09-26,C02067,P0067,2,27.2,0.1,48.96,21.9,Standard,UPI
O008003,2024-09-26,C00609,P0033,1,28.25,0.0,28.25,8.0,Same Day,Bank Transfer
O005001,2024-09-26,C01290,P0127,1,14.97,0.3,10.48,1.32,Standard,PayPal
O009110,2024-09-26,C01135,P0010,4,40.56,0.1,146.02,47.74,First Class,PayPal
O006298,2024-09-26,C03208,P0124,3,11.46,0.05,32.66,9.32,Standard,PayPal
O002506,2024-09-26,C00471,P0156,2,17.92,0.1,32.26,5.22,First Class,PayPal
O003526,2024-09-26,C03438,P0127,1,14.97,0.15,12.72,3.56,Same Day,PayPal
O009547,2024-09-26,C01441,P0156,1,17.92,0.0,17.92,4.4,Second Class,Bank Transfer
O009687,2024-09-26,C01560,P0044,2,23.44,0.0,46.88,14.02,Second Class,Debit Card
O006214,2024-09-26,C01163,P0078,4,23.47,0.0,93.88,46.32,Standard,PayPal
O001276,2024-09-26,C02794,P0114,2,141.33,0.0,282.66,142.62,Same Day,PayPal
O009238,2024-09-26,C02191,P0017,3,14.76,0.05,42.07,16.39,Standard,UPI
O002174,2024-09-26,C01933,P0032,1,95.01,0.05,90.26,20.73,Standard,Bank Transfer
O009290,2024-09-26,C00169,P0144,2,32.14,0.15,54.64,23.28,First Class,UPI
O005693,2024-09-27,C01946,P0044,1,23.44,0.2,18.75,2.32,First Class,UPI
O005107,2024-09-27,C00442,P0023,2,29.78,0.1,53.6,6.06,Same Day,Debit Card
O001767,2024-09-27,C01535,P0129,1,30.41,0.0,30.41,11.08,Second Class,UPI
O008358,2024-09-27,C01791,P0021,1,73.9,0.1,66.51,26.78,Second Class,UPI
O000744,2024-09-27,C02309,P0105,1,25.67,0.1,23.1,6.64,Standard,Credit Card
O008321,2024-09-27,C02607,P0036,1,12.89,0.1,11.6,4.13,Standard,UPI
O009802,2024-09-27,C01168,P0010,2,40.56,0.15,68.95,19.81,Same Day,Credit Card
O007496,2024-09-27,C01463,P0032,1,95.01,0.0,95.01,25.48,Second Class,Credit Card
O003349,2024-09-27,C01874,P0056,2,52.21,0.1,93.98,22.88,Second Class,Credit Card
O005666,2024-09-27,C00024,P0175,2,34.12,0.0,68.24,14.48,Same Day,PayPal
O011594,2024-09-27,C01940,P0065,4,48.33,0.1,173.99,40.27,First Class,Debit Card
O004992,2024-09-27,C00397,P0152,1,35.7,0.1,32.13,5.24,Standard,Debit Card
O003650,2024-09-27,C02986,P0004,1,76.71,0.05,72.87,35.42,Standard,Debit Card
O005178,2024-09-28,C01781,P0107,4,97.13,0.2,310.82,59.38,First Class,Bank Transfer
O000914,2024-09-28,C00904,P0163,2,60.53,0.0,121.06,27.62,First Class,PayPal
O004978,2024-09-28,C03258,P0063,1,13.89,0.1,12.5,2.2,Second Class,PayPal
O008317,2024-09-28,C01459,P0097,1,34.55,0.1,31.09,10.32,Second Class,Bank Transfer
O004282,2024-09-28,C01830,P0070,1,18.74,0.0,18.74,5.68,Same Day,Credit Card
O008377,2024-09-28,C01201,P0110,5,27.16,0.15,115.43,30.23,Standard,UPI
O003485,2024-09-28,C01534,P0179,3,24.0,0.2,57.6,-0.24,Second Class,UPI
O002732,2024-09-28,C03122,P0032,1,95.01,0.1,85.51,15.98,Standard,PayPal
O006523,2024-09-28,C01524,P0039,1,12.02,0.15,10.22,0.91,Standard,PayPal
O001305,2024-09-28,C00219,P0023,1,29.78,0.1,26.8,3.03,Same Day,Credit Card
O001061,2024-09-28,C01619,P0093,2,18.06,0.0,36.12,11.98,Second Class,Bank Transfer
O000239,2024-09-28,C01271,P0128,1,19.73,0.0,19.73,5.94,Standard,Debit Card
O010090,2024-09-28,C00398,P0052,1,22.19,0.1,19.97,9.05,Same Day,PayPal
O000722,2024-09-29,C01580,P0143,1,10.03,0.1,9.03,1.33,Standard,Debit Card
O007538,2024-09-29,C02512,P0156,1,17.92,0.1,16.13,2.61,Standard,UPI
O000918,2024-09-29,C00428,P0027,1,13.49,0.3,9.44,0.14,Standard,UPI
O001754,2024-09-29,C00959,P0037,2,32.65,0.0,65.3,15.98,Same Day,PayPal
O006821,2024-09-29,C02407,P0101,1,11.36,0.2,9.09,3.46,Same Day,Credit Card
O006418,2024-09-29,C01069,P0005,3,24.48,0.2,58.75,7.39,Same Day,PayPal
O008151,2024-09-29,C02280,P0006,1,24.48,0.15,20.81,7.59,Same Day,Credit Card
O002591,2024-09-29,C00386,P0109,1,33.7,0.05,32.02,13.86,Same Day,Credit Card
O001769,2024-09-29,C02004,P0130,1,20.55,0.0,20.55,6.87,Standard,UPI
O004151,2024-09-29,C02523,P0052,2,22.19,0.1,39.94,18.1,Standard,UPI
O011471,2024-09-29,C02922,P0137,1,17.13,0.05,16.27,7.46,Same Day,Credit Card
O005051,2024-09-29,C02470,P0171,3,15.99,0.1,43.17,14.91,Second Class,Debit Card
O007080,2024-09-29,C03131,P0107,4,97.13,0.0,388.52,137.08,Second Class,Debit Card
O000099,2024-09-29,C00742,P0038,2,7.97,0.15,13.55,1.51,Standard,Debit Card
O004766,2024-09-29,C03400,P0110,1,27.16,0.05,25.8,8.76,Standard,Bank Transfer
O000636,2024-09-29,C03311,P0028,1,36.39,0.0,36.39,6.67,Same Day,PayPal
O000946,2024-09-29,C00106,P0132,2,29.8,0.1,53.64,17.2,First Class,Credit Card
O009858,2024-09-29,C02325,P0175,3,34.12,0.0,102.36,21.72,First Class,UPI
O002725,2024-09-29,C02967,P0169,4,24.3,0.0,97.2,33.84,First Class,PayPal
O002652,2024-09-30,C00153,P0029,1,19.29,0.1,17.36,7.18,Second Class,Bank Transfer
O007043,2024-09-30,C03361,P0174,3,35.58,0.0,106.74,55.11,Standard,Credit Card
O009285,2024-09-30,C01142,P0142,1,66.66,0.3,46.66,7.43,Same Day,UPI
O005588,2024-09-30,C01729,P0081,2,24.71,0.0,49.42,11.66,Second Class,Debit Card
O007189,2024-09-30,C02134,P0076,1,48.63,0.1,43.77,15.95,First Class,Bank Transfer
O007042,2024-09-30,C00913,P0162,1,47.54,0.0,47.54,9.68,Standard,UPI
O008582,2024-09-30,C00116,P0026,2,30.63,0.15,52.07,20.65,Second Class,Debit Card
O002785,2024-09-30,C02358,P0170,2,17.46,0.05,33.17,6.59,Second Class,PayPal
O008953,2024-09-30,C03395,P0016,1,19.78,0.1,17.8,2.57,Second Class,UPI
O001392,2024-09-30,C02865,P0024,1,11.29,0.0,11.29,3.2,Same Day,PayPal
O002180,2024-09-30,C02784,P0004,1,76.71,0.0,76.71,39.26,Same Day,PayPal
O009844,2024-09-30,C00441,P0165,1,53.31,0.1,47.98,8.78,Second Class,Bank Transfer
O000863,2024-09-30,C00911,P0043,1,26.44,0.05,25.12,5.25,Same Day,Credit Card
O000174,2024-09-30,C01674,P0180,1,167.02,0.15,141.97,29.24,Standard,PayPal
O002044,2024-10-01,C01547,P0080,1,7.83,0.05,7.44,1.12,Standard,Debit Card
O008830,2024-10-01,C00544,P0127,1,14.97,0.05,14.22,5.06,Standard,Debit Card
O011118,2024-10-01,C01104,P0084,4,20.35,0.05,77.33,33.45,Second Class,PayPal
O001491,2024-10-01,C02045,P0116,2,34.67,0.05,65.87,17.83,First Class,Bank Transfer
O010405,2024-10-01,C02895,P0146,1,47.38,0.1,42.64,15.36,First Class,PayPal
O002666,2024-10-01,C00030,P0112,1,28.02,0.0,28.02,8.7,Same Day,Credit Card
O005124,2024-10-01,C01588,P0079,1,30.25,0.0,30.25,15.47,Same Day,UPI
O007897,2024-10-01,C00843,P0014,1,8.22,0.2,6.58,-0.07,Second Class,PayPal
O011341,2024-10-01,C00207,P0020,1,11.38,0.15,9.67,2.98,Second Class,Debit Card
O009808,2024-10-01,C00829,P0093,1,18.06,0.1,16.25,4.18,Second Class,PayPal
O006659,2024-10-01,C02544,P0011,3,21.09,0.05,60.11,29.42,Standard,Bank Transfer
O006394,2024-10-01,C00968,P0131,2,10.4,0.1,18.72,2.08,Same Day,PayPal
O003083,2024-10-01,C01128,P0015,2,9.29,0.1,16.72,1.72,Standard,Bank Transfer
O007093,2024-10-01,C02171,P0065,2,48.33,0.15,82.16,15.3,Second Class,UPI
O003818,2024-10-01,C01851,P0029,5,19.29,0.1,86.8,35.9,Second Class,Bank Transfer
O004222,2024-10-01,C02097,P0056,3,52.21,0.2,125.3,18.65,Second Class,UPI
O009385,2024-10-01,C00582,P0129,1,30.41,0.05,28.89,9.56,Second Class,Credit Card
O001319,2024-10-01,C02841,P0130,2,20.55,0.0,41.1,13.74,Standard,Credit Card
O006624,2024-10-02,C01784,P0022,3,24.61,0.05,70.14,20.73,Standard,Credit Card
O006422,2024-10-02,C02564,P0142,1,66.66,0.0,66.66,27.43,Same Day,Debit Card
O008723,2024-10-02,C02097,P0021,1,73.9,0.0,73.9,34.17,Standard,PayPal
O007048,2024-10-02,C03092,P0122,3,15.78,0.05,44.97,11.91,Standard,PayPal
O007498,2024-10-02,C00110,P0064,2,13.1,0.1,23.58,9.08,Same Day,UPI
O008851,2024-10-02,C02997,P0075,4,5.19,0.0,20.76,5.2,Standard,Bank Transfer
O011029,2024-10-02,C01514,P0104,1,16.92,0.05,16.07,3.9,Standard,UPI
O002659,2024-10-02,C02019,P0093,1,18.06,0.2,14.45,2.38,Same Day,PayPal
O006709,2024-10-02,C00950,P0084,2,20.35,0.05,38.66,16.72,First Class,Debit Card
O008472,2024-10-02,C03235,P0060,2,53.74,0.05,102.11,37.35,First Class,Credit Card
O008870,2024-10-02,C00825,P0099,1,28.6,0.05,27.17,13.3,Same Day,PayPal
O009475,2024-10-02,C03456,P0136,1,78.06,0.0,78.06,38.75,Standard,UPI
O005389,2024-10-02,C01333,P0172,2,16.77,0.0,33.54,7.22,Second Class,Debit Card
O001613,2024-10-02,C02691,P0022,1,24.61,0.15,20.92,4.45,Standard,Bank Transfer
O001635,2024-10-02,C03194,P0036,2,12.89,0.0,25.78,10.84,First Class,Credit Card
O004550,2024-10-02,C00621,P0032,1,95.01,0.0,95.01,25.48,Same Day,Credit Card
O010590,2024-10-02,C01030,P0137,1,17.13,0.1,15.42,6.61,Second Class,Bank Transfer
O005427,2024-10-02,C01244,P0166,1,37.27,0.2,29.82,2.37,Same Day,Debit Card
O004049,2024-10-03,C02956,P0096,1,11.01,0.0,11.01,4.8,Second Class,UPI
O000670,2024-10-03,C02175,P0078,2,23.47,0.05,44.59,20.81,Standard,Bank Transfer
O005769,2024-10-03,C03473,P0074,4,78.81,0.0,315.24,129.32,Standard,Credit Card
O005430,2024-10-03,C03252,P0173,1,27.11,0.2,21.69,5.09,Same Day,PayPal
O006625,2024-10-03,C00288,P0111,2,8.19,0.15,13.92,3.84,Second Class,UPI
O005038,2024-10-03,C02360,P0056,3,52.21,0.1,140.97,34.32,First Class,Credit Card
O006712,2024-10-03,C02541,P0029,2,19.29,0.1,34.72,14.36,Same Day,Bank Transfer
O005345,2024-10-03,C03315,P0068,1,54.72,0.15,46.51,10.36,Standard,UPI
O008876,2024-10-03,C02062,P0052,4,22.19,0.05,84.32,40.64,Second Class,Bank Transfer
O003347,2024-10-03,C01165,P0103,3,22.81,0.0,68.43,15.69,Second Class,PayPal
O003374,2024-10-03,C02883,P0020,3,11.38,0.1,30.73,10.66,Standard,UPI
O011885,2024-10-03,C03063,P0176,1,48.8,0.15,41.48,16.54,Standard,Debit Card
O008547,2024-10-03,C03122,P0135,4,15.68,0.15,53.31,19.03,First Class,Bank Transfer
O000847,2024-10-03,C01043,P0043,1,26.44,0.05,25.12,5.25,First Class,Debit Card
O005309,2024-10-03,C03011,P0020,3,11.38,0.05,32.43,12.36,Same Day,Debit Card
O008913,2024-10-03,C02492,P0144,1,32.14,0.1,28.93,13.25,Standard,UPI
O011089,2024-10-03,C00350,P0135,1,15.68,0.15,13.33,4.76,Same Day,Debit Card
O009562,2024-10-04,C00331,P0050,2,9.06,0.05,17.21,7.93,Standard,UPI
O001050,2024-10-04,C01676,P0171,1,15.99,0.15,13.59,4.17,Second Class,Bank Transfer
O005005,2024-10-04,C02136,P0173,3,27.11,0.15,69.13,19.33,Standard,Bank Transfer
O006727,2024-10-04,C01480,P0084,2,20.35,0.0,40.7,18.76,Second Class,Bank Transfer
O007862,2024-10-04,C02558,P0095,2,22.09,0.05,41.97,14.47,First Class,Credit Card
O004400,2024-10-04,C00652,P0023,1,29.78,0.05,28.29,4.52,First Class,Credit Card
O002676,2024-10-04,C01933,P0111,1,8.19,0.0,8.19,3.15,Standard,Debit Card
O003785,2024-10-04,C01014,P0167,3,48.63,0.1,131.3,56.15,First Class,Debit Card
O008713,2024-10-04,C00702,P0160,1,43.67,0.1,39.3,6.81,Second Class,UPI
O009870,2024-10-04,C02365,P0100,1,24.47,0.1,22.02,9.31,Same Day,PayPal
O004500,2024-10-04,C02062,P0114,1,141.33,0.0,141.33,71.31,Second Class,Debit Card
O007386,2024-10-04,C01214,P0126,1,118.37,0.3,82.86,2.88,First Class,PayPal
O009914,2024-10-04,C00982,P0180,1,167.02,0.15,141.97,29.24,Second Class,UPI
O006962,2024-10-04,C03176,P0102,1,21.68,0.2,17.34,6.63,First Class,PayPal
O007917,2024-10-04,C00510,P0097,1,34.55,0.1,31.09,10.32,Same Day,UPI
O005061,2024-10-04,C01721,P0069,1,36.06,0.1,32.45,8.51,Same Day,Debit Card
O004311,2024-10-04,C02619,P0158,1,38.78,0.05,36.84,12.79,Standard,Debit Card
O005140,2024-10-04,C00252,P0098,1,33.77,0.15,28.7,3.79,First Class,PayPal
O003611,2024-10-04,C02156,P0001,2,39.36,0.0,78.72,35.7,Second Class,Debit Card
O010359,2024-10-05,C01065,P0171,1,15.99,0.3,11.19,1.77,First Class,Debit Card
O008098,2024-10-05,C00876,P0149,1,40.02,0.1,36.02,8.25,Same Day,UPI
O001047,2024-10-05,C01396,P0063,1,13.89,0.2,11.11,0.81,Second Class,Credit Card
O003211,2024-10-05,C02073,P0048,1,56.66,0.1,50.99,17.28,Standard,Debit Card
O003263,2024-10-05,C00226,P0151,3,33.54,0.15,85.53,12.09,Second Class,UPI
O007577,2024-10-05,C01485,P0080,1,7.83,0.2,6.26,-0.06,Same Day,Credit Card
O010073,2024-10-05,C00662,P0023,3,29.78,0.05,84.87,13.56,Standard,Bank Transfer
O011202,2024-10-05,C02613,P0180,1,167.02,0.0,167.02,54.29,First Class,UPI
O010072,2024-10-05,C01771,P0145,1,33.75,0.05,32.06,6.51,Standard,Credit Card
O003028,2024-10-05,C01781,P0035,1,48.65,0.05,46.22,16.92,Standard,PayPal
O007362,2024-10-05,C03393,P0130,1,20.55,0.05,19.52,5.84,Second Class,Debit Card
O003091,2024-10-05,C01998,P0015,1,9.29,0.0,9.29,1.79,Standard,Bank Transfer
O005315,2024-10-05,C01485,P0013,4,33.36,0.0,133.44,49.96,Same Day,Debit Card
O010065,2024-10-05,C01730,P0073,1,27.85,0.2,22.28,4.02,Same Day,Bank Transfer
O005796,2024-10-05,C02987,P0136,4,78.06,0.2,249.79,92.55,Same Day,Bank Transfer
O005135,2024-10-05,C02407,P0132,2,29.8,0.1,53.64,17.2,Same Day,Bank Transfer
O008866,2024-10-06,C00833,P0163,1,60.53,0.15,51.45,4.73,Same Day,UPI
O008073,2024-10-06,C00842,P0104,2,16.92,0.0,33.84,9.5,Same Day,Bank Transfer
O001272,2024-10-06,C00744,P0010,2,40.56,0.05,77.06,27.92,Standard,Debit Card
O010401,2024-10-06,C02204,P0087,1,51.68,0.05,49.1,14.64,Same Day,UPI
O008205,2024-10-06,C01588,P0120,4,46.47,0.2,148.7,49.18,Standard,Debit Card
O004209,2024-10-06,C01746,P0115,5,25.15,0.2,100.6,24.2,First Class,Credit Card
O010553,2024-10-06,C02579,P0128,2,19.73,0.0,39.46,11.88,Same Day,Debit Card
O001950,2024-10-06,C00018,P0065,2,48.33,0.05,91.83,24.97,Second Class,UPI
O005578,2024-10-06,C00707,P0146,3,47.38,0.0,142.14,60.3,Second Class,Bank Transfer
O009053,2024-10-06,C03157,P0118,1,13.33,0.0,13.33,3.05,Second Class,UPI
O003897,2024-10-06,C01136,P0082,1,35.95,0.1,32.36,6.6,Second Class,Bank Transfer
O010082,2024-10-07,C00371,P0155,3,34.48,0.2,82.75,6.7,Same Day,Bank Transfer
O009503,2024-10-07,C02810,P0036,1,12.89,0.0,12.89,5.42,Standard,Credit Card
O001020,2024-10-07,C03320,P0125,4,41.74,0.05,158.61,25.09,First Class,Credit Card
O006867,2024-10-07,C02470,P0174,1,35.58,0.05,33.8,16.59,First Class,Debit Card
O009235,2024-10-07,C03361,P0179,2,24.0,0.2,38.4,-0.16,Same Day,Credit Card
O005441,2024-10-07,C03248,P0112,1,28.02,0.05,26.62,7.3,First Class,Debit Card
O006683,2024-10-07,C01272,P0051,1,35.19,0.1,31.67,7.86,Same Day,PayPal
O001156,2024-10-07,C00280,P0177,3,28.74,0.2,68.98,18.22,Second Class,PayPal
O010610,2024-10-07,C02181,P0086,1,20.57,0.1,18.51,6.89,First Class,Debit Card
O009972,2024-10-07,C01529,P0058,1,23.31,0.05,22.14,10.66,Standard,Debit Card
O001476,2024-10-07,C02484,P0057,1,16.52,0.0,16.52,8.42,Standard,Bank Transfer
O004410,2024-10-07,C00458,P0097,1,34.55,0.0,34.55,13.78,Second Class,Credit Card
O009409,2024-10-07,C00554,P0147,2,12.76,0.0,25.52,12.24,Same Day,PayPal
O004794,2024-10-08,C02173,P0134,3,38.78,0.0,116.34,24.69,Standard,UPI
O006799,2024-10-08,C02787,P0085,1,16.85,0.2,13.48,4.5,Standard,Bank Transfer
O009177,2024-10-08,C02641,P0005,1,24.48,0.1,22.03,4.91,Second Class,Credit Card
O001801,2024-10-08,C00280,P0119,2,59.91,0.2,95.86,11.52,First Class,PayPal
O008773,2024-10-08,C01600,P0075,3,5.19,0.1,14.01,2.34,Standard,Credit Card
O010943,2024-10-08,C01814,P0168,1,97.8,0.15,83.13,6.17,Same Day,Bank Transfer
O009983,2024-10-08,C01726,P0041,1,46.06,0.1,41.45,11.33,Same Day,Credit Card
O007856,2024-10-08,C02579,P0049,1,35.64,0.15,30.29,8.63,Same Day,Debit Card
O010335,2024-10-08,C02862,P0137,1,17.13,0.0,17.13,8.32,Standard,UPI
O000938,2024-10-08,C02307,P0162,1,47.54,0.0,47.54,9.68,First Class,UPI
O011219,2024-10-08,C01953,P0071,1,36.05,0.1,32.45,6.25,Standard,UPI
O011919,2024-10-08,C02147,P0062,2,25.26,0.1,45.47,12.25,First Class,Debit Card
O003341,2024-10-09,C03189,P0102,1,21.68,0.05,20.6,9.89,Second Class,PayPal
O006990,2024-10-09,C00494,P0073,5,27.85,0.1,125.33,34.03,First Class,Credit Card
O005761,2024-10-09,C00279,P0037,1,32.65,0.1,29.38,4.72,Standard,UPI
O003032,2024-10-09,C01405,P0162,1,47.54,0.2,38.03,0.17,First Class,Debit Card
O009583,2024-10-09,C01877,P0101,2,11.36,0.0,22.72,11.46,Same Day,Debit Card
O001576,2024-10-09,C02666,P0049,1,35.64,0.05,33.86,12.2,Same Day,Credit Card
O007125,2024-10-09,C01640,P0038,1,7.97,0.1,7.17,1.15,Standard,UPI
O000580,2024-10-09,C00984,P0121,2,47.66,0.1,85.79,37.75,Second Class,Credit Card
O008041,2024-10-09,C02371,P0148,1,12.08,0.0,12.08,3.42,Second Class,Debit Card
O004255,2024-10-09,C00819,P0014,2,8.22,0.05,15.62,2.32,Second Class,Credit Card
O007462,2024-10-09,C02437,P0121,2,47.66,0.1,85.79,37.75,Standard,Credit Card
O010280,2024-10-09,C01153,P0162,1,47.54,0.1,42.79,4.93,First Class,UPI
O000539,2024-10-09,C00089,P0163,2,60.53,0.05,115.01,21.57,Same Day,Debit Card
O007943,2024-10-09,C03039,P0053,2,18.36,0.0,36.72,13.28,Same Day,Credit Card
O002386,2024-10-09,C00095,P0121,5,47.66,0.3,166.81,46.71,Same Day,PayPal
O005916,2024-10-09,C01320,P0072,2,77.46,0.15,131.68,5.92,Same Day,UPI
O002509,2024-10-09,C01855,P0030,1,23.58,0.15,20.04,4.57,First Class,UPI
O000427,2024-10-09,C02862,P0098,1,33.77,0.0,33.77,8.86,Same Day,UPI
O009500,2024-10-09,C00347,P0119,5,59.91,0.1,269.59,58.74,Second Class,Bank Transfer
O002719,2024-10-09,C01770,P0155,1,34.48,0.0,34.48,9.13,Same Day,Bank Transfer
O006144,2024-10-09,C00161,P0154,2,33.15,0.15,56.35,20.53,Standard,PayPal
O001982,2024-10-10,C01029,P0104,4,16.92,0.2,54.14,5.46,Second Class,PayPal
O005823,2024-10-10,C03374,P0021,2,73.9,0.2,118.24,38.78,Second Class,Credit Card
O007589,2024-10-10,C02215,P0009,4,21.01,0.1,75.64,9.16,Second Class,Bank Transfer
O005857,2024-10-10,C03323,P0059,1,35.35,0.0,35.35,8.5,Second Class,UPI
O002441,2024-10-10,C02759,P0165,1,53.31,0.3,37.32,-1.88,Same Day,PayPal
O004710,2024-10-10,C02283,P0112,4,28.02,0.0,112.08,34.8,Same Day,UPI
O005525,2024-10-10,C01746,P0122,2,15.78,0.2,25.25,3.21,First Class,UPI
O003068,2024-10-10,C01122,P0060,1,53.74,0.1,48.37,15.99,Second Class,Bank Transfer
O000298,2024-10-10,C02153,P0043,2,26.44,0.2,42.3,2.56,Standard,Bank Transfer
O011972,2024-10-10,C00196,P0100,1,24.47,0.1,22.02,9.31,Standard,PayPal
O005155,2024-10-10,C00318,P0016,3,19.78,0.3,41.54,-4.15,Second Class,Debit Card
O008969,2024-10-10,C01733,P0006,3,24.48,0.1,66.1,26.44,Second Class,Credit Card
O009821,2024-10-10,C03372,P0022,1,24.61,0.0,24.61,8.14,Second Class,PayPal
O006652,2024-10-11,C01887,P0092,1,53.5,0.05,50.82,11.72,Same Day,PayPal
O002118,2024-10-11,C03332,P0064,1,13.1,0.05,12.44,5.19,Same Day,Bank Transfer
O005034,2024-10-11,C02708,P0070,2,18.74,0.2,29.98,3.86,Standard,PayPal
O002414,2024-10-11,C00197,P0043,5,26.44,0.1,118.98,19.63,First Class,Debit Card
O010388,2024-10-11,C02645,P0138,1,23.12,0.0,23.12,11.88,Second Class,Credit Card
O007366,2024-10-11,C00547,P0068,2,54.72,0.1,98.5,26.2,Standard,Bank Transfer
O005564,2024-10-11,C00219,P0022,1,24.61,0.0,24.61,8.14,Standard,PayPal
O008600,2024-10-11,C00690,P0164,5,16.72,0.0,83.6,31.3,First Class,UPI
O008848,2024-10-11,C01246,P0166,1,37.27,0.0,37.27,9.82,Standard,Debit Card
O003595,2024-10-11,C02563,P0006,1,24.48,0.2,19.58,6.36,First Class,UPI
O004008,2024-10-11,C02417,P0004,1,76.71,0.15,65.2,27.75,Second Class,UPI
O000456,2024-10-11,C01147,P0098,1,33.77,0.05,32.08,7.17,Standard,PayPal
O003410,2024-10-11,C00347,P0076,1,48.63,0.15,41.34,13.52,Same Day,Bank Transfer
O007014,2024-10-11,C01653,P0024,1,11.29,0.05,10.73,2.64,First Class,UPI
O009999,2024-10-11,C02366,P0062,1,25.26,0.15,21.47,4.86,Standard,UPI
O009466,2024-10-11,C00936,P0169,2,24.3,0.15,41.31,9.63,First Class,UPI
O010638,2024-10-11,C03054,P0013,2,33.36,0.1,60.05,18.31,Standard,Debit Card
O000268,2024-10-11,C02168,P0050,2,9.06,0.1,16.31,7.03,Standard,Credit Card
O010524,2024-10-11,C02454,P0017,4,14.76,0.2,47.23,12.99,First Class,Debit Card
O009740,2024-10-11,C02120,P0080,1,7.83,0.0,7.83,1.51,First Class,UPI
O008757,2024-10-11,C02448,P0111,1,8.19,0.1,7.37,2.33,First Class,PayPal
O005877,2024-10-12,C01629,P0108,1,31.93,0.0,31.93,11.46,First Class,Debit Card
O008452,2024-10-12,C03435,P0178,1,73.32,0.05,69.65,10.77,Second Class,Credit Card
O011671,2024-10-12,C01707,P0156,3,17.92,0.1,48.38,7.82,First Class,Bank Transfer
O001598,2024-10-12,C00067,P0137,1,17.13,0.0,17.13,8.32,Second Class,Credit Card
O001415,2024-10-12,C00919,P0043,1,26.44,0.05,25.12,5.25,Standard,UPI
O001005,2024-10-12,C01400,P0087,2,51.68,0.05,98.19,29.27,First Class,UPI
O004646,2024-10-12,C00275,P0166,3,37.27,0.0,111.81,29.46,Same Day,Bank Transfer
O001907,2024-10-12,C02945,P0127,1,14.97,0.1,13.47,4.31,Standard,PayPal
O007968,2024-10-12,C00200,P0171,1,15.99,0.1,14.39,4.97,First Class,Debit Card
O010985,2024-10-12,C00613,P0173,1,27.11,0.05,25.75,9.15,Second Class,Bank Transfer
O011423,2024-10-12,C02927,P0168,1,97.8,0.1,88.02,11.06,Second Class,Bank Transfer
O002417,2024-10-12,C03388,P0102,2,21.68,0.1,39.02,17.6,First Class,Debit Card
O007571,2024-10-12,C02594,P0162,2,47.54,0.0,95.08,19.36,Second Class,Credit Card
O008076,2024-10-12,C03412,P0048,2,56.66,0.1,101.99,34.57,Standard,Bank Transfer
O002820,2024-10-12,C02357,P0079,1,30.25,0.0,30.25,15.47,First Class,PayPal
O002415,2024-10-12,C00382,P0026,4,30.63,0.05,116.39,53.55,First Class,PayPal
O007097,2024-10-12,C03226,P0139,3,48.37,0.2,116.09,41.78,Standard,UPI
O006460,2024-10-12,C01781,P0002,2,26.05,0.05,49.49,11.69,First Class,UPI
O005425,2024-10-12,C02438,P0101,1,11.36,0.1,10.22,4.59,Standard,Credit Card
O001807,2024-10-12,C03329,P0002,1,26.05,0.3,18.23,-0.67,Same Day,Credit Card
O002779,2024-10-13,C02344,P0162,2,47.54,0.0,95.08,19.36,Standard,Bank Transfer
O006559,2024-10-13,C01511,P0115,1,25.15,0.3,17.6,2.32,First Class,Bank Transfer
O006195,2024-10-13,C02624,P0140,3,12.81,0.05,36.51,9.15,First Class,Credit Card
O001815,2024-10-13,C02138,P0040,1,32.39,0.15,27.53,1.93,Same Day,Debit Card
O008985,2024-10-13,C02261,P0094,5,23.04,0.3,80.64,1.39,Same Day,Bank Transfer
O006452,2024-10-13,C02588,P0067,2,27.2,0.0,54.4,27.34,Same Day,Debit Card
O005125,2024-10-13,C01372,P0040,2,32.39,0.2,51.82,0.62,First Class,PayPal
O010962,2024-10-13,C03366,P0149,1,40.02,0.1,36.02,8.25,Standard,Credit Card
O011158,2024-10-13,C01062,P0034,2,14.33,0.0,28.66,8.06,First Class,Debit Card
O011624,2024-10-13,C02051,P0158,1,38.78,0.15,32.96,8.91,Same Day,Bank Transfer
O009237,2024-10-13,C02985,P0026,1,30.63,0.05,29.1,13.39,Second Class,PayPal
O005275,2024-10-13,C02392,P0043,2,26.44,0.1,47.59,7.85,Standard,Debit Card
O010665,2024-10-13,C00005,P0030,1,23.58,0.1,21.22,5.75,Same Day,PayPal
O001746,2024-10-14,C01012,P0113,1,29.64,0.05,28.16,7.53,Standard,UPI
O002685,2024-10-14,C01022,P0026,1,30.63,0.0,30.63,14.92,Standard,Credit Card
O003542,2024-10-14,C00890,P0012,1,21.06,0.05,20.01,3.25,Second Class,Debit Card
O006938,2024-10-14,C01700,P0179,1,24.0,0.0,24.0,4.72,First Class,PayPal
O010579,2024-10-14,C00011,P0095,3,22.09,0.15,56.33,15.08,Second Class,UPI
O007216,2024-10-14,C00565,P0061,1,20.87,0.2,16.7,5.78,First Class,PayPal
O008925,2024-10-14,C02907,P0079,1,30.25,0.15,25.71,10.93,First Class,UPI
O011996,2024-10-14,C01583,P0086,1,20.57,0.1,18.51,6.89,Second Class,Debit Card
O010760,2024-10-14,C02406,P0048,1,56.66,0.05,53.83,20.12,Second Class,Bank Transfer
O001239,2024-10-14,C00027,P0118,1,13.33,0.05,12.66,2.38,Same Day,UPI
O009061,2024-10-14,C02388,P0175,1,34.12,0.1,30.71,3.83,Standard,Bank Transfer
O003512,2024-10-14,C01178,P0054,2,42.42,0.1,76.36,19.98,First Class,Bank Transfer
O007072,2024-10-14,C01707,P0066,1,68.82,0.0,68.82,33.79,Same Day,Credit Card
O007497,2024-10-14,C00115,P0139,1,48.37,0.3,33.86,9.09,Second Class,Bank Transfer
O002773,2024-10-14,C01684,P0107,2,97.13,0.1,174.83,49.11,Same Day,Debit Card
O010598,2024-10-15,C00352,P0174,1,35.58,0.1,32.02,14.81,Standard,Debit Card
O001626,2024-10-15,C01482,P0072,3,77.46,0.1,209.14,20.5,Second Class,Bank Transfer
O000472,2024-10-15,C02149,P0124,1,11.46,0.2,9.17,1.39,Same Day,Debit Card
O008614,2024-10-15,C01855,P0063,4,13.89,0.05,52.78,11.58,Standard,UPI
O003315,2024-10-15,C02003,P0057,3,16.52,0.15,42.13,17.83,Second Class,Credit Card
O011479,2024-10-15,C02198,P0166,2,37.27,0.05,70.81,15.91,First Class,UPI
O006948,2024-10-15,C02185,P0106,1,37.06,0.05,35.21,16.19,Second Class,Debit Card
O008214,2024-10-15,C02952,P0128,2,19.73,0.15,33.54,5.96,First Class,Debit Card
O002626,2024-10-15,C01023,P0109,1,33.7,0.0,33.7,15.54,Standard,Bank Transfer
O003992,2024-10-15,C02599,P0053,2,18.36,0.0,36.72,13.28,Standard,Credit Card
O010085,2024-10-15,C00174,P0084,2,20.35,0.2,32.56,10.62,First Class,UPI
O011200,2024-10-15,C01457,P0023,1,29.78,0.05,28.29,4.52,Standard,Credit Card
O002267,2024-10-15,C00821,P0066,1,68.82,0.1,61.94,26.91,First Class,Bank Transfer
O008028,2024-10-15,C00105,P0109,1,33.7,0.05,32.02,13.86,First Class,Debit Card
O011240,2024-10-15,C02116,P0057,2,16.52,0.0,33.04,16.84,First Class,PayPal
O010628,2024-10-15,C02712,P0080,2,7.83,0.1,14.09,1.45,Same Day,Debit Card
O003960,2024-10-15,C00996,P0178,3,73.32,0.15,186.97,10.33,Second Class,Credit Card
O006090,2024-10-15,C01813,P0100,2,24.47,0.2,39.15,13.73,Standard,PayPal
O000379,2024-10-15,C01869,P0173,2,27.11,0.15,46.09,12.89,Same Day,UPI
O003678,2024-10-15,C02945,P0023,1,29.78,0.0,29.78,6.01,Standard,PayPal
O010106,2024-10-16,C02630,P0137,1,17.13,0.05,16.27,7.46,Second Class,Debit Card
O007986,2024-10-16,C03054,P0135,1,15.68,0.15,13.33,4.76,Second Class,Bank Transfer
O008579,2024-10-16,C02817,P0139,1,48.37,0.2,38.7,13.93,First Class,Debit Card
O000908,2024-10-16,C00928,P0069,1,36.06,0.0,36.06,12.12,Standard,PayPal
O010287,2024-10-16,C01621,P0164,1,16.72,0.3,11.7,1.24,Standard,Bank Transfer
O003212,2024-10-16,C02886,P0039,2,12.02,0.15,20.43,1.81,Same Day,UPI
O011324,2024-10-16,C03397,P0008,2,46.94,0.05,89.19,13.67,Second Class,Debit Card
O005824,2024-10-16,C01459,P0104,1,16.92,0.2,13.54,1.37,Second Class,Credit Card
O007340,2024-10-16,C01984,P0066,2,68.82,0.0,137.64,67.58,Second Class,PayPal
O002082,2024-10-16,C03057,P0062,1,25.26,0.05,24.0,7.39,Standard,UPI
O006980,2024-10-16,C00162,P0113,2,29.64,0.0,59.28,18.02,Standard,Credit Card
O008236,2024-10-16,C00663,P0172,1,16.77,0.15,14.25,1.09,Standard,Bank Transfer
O010270,2024-10-16,C03370,P0157,1,95.85,0.0,95.85,17.56,Second Class,PayPal
O000013,2024-10-17,C00188,P0179,1,24.0,0.0,24.0,4.72,Same Day,Debit Card
O000884,2024-10-17,C00487,P0018,5,34.96,0.05,166.06,59.26,Same Day,Debit Card
O010385,2024-10-17,C03269,P0007,2,79.56,0.0,159.12,31.86,Second Class,Debit Card
O009380,2024-10-17,C01858,P0082,3,35.95,0.1,97.07,19.79,Second Class,Debit Card
O005575,2024-10-17,C02871,P0030,2,23.58,0.1,42.44,11.5,Same Day,Credit Card
O010236,2024-10-17,C00297,P0034,3,14.33,0.15,36.54,5.64,Second Class,UPI
O011573,2024-10-17,C02261,P0019,2,15.8,0.05,30.02,5.7,Second Class,Credit Card
O011559,2024-10-17,C01685,P0145,1,33.75,0.1,30.38,4.83,Same Day,Debit Card
O004866,2024-10-17,C01741,P0134,4,38.78,0.1,139.61,17.41,Second Class,UPI
O009787,2024-10-17,C02159,P0084,1,20.35,0.1,18.32,7.35,Standard,UPI
O007606,2024-10-17,C01318,P0092,2,53.5,0.15,90.95,12.75,Standard,Bank Transfer
O005083,2024-10-17,C01996,P0118,3,13.33,0.1,35.99,5.15,Standard,PayPal
O008235,2024-10-17,C01431,P0039,1,12.02,0.1,10.82,1.51,Standard,UPI
O006589,2024-10-17,C00090,P0012,1,21.06,0.1,18.95,2.19,First Class,UPI
O003216,2024-10-17,C03161,P0105,3,25.67,0.1,69.31,19.93,Second Class,Bank Transfer
O003344,2024-10-18,C00511,P0077,1,30.16,0.05,28.65,9.67,Standard,PayPal
O005947,2024-10-18,C01373,P0115,3,25.15,0.1,67.9,22.06,Second Class,PayPal
O000383,2024-10-18,C02390,P0027,1,13.49,0.0,13.49,4.19,Second Class,Debit Card
O006599,2024-10-18,C02729,P0062,1,25.26,0.05,24.0,7.39,Standard,Bank Transfer
O002128,2024-10-18,C01249,P0144,3,32.14,0.1,86.78,39.74,First Class,Debit Card
O010877,2024-10-18,C02890,P0006,1,24.48,0.15,20.81,7.59,First Class,PayPal
O011505,2024-10-18,C01600,P0088,1,35.29,0.0,35.29,9.78,Same Day,Debit Card
O006899,2024-10-18,C00120,P0038,2,7.97,0.15,13.55,1.51,First Class,UPI
O004253,2024-10-18,C00802,P0054,3,42.42,0.0,127.26,42.69,First Class,PayPal
O007933,2024-10-18,C00965,P0094,1,23.04,0.05,21.89,6.04,Standard,Bank Transfer
O003985,2024-10-18,C00985,P0107,1,97.13,0.05,92.27,29.41,First Class,Debit Card
O010789,2024-10-18,C00595,P0029,1,19.29,0.05,18.33,8.15,Second Class,Bank Transfer
O000015,2024-10-18,C00990,P0144,4,32.14,0.0,128.56,65.84,Second Class,UPI
O007710,2024-10-18,C02438,P0067,2,27.2,0.1,48.96,21.9,Standard,Debit Card
O000511,2024-10-18,C02954,P0013,2,33.36,0.0,66.72,24.98,Standard,PayPal
O008493,2024-10-18,C03039,P0160,1,43.67,0.0,43.67,11.18,Standard,Bank Transfer
O010776,2024-10-19,C00122,P0157,2,95.85,0.1,172.53,15.95,Second Class,Bank Transfer
O005370,2024-10-19,C00187,P0006,4,24.48,0.1,88.13,35.25,Same Day,UPI
O003523,2024-10-19,C01016,P0028,4,36.39,0.2,116.45,-2.43,Second Class,Credit Card
O010886,2024-10-19,C03053,P0168,3,97.8,0.15,249.39,18.51,Same Day,Debit Card
O000487,2024-10-19,C00975,P0177,2,28.74,0.05,54.61,20.77,Standard,PayPal
O008216,2024-10-19,C01683,P0104,1,16.92,0.3,11.84,-0.33,Second Class,UPI
O003846,2024-10-19,C01712,P0017,1,14.76,0.05,14.02,5.46,Second Class,Bank Transfer
O008211,2024-10-19,C01711,P0100,1,24.47,0.15,20.8,8.09,Standard,PayPal
O002218,2024-10-19,C01197,P0161,1,15.13,0.1,13.62,4.6,Standard,Bank Transfer
O011150,2024-10-19,C02511,P0136,3,78.06,0.0,234.18,116.25,Standard,Debit Card
O002729,2024-10-19,C00371,P0153,1,18.32,0.05,17.4,6.85,Same Day,Debit Card
O011195,2024-10-19,C00182,P0129,2,30.41,0.15,51.7,13.04,Standard,Debit Card
O009989,2024-10-19,C02683,P0124,4,11.46,0.1,41.26,10.14,Second Class,Debit Card
O004614,2024-10-19,C01733,P0169,1,24.3,0.0,24.3,8.46,Second Class,UPI
O008940,2024-10-19,C02979,P0107,1,97.13,0.1,87.42,24.56,Same Day,Credit Card
O009615,2024-10-19,C00812,P0102,2,21.68,0.15,36.86,15.44,First Class,Credit Card
O001328,2024-10-19,C03049,P0133,1,14.29,0.1,12.86,1.33,First Class,UPI
O002690,2024-10-19,C02349,P0001,2,39.36,0.05,74.78,31.76,First Class,UPI
O001341,2024-10-19,C03106,P0178,3,73.32,0.2,175.97,-0.67,Second Class,Credit Card
O007858,2024-10-20,C02363,P0148,1,12.08,0.05,11.48,2.82,First Class,Credit Card
O003395,2024-10-20,C00877,P0126,1,118.37,0.1,106.53,26.55,Same Day,Bank Transfer
O009405,2024-10-20,C01900,P0073,2,27.85,0.3,38.99,2.47,Same Day,Debit Card
O001409,2024-10-20,C01233,P0134,4,38.78,0.1,139.61,17.41,Second Class,Credit Card
O003057,2024-10-20,C03334,P0127,1,14.97,0.1,13.47,4.31,First Class,Credit Card
O002547,2024-10-20,C03392,P0047,1,21.13,0.2,16.9,0.36,First Class,Debit Card
O000717,2024-10-20,C01320,P0010,1,40.56,0.1,36.5,11.93,Second Class,Credit Card
O011052,2024-10-20,C01150,P0080,1,7.83,0.2,6.26,-0.06,Same Day,UPI
O010229,2024-10-20,C02230,P0078,1,23.47,0.1,21.12,9.23,Second Class,PayPal
O006017,2024-10-20,C02586,P0016,1,19.78,0.0,19.78,4.55,Second Class,Credit Card
O007037,2024-10-20,C00276,P0112,1,28.02,0.1,25.22,5.9,Second Class,Bank Transfer
O000399,2024-10-20,C01784,P0028,4,36.39,0.0,145.56,26.68,Same Day,PayPal
O005655,2024-10-20,C03148,P0005,1,24.48,0.15,20.81,3.69,Standard,Bank Transfer
O009917,2024-10-20,C00133,P0131,3,10.4,0.0,31.2,6.24,Standard,Credit Card
O010452,2024-10-21,C00765,P0121,2,47.66,0.1,85.79,37.75,Same Day,Credit Card
O010794,2024-10-21,C02191,P0134,3,38.78,0.1,104.71,13.06,Second Class,Bank Transfer
O006869,2024-10-21,C02238,P0117,1,27.87,0.0,27.87,9.72,Same Day,Credit Card
O004705,2024-10-21,C00464,P0162,1,47.54,0.1,42.79,4.93,Same Day,Bank Transfer
O010470,2024-10-21,C02141,P0061,5,20.87,0.3,73.05,18.45,Second Class,Debit Card
O004474,2024-10-21,C03415,P0118,2,13.33,0.1,23.99,3.43,Same Day,Debit Card
O002914,2024-10-21,C02301,P0143,3,10.03,0.0,30.09,6.99,Standard,UPI
O002107,2024-10-21,C02729,P0106,4,37.06,0.1,133.42,57.34,First Class,Debit Card
O000577,2024-10-21,C00849,P0078,1,23.47,0.15,19.95,8.06,Standard,PayPal
O006991,2024-10-21,C00705,P0036,1,12.89,0.05,12.25,4.78,Standard,PayPal
O011470,2024-10-21,C03215,P0138,3,23.12,0.05,65.89,32.17,Same Day,Debit Card
O008537,2024-10-21,C03054,P0168,2,97.8,0.0,195.6,41.68,Same Day,Bank Transfer
O009423,2024-10-21,C02644,P0016,1,19.78,0.1,17.8,2.57,Same Day,Bank Transfer
O010987,2024-10-21,C00441,P0126,1,118.37,0.1,106.53,26.55,First Class,Debit Card
O000043,2024-10-21,C01501,P0012,3,21.06,0.0,63.18,12.9,Second Class,Debit Card
O005850,2024-10-21,C02270,P0014,1,8.22,0.1,7.4,0.75,Same Day,Debit Card
O010465,2024-10-21,C00677,P0124,3,11.46,0.3,24.07,0.73,First Class,PayPal
O011548,2024-10-22,C01973,P0173,1,27.11,0.0,27.11,10.51,Standard,PayPal
O006393,2024-10-22,C03377,P0087,1,51.68,0.2,41.34,6.88,Same Day,UPI
O002188,2024-10-22,C03344,P0134,1,38.78,0.0,38.78,8.23,Standard,Credit Card
O004455,2024-10-22,C00545,P0090,2,39.79,0.2,63.66,17.88,Standard,UPI
O001562,2024-10-22,C02998,P0051,2,35.19,0.1,63.34,15.72,Same Day,PayPal
O005604,2024-10-22,C03301,P0094,2,23.04,0.1,41.47,9.77,Same Day,UPI
O009430,2024-10-22,C01799,P0088,3,35.29,0.05,100.58,24.05,First Class,Bank Transfer
O008644,2024-10-22,C02607,P0171,2,15.99,0.15,27.18,8.34,Standard,Debit Card
O011964,2024-10-22,C01907,P0050,1,9.06,0.1,8.15,3.51,Same Day,PayPal
O004266,2024-10-22,C01843,P0156,3,17.92,0.0,53.76,13.2,First Class,PayPal
O009563,2024-10-22,C02332,P0029,2,19.29,0.3,27.01,6.65,Standard,Credit Card
O009868,2024-10-22,C03352,P0039,1,12.02,0.05,11.42,2.11,First Class,Bank Transfer
O009711,2024-10-22,C01862,P0081,3,24.71,0.15,63.01,6.37,First Class,Debit Card
O006100,2024-10-22,C01225,P0077,2,30.16,0.05,57.3,19.34,First Class,Credit Card
O001566,2024-10-23,C03242,P0095,3,22.09,0.0,66.27,25.02,Same Day,Debit Card
O003306,2024-10-23,C00196,P0143,1,10.03,0.05,9.53,1.83,Standard,UPI
O007694,2024-10-23,C01813,P0055,1,55.71,0.05,52.92,20.75,Second Class,Debit Card
O001200,2024-10-23,C03049,P0058,2,23.31,0.15,39.63,16.67,First Class,Credit Card
O010792,2024-10-23,C01181,P0110,4,27.16,0.1,97.78,29.62,Second Class,PayPal
O005176,2024-10-23,C00453,P0002,1,26.05,0.1,23.45,4.55,Same Day,Debit Card
O003750,2024-10-23,C01864,P0051,1,35.19,0.15,29.91,6.1,First Class,Debit Card
O004573,2024-10-23,C02839,P0152,1,35.7,0.2,28.56,1.67,First Class,Credit Card
O001019,2024-10-23,C03054,P0122,3,15.78,0.0,47.34,14.28,Same Day,Debit Card
O000735,2024-10-23,C01658,P0045,4,10.9,0.15,37.06,5.74,Second Class,Bank Transfer
O004283,2024-10-23,C00774,P0174,1,35.58,0.0,35.58,18.37,Same Day,PayPal
O000184,2024-10-23,C00187,P0035,3,48.65,0.15,124.06,36.16,First Class,Debit Card
O010430,2024-10-23,C00679,P0078,1,23.47,0.05,22.3,10.41,Second Class,Debit Card
O003771,2024-10-23,C01488,P0011,2,21.09,0.15,35.85,15.39,Second Class,Debit Card
O009611,2024-10-23,C02587,P0015,2,9.29,0.0,18.58,3.58,First Class,UPI
O009891,2024-10-23,C02992,P0130,2,20.55,0.05,39.05,11.69,Standard,Bank Transfer
O008405,2024-10-23,C02697,P0048,2,56.66,0.0,113.32,45.9,Same Day,Credit Card
O004304,2024-10-23,C01381,P0018,1,34.96,0.1,31.46,10.1,Standard,UPI
O008090,2024-10-23,C02275,P0022,2,24.61,0.1,44.3,11.36,Same Day,UPI
O010190,2024-10-23,C00701,P0064,2,13.1,0.0,26.2,11.7,Second Class,UPI
O000793,2024-10-23,C02379,P0086,1,20.57,0.3,14.4,2.78,Second Class,UPI
O006797,2024-10-23,C01295,P0059,2,35.35,0.15,60.09,6.39,Second Class,UPI
O009714,2024-10-23,C01149,P0018,1,34.96,0.1,31.46,10.1,Standard,UPI
O011849,2024-10-24,C02055,P0151,1,33.54,0.05,31.86,7.38,Same Day,Debit Card
O006127,2024-10-24,C02937,P0153,3,18.32,0.2,43.97,12.32,Standard,Bank Transfer
O004704,2024-10-24,C01295,P0135,2,15.68,0.15,26.66,9.52,Same Day,UPI
O004928,2024-10-24,C00481,P0113,1,29.64,0.1,26.68,6.05,First Class,Debit Card
O011428,2024-10-24,C00977,P0075,1,5.19,0.0,5.19,1.3,Second Class,Credit Card
O007796,2024-10-24,C01926,P0049,3,35.64,0.1,96.23,31.25,First Class,Credit Card
O011600,2024-10-24,C02909,P0172,2,16.77,0.05,31.86,5.54,Second Class,PayPal
O001729,2024-10-24,C02870,P0125,1,41.74,0.15,35.48,2.1,First Class,Credit Card
O011735,2024-10-24,C02482,P0172,4,16.77,0.0,67.08,14.44,Second Class,UPI
O008693,2024-10-24,C02033,P0133,1,14.29,0.1,12.86,1.33,Same Day,PayPal
O007177,2024-10-24,C03430,P0034,1,14.33,0.15,12.18,1.88,Standard,Bank Transfer
O005405,2024-10-25,C01831,P0089,1,20.2,0.1,18.18,3.95,Standard,PayPal
O009367,2024-10-25,C00518,P0069,1,36.06,0.3,25.24,1.3,Second Class,Debit Card
O010134,2024-10-25,C01839,P0052,1,22.19,0.05,21.08,10.16,First Class,Credit Card
O008785,2024-10-25,C01279,P0088,1,35.29,0.1,31.76,6.25,Second Class,PayPal
O009289,2024-10-25,C00668,P0074,1,78.81,0.1,70.93,24.45,Standard,UPI
O010652,2024-10-25,C00725,P0091,1,30.36,0.05,28.84,4.41,Second Class,Credit Card
O011816,2024-10-25,C03351,P0069,2,36.06,0.1,64.91,17.03,First Class,PayPal
O011061,2024-10-25,C03281,P0071,2,36.05,0.15,61.28,8.88,Second Class,Credit Card
O006443,2024-10-25,C02073,P0040,2,32.39,0.05,61.54,10.34,Second Class,PayPal
O004909,2024-10-25,C01416,P0141,1,33.04,0.05,31.39,14.73,Standard,Bank Transfer
O003715,2024-10-25,C01498,P0168,1,97.8,0.1,88.02,11.06,Same Day,UPI
O005467,2024-10-25,C03323,P0154,2,33.15,0.1,59.67,23.85,Second Class,Credit Card
O011177,2024-10-25,C02306,P0142,1,66.66,0.0,66.66,27.43,Standard,Bank Transfer
O007319,2024-10-25,C01889,P0121,5,47.66,0.1,214.47,94.37,Second Class,UPI
O004645,2024-10-26,C01198,P0154,1,33.15,0.2,26.52,8.61,First Class,PayPal
O003627,2024-10-26,C02717,P0043,3,26.44,0.15,67.42,7.81,First Class,Debit Card
O011116,2024-10-26,C01784,P0058,1,23.31,0.15,19.81,8.33,Same Day,Debit Card
O010952,2024-10-26,C02027,P0051,1,35.19,0.1,31.67,7.86,Standard,UPI
O006192,2024-10-26,C02121,P0086,2,20.57,0.2,32.91,9.67,Standard,PayPal
O011403,2024-10-26,C01452,P0130,1,20.55,0.1,18.5,4.82,Standard,Debit Card
O000032,2024-10-26,C02736,P0082,3,35.95,0.05,102.46,25.18,Same Day,Debit Card
O011074,2024-10-26,C00825,P0133,1,14.29,0.0,14.29,2.76,Standard,Debit Card
O006102,2024-10-26,C03104,P0171,2,15.99,0.1,28.78,9.94,Second Class,PayPal
O004278,2024-10-26,C02135,P0158,2,38.78,0.0,77.56,29.46,First Class,Bank Transfer
O002994,2024-10-26,C02501,P0169,1,24.3,0.0,24.3,8.46,Standard,Credit Card
O000709,2024-10-26,C00263,P0158,1,38.78,0.0,38.78,14.73,First Class,Debit Card
O009590,2024-10-26,C00007,P0011,2,21.09,0.2,33.74,13.28,Standard,PayPal
O010034,2024-10-26,C02243,P0116,2,34.67,0.15,58.94,10.9,Second Class,Credit Card
O011043,2024-10-26,C01036,P0144,1,32.14,0.0,32.14,16.46,Standard,Credit Card
O008990,2024-10-26,C01464,P0105,2,25.67,0.0,51.34,18.42,First Class,Credit Card
O000901,2024-10-26,C00148,P0085,1,16.85,0.0,16.85,7.87,Second Class,Debit Card
O007010,2024-10-26,C01863,P0012,1,21.06,0.0,21.06,4.3,Same Day,Bank Transfer
O003483,2024-10-26,C03257,P0086,3,20.57,0.0,61.71,26.85,First Class,Credit Card
O003323,2024-10-26,C03052,P0096,1,11.01,0.05,10.46,4.25,First Class,Bank Transfer
O004365,2024-10-26,C00919,P0016,3,19.78,0.15,50.44,4.75,Same Day,Bank Transfer
O007854,2024-10-27,C01119,P0014,5,8.22,0.0,41.1,7.85,Same Day,PayPal
O009294,2024-10-27,C00279,P0121,1,47.66,0.05,45.28,21.26,First Class,Credit Card
O009504,2024-10-27,C03126,P0101,2,11.36,0.3,15.9,4.64,Second Class,PayPal
O006032,2024-10-27,C02752,P0039,1,12.02,0.05,11.42,2.11,Standard,UPI
O007551,2024-10-27,C02831,P0151,1,33.54,0.0,33.54,9.06,Standard,PayPal
O001890,2024-10-27,C02733,P0077,1,30.16,0.2,24.13,5.15,Second Class,Debit Card
O010980,2024-10-27,C01993,P0100,1,24.47,0.0,24.47,11.76,Standard,UPI
O005295,2024-10-27,C01941,P0061,1,20.87,0.2,16.7,5.78,Same Day,UPI
O005771,2024-10-27,C00591,P0021,1,73.9,0.0,73.9,34.17,First Class,Bank Transfer
O001775,2024-10-27,C01060,P0090,1,39.79,0.2,31.83,8.94,Same Day,Credit Card
O007062,2024-10-27,C00447,P0131,3,10.4,0.05,29.64,4.68,Same Day,PayPal
O007119,2024-10-27,C01486,P0167,2,48.63,0.05,92.4,42.3,Second Class,PayPal
O001152,2024-10-27,C02362,P0091,1,30.36,0.0,30.36,5.93,First Class,Credit Card
O000361,2024-10-27,C02004,P0178,1,73.32,0.05,69.65,10.77,First Class,UPI
O008453,2024-10-27,C02095,P0111,1,8.19,0.15,6.96,1.92,Second Class,Credit Card
O001354,2024-10-27,C02271,P0073,2,27.85,0.0,55.7,19.18,First Class,Credit Card
O004708,2024-10-28,C01828,P0110,2,27.16,0.0,54.32,20.24,Same Day,Bank Transfer
O010211,2024-10-28,C02893,P0078,2,23.47,0.1,42.25,18.47,First Class,Credit Card
O001220,2024-10-28,C02276,P0093,2,18.06,0.0,36.12,11.98,Second Class,PayPal
O005632,2024-10-28,C00566,P0178,1,73.32,0.1,65.99,7.11,Same Day,Bank Transfer
O010333,2024-10-28,C03068,P0079,1,30.25,0.0,30.25,15.47,Second Class,Credit Card
O001649,2024-10-28,C02558,P0153,3,18.32,0.1,49.46,17.81,Second Class,UPI
O004374,2024-10-28,C00625,P0148,1,12.08,0.15,10.27,1.61,Second Class,UPI
O006607,2024-10-28,C03142,P0144,4,32.14,0.1,115.7,52.98,Standard,Credit Card
O009015,2024-10-28,C03498,P0135,2,15.68,0.05,29.79,12.65,Same Day,Bank Transfer
O003772,2024-10-28,C01877,P0170,1,17.46,0.0,17.46,4.17,Second Class,UPI
O004445,2024-10-28,C02846,P0166,1,37.27,0.2,29.82,2.37,Same Day,Debit Card
O002403,2024-10-28,C03437,P0165,1,53.31,0.0,53.31,14.11,Standard,Credit Card
O006387,2024-10-28,C01469,P0065,1,48.33,0.0,48.33,14.9,Second Class,Debit Card
O007516,2024-10-29,C02313,P0005,2,24.48,0.1,44.06,9.82,Second Class,Credit Card
O002027,2024-10-29,C01403,P0147,2,12.76,0.2,20.42,7.14,First Class,Debit Card
O004561,2024-10-29,C02283,P0051,1,35.19,0.2,28.15,4.34,Second Class,Credit Card
O002579,2024-10-29,C02589,P0043,3,26.44,0.0,79.32,19.71,Standard,Bank Transfer
O010800,2024-10-29,C00676,P0157,1,95.85,0.0,95.85,17.56,Same Day,Debit Card
O004401,2024-10-29,C02979,P0016,2,19.78,0.05,37.58,7.12,Standard,Bank Transfer
O001557,2024-10-29,C01188,P0047,1,21.13,0.2,16.9,0.36,Standard,Debit Card
O008058,2024-10-29,C03482,P0129,1,30.41,0.05,28.89,9.56,Second Class,Bank Transfer
O010589,2024-10-29,C01875,P0145,2,33.75,0.1,60.75,9.65,Same Day,Bank Transfer
O004953,2024-10-29,C00514,P0098,4,33.77,0.1,121.57,21.93,Second Class,PayPal
O008201,2024-10-29,C00920,P0049,2,35.64,0.15,60.59,17.27,Same Day,UPI
O011426,2024-10-29,C01280,P0083,5,74.49,0.1,335.2,104.65,Second Class,PayPal
O006191,2024-10-29,C01456,P0012,3,21.06,0.05,60.02,9.74,First Class,Bank Transfer
O010680,2024-10-29,C01444,P0139,2,48.37,0.0,96.74,47.2,Standard,Debit Card
O003616,2024-10-30,C00059,P0044,1,23.44,0.2,18.75,2.32,First Class,PayPal
O008267,2024-10-30,C03450,P0162,1,47.54,0.0,47.54,9.68,First Class,PayPal
O011837,2024-10-30,C02280,P0115,5,25.15,0.2,100.6,24.2,First Class,Credit Card
O010006,2024-10-30,C00114,P0089,3,20.2,0.0,60.6,17.91,Standard,Credit Card
O003871,2024-10-30,C01457,P0085,2,16.85,0.2,26.96,9.0,First Class,PayPal
O006233,2024-10-30,C01465,P0102,2,21.68,0.2,34.69,13.27,Same Day,UPI
O003912,2024-10-30,C00328,P0127,2,14.97,0.15,25.45,7.13,Same Day,UPI
O008077,2024-10-30,C01786,P0155,3,34.48,0.1,93.1,17.05,Standard,Bank Transfer
O009932,2024-10-30,C02072,P0170,2,17.46,0.1,31.43,4.85,Second Class,PayPal
O008806,2024-10-30,C03210,P0054,1,42.42,0.1,38.18,9.99,Standard,PayPal
O003471,2024-10-30,C01613,P0097,1,34.55,0.2,27.64,6.87,Second Class,Bank Transfer
O001735,2024-10-30,C01108,P0170,1,17.46,0.0,17.46,4.17,First Class,PayPal
O010309,2024-10-30,C00994,P0051,2,35.19,0.15,59.82,12.2,Standard,PayPal
O011461,2024-10-30,C02860,P0004,1,76.71,0.1,69.04,31.59,First Class,Credit Card
O007741,2024-10-30,C00287,P0020,2,11.38,0.1,20.48,7.1,Standard,Credit Card
O001937,2024-10-30,C00121,P0046,1,17.85,0.05,16.96,3.56,Standard,Credit Card
O007442,2024-10-30,C03233,P0058,1,23.31,0.05,22.14,10.66,First Class,UPI
O003968,2024-10-30,C02051,P0111,1,8.19,0.1,7.37,2.33,First Class,UPI
O008622,2024-10-30,C01446,P0044,2,23.44,0.2,37.5,4.64,Standard,Bank Transfer
O007736,2024-10-31,C01375,P0168,2,97.8,0.05,185.82,31.9,First Class,Debit Card
O010398,2024-10-31,C01914,P0042,1,31.86,0.15,27.08,6.35,Standard,Credit Card
O008543,2024-10-31,C00051,P0099,2,28.6,0.0,57.2,29.46,Standard,Credit Card
O007149,2024-10-31,C01426,P0034,2,14.33,0.05,27.23,6.63,Second Class,UPI
O000687,2024-10-31,C03141,P0139,1,48.37,0.0,48.37,23.6,Standard,Credit Card
O007695,2024-10-31,C01394,P0169,1,24.3,0.1,21.87,6.03,First Class,Debit Card
O009898,2024-10-31,C00142,P0070,1,18.74,0.0,18.74,5.68,Standard,UPI
O005920,2024-10-31,C03134,P0133,2,14.29,0.05,27.15,4.09,Second Class,Credit Card
O008456,2024-10-31,C01720,P0034,4,14.33,0.05,54.45,13.25,Standard,Credit Card
O009993,2024-10-31,C03049,P0057,1,16.52,0.0,16.52,8.42,Same Day,Credit Card
O004713,2024-10-31,C02375,P0155,1,34.48,0.05,32.76,7.41,First Class,Bank Transfer
O004558,2024-10-31,C00433,P0045,3,10.9,0.0,32.7,9.21,First Class,Bank Transfer
O003234,2024-10-31,C03497,P0107,1,97.13,0.1,87.42,24.56,Second Class,Credit Card
O005173,2024-11-01,C02783,P0089,1,20.2,0.1,18.18,3.95,Same Day,Debit Card
O010535,2024-11-01,C02525,P0120,2,46.47,0.15,79.0,29.24,First Class,Bank Transfer
O001146,2024-11-01,C00495,P0148,1,12.08,0.15,10.27,1.61,Second Class,Bank Transfer
O007418,2024-11-01,C01545,P0122,4,15.78,0.1,56.81,12.73,First Class,Debit Card
O006502,2024-11-01,C00107,P0009,4,21.01,0.15,71.43,4.95,Standard,Bank Transfer
O001972,2024-11-01,C02562,P0077,1,30.16,0.1,27.14,8.16,First Class,Credit Card
O007520,2024-11-01,C02441,P0137,1,17.13,0.05,16.27,7.46,Standard,PayPal
O006918,2024-11-01,C01650,P0134,4,38.78,0.1,139.61,17.41,Second Class,PayPal
O009299,2024-11-01,C02776,P0165,1,53.31,0.0,53.31,14.11,Second Class,Debit Card
O008516,2024-11-01,C02376,P0073,1,27.85,0.0,27.85,9.59,Second Class,PayPal
O003455,2024-11-01,C00112,P0157,1,95.85,0.05,91.06,12.77,First Class,Bank Transfer
O008879,2024-11-01,C00083,P0051,2,35.19,0.3,49.27,1.65,First Class,UPI
O006075,2024-11-01,C00845,P0006,1,24.48,0.15,20.81,7.59,Same Day,Debit Card
O008829,2024-11-01,C01233,P0127,1,14.97,0.05,14.22,5.06,Same Day,Bank Transfer
O004216,2024-11-01,C00929,P0155,3,34.48,0.0,103.44,27.39,Same Day,PayPal
O009795,2024-11-01,C03381,P0099,1,28.6,0.05,27.17,13.3,Standard,Debit Card
O007852,2024-11-01,C02783,P0080,1,7.83,0.1,7.05,0.73,Second Class,Credit Card
O009796,2024-11-01,C02111,P0039,4,12.02,0.0,48.08,10.84,Same Day,Debit Card
O003320,2024-11-01,C03111,P0079,1,30.25,0.15,25.71,10.93,Standard,PayPal
O003926,2024-11-01,C02066,P0179,1,24.0,0.1,21.6,2.32,Standard,Credit Card
O002496,2024-11-01,C00795,P0099,2,28.6,0.05,54.34,26.6,First Class,Debit Card
O009549,2024-11-01,C02419,P0127,3,14.97,0.2,35.93,8.45,Standard,Debit Card
O007032,2024-11-02,C03496,P0073,4,27.85,0.1,100.26,27.22,First Class,Debit Card
O007443,2024-11-02,C00071,P0032,1,95.01,0.15,80.76,11.23,First Class,Credit Card
O003301,2024-11-02,C03094,P0157,2,95.85,0.1,172.53,15.95,Standard,Credit Card
O001620,2024-11-02,C01400,P0129,1,30.41,0.1,27.37,8.04,Standard,PayPal
O004174,2024-11-02,C00636,P0050,2,9.06,0.0,18.12,8.84,Standard,Bank Transfer
O010569,2024-11-02,C02465,P0064,4,13.1,0.15,44.54,15.54,Standard,Debit Card
O004976,2024-11-02,C03015,P0142,1,66.66,0.0,66.66,27.43,First Class,Credit Card
O004870,2024-11-02,C03481,P0006,4,24.48,0.1,88.13,35.25,Second Class,UPI
O001961,2024-11-02,C01660,P0043,2,26.44,0.0,52.88,13.14,Second Class,UPI
O004762,2024-11-02,C01313,P0099,3,28.6,0.1,77.22,35.61,Second Class,Credit Card
O010197,2024-11-02,C00395,P0045,1,10.9,0.0,10.9,3.07,First Class,Bank Transfer
O006734,2024-11-02,C00898,P0095,1,22.09,0.15,18.78,5.03,Same Day,Bank Transfer
O004749,2024-11-02,C01458,P0112,1,28.02,0.0,28.02,8.7,Second Class,Credit Card
O006555,2024-11-02,C00323,P0072,1,77.46,0.0,77.46,14.58,First Class,PayPal
O000835,2024-11-02,C00421,P0094,1,23.04,0.1,20.74,4.89,Standard,Credit Card
O008888,2024-11-02,C01294,P0033,2,28.25,0.1,50.85,10.35,Standard,UPI
O006984,2024-11-02,C01145,P0032,2,95.01,0.05,180.52,41.46,Standard,PayPal
O005340,2024-11-03,C01410,P0118,2,13.33,0.1,23.99,3.43,Standard,PayPal
O009856,2024-11-03,C03155,P0013,2,33.36,0.05,63.38,21.64,First Class,UPI
O008343,2024-11-03,C02583,P0002,4,26.05,0.0,104.2,28.6,First Class,PayPal
O006852,2024-11-03,C01895,P0021,1,73.9,0.0,73.9,34.17,First Class,Bank Transfer
O007714,2024-11-03,C01176,P0006,2,24.48,0.1,44.06,17.62,First Class,Credit Card
O009408,2024-11-03,C03150,P0096,1,11.01,0.05,10.46,4.25,Second Class,Credit Card
O005510,2024-11-03,C01064,P0099,2,28.6,0.0,57.2,29.46,First Class,UPI
O002132,2024-11-03,C03485,P0024,2,11.29,0.1,20.32,4.14,Same Day,PayPal
O009366,2024-11-03,C01617,P0127,1,14.97,0.1,13.47,4.31,Same Day,PayPal
O002549,2024-11-03,C01183,P0147,1,12.76,0.0,12.76,6.12,Same Day,Credit Card
O010449,2024-11-03,C00345,P0103,1,22.81,0.05,21.67,4.09,Standard,UPI
O009576,2024-11-03,C01729,P0087,3,51.68,0.2,124.03,20.65,Standard,Debit Card
O006258,2024-11-03,C00285,P0047,1,21.13,0.05,20.07,3.53,First Class,Debit Card
O000971,2024-11-03,C03128,P0064,1,13.1,0.15,11.13,3.88,First Class,PayPal
O008666,2024-11-03,C00761,P0030,5,23.58,0.05,112.0,34.65,First Class,Bank Transfer
O010018,2024-11-03,C01993,P0029,1,19.29,0.05,18.33,8.15,Same Day,UPI
O000582,2024-11-03,C02425,P0042,3,31.86,0.0,95.58,33.39,First Class,Bank Transfer
O005714,2024-11-03,C03095,P0065,1,48.33,0.1,43.5,10.07,Same Day,Credit Card
O004567,2024-11-03,C01775,P0041,2,46.06,0.1,82.91,22.67,Same Day,UPI
O011377,2024-11-03,C02782,P0059,2,35.35,0.1,63.63,9.93,First Class,Bank Transfer
O008002,2024-11-03,C01992,P0134,1,38.78,0.3,27.15,-3.4,Standard,Debit Card
O009349,2024-11-03,C02037,P0008,2,46.94,0.0,93.88,18.36,First Class,PayPal
O005411,2024-11-03,C02152,P0094,3,23.04,0.15,58.75,11.2,Same Day,UPI
O006534,2024-11-04,C02701,P0074,5,78.81,0.1,354.65,122.25,Standard,Debit Card
O004418,2024-11-04,C00588,P0139,1,48.37,0.0,48.37,23.6,Same Day,PayPal
O008119,2024-11-04,C02729,P0032,1,95.01,0.1,85.51,15.98,Same Day,UPI
O006108,2024-11-04,C01507,P0003,1,43.42,0.1,39.08,14.09,First Class,Credit Card
O006235,2024-11-04,C01469,P0171,1,15.99,0.05,15.19,5.77,Same Day,Bank Transfer
O010591,2024-11-04,C00661,P0070,1,18.74,0.1,16.87,3.81,Standard,PayPal
O002741,2024-11-04,C02496,P0065,1,48.33,0.1,43.5,10.07,Second Class,PayPal
O005791,2024-11-04,C01292,P0178,1,73.32,0.0,73.32,14.44,Same Day,Credit Card
O011035,2024-11-04,C00490,P0034,1,14.33,0.1,12.9,2.6,Same Day,Credit Card
O005294,2024-11-04,C01283,P0009,1,21.01,0.05,19.96,3.34,Standard,Credit Card
O002856,2024-11-04,C01367,P0006,3,24.48,0.15,62.42,22.76,Second Class,UPI
O010456,2024-11-04,C00650,P0147,2,12.76,0.0,25.52,12.24,Same Day,Debit Card
O010606,2024-11-04,C03226,P0071,1,36.05,0.1,32.45,6.25,First Class,Debit Card
O009669,2024-11-04,C03366,P0005,1,24.48,0.1,22.03,4.91,First Class,Bank Transfer
O001144,2024-11-04,C03063,P0168,3,97.8,0.1,264.06,33.18,Standard,Debit Card
O010222,2024-11-04,C00575,P0135,1,15.68,0.0,15.68,7.11,Standard,Debit Card
O003491,2024-11-04,C03129,P0153,2,18.32,0.05,34.81,13.71,Second Class,Bank Transfer
O000375,2024-11-04,C02473,P0120,3,46.47,0.05,132.44,57.8,Same Day,UPI
O007668,2024-11-04,C02552,P0021,2,73.9,0.15,125.63,46.17,Second Class,Credit Card
O003391,2024-11-04,C02624,P0016,1,19.78,0.3,13.85,-1.38,Second Class,Bank Transfer
O003409,2024-11-05,C01196,P0178,1,73.32,0.1,65.99,7.11,Standard,Bank Transfer
O002712,2024-11-05,C03043,P0062,2,25.26,0.15,42.94,9.72,Standard,PayPal
O007256,2024-11-05,C03302,P0027,4,13.49,0.1,48.56,11.36,First Class,Debit Card
O009098,2024-11-05,C00085,P0009,1,21.01,0.05,19.96,3.34,Second Class,PayPal
O001712,2024-11-05,C00108,P0092,1,53.5,0.1,48.15,9.05,Second Class,Credit Card
O003529,2024-11-05,C01630,P0126,1,118.37,0.0,118.37,38.39,First Class,PayPal
O010141,2024-11-05,C00137,P0160,2,43.67,0.0,87.34,22.36,Standard,UPI
O000269,2024-11-05,C00046,P0089,2,20.2,0.0,40.4,11.94,First Class,PayPal
O006769,2024-11-05,C01342,P0015,3,9.29,0.1,25.08,2.58,Same Day,Credit Card
O010716,2024-11-05,C00944,P0145,1,33.75,0.15,28.69,3.14,Second Class,Credit Card
O002565,2024-11-05,C01789,P0023,1,29.78,0.05,28.29,4.52,First Class,PayPal
O004261,2024-11-05,C00654,P0024,3,11.29,0.1,30.48,6.21,Same Day,Debit Card
O003773,2024-11-05,C03289,P0163,2,60.53,0.05,115.01,21.57,Standard,Credit Card
O010686,2024-11-05,C03331,P0164,5,16.72,0.15,71.06,18.76,Standard,Credit Card
O008308,2024-11-05,C02248,P0048,1,56.66,0.15,48.16,14.45,Standard,Bank Transfer
O009283,2024-11-05,C02235,P0127,2,14.97,0.1,26.95,8.63,Standard,PayPal
O008799,2024-11-05,C00096,P0062,1,25.26,0.0,25.26,8.65,Same Day,Bank Transfer
O001006,2024-11-05,C00719,P0102,1,21.68,0.0,21.68,10.97,First Class,Debit Card
O007333,2024-11-05,C02336,P0163,1,60.53,0.0,60.53,13.81,Standard,UPI
O010181,2024-11-06,C02936,P0084,1,20.35,0.1,18.32,7.35,First Class,Bank Transfer
O001966,2024-11-06,C01703,P0055,1,55.71,0.15,47.35,15.18,Same Day,Debit Card
O000014,2024-11-06,C03460,P0152,1,35.7,0.1,32.13,5.24,First Class,Credit Card
O000156,2024-11-06,C02330,P0065,1,48.33,0.0,48.33,14.9,Second Class,Bank Transfer
O000295,2024-11-06,C03110,P0133,1,14.29,0.1,12.86,1.33,Same Day,UPI
O002545,2024-11-06,C01675,P0156,1,17.92,0.0,17.92,4.4,Second Class,Bank Transfer
O011709,2024-11-06,C02346,P0124,2,11.46,0.0,22.92,7.36,Second Class,Credit Card
O004402,2024-11-06,C00502,P0026,2,30.63,0.1,55.13,23.71,First Class,Debit Card
O004453,2024-11-06,C01069,P0083,1,74.49,0.1,67.04,20.93,First Class,Bank Transfer
O005787,2024-11-06,C00864,P0117,1,27.87,0.15,23.69,5.54,Second Class,Debit Card
O008664,2024-11-07,C01703,P0024,2,11.29,0.0,22.58,6.4,Standard,Debit Card
O009343,2024-11-07,C01313,P0145,1,33.75,0.3,23.62,-1.93,First Class,UPI
O009791,2024-11-07,C01799,P0156,1,17.92,0.0,17.92,4.4,Standard,Credit Card
O009499,2024-11-07,C00584,P0067,1,27.2,0.05,25.84,12.31,Standard,Bank Transfer
O011989,2024-11-07,C02192,P0066,1,68.82,0.1,61.94,26.91,First Class,Credit Card
O009513,2024-11-07,C00266,P0050,1,9.06,0.05,8.61,3.97,Second Class,Credit Card
O004230,2024-11-07,C02136,P0158,1,38.78,0.15,32.96,8.91,Second Class,Bank Transfer
O000801,2024-11-07,C00427,P0118,2,13.33,0.0,26.66,6.1,Same Day,Credit Card
O008534,2024-11-07,C01437,P0074,1,78.81,0.0,78.81,32.33,Second Class,Credit Card
O003413,2024-11-07,C00088,P0096,1,11.01,0.2,8.81,2.6,Second Class,UPI
O007239,2024-11-07,C01909,P0055,1,55.71,0.0,55.71,23.54,Same Day,Bank Transfer
O011614,2024-11-07,C02296,P0014,2,8.22,0.0,16.44,3.14,Same Day,Debit Card
O006518,2024-11-07,C00653,P0099,2,28.6,0.0,57.2,29.46,First Class,Debit Card
O002111,2024-11-07,C01245,P0123,1,70.94,0.0,70.94,36.25,Second Class,Debit Card
O009183,2024-11-07,C00218,P0176,2,48.8,0.0,97.6,47.72,Same Day,Debit Card
O003939,2024-11-08,C00867,P0097,4,34.55,0.15,117.47,34.39,Second Class,Bank Transfer
O004328,2024-11-08,C00253,P0008,3,46.94,0.05,133.78,20.5,Same Day,UPI
O003776,2024-11-08,C01732,P0169,1,24.3,0.05,23.09,7.25,Standard,Bank Transfer
O003041,2024-11-08,C00356,P0016,1,19.78,0.05,18.79,3.56,Same Day,UPI
O003329,2024-11-08,C01627,P0133,2,14.29,0.0,28.58,5.52,Same Day,PayPal
O011973,2024-11-08,C01107,P0153,1,18.32,0.15,15.57,5.02,Second Class,Bank Transfer
O004104,2024-11-08,C00243,P0096,2,11.01,0.05,20.92,8.5,First Class,Credit Card
O005316,2024-11-08,C00980,P0146,2,47.38,0.2,75.81,21.25,Second Class,PayPal
O006829,2024-11-08,C00289,P0160,1,43.67,0.15,37.12,4.63,Second Class,Debit Card
O001397,2024-11-08,C03379,P0078,1,23.47,0.1,21.12,9.23,First Class,PayPal
O001325,2024-11-08,C01193,P0068,2,54.72,0.1,98.5,26.2,Standard,Bank Transfer
O003981,2024-11-08,C03081,P0016,2,19.78,0.3,27.69,-2.77,Standard,Debit Card
O000062,2024-11-08,C00227,P0044,2,23.44,0.1,42.19,9.33,Same Day,PayPal
O004518,2024-11-08,C00958,P0099,1,28.6,0.15,24.31,10.44,First Class,UPI
O005064,2024-11-08,C02906,P0118,1,13.33,0.1,12.0,1.72,First Class,Debit Card
O005192,2024-11-08,C02175,P0162,2,47.54,0.05,90.33,14.61,Same Day,Credit Card
O005706,2024-11-08,C02203,P0058,3,23.31,0.15,59.44,25.0,Standard,Debit Card
O007113,2024-11-08,C01840,P0009,1,21.01,0.05,19.96,3.34,Same Day,UPI
O007705,2024-11-08,C02795,P0038,1,7.97,0.3,5.58,-0.44,Same Day,UPI
O008708,2024-11-09,C01429,P0032,1,95.01,0.15,80.76,11.23,Standard,Debit Card
O010520,2024-11-09,C01561,P0135,3,15.68,0.05,44.69,18.98,First Class,Debit Card
O002699,2024-11-09,C03359,P0039,3,12.02,0.0,36.06,8.13,Same Day,UPI
O001468,2024-11-09,C01580,P0090,2,39.79,0.15,67.64,21.86,First Class,UPI
O002557,2024-11-09,C02700,P0034,1,14.33,0.0,14.33,4.03,Standard,Debit Card
O005288,2024-11-09,C02723,P0127,1,14.97,0.2,11.98,2.82,Second Class,Debit Card
O004626,2024-11-09,C00221,P0140,2,12.81,0.05,24.34,6.1,Same Day,Bank Transfer
O003227,2024-11-09,C00575,P0055,1,55.71,0.1,50.14,17.97,Standard,Bank Transfer
O004549,2024-11-10,C03268,P0074,1,78.81,0.15,66.99,20.51,Standard,UPI
O007800,2024-11-10,C03108,P0116,1,34.67,0.0,34.67,10.65,Same Day,Credit Card
O005800,2024-11-10,C00580,P0149,1,40.02,0.1,36.02,8.25,Standard,Credit Card
O009517,2024-11-10,C02408,P0115,2,25.15,0.2,40.24,9.68,Standard,UPI
O005845,2024-11-10,C00362,P0076,3,48.63,0.2,116.71,33.25,Second Class,Bank Transfer
O003325,2024-11-10,C00673,P0122,1,15.78,0.3,11.05,0.03,Second Class,PayPal
O005798,2024-11-10,C00667,P0090,1,39.79,0.1,35.81,12.92,Same Day,Bank Transfer
O004243,2024-11-10,C03486,P0073,1,27.85,0.0,27.85,9.59,Second Class,UPI
O009765,2024-11-10,C01466,P0054,1,42.42,0.3,29.69,1.5,First Class,Debit Card
O004450,2024-11-10,C03444,P0164,1,16.72,0.3,11.7,1.24,Standard,Bank Transfer
O006227,2024-11-10,C02082,P0133,2,14.29,0.0,28.58,5.52,First Class,Debit Card
O000436,2024-11-10,C01244,P0180,3,167.02,0.1,450.95,112.76,Second Class,Credit Card
O008314,2024-11-10,C02828,P0177,1,28.74,0.15,24.43,7.51,Standard,Bank Transfer
O002189,2024-11-10,C01289,P0111,1,8.19,0.0,8.19,3.15,Second Class,Bank Transfer
O010992,2024-11-10,C01163,P0032,1,95.01,0.1,85.51,15.98,Standard,Credit Card
O004847,2024-11-10,C00798,P0174,2,35.58,0.15,60.49,26.07,Same Day,UPI
O003127,2024-11-10,C02675,P0137,1,17.13,0.0,17.13,8.32,Standard,PayPal
O011873,2024-11-11,C02637,P0056,1,52.21,0.0,52.21,16.66,Standard,Bank Transfer
O001180,2024-11-11,C01664,P0100,2,24.47,0.2,39.15,13.73,First Class,Debit Card
O011741,2024-11-11,C02400,P0106,3,37.06,0.0,111.18,54.12,Standard,UPI
O002234,2024-11-11,C03062,P0012,2,21.06,0.15,35.8,2.28,Second Class,PayPal
O007041,2024-11-11,C01778,P0097,1,34.55,0.2,27.64,6.87,First Class,PayPal
O004543,2024-11-11,C03006,P0052,3,22.19,0.15,56.58,23.82,Standard,PayPal
O007168,2024-11-11,C00926,P0177,2,28.74,0.0,57.48,23.64,Same Day,Debit Card
O000173,2024-11-11,C01844,P0151,1,33.54,0.1,30.19,5.71,Same Day,Credit Card
O000502,2024-11-11,C01579,P0034,1,14.33,0.0,14.33,4.03,Second Class,Credit Card
O010615,2024-11-11,C00483,P0056,1,52.21,0.0,52.21,16.66,Second Class,Debit Card
O009249,2024-11-11,C00015,P0141,5,33.04,0.15,140.42,57.12,First Class,Bank Transfer
O007557,2024-11-11,C00748,P0029,2,19.29,0.15,32.79,12.43,Same Day,PayPal
O007313,2024-11-11,C02150,P0026,1,30.63,0.2,24.5,8.79,Second Class,Bank Transfer
O004199,2024-11-11,C02719,P0165,1,53.31,0.0,53.31,14.11,Second Class,UPI
O010768,2024-11-12,C03208,P0078,1,23.47,0.15,19.95,8.06,First Class,Credit Card
O003181,2024-11-12,C01082,P0166,4,37.27,0.1,134.17,24.37,First Class,Bank Transfer
O002743,2024-11-12,C02904,P0158,1,38.78,0.05,36.84,12.79,First Class,Bank Transfer
O008949,2024-11-12,C02656,P0138,1,23.12,0.1,20.81,9.57,Same Day,Debit Card
O005727,2024-11-12,C01937,P0117,1,27.87,0.0,27.87,9.72,First Class,PayPal
O001583,2024-11-12,C01139,P0044,1,23.44,0.05,22.27,5.84,First Class,UPI
O010178,2024-11-12,C00702,P0101,2,11.36,0.1,20.45,9.19,Same Day,UPI
O005150,2024-11-12,C02002,P0003,1,43.42,0.1,39.08,14.09,Same Day,PayPal
O002846,2024-11-12,C02163,P0161,2,15.13,0.15,25.72,7.68,Same Day,PayPal
O006649,2024-11-12,C03334,P0129,1,30.41,0.0,30.41,11.08,Standard,PayPal
O002009,2024-11-12,C02592,P0105,2,25.67,0.3,35.94,3.02,Same Day,Credit Card
O003189,2024-11-12,C01955,P0104,2,16.92,0.15,28.76,4.42,First Class,Credit Card
O005551,2024-11-12,C03469,P0104,2,16.92,0.0,33.84,9.5,First Class,PayPal
O003239,2024-11-12,C03321,P0135,3,15.68,0.1,42.34,16.63,Same Day,Debit Card
O003938,2024-11-12,C01666,P0032,3,95.01,0.05,270.78,62.19,Standard,PayPal
O003228,2024-11-12,C02108,P0133,4,14.29,0.15,48.59,2.47,Standard,Credit Card
O001308,2024-11-13,C02318,P0163,1,60.53,0.1,54.48,7.76,Second Class,Credit Card
O011590,2024-11-13,C01226,P0171,1,15.99,0.05,15.19,5.77,First Class,UPI
O006136,2024-11-13,C01035,P0028,1,36.39,0.0,36.39,6.67,Same Day,UPI
O007798,2024-11-13,C02132,P0110,1,27.16,0.1,24.44,7.4,Standard,Debit Card
O003481,2024-11-13,C03398,P0137,2,17.13,0.05,32.55,14.93,Standard,PayPal
O011662,2024-11-13,C03110,P0047,1,21.13,0.1,19.02,2.48,Standard,Debit Card
O008261,2024-11-13,C00445,P0057,1,16.52,0.1,14.87,6.77,Second Class,Debit Card
O007612,2024-11-13,C02859,P0093,1,18.06,0.2,14.45,2.38,Standard,Bank Transfer
O007855,2024-11-13,C02842,P0104,1,16.92,0.2,13.54,1.37,Second Class,PayPal
O004658,2024-11-13,C01958,P0014,1,8.22,0.05,7.81,1.16,Same Day,Bank Transfer
O011224,2024-11-13,C02422,P0033,1,28.25,0.05,26.84,6.59,Second Class,Debit Card
O000641,2024-11-14,C01139,P0158,1,38.78,0.2,31.02,6.97,First Class,UPI
O009240,2024-11-14,C01865,P0004,1,76.71,0.1,69.04,31.59,Standard,PayPal
O001169,2024-11-14,C00502,P0104,2,16.92,0.15,28.76,4.42,Standard,UPI
O002388,2024-11-14,C01492,P0093,1,18.06,0.05,17.16,5.09,Same Day,Credit Card
O009247,2024-11-14,C01843,P0004,2,76.71,0.0,153.42,78.52,Same Day,UPI
O005886,2024-11-14,C00886,P0057,1,16.52,0.1,14.87,6.77,Same Day,UPI
O007938,2024-11-14,C02184,P0153,2,18.32,0.0,36.64,15.54,Second Class,Debit Card
O001228,2024-11-14,C01915,P0008,1,46.94,0.15,39.9,2.14,Second Class,UPI
O002611,2024-11-14,C00868,P0126,1,118.37,0.0,118.37,38.39,Second Class,Debit Card
O003962,2024-11-14,C01342,P0153,1,18.32,0.1,16.49,5.94,First Class,Bank Transfer
O005874,2024-11-14,C02973,P0083,1,74.49,0.0,74.49,28.38,Same Day,PayPal
O001917,2024-11-14,C00679,P0136,4,78.06,0.15,265.4,108.16,Second Class,PayPal
O001885,2024-11-15,C02986,P0099,1,28.6,0.0,28.6,14.73,Same Day,Bank Transfer
O001080,2024-11-15,C00956,P0051,2,35.19,0.1,63.34,15.72,Second Class,Bank Transfer
O009021,2024-11-15,C02901,P0005,1,24.48,0.05,23.26,6.14,Standard,PayPal
O010264,2024-11-15,C02198,P0180,1,167.02,0.0,167.02,54.29,Same Day,UPI
O010116,2024-11-15,C02093,P0036,1,12.89,0.1,11.6,4.13,Standard,Bank Transfer
O000921,2024-11-15,C02494,P0003,1,43.42,0.3,30.39,5.4,First Class,PayPal
O002284,2024-11-15,C03301,P0144,3,32.14,0.2,77.14,30.1,First Class,Credit Card
O005625,2024-11-15,C00879,P0058,1,23.31,0.2,18.65,7.17,Same Day,Credit Card
O007940,2024-11-15,C00646,P0005,3,24.48,0.1,66.1,14.74,First Class,Credit Card
O009638,2024-11-15,C02563,P0056,1,52.21,0.05,49.6,14.05,Standard,Bank Transfer
O005703,2024-11-15,C02438,P0021,3,73.9,0.1,199.53,80.34,Same Day,UPI
O008930,2024-11-15,C02607,P0125,1,41.74,0.15,35.48,2.1,First Class,Debit Card
O010889,2024-11-15,C01784,P0149,2,40.02,0.1,72.04,16.5,Same Day,Bank Transfer
O005390,2024-11-15,C01614,P0168,1,97.8,0.05,92.91,15.95,Standard,UPI
O001076,2024-11-15,C02762,P0046,1,17.85,0.15,15.17,1.77,Second Class,Credit Card
O007091,2024-11-16,C03216,P0132,2,29.8,0.1,53.64,17.2,Standard,UPI
O003799,2024-11-16,C00120,P0090,1,39.79,0.0,39.79,16.9,Standard,UPI
O005795,2024-11-16,C00169,P0170,2,17.46,0.05,33.17,6.59,Standard,Credit Card
O004621,2024-11-16,C02867,P0081,1,24.71,0.05,23.47,4.59,Second Class,Credit Card
O004822,2024-11-16,C02486,P0031,1,19.28,0.05,18.32,3.31,Second Class,PayPal
O004524,2024-11-16,C02242,P0001,1,39.36,0.0,39.36,17.85,Same Day,PayPal
O002213,2024-11-16,C01945,P0049,1,35.64,0.05,33.86,12.2,Standard,UPI
O004469,2024-11-16,C01976,P0041,2,46.06,0.15,78.3,18.06,First Class,Credit Card
O005233,2024-11-16,C01026,P0082,2,35.95,0.15,61.12,9.6,Same Day,UPI
O008530,2024-11-16,C03111,P0083,1,74.49,0.05,70.77,24.66,Same Day,Debit Card
O002354,2024-11-16,C00310,P0150,1,34.57,0.2,27.66,0.75,First Class,Bank Transfer
O009463,2024-11-16,C02688,P0016,1,19.78,0.05,18.79,3.56,Same Day,Debit Card
O006634,2024-11-16,C03142,P0071,2,36.05,0.15,61.28,8.88,Second Class,PayPal
O009074,2024-11-17,C00262,P0153,3,18.32,0.0,54.96,23.31,Standard,UPI
O009073,2024-11-17,C01628,P0120,4,46.47,0.0,185.88,86.36,Same Day,Credit Card
O006330,2024-11-17,C01665,P0172,1,16.77,0.1,15.09,1.93,Standard,Debit Card
O010971,2024-11-17,C02921,P0098,1,33.77,0.1,30.39,5.48,Same Day,UPI
O001121,2024-11-17,C00234,P0084,1,20.35,0.2,16.28,5.31,Standard,UPI
O003954,2024-11-17,C00272,P0143,1,10.03,0.1,9.03,1.33,Standard,PayPal
O001087,2024-11-17,C02543,P0172,1,16.77,0.05,15.93,2.77,First Class,Debit Card
O010418,2024-11-17,C00628,P0099,2,28.6,0.15,48.62,20.88,First Class,Bank Transfer
O002055,2024-11-17,C02856,P0149,1,40.02,0.0,40.02,12.25,First Class,Credit Card
O001724,2024-11-17,C01886,P0093,1,18.06,0.1,16.25,4.18,Second Class,Debit Card
O008065,2024-11-17,C00761,P0036,4,12.89,0.0,51.56,21.68,Second Class,Debit Card
O008612,2024-11-17,C01872,P0131,1,10.4,0.2,8.32,0.0,Second Class,Credit Card
O003304,2024-11-17,C01583,P0072,2,77.46,0.15,131.68,5.92,Same Day,PayPal
O003067,2024-11-17,C03022,P0043,2,26.44,0.0,52.88,13.14,Standard,PayPal
O001874,2024-11-17,C01546,P0156,1,17.92,0.1,16.13,2.61,Same Day,Credit Card
O003507,2024-11-17,C01399,P0108,1,31.93,0.05,30.33,9.86,Same Day,PayPal
O001469,2024-11-18,C03392,P0039,4,12.02,0.05,45.68,8.44,Second Class,UPI
O004431,2024-11-18,C00216,P0040,1,32.39,0.0,32.39,6.79,Standard,UPI
O006710,2024-11-18,C03104,P0152,1,35.7,0.15,30.35,3.46,Same Day,Credit Card
O000673,2024-11-18,C02573,P0063,2,13.89,0.05,26.39,5.79,First Class,UPI
O003255,2024-11-18,C01907,P0127,1,14.97,0.1,13.47,4.31,Standard,UPI
O007871,2024-11-18,C03004,P0122,3,15.78,0.0,47.34,14.28,Second Class,PayPal
O003038,2024-11-18,C02153,P0056,5,52.21,0.1,234.95,57.2,Second Class,Bank Transfer
O001582,2024-11-18,C01469,P0019,2,15.8,0.15,26.86,2.54,First Class,UPI
O008251,2024-11-18,C03289,P0122,3,15.78,0.05,44.97,11.91,Standard,UPI
O010626,2024-11-18,C01680,P0142,2,66.66,0.2,106.66,28.2,Second Class,Debit Card
O001856,2024-11-18,C01501,P0028,2,36.39,0.15,61.86,2.42,Same Day,PayPal
O009722,2024-11-18,C03176,P0138,3,23.12,0.1,62.42,28.7,Same Day,Credit Card
O010996,2024-11-18,C02745,P0141,2,33.04,0.2,52.86,19.54,Standard,UPI
O002043,2024-11-18,C01875,P0119,1,59.91,0.2,47.93,5.76,First Class,PayPal
O008583,2024-11-18,C03191,P0092,1,53.5,0.1,48.15,9.05,Standard,PayPal
O008611,2024-11-18,C00093,P0016,3,19.78,0.0,59.34,13.65,First Class,Bank Transfer
O001170,2024-11-18,C01045,P0105,3,25.67,0.2,61.61,12.23,Standard,Bank Transfer
O007250,2024-11-18,C02581,P0154,2,33.15,0.0,66.3,30.48,Standard,UPI
O004850,2024-11-18,C00046,P0180,1,167.02,0.05,158.67,45.94,Second Class,Credit Card
O003591,2024-11-18,C01643,P0133,2,14.29,0.2,22.86,-0.2,Standard,PayPal
O007814,2024-11-19,C00272,P0121,1,47.66,0.3,33.36,9.34,Standard,Bank Transfer
O001231,2024-11-19,C02145,P0130,1,20.55,0.2,16.44,2.76,Same Day,Credit Card
O009189,2024-11-19,C00602,P0134,1,38.78,0.2,31.02,0.47,Standard,Bank Transfer
O009052,2024-11-19,C01506,P0138,1,23.12,0.15,19.65,8.41,First Class,UPI
O004810,2024-11-19,C03128,P0098,1,33.77,0.15,28.7,3.79,Same Day,Bank Transfer
O004618,2024-11-19,C01177,P0032,1,95.01,0.05,90.26,20.73,Second Class,Debit Card
O008296,2024-11-19,C03477,P0136,2,78.06,0.15,132.7,54.08,Same Day,Bank Transfer
O006114,2024-11-19,C01069,P0011,3,21.09,0.1,56.94,26.25,Standard,Debit Card
O010963,2024-11-19,C02449,P0155,4,34.48,0.1,124.13,22.73,Second Class,Credit Card
O005330,2024-11-19,C03097,P0110,2,27.16,0.1,48.89,14.81,Second Class,Credit Card
O003856,2024-11-19,C01759,P0114,3,141.33,0.2,339.19,129.13,Same Day,UPI
O001586,2024-11-19,C02702,P0177,1,28.74,0.2,22.99,6.07,Standard,Credit Card
O004284,2024-11-19,C01345,P0158,2,38.78,0.0,77.56,29.46,First Class,Bank Transfer
O005273,2024-11-19,C00334,P0118,5,13.33,0.2,53.32,1.92,Second Class,Credit Card
O010198,2024-11-20,C02677,P0098,1,33.77,0.1,30.39,5.48,Second Class,Credit Card
O011845,2024-11-20,C01199,P0007,3,79.56,0.2,190.94,0.05,Standard,PayPal
O003669,2024-11-20,C01660,P0165,1,53.31,0.15,45.31,6.11,Second Class,UPI
O011366,2024-11-20,C00438,P0036,2,12.89,0.1,23.2,8.26,First Class,Debit Card
O000678,2024-11-20,C00777,P0106,1,37.06,0.0,37.06,18.04,Same Day,Bank Transfer
O009605,2024-11-20,C01821,P0173,1,27.11,0.2,21.69,5.09,Standard,Debit Card
O011090,2024-11-20,C00809,P0020,4,11.38,0.05,43.24,16.48,First Class,Bank Transfer
O002742,2024-11-20,C01069,P0029,1,19.29,0.1,17.36,7.18,Standard,Bank Transfer
O003815,2024-11-20,C01670,P0010,1,40.56,0.0,40.56,15.99,Second Class,Credit Card
O005012,2024-11-20,C00390,P0102,2,21.68,0.0,43.36,21.94,First Class,PayPal
O011238,2024-11-21,C03447,P0134,2,38.78,0.05,73.68,12.58,First Class,Bank Transfer
O006725,2024-11-21,C01446,P0132,3,29.8,0.0,89.4,34.74,First Class,UPI
O003855,2024-11-21,C00811,P0150,1,34.57,0.05,32.84,5.93,First Class,Bank Transfer
O001014,2024-11-21,C01600,P0136,1,78.06,0.05,74.16,34.85,Standard,Bank Transfer
O002774,2024-11-21,C03136,P0060,1,53.74,0.1,48.37,15.99,Standard,PayPal
O008818,2024-11-21,C00039,P0180,1,167.02,0.1,150.32,37.59,Standard,UPI
O009873,2024-11-21,C00218,P0109,1,33.7,0.05,32.02,13.86,Standard,PayPal
O005538,2024-11-21,C00074,P0118,2,13.33,0.1,23.99,3.43,First Class,Debit Card
O001968,2024-11-21,C01491,P0093,2,18.06,0.0,36.12,11.98,First Class,Debit Card
O008880,2024-11-21,C00124,P0014,1,8.22,0.0,8.22,1.57,First Class,PayPal
O003732,2024-11-21,C02944,P0038,3,7.97,0.3,16.74,-1.32,Second Class,Bank Transfer
O007806,2024-11-21,C01404,P0066,1,68.82,0.0,68.82,33.79,First Class,UPI
O006226,2024-11-21,C01249,P0177,2,28.74,0.05,54.61,20.77,First Class,Credit Card
O010559,2024-11-21,C01328,P0081,2,24.71,0.1,44.48,6.72,Second Class,UPI
O007554,2024-11-21,C02175,P0043,4,26.44,0.05,100.47,20.99,Same Day,Credit Card
O005741,2024-11-21,C01677,P0024,1,11.29,0.0,11.29,3.2,Same Day,UPI
O011820,2024-11-21,C01289,P0140,1,12.81,0.0,12.81,3.69,First Class,Debit Card
O009220,2024-11-21,C00083,P0088,3,35.29,0.15,89.99,13.46,Second Class,Credit Card
O003823,2024-11-22,C02908,P0111,2,8.19,0.2,13.1,3.02,Same Day,UPI
O010147,2024-11-22,C01268,P0105,4,25.67,0.2,82.14,16.3,Standard,UPI
O008752,2024-11-22,C01533,P0117,2,27.87,0.0,55.74,19.44,Second Class,Credit Card
O011547,2024-11-22,C00588,P0114,1,141.33,0.1,127.2,57.18,Same Day,Bank Transfer
O008331,2024-11-22,C02951,P0077,2,30.16,0.05,57.3,19.34,Same Day,Debit Card
O001181,2024-11-22,C00184,P0025,1,20.01,0.2,16.01,2.53,First Class,PayPal
O003531,2024-11-22,C00198,P0101,1,11.36,0.1,10.22,4.59,Second Class,PayPal
O011405,2024-11-22,C00170,P0150,1,34.57,0.3,24.2,-2.71,First Class,Bank Transfer
O001779,2024-11-22,C01803,P0168,1,97.8,0.2,78.24,1.28,Same Day,PayPal
O010511,2024-11-22,C00702,P0007,1,79.56,0.1,71.6,7.97,Second Class,PayPal
O006685,2024-11-22,C00321,P0086,1,20.57,0.05,19.54,7.92,First Class,Credit Card
O003072,2024-11-22,C01936,P0117,1,27.87,0.1,25.08,6.93,Same Day,UPI
O007939,2024-11-22,C01590,P0052,1,22.19,0.0,22.19,11.27,Second Class,PayPal
O005440,2024-11-22,C01407,P0086,1,20.57,0.15,17.48,5.86,Second Class,Debit Card
O001567,2024-11-22,C01162,P0119,3,59.91,0.0,179.73,53.22,First Class,Debit Card
O009306,2024-11-22,C03030,P0111,2,8.19,0.3,11.47,1.39,Standard,UPI
O004829,2024-11-22,C02632,P0027,2,13.49,0.05,25.63,7.03,First Class,Credit Card
O006832,2024-11-22,C01032,P0090,2,39.79,0.05,75.6,29.82,Same Day,Debit Card
O008210,2024-11-22,C00611,P0124,2,11.46,0.05,21.77,6.21,Second Class,Bank Transfer
O010420,2024-11-22,C02894,P0017,3,14.76,0.1,39.85,14.17,Standard,Debit Card
O002065,2024-11-23,C01539,P0127,1,14.97,0.05,14.22,5.06,Same Day,Credit Card
O008963,2024-11-23,C03089,P0105,3,25.67,0.15,65.46,16.08,Second Class,Debit Card
O005039,2024-11-23,C03305,P0079,1,30.25,0.15,25.71,10.93,First Class,PayPal
O000171,2024-11-23,C02084,P0117,1,27.87,0.05,26.48,8.33,First Class,Bank Transfer
O002848,2024-11-23,C02939,P0143,2,10.03,0.05,19.06,3.66,Second Class,PayPal
O000826,2024-11-23,C00306,P0166,1,37.27,0.05,35.41,7.96,First Class,PayPal
O011618,2024-11-23,C00373,P0023,3,29.78,0.0,89.34,18.03,Second Class,Credit Card
O009725,2024-11-23,C03270,P0073,1,27.85,0.2,22.28,4.02,Second Class,Credit Card
O006154,2024-11-23,C03048,P0119,2,59.91,0.15,101.85,17.51,Second Class,Debit Card
O000477,2024-11-23,C00080,P0083,1,74.49,0.0,74.49,28.38,Same Day,UPI
O009667,2024-11-23,C01522,P0166,1,37.27,0.15,31.68,4.23,Second Class,PayPal
O005361,2024-11-23,C02344,P0147,3,12.76,0.2,30.62,10.7,Second Class,UPI
O008326,2024-11-23,C01049,P0147,4,12.76,0.1,45.94,19.38,First Class,Credit Card
O011020,2024-11-23,C00555,P0044,1,23.44,0.15,19.92,3.49,Same Day,Credit Card
O011226,2024-11-23,C01945,P0051,4,35.19,0.2,112.61,17.37,Same Day,Bank Transfer
O011637,2024-11-23,C00533,P0120,1,46.47,0.3,32.53,7.65,Standard,UPI
O009743,2024-11-23,C01103,P0029,1,19.29,0.0,19.29,9.11,Second Class,PayPal
O011373,2024-11-23,C02890,P0038,2,7.97,0.1,14.35,2.31,Standard,PayPal
O003281,2024-11-24,C02570,P0073,5,27.85,0.15,118.36,27.06,Same Day,UPI
O003643,2024-11-24,C00754,P0142,3,66.66,0.1,179.98,62.29,Same Day,UPI
O004511,2024-11-24,C01410,P0120,1,46.47,0.2,37.18,12.3,Second Class,PayPal
O006936,2024-11-24,C00326,P0166,1,37.27,0.2,29.82,2.37,Standard,Debit Card
O006159,2024-11-24,C02239,P0097,1,34.55,0.2,27.64,6.87,Second Class,Debit Card
O009092,2024-11-24,C00966,P0067,1,27.2,0.15,23.12,9.59,Same Day,Debit Card
O011294,2024-11-24,C02174,P0123,1,70.94,0.0,70.94,36.25,Same Day,Credit Card
O007914,2024-11-24,C03491,P0068,3,54.72,0.3,114.91,6.46,Same Day,UPI
O007653,2024-11-24,C01182,P0157,1,95.85,0.1,86.27,7.98,Same Day,UPI
O007099,2024-11-24,C02423,P0154,1,33.15,0.05,31.49,13.58,First Class,UPI
O008469,2024-11-24,C01507,P0091,2,30.36,0.05,57.68,8.82,Same Day,Credit Card
O000094,2024-11-24,C01073,P0123,1,70.94,0.05,67.39,32.7,First Class,PayPal
O002590,2024-11-24,C01910,P0060,2,53.74,0.0,107.48,42.72,First Class,PayPal
O004508,2024-11-24,C03478,P0112,4,28.02,0.05,106.48,29.2,Standard,Credit Card
O000995,2024-11-24,C01492,P0133,1,14.29,0.05,13.58,2.05,First Class,Bank Transfer
O006811,2024-11-24,C03206,P0117,5,27.87,0.05,132.38,41.63,Second Class,Debit Card
O003101,2024-11-24,C01485,P0116,4,34.67,0.2,110.94,14.86,Second Class,Bank Transfer
O003758,2024-11-24,C03322,P0095,1,22.09,0.1,19.88,6.13,Second Class,Bank Transfer
O010832,2024-11-24,C02706,P0118,1,13.33,0.15,11.33,1.05,First Class,Debit Card
O001443,2024-11-24,C00312,P0019,4,15.8,0.0,63.2,14.56,Standard,PayPal
O000276,2024-11-24,C02588,P0133,1,14.29,0.15,12.15,0.62,Standard,UPI
O008892,2024-11-25,C02009,P0061,1,20.87,0.1,18.78,7.86,First Class,Bank Transfer
O007979,2024-11-25,C01508,P0142,3,66.66,0.1,179.98,62.29,Standard,UPI
O008411,2024-11-25,C00811,P0172,1,16.77,0.1,15.09,1.93,Standard,PayPal
O010657,2024-11-25,C00654,P0059,3,35.35,0.05,100.75,20.2,Same Day,Credit Card
O005569,2024-11-25,C02085,P0007,2,79.56,0.0,159.12,31.86,Second Class,PayPal
O009614,2024-11-25,C00469,P0143,3,10.03,0.2,24.07,0.97,First Class,Credit Card
O008203,2024-11-25,C01263,P0167,2,48.63,0.1,87.53,37.43,Same Day,UPI
O006334,2024-11-25,C02467,P0147,1,12.76,0.1,11.48,4.84,First Class,Bank Transfer
O007721,2024-11-25,C02624,P0046,2,17.85,0.0,35.7,8.9,First Class,PayPal
O006071,2024-11-25,C01999,P0110,3,27.16,0.3,57.04,5.92,Same Day,Debit Card
O006762,2024-11-25,C00937,P0074,4,78.81,0.0,315.24,129.32,First Class,UPI
O004044,2024-11-25,C02191,P0016,2,19.78,0.0,39.56,9.1,Second Class,Bank Transfer
O007877,2024-11-25,C01607,P0036,2,12.89,0.15,21.91,6.97,Standard,PayPal
O004904,2024-11-25,C00840,P0175,1,34.12,0.1,30.71,3.83,Second Class,PayPal
O009214,2024-11-26,C01612,P0155,4,34.48,0.0,137.92,36.52,First Class,Credit Card
O007252,2024-11-26,C00156,P0177,1,28.74,0.0,28.74,11.82,First Class,Bank Transfer
O011833,2024-11-26,C01397,P0146,3,47.38,0.1,127.93,46.09,Same Day,PayPal
O010595,2024-11-26,C02489,P0001,1,39.36,0.0,39.36,17.85,Same Day,Credit Card
O002707,2024-11-26,C01602,P0082,1,35.95,0.15,30.56,4.8,Same Day,UPI
O009065,2024-11-26,C02184,P0119,1,59.91,0.2,47.93,5.76,Same Day,Credit Card
O008763,2024-11-26,C01534,P0133,4,14.29,0.1,51.44,5.32,Second Class,Debit Card
O007304,2024-11-26,C01845,P0122,1,15.78,0.3,11.05,0.03,Same Day,PayPal
O003849,2024-11-26,C02198,P0054,1,42.42,0.1,38.18,9.99,Standard,Debit Card
O008354,2024-11-26,C01678,P0127,1,14.97,0.05,14.22,5.06,Standard,Bank Transfer
O009258,2024-11-26,C02239,P0044,1,23.44,0.1,21.1,4.67,First Class,Credit Card
O010514,2024-11-26,C03161,P0066,1,68.82,0.1,61.94,26.91,First Class,Bank Transfer
O008750,2024-11-26,C00635,P0106,1,37.06,0.1,33.35,14.33,First Class,PayPal
O000726,2024-11-26,C00113,P0026,1,30.63,0.1,27.57,11.86,Same Day,PayPal
O010260,2024-11-26,C03201,P0045,5,10.9,0.05,51.77,12.62,Standard,UPI
O005562,2024-11-27,C00679,P0169,4,24.3,0.2,77.76,14.4,Second Class,Credit Card
O002813,2024-11-27,C01540,P0026,1,30.63,0.05,29.1,13.39,First Class,UPI
O008479,2024-11-27,C02438,P0175,1,34.12,0.0,34.12,7.24,First Class,Bank Transfer
O009997,2024-11-27,C03432,P0075,2,5.19,0.05,9.86,2.08,Same Day,Bank Transfer
O009913,2024-11-27,C03387,P0079,1,30.25,0.0,30.25,15.47,Standard,Credit Card
O001630,2024-11-27,C00808,P0118,2,13.33,0.05,25.33,4.77,Standard,UPI
O011825,2024-11-27,C03208,P0107,3,97.13,0.1,262.25,73.67,First Class,Debit Card
O004970,2024-11-27,C01735,P0146,1,47.38,0.0,47.38,20.1,Second Class,UPI
O002276,2024-11-27,C01807,P0096,1,11.01,0.2,8.81,2.6,Same Day,Bank Transfer
O004196,2024-11-27,C00134,P0102,4,21.68,0.0,86.72,43.88,First Class,UPI
O003045,2024-11-27,C00215,P0020,1,11.38,0.05,10.81,4.12,First Class,PayPal
O004424,2024-11-27,C03074,P0138,1,23.12,0.2,18.5,7.26,Second Class,Bank Transfer
O010165,2024-11-27,C00728,P0059,2,35.35,0.15,60.09,6.39,Standard,Credit Card
O009555,2024-11-27,C02624,P0139,5,48.37,0.1,217.66,93.81,First Class,Bank Transfer
O008794,2024-11-28,C00061,P0171,2,15.99,0.05,30.38,11.54,Same Day,UPI
O002977,2024-11-28,C01357,P0110,2,27.16,0.2,43.46,9.38,Second Class,Debit Card
O005700,2024-11-28,C00855,P0120,2,46.47,0.0,92.94,43.18,Standard,PayPal
O006479,2024-11-28,C01746,P0068,2,54.72,0.2,87.55,15.25,First Class,UPI
O009642,2024-11-28,C01876,P0043,1,26.44,0.05,25.12,5.25,Second Class,Debit Card
O004513,2024-11-28,C02135,P0119,2,59.91,0.0,119.82,35.48,Second Class,PayPal
O006237,2024-11-28,C03133,P0087,2,51.68,0.0,103.36,34.44,First Class,PayPal
O001388,2024-11-28,C02296,P0163,1,60.53,0.0,60.53,13.81,Standard,Bank Transfer
O001316,2024-11-28,C02335,P0029,1,19.29,0.1,17.36,7.18,First Class,UPI
O000163,2024-11-28,C00720,P0073,1,27.85,0.1,25.07,6.81,Same Day,Bank Transfer
O008717,2024-11-28,C01903,P0049,1,35.64,0.15,30.29,8.63,First Class,Debit Card
O011805,2024-11-28,C01663,P0170,1,17.46,0.1,15.71,2.42,Standard,Credit Card
O005617,2024-11-28,C00475,P0116,2,34.67,0.2,55.47,7.43,Same Day,Debit Card
O009265,2024-11-28,C01544,P0173,1,27.11,0.05,25.75,9.15,Same Day,Debit Card
O006471,2024-11-28,C00852,P0011,2,21.09,0.1,37.96,17.5,First Class,PayPal
O002003,2024-11-28,C02064,P0044,2,23.44,0.0,46.88,14.02,First Class,PayPal
O007500,2024-11-29,C02724,P0143,1,10.03,0.15,8.53,0.83,First Class,Credit Card
O000139,2024-11-29,C02894,P0047,1,21.13,0.1,19.02,2.48,Second Class,UPI
O004206,2024-11-29,C01711,P0156,2,17.92,0.2,28.67,1.63,Second Class,Credit Card
O005423,2024-11-29,C00379,P0048,1,56.66,0.05,53.83,20.12,First Class,Bank Transfer
O004129,2024-11-29,C03037,P0099,2,28.6,0.15,48.62,20.88,Standard,UPI
O000106,2024-11-29,C01955,P0073,2,27.85,0.1,50.13,13.61,Standard,UPI
O004457,2024-11-29,C02110,P0066,2,68.82,0.1,123.88,53.82,First Class,Credit Card
O006957,2024-11-29,C02383,P0133,2,14.29,0.15,24.29,1.23,Same Day,Bank Transfer
O002833,2024-11-29,C00479,P0007,2,79.56,0.15,135.25,7.99,Same Day,Debit Card
O006141,2024-11-29,C00626,P0016,4,19.78,0.1,71.21,10.29,Second Class,Credit Card
O011003,2024-11-30,C00090,P0042,1,31.86,0.1,28.67,7.94,Standard,PayPal
O003932,2024-11-30,C01303,P0080,1,7.83,0.15,6.66,0.34,First Class,Credit Card
O000395,2024-11-30,C00999,P0051,1,35.19,0.05,33.43,9.62,Standard,Credit Card
O010390,2024-11-30,C00822,P0149,3,40.02,0.2,96.05,12.74,First Class,PayPal
O008313,2024-11-30,C00387,P0054,1,42.42,0.15,36.06,7.87,Second Class,Debit Card
O009708,2024-11-30,C02741,P0180,3,167.02,0.0,501.06,162.87,First Class,Bank Transfer
O001055,2024-11-30,C00192,P0063,1,13.89,0.15,11.81,1.51,Same Day,PayPal
O004628,2024-11-30,C01201,P0123,3,70.94,0.0,212.82,108.75,First Class,Credit Card
O001164,2024-11-30,C03239,P0073,3,27.85,0.05,79.37,24.59,Same Day,Bank Transfer
O004293,2024-11-30,C00673,P0126,1,118.37,0.0,118.37,38.39,Second Class,Debit Card
O008107,2024-11-30,C01902,P0027,1,13.49,0.0,13.49,4.19,First Class,UPI
O011967,2024-11-30,C01241,P0106,1,37.06,0.05,35.21,16.19,First Class,Credit Card
O007332,2024-11-30,C02782,P0027,1,13.49,0.3,9.44,0.14,Second Class,PayPal
O000432,2024-11-30,C03452,P0021,2,73.9,0.1,133.02,53.56,Second Class,Credit Card
O000219,2024-11-30,C00246,P0063,3,13.89,0.1,37.5,6.6,First Class,PayPal
O004047,2024-11-30,C00135,P0080,2,7.83,0.15,13.31,0.67,Standard,Debit Card
O004463,2024-11-30,C01378,P0044,1,23.44,0.2,18.75,2.32,Standard,Credit Card
O003390,2024-11-30,C01101,P0069,1,36.06,0.0,36.06,12.12,Same Day,PayPal
O000151,2024-11-30,C03378,P0046,1,17.85,0.0,17.85,4.45,Standard,Credit Card
O007445,2024-11-30,C00320,P0060,1,53.74,0.15,45.68,13.3,Second Class,Credit Card
O001131,2024-12-01,C01353,P0080,1,7.83,0.05,7.44,1.12,Same Day,Credit Card
O011309,2024-12-01,C01786,P0139,2,48.37,0.3,67.72,18.18,Standard,Debit Card
O001814,2024-12-01,C02590,P0061,2,20.87,0.3,29.22,7.38,First Class,Credit Card
O008764,2024-12-01,C03245,P0087,1,51.68,0.1,46.51,12.05,Same Day,Bank Transfer
O005651,2024-12-01,C01174,P0016,2,19.78,0.15,33.63,3.17,Second Class,UPI
O007018,2024-12-01,C02250,P0017,1,14.76,0.1,13.28,4.72,Standard,UPI
O003956,2024-12-01,C01869,P0121,2,47.66,0.3,66.72,18.68,Second Class,Credit Card
O010623,2024-12-01,C02083,P0046,1,17.85,0.1,16.07,2.67,Second Class,PayPal
O004860,2024-12-01,C00827,P0138,1,23.12,0.1,20.81,9.57,Same Day,UPI
O009193,2024-12-01,C00499,P0156,1,17.92,0.2,14.34,0.82,First Class,PayPal
O009496,2024-12-01,C02698,P0086,3,20.57,0.0,61.71,26.85,Same Day,PayPal
O001888,2024-12-01,C03089,P0063,2,13.89,0.15,23.61,3.01,First Class,Credit Card
O004529,2024-12-01,C01468,P0140,1,12.81,0.15,10.89,1.77,Same Day,UPI
O003459,2024-12-01,C02216,P0167,1,48.63,0.0,48.63,23.58,Second Class,Bank Transfer
O007680,2024-12-01,C03378,P0115,1,25.15,0.05,23.89,8.61,First Class,UPI
O004631,2024-12-01,C02503,P0159,4,13.14,0.05,49.93,18.05,Same Day,UPI
O002202,2024-12-01,C01972,P0107,2,97.13,0.0,194.26,68.54,Second Class,PayPal
O007733,2024-12-01,C02921,P0134,2,38.78,0.15,65.93,4.83,First Class,UPI
O001083,2024-12-01,C01904,P0057,1,16.52,0.1,14.87,6.77,First Class,Credit Card
O004867,2024-12-01,C00618,P0096,3,11.01,0.0,33.03,14.4,Second Class,UPI
O006324,2024-12-01,C00006,P0097,5,34.55,0.2,138.2,34.35,Same Day,Debit Card
O004725,2024-12-02,C02198,P0105,2,25.67,0.0,51.34,18.42,Second Class,Bank Transfer
O004759,2024-12-02,C01129,P0081,1,24.71,0.1,22.24,3.36,Same Day,Debit Card
O004764,2024-12-02,C01450,P0136,2,78.06,0.05,148.31,69.69,Standard,Bank Transfer
O001381,2024-12-02,C02793,P0063,3,13.89,0.1,37.5,6.6,Same Day,Credit Card
O003188,2024-12-02,C00988,P0134,2,38.78,0.0,77.56,16.46,First Class,UPI
O005455,2024-12-02,C01378,P0126,1,118.37,0.15,100.61,20.63,Standard,Debit Card
O008471,2024-12-02,C02514,P0094,2,23.04,0.15,39.17,7.47,First Class,Debit Card
O007406,2024-12-02,C01611,P0017,1,14.76,0.05,14.02,5.46,First Class,UPI
O002026,2024-12-02,C01391,P0069,1,36.06,0.0,36.06,12.12,First Class,Credit Card
O009920,2024-12-02,C02684,P0101,1,11.36,0.1,10.22,4.59,First Class,Credit Card
O006590,2024-12-02,C00270,P0161,1,15.13,0.15,12.86,3.84,Standard,Debit Card
O003361,2024-12-02,C02063,P0080,1,7.83,0.15,6.66,0.34,Same Day,PayPal
O005044,2024-12-02,C02140,P0177,2,28.74,0.15,48.86,15.02,Second Class,UPI
O005951,2024-12-02,C01316,P0122,3,15.78,0.15,40.24,7.18,First Class,Credit Card
O007226,2024-12-02,C02144,P0180,1,167.02,0.0,167.02,54.29,First Class,Bank Transfer
O010048,2024-12-02,C02542,P0113,1,29.64,0.05,28.16,7.53,Second Class,Debit Card
O011518,2024-12-02,C01314,P0112,2,28.02,0.05,53.24,14.6,Standard,UPI
O001599,2024-12-03,C03345,P0111,2,8.19,0.05,15.56,5.48,First Class,Credit Card
O008642,2024-12-03,C02513,P0086,1,20.57,0.1,18.51,6.89,Same Day,Credit Card
O003089,2024-12-03,C00388,P0169,1,24.3,0.05,23.09,7.25,First Class,PayPal
O007229,2024-12-03,C02125,P0041,2,46.06,0.0,92.12,31.88,Second Class,PayPal
O010454,2024-12-03,C00538,P0177,1,28.74,0.3,20.12,3.2,First Class,PayPal
O008217,2024-12-03,C03326,P0044,1,23.44,0.05,22.27,5.84,Same Day,UPI
O006166,2024-12-03,C03320,P0179,2,24.0,0.3,33.6,-4.96,Same Day,UPI
O004326,2024-12-03,C01289,P0172,1,16.77,0.1,15.09,1.93,First Class,Bank Transfer
O006134,2024-12-03,C01065,P0087,2,51.68,0.05,98.19,29.27,Standard,Debit Card
O005547,2024-12-03,C03338,P0148,2,12.08,0.15,20.54,3.22,Standard,UPI
O009215,2024-12-03,C00819,P0122,1,15.78,0.1,14.2,3.18,Standard,Debit Card
O008690,2024-12-03,C00275,P0042,1,31.86,0.1,28.67,7.94,Standard,Bank Transfer
O011854,2024-12-03,C00427,P0066,1,68.82,0.2,55.06,20.03,Second Class,UPI
O010140,2024-12-03,C02841,P0088,3,35.29,0.15,89.99,13.46,First Class,Debit Card
O007743,2024-12-03,C01514,P0066,2,68.82,0.1,123.88,53.82,Same Day,Credit Card
O003249,2024-12-04,C00175,P0005,4,24.48,0.15,83.23,14.75,Same Day,Bank Transfer
O011213,2024-12-04,C01729,P0054,3,42.42,0.05,120.9,36.33,Second Class,Debit Card
O000642,2024-12-04,C01204,P0023,4,29.78,0.15,101.25,6.17,First Class,Bank Transfer
O003561,2024-12-04,C02250,P0146,1,47.38,0.1,42.64,15.36,First Class,Debit Card
O011339,2024-12-04,C01212,P0155,1,34.48,0.15,29.31,3.96,First Class,PayPal
O003437,2024-12-04,C02209,P0178,1,73.32,0.1,65.99,7.11,First Class,Bank Transfer
O008237,2024-12-04,C01960,P0140,1,12.81,0.05,12.17,3.05,First Class,PayPal
O003783,2024-12-04,C00292,P0089,1,20.2,0.15,17.17,2.94,First Class,Debit Card
O008758,2024-12-04,C00256,P0116,1,34.67,0.3,24.27,0.25,Same Day,Bank Transfer
O002235,2024-12-04,C00026,P0076,1,48.63,0.0,48.63,20.81,Standard,PayPal
O008132,2024-12-04,C02734,P0123,2,70.94,0.1,127.69,58.31,First Class,Credit Card
O009671,2024-12-04,C01399,P0014,1,8.22,0.0,8.22,1.57,Same Day,PayPal
O002661,2024-12-04,C03234,P0038,1,7.97,0.2,6.38,0.36,Second Class,UPI
O010617,2024-12-04,C03416,P0058,1,23.31,0.0,23.31,11.83,Standard,Debit Card
O001395,2024-12-04,C03120,P0127,2,14.97,0.1,26.95,8.63,Second Class,PayPal
O008348,2024-12-04,C03142,P0173,1,27.11,0.0,27.11,10.51,First Class,PayPal
O011994,2024-12-04,C01447,P0022,1,24.61,0.05,23.38,6.91,Same Day,PayPal
O001977,2024-12-04,C03133,P0166,2,37.27,0.0,74.54,19.64,Second Class,Credit Card
O003321,2024-12-04,C02422,P0030,3,23.58,0.0,70.74,24.33,Same Day,PayPal
O011176,2024-12-05,C03322,P0058,1,23.31,0.15,19.81,8.33,Same Day,PayPal
O005641,2024-12-05,C01323,P0086,3,20.57,0.0,61.71,26.85,Standard,Bank Transfer
O010512,2024-12-05,C00892,P0110,3,27.16,0.0,81.48,30.36,Same Day,UPI
O010547,2024-12-05,C03485,P0070,2,18.74,0.05,35.61,9.49,Second Class,UPI
O010790,2024-12-05,C02545,P0170,1,17.46,0.3,12.22,-1.07,Second Class,UPI
O009338,2024-12-05,C03144,P0018,1,34.96,0.2,27.97,6.61,First Class,Credit Card
O001604,2024-12-05,C00257,P0109,2,33.7,0.1,60.66,24.34,Same Day,Debit Card
O006582,2024-12-05,C02226,P0142,2,66.66,0.0,133.32,54.86,Same Day,Bank Transfer
O008468,2024-12-05,C01656,P0069,4,36.06,0.2,115.39,19.63,First Class,Credit Card
O006512,2024-12-05,C02729,P0095,1,22.09,0.1,19.88,6.13,Second Class,Credit Card
O004439,2024-12-05,C01677,P0179,1,24.0,0.0,24.0,4.72,First Class,PayPal
O000208,2024-12-05,C03383,P0008,4,46.94,0.15,159.6,8.56,Same Day,PayPal
O006722,2024-12-05,C02222,P0129,5,30.41,0.2,121.64,24.99,Standard,Credit Card
O002387,2024-12-05,C01044,P0025,3,20.01,0.05,57.03,16.59,Second Class,Bank Transfer
O010244,2024-12-05,C00135,P0171,4,15.99,0.15,54.37,16.69,Second Class,Debit Card
O001000,2024-12-06,C00424,P0029,2,19.29,0.05,36.65,16.29,Standard,UPI
O008923,2024-12-06,C03045,P0022,2,24.61,0.1,44.3,11.36,Standard,Debit Card
O005720,2024-12-06,C02638,P0078,2,23.47,0.0,46.94,23.16,Second Class,Credit Card
O008840,2024-12-06,C02145,P0111,1,8.19,0.3,5.73,0.69,First Class,Bank Transfer
O000574,2024-12-06,C01553,P0135,1,15.68,0.05,14.9,6.33,First Class,Credit Card
O006247,2024-12-06,C00692,P0124,1,11.46,0.15,9.74,1.96,Standard,Debit Card
O002697,2024-12-06,C03435,P0109,1,33.7,0.0,33.7,15.54,Standard,UPI
O001924,2024-12-06,C02625,P0006,1,24.48,0.1,22.03,8.81,First Class,Debit Card
O000188,2024-12-06,C03050,P0045,2,10.9,0.2,17.44,1.78,First Class,Bank Transfer
O011296,2024-12-06,C02999,P0053,3,18.36,0.2,44.06,8.9,Same Day,Debit Card
O009841,2024-12-06,C01767,P0041,4,46.06,0.0,184.24,63.76,Second Class,UPI
O010459,2024-12-06,C00544,P0091,1,30.36,0.0,30.36,5.93,First Class,Credit Card
O002349,2024-12-06,C02303,P0103,1,22.81,0.2,18.25,0.67,First Class,UPI
O007791,2024-12-07,C01141,P0019,1,15.8,0.1,14.22,2.06,First Class,UPI
O011006,2024-12-07,C00098,P0175,1,34.12,0.1,30.71,3.83,Second Class,Debit Card
O007838,2024-12-07,C01460,P0066,1,68.82,0.0,68.82,33.79,Second Class,Bank Transfer
O004475,2024-12-07,C01949,P0056,4,52.21,0.0,208.84,66.64,Same Day,Bank Transfer
O011593,2024-12-07,C01901,P0148,1,12.08,0.0,12.08,3.42,Standard,UPI
O004577,2024-12-07,C03137,P0022,1,24.61,0.05,23.38,6.91,First Class,UPI
O000611,2024-12-07,C02326,P0032,3,95.01,0.15,242.28,33.69,Second Class,UPI
O003429,2024-12-07,C01917,P0021,2,73.9,0.1,133.02,53.56,First Class,PayPal
O000890,2024-12-07,C01696,P0163,2,60.53,0.05,115.01,21.57,Same Day,UPI
O009137,2024-12-07,C00368,P0059,3,35.35,0.0,106.05,25.5,Same Day,Debit Card
O004902,2024-12-07,C03224,P0158,4,38.78,0.15,131.85,35.65,First Class,Debit Card
O002002,2024-12-07,C01326,P0169,1,24.3,0.1,21.87,6.03,Same Day,Bank Transfer
O005240,2024-12-07,C02969,P0042,4,31.86,0.15,108.32,25.4,Same Day,Bank Transfer
O006802,2024-12-07,C01462,P0023,1,29.78,0.1,26.8,3.03,Standard,Credit Card
O009788,2024-12-07,C03427,P0126,2,118.37,0.15,201.23,41.27,Standard,UPI
O006631,2024-12-07,C00536,P0072,1,77.46,0.0,77.46,14.58,First Class,UPI
O009537,2024-12-08,C00107,P0064,1,13.1,0.05,12.44,5.19,First Class,Debit Card
O003196,2024-12-08,C02260,P0002,1,26.05,0.2,20.84,1.94,First Class,Credit Card
O002269,2024-12-08,C01204,P0072,2,77.46,0.05,147.17,21.41,Standard,PayPal
O002271,2024-12-08,C01079,P0027,1,13.49,0.1,12.14,2.84,Standard,Debit Card
O004915,2024-12-08,C01044,P0019,3,15.8,0.0,47.4,10.92,Same Day,UPI
O009835,2024-12-08,C02046,P0176,1,48.8,0.2,39.04,14.1,Standard,PayPal
O009558,2024-12-08,C02082,P0173,1,27.11,0.1,24.4,7.8,Same Day,PayPal
O004973,2024-12-08,C02164,P0161,3,15.13,0.05,43.12,16.06,First Class,Credit Card
O002201,2024-12-08,C02930,P0177,1,28.74,0.1,25.87,8.95,Same Day,UPI
O001978,2024-12-08,C00251,P0119,1,59.91,0.0,59.91,17.74,First Class,Credit Card
O007508,2024-12-08,C02737,P0143,5,10.03,0.0,50.15,11.65,Standard,Debit Card
O006308,2024-12-08,C03162,P0117,2,27.87,0.1,50.17,13.87,Second Class,Debit Card
O011512,2024-12-08,C01505,P0014,1,8.22,0.1,7.4,0.75,First Class,Debit Card
O001760,2024-12-08,C03344,P0008,2,46.94,0.15,79.8,4.28,Same Day,Credit Card
O001205,2024-12-08,C00380,P0056,1,52.21,0.2,41.77,6.22,Standard,Bank Transfer
O007169,2024-12-08,C00624,P0126,2,118.37,0.0,236.74,76.78,First Class,Debit Card
O011145,2024-12-09,C01272,P0154,4,33.15,0.1,119.34,47.7,Standard,Credit Card
O011673,2024-12-09,C03377,P0001,2,39.36,0.0,78.72,35.7,First Class,Bank Transfer
O010860,2024-12-09,C01374,P0124,2,11.46,0.2,18.34,2.78,First Class,Credit Card
O002461,2024-12-09,C02785,P0097,1,34.55,0.1,31.09,10.32,Second Class,PayPal
O011669,2024-12-09,C03422,P0041,5,46.06,0.05,218.78,68.18,Standard,UPI
O009704,2024-12-09,C01247,P0021,1,73.9,0.1,66.51,26.78,First Class,Debit Card
O002668,2024-12-09,C03116,P0099,1,28.6,0.2,22.88,9.01,Second Class,Credit Card
O005215,2024-12-09,C00557,P0050,1,9.06,0.1,8.15,3.51,First Class,UPI
O008528,2024-12-09,C02848,P0024,1,11.29,0.0,11.29,3.2,Same Day,UPI
O009701,2024-12-09,C02337,P0130,1,20.55,0.0,20.55,6.87,First Class,Credit Card
O007051,2024-12-09,C01465,P0088,1,35.29,0.0,35.29,9.78,Standard,Credit Card
O009784,2024-12-09,C01557,P0013,2,33.36,0.1,60.05,18.31,Same Day,PayPal
O003878,2024-12-09,C01349,P0113,1,29.64,0.15,25.19,4.56,Same Day,Bank Transfer
O003311,2024-12-09,C00046,P0064,1,13.1,0.2,10.48,3.23,Same Day,UPI
O001722,2024-12-09,C01694,P0010,1,40.56,0.0,40.56,15.99,First Class,Bank Transfer
O011334,2024-12-09,C00172,P0091,3,30.36,0.0,91.08,17.79,Second Class,Credit Card
O008039,2024-12-09,C02020,P0030,2,23.58,0.2,37.73,6.79,Same Day,Bank Transfer
O010242,2024-12-09,C01426,P0180,2,167.02,0.3,233.83,8.37,First Class,UPI
O001989,2024-12-09,C01386,P0003,1,43.42,0.15,36.91,11.92,First Class,PayPal
O009392,2024-12-10,C02153,P0012,2,21.06,0.0,42.12,8.6,Same Day,Debit Card
O003400,2024-12-10,C02550,P0078,1,23.47,0.1,21.12,9.23,First Class,Bank Transfer
O004537,2024-12-10,C00676,P0101,3,11.36,0.05,32.38,15.49,Second Class,Credit Card
O003548,2024-12-10,C03360,P0163,1,60.53,0.0,60.53,13.81,First Class,Bank Transfer
O011541,2024-12-10,C03318,P0044,1,23.44,0.0,23.44,7.01,First Class,PayPal
O008901,2024-12-10,C00248,P0158,2,38.78,0.1,69.8,21.7,Second Class,UPI
O005509,2024-12-10,C02468,P0116,1,34.67,0.1,31.2,7.18,Standard,UPI
O004037,2024-12-10,C00352,P0007,2,79.56,0.1,143.21,15.95,Same Day,UPI
O008867,2024-12-10,C01059,P0028,1,36.39,0.0,36.39,6.67,Standard,Credit Card
O004795,2024-12-10,C01111,P0110,1,27.16,0.2,21.73,4.69,First Class,UPI
O010896,2024-12-10,C01017,P0143,1,10.03,0.15,8.53,0.83,Standard,UPI
O001198,2024-12-10,C02720,P0039,1,12.02,0.0,12.02,2.71,Standard,Credit Card
O002138,2024-12-10,C00003,P0172,1,16.77,0.2,13.42,0.26,Second Class,Debit Card
O004091,2024-12-10,C00292,P0125,1,41.74,0.15,35.48,2.1,First Class,Credit Card
O005808,2024-12-10,C00601,P0059,5,35.35,0.2,141.4,7.15,First Class,UPI
O007752,2024-12-10,C01098,P0140,1,12.81,0.3,8.97,-0.15,Same Day,UPI
O008780,2024-12-11,C02636,P0014,2,8.22,0.05,15.62,2.32,Second Class,Debit Card
O006588,2024-12-11,C02534,P0089,1,20.2,0.3,14.14,-0.09,First Class,PayPal
O000391,2024-12-11,C00592,P0015,1,9.29,0.15,7.9,0.4,Standard,Bank Transfer
O007089,2024-12-11,C03276,P0001,1,39.36,0.05,37.39,15.88,First Class,Debit Card
O006158,2024-12-11,C00841,P0037,4,32.65,0.0,130.6,31.96,Same Day,UPI
O002067,2024-12-11,C02816,P0089,2,20.2,0.0,40.4,11.94,First Class,PayPal
O001944,2024-12-11,C00256,P0032,1,95.01,0.15,80.76,11.23,First Class,UPI
O005847,2024-12-11,C03353,P0113,2,29.64,0.2,47.42,6.16,First Class,Bank Transfer
O003439,2024-12-11,C00763,P0118,1,13.33,0.0,13.33,3.05,First Class,UPI
O005961,2024-12-11,C03272,P0149,1,40.02,0.2,32.02,4.25,Standard,Bank Transfer
O010258,2024-12-11,C00807,P0145,1,33.75,0.0,33.75,8.2,Same Day,UPI
O000366,2024-12-11,C01796,P0010,4,40.56,0.1,146.02,47.74,First Class,Bank Transfer
O007183,2024-12-11,C01294,P0059,2,35.35,0.05,67.17,13.47,Standard,UPI
O003013,2024-12-11,C01055,P0136,5,78.06,0.1,351.27,154.72,Standard,UPI
O011623,2024-12-12,C00757,P0152,1,35.7,0.1,32.13,5.24,Second Class,Debit Card
O009876,2024-12-12,C02751,P0170,4,17.46,0.05,66.35,13.19,Same Day,Credit Card
O009900,2024-12-12,C02557,P0154,2,33.15,0.15,56.35,20.53,Second Class,Bank Transfer
O003545,2024-12-12,C03151,P0120,1,46.47,0.05,44.15,19.27,First Class,Debit Card
O008043,2024-12-12,C02060,P0160,1,43.67,0.1,39.3,6.81,Standard,Credit Card
O007983,2024-12-12,C01120,P0007,2,79.56,0.3,111.38,-15.88,Second Class,Bank Transfer
O006008,2024-12-12,C00803,P0061,1,20.87,0.0,20.87,9.95,Second Class,Bank Transfer
O001331,2024-12-12,C02566,P0096,1,11.01,0.15,9.36,3.15,First Class,Debit Card
O006276,2024-12-12,C00453,P0094,5,23.04,0.1,103.68,24.43,Second Class,PayPal
O000928,2024-12-12,C02359,P0131,1,10.4,0.0,10.4,2.08,Same Day,Credit Card
O010625,2024-12-12,C01725,P0124,1,11.46,0.1,10.31,2.53,Same Day,Bank Transfer
O009201,2024-12-12,C02957,P0098,2,33.77,0.05,64.16,14.34,Second Class,Debit Card
O010649,2024-12-12,C01823,P0146,1,47.38,0.2,37.9,10.62,Same Day,PayPal
O008431,2024-12-12,C00811,P0103,3,22.81,0.0,68.43,15.69,Second Class,PayPal
O002623,2024-12-12,C00850,P0142,2,66.66,0.0,133.32,54.86,Second Class,Credit Card
O008174,2024-12-13,C02535,P0021,3,73.9,0.1,199.53,80.34,Second Class,PayPal
O003887,2024-12-13,C00896,P0143,3,10.03,0.05,28.59,5.49,Standard,UPI
O008646,2024-12-13,C01316,P0055,2,55.71,0.3,77.99,13.65,First Class,UPI
O003162,2024-12-13,C02720,P0056,2,52.21,0.05,99.2,28.1,Same Day,Debit Card
O008095,2024-12-13,C00683,P0099,3,28.6,0.15,72.93,31.32,Second Class,Credit Card
O002079,2024-12-13,C02082,P0018,1,34.96,0.15,29.72,8.36,Standard,UPI
O007455,2024-12-13,C02946,P0100,2,24.47,0.15,41.6,16.18,Same Day,Debit Card
O006344,2024-12-13,C02988,P0030,2,23.58,0.15,40.09,9.15,Second Class,Credit Card
O007086,2024-12-13,C02275,P0178,2,73.32,0.0,146.64,28.88,First Class,Credit Card
O005229,2024-12-13,C03314,P0061,1,20.87,0.1,18.78,7.86,Second Class,Debit Card
O003664,2024-12-13,C01410,P0116,1,34.67,0.05,32.94,8.92,Second Class,UPI
O009888,2024-12-13,C02878,P0081,1,24.71,0.15,21.0,2.12,Standard,UPI
O002369,2024-12-13,C00137,P0142,3,66.66,0.0,199.98,82.29,Standard,UPI
O011909,2024-12-14,C03266,P0105,1,25.67,0.0,25.67,9.21,Second Class,PayPal
O010299,2024-12-14,C00185,P0135,1,15.68,0.05,14.9,6.33,First Class,Debit Card
O002149,2024-12-14,C03093,P0091,1,30.36,0.1,27.32,2.89,Standard,Credit Card
O010757,2024-12-14,C00223,P0157,2,95.85,0.0,191.7,35.12,First Class,Credit Card
O006793,2024-12-14,C01024,P0114,1,141.33,0.1,127.2,57.18,Standard,Credit Card
O001175,2024-12-14,C01395,P0102,1,21.68,0.1,19.51,8.8,First Class,Bank Transfer
O001084,2024-12-14,C01956,P0108,2,31.93,0.05,60.67,19.73,Standard,PayPal
O009216,2024-12-14,C02698,P0049,3,35.64,0.15,90.88,25.9,Standard,UPI
O005959,2024-12-14,C01723,P0023,3,29.78,0.15,75.94,4.63,Standard,Bank Transfer
O011209,2024-12-14,C03484,P0164,1,16.72,0.1,15.05,4.59,Standard,UPI
O009019,2024-12-14,C01538,P0147,1,12.76,0.15,10.85,4.21,Standard,PayPal
O010815,2024-12-14,C00943,P0039,5,12.02,0.1,54.09,7.54,Second Class,Bank Transfer
O007019,2024-12-14,C02719,P0112,1,28.02,0.15,23.82,4.5,Standard,PayPal
O000001,2024-12-14,C02198,P0170,3,17.46,0.05,49.76,9.89,Second Class,UPI
O004685,2024-12-14,C02366,P0109,2,33.7,0.15,57.29,20.97,First Class,UPI
O007352,2024-12-14,C02946,P0029,1,19.29,0.05,18.33,8.15,Standard,Bank Transfer
O004694,2024-12-14,C01508,P0074,1,78.81,0.15,66.99,20.51,Same Day,UPI
O000990,2024-12-15,C01459,P0081,5,24.71,0.0,123.55,29.15,Standard,Bank Transfer
O010751,2024-12-15,C01745,P0161,1,15.13,0.0,15.13,6.11,Second Class,Bank Transfer
O006176,2024-12-15,C02033,P0043,2,26.44,0.0,52.88,13.14,Same Day,Debit Card
O002702,2024-12-15,C00592,P0071,3,36.05,0.1,97.33,18.73,Second Class,Debit Card
O004671,2024-12-15,C03497,P0169,3,24.3,0.15,61.97,14.45,First Class,Debit Card
O002802,2024-12-15,C00078,P0073,5,27.85,0.1,125.33,34.03,Second Class,UPI
O004783,2024-12-15,C01844,P0050,5,9.06,0.2,36.24,13.04,Standard,Debit Card
O011826,2024-12-15,C01338,P0009,3,21.01,0.05,59.88,10.02,Second Class,Bank Transfer
O008670,2024-12-15,C00988,P0160,1,43.67,0.1,39.3,6.81,First Class,Credit Card
O011353,2024-12-15,C01014,P0146,1,47.38,0.2,37.9,10.62,Standard,PayPal
O010936,2024-12-15,C00491,P0149,4,40.02,0.15,136.07,24.99,Second Class,Bank Transfer
O005305,2024-12-16,C02078,P0161,1,15.13,0.15,12.86,3.84,First Class,Credit Card
O008474,2024-12-16,C02261,P0018,1,34.96,0.1,31.46,10.1,Second Class,PayPal
O000558,2024-12-16,C00317,P0079,1,30.25,0.0,30.25,15.47,Same Day,Credit Card
O007994,2024-12-16,C00578,P0159,1,13.14,0.1,11.83,3.86,Same Day,PayPal
O006439,2024-12-16,C01884,P0161,2,15.13,0.1,27.23,9.19,First Class,PayPal
O000476,2024-12-16,C03114,P0047,1,21.13,0.1,19.02,2.48,Same Day,Credit Card
O006665,2024-12-16,C02695,P0055,5,55.71,0.05,264.62,103.77,First Class,Credit Card
O010933,2024-12-16,C01157,P0077,1,30.16,0.2,24.13,5.15,Second Class,PayPal
O001290,2024-12-16,C02460,P0166,1,37.27,0.15,31.68,4.23,Same Day,UPI
O010618,2024-12-16,C01148,P0126,5,118.37,0.2,473.48,73.58,Standard,Credit Card
O006890,2024-12-16,C02304,P0109,3,33.7,0.0,101.1,46.62,Standard,Bank Transfer
O003088,2024-12-16,C02610,P0026,2,30.63,0.0,61.26,29.84,First Class,Debit Card
O001799,2024-12-16,C02530,P0111,4,8.19,0.0,32.76,12.6,Second Class,Bank Transfer
O002689,2024-12-17,C00305,P0121,3,47.66,0.2,114.38,42.32,First Class,Credit Card
O004951,2024-12-17,C00439,P0103,1,22.81,0.1,20.53,2.95,Standard,Debit Card
O007391,2024-12-17,C01270,P0048,2,56.66,0.1,101.99,34.57,Same Day,Debit Card
O002586,2024-12-17,C00635,P0090,1,39.79,0.0,39.79,16.9,Same Day,PayPal
O008046,2024-12-17,C01875,P0049,1,35.64,0.05,33.86,12.2,Standard,Bank Transfer
O004876,2024-12-17,C02276,P0091,3,30.36,0.0,91.08,17.79,Second Class,Debit Card
O009559,2024-12-17,C01575,P0021,1,73.9,0.0,73.9,34.17,Second Class,Debit Card
O004205,2024-12-17,C01924,P0021,1,73.9,0.15,62.82,23.09,Same Day,Credit Card
O004412,2024-12-17,C01043,P0123,1,70.94,0.15,60.3,25.61,Standard,PayPal
O000352,2024-12-17,C02655,P0163,1,60.53,0.0,60.53,13.81,First Class,UPI
O004270,2024-12-17,C00949,P0129,2,30.41,0.3,42.57,3.91,Second Class,Credit Card
O003674,2024-12-17,C02141,P0027,2,13.49,0.1,24.28,5.68,Second Class,Bank Transfer
O010486,2024-12-18,C01395,P0049,2,35.64,0.15,60.59,17.27,Second Class,Credit Card
O002563,2024-12-18,C02376,P0063,1,13.89,0.05,13.2,2.9,Standard,PayPal
O010777,2024-12-18,C01859,P0049,2,35.64,0.0,71.28,27.96,Second Class,PayPal
O010817,2024-12-18,C01789,P0130,1,20.55,0.0,20.55,6.87,Same Day,Debit Card
O010515,2024-12-18,C03395,P0040,1,32.39,0.1,29.15,3.55,First Class,Credit Card
O006345,2024-12-18,C02469,P0005,1,24.48,0.1,22.03,4.91,Standard,PayPal
O002470,2024-12-18,C01703,P0094,4,23.04,0.1,82.94,19.54,Second Class,Bank Transfer
O010911,2024-12-18,C01907,P0058,3,23.31,0.1,62.94,28.5,First Class,PayPal
O010257,2024-12-18,C00506,P0050,3,9.06,0.2,21.74,7.82,Same Day,PayPal
O007909,2024-12-18,C02118,P0029,4,19.29,0.0,77.16,36.44,Standard,UPI
O011927,2024-12-18,C00762,P0166,1,37.27,0.0,37.27,9.82,Second Class,Debit Card
O006583,2024-12-18,C02007,P0052,1,22.19,0.3,15.53,4.61,First Class,Credit Card
O002313,2024-12-18,C00631,P0117,4,27.87,0.15,94.76,22.16,First Class,Bank Transfer
O005628,2024-12-18,C00041,P0049,2,35.64,0.05,67.72,24.4,Standard,Debit Card
O010007,2024-12-18,C01943,P0081,1,24.71,0.05,23.47,4.59,First Class,UPI
O001903,2024-12-18,C02688,P0149,2,40.02,0.15,68.03,12.49,Standard,PayPal
O004425,2024-12-18,C03190,P0122,5,15.78,0.0,78.9,23.8,First Class,PayPal
O002890,2024-12-18,C00857,P0017,2,14.76,0.0,29.52,12.4,Standard,UPI
O000416,2024-12-19,C02107,P0003,1,43.42,0.15,36.91,11.92,Second Class,Debit Card
O007641,2024-12-19,C01212,P0145,1,33.75,0.0,33.75,8.2,Standard,Bank Transfer
O010964,2024-12-19,C02300,P0155,1,34.48,0.05,32.76,7.41,Second Class,UPI
O009375,2024-12-19,C02515,P0105,1,25.67,0.0,25.67,9.21,Second Class,Debit Card
O001413,2024-12-19,C00275,P0034,3,14.33,0.1,38.69,7.79,Same Day,PayPal
O007049,2024-12-19,C00502,P0109,4,33.7,0.05,128.06,55.42,Same Day,UPI
O011053,2024-12-19,C00849,P0153,2,18.32,0.3,25.65,4.55,Same Day,PayPal
O004352,2024-12-19,C00854,P0052,1,22.19,0.0,22.19,11.27,First Class,Credit Card
O011181,2024-12-19,C00871,P0020,1,11.38,0.15,9.67,2.98,Second Class,Bank Transfer
O005346,2024-12-19,C02740,P0116,1,34.67,0.05,32.94,8.92,Second Class,UPI
O000078,2024-12-19,C03255,P0168,2,97.8,0.15,166.26,12.34,First Class,Credit Card
O001293,2024-12-20,C02151,P0002,1,26.05,0.1,23.45,4.55,Second Class,Bank Transfer
O003704,2024-12-20,C00744,P0167,5,48.63,0.2,194.52,69.27,Same Day,Debit Card
O004521,2024-12-20,C01430,P0100,1,24.47,0.15,20.8,8.09,Second Class,Bank Transfer
O002997,2024-12-20,C01593,P0011,2,21.09,0.1,37.96,17.5,Same Day,Bank Transfer
O004506,2024-12-20,C00129,P0179,2,24.0,0.05,45.6,7.04,Same Day,PayPal
O005652,2024-12-20,C02829,P0166,1,37.27,0.1,33.54,6.09,Same Day,Credit Card
O002875,2024-12-20,C01860,P0148,1,12.08,0.0,12.08,3.42,Second Class,UPI
O007910,2024-12-20,C00656,P0122,1,15.78,0.1,14.2,3.18,First Class,PayPal
O001773,2024-12-20,C01287,P0145,2,33.75,0.0,67.5,16.4,Standard,Debit Card
O002144,2024-12-20,C01662,P0169,3,24.3,0.1,65.61,18.09,First Class,Debit Card
O005611,2024-12-20,C01011,P0137,2,17.13,0.3,23.98,6.36,First Class,Credit Card
O006617,2024-12-21,C02609,P0092,2,53.5,0.1,96.3,18.1,Same Day,Bank Transfer
O003590,2024-12-21,C02929,P0047,3,21.13,0.0,63.39,13.77,Same Day,Bank Transfer
O007895,2024-12-21,C01502,P0123,2,70.94,0.2,113.5,44.12,Second Class,Bank Transfer
O006313,2024-12-21,C01729,P0118,1,13.33,0.05,12.66,2.38,Same Day,Bank Transfer
O003244,2024-12-21,C00728,P0063,3,13.89,0.1,37.5,6.6,First Class,Bank Transfer
O009355,2024-12-21,C02107,P0134,1,38.78,0.1,34.9,4.35,First Class,PayPal
O001208,2024-12-21,C03164,P0158,2,38.78,0.1,69.8,21.7,Second Class,UPI
O005866,2024-12-21,C00138,P0079,1,30.25,0.0,30.25,15.47,First Class,Debit Card
O011715,2024-12-21,C01374,P0027,4,13.49,0.05,51.26,14.06,First Class,Credit Card
O004924,2024-12-21,C01064,P0041,2,46.06,0.1,82.91,22.67,Same Day,Credit Card
O000280,2024-12-21,C02941,P0149,1,40.02,0.2,32.02,4.25,First Class,PayPal
O002070,2024-12-21,C02063,P0179,1,24.0,0.15,20.4,1.12,First Class,Credit Card
O010415,2024-12-21,C03429,P0115,1,25.15,0.1,22.63,7.35,Same Day,Credit Card
O008299,2024-12-21,C02781,P0044,2,23.44,0.1,42.19,9.33,First Class,Debit Card
O004339,2024-12-21,C00840,P0098,3,33.77,0.05,96.24,21.51,First Class,Bank Transfer
O010235,2024-12-22,C01419,P0153,2,18.32,0.1,32.98,11.88,Same Day,UPI
O000509,2024-12-22,C02341,P0013,2,33.36,0.0,66.72,24.98,Standard,UPI
O010302,2024-12-22,C02162,P0108,1,31.93,0.05,30.33,9.86,Standard,Debit Card
O011205,2024-12-22,C01950,P0164,2,16.72,0.05,31.77,10.85,Standard,PayPal
O006499,2024-12-22,C00791,P0021,2,73.9,0.1,133.02,53.56,Second Class,Credit Card
O004476,2024-12-22,C03255,P0037,1,32.65,0.1,29.38,4.72,Same Day,UPI
O002207,2024-12-22,C02875,P0058,1,23.31,0.15,19.81,8.33,Standard,PayPal
O002119,2024-12-22,C00253,P0117,2,27.87,0.0,55.74,19.44,Same Day,UPI
O004729,2024-12-22,C00047,P0120,1,46.47,0.2,37.18,12.3,First Class,Debit Card
O000291,2024-12-22,C02414,P0032,1,95.01,0.15,80.76,11.23,Standard,UPI
O011307,2024-12-22,C02500,P0102,5,21.68,0.0,108.4,54.85,First Class,UPI
O009439,2024-12-22,C01685,P0007,2,79.56,0.1,143.21,15.95,Second Class,Debit Card
O008230,2024-12-22,C00122,P0053,1,18.36,0.1,16.52,4.8,First Class,Bank Transfer
O004033,2024-12-22,C02714,P0155,2,34.48,0.05,65.51,14.81,Second Class,Bank Transfer
O006568,2024-12-22,C02126,P0084,2,20.35,0.1,36.63,14.69,Standard,Bank Transfer
O003393,2024-12-22,C02963,P0001,4,39.36,0.1,141.7,55.66,Same Day,Debit Card
O011534,2024-12-23,C02268,P0171,1,15.99,0.1,14.39,4.97,Standard,Credit Card
O004122,2024-12-23,C00674,P0038,1,7.97,0.1,7.17,1.15,Standard,UPI
O003314,2024-12-23,C03160,P0011,3,21.09,0.05,60.11,29.42,Standard,PayPal
O006989,2024-12-23,C02331,P0148,2,12.08,0.0,24.16,6.84,First Class,Bank Transfer
O003208,2024-12-23,C01953,P0087,2,51.68,0.2,82.69,13.77,Same Day,Debit Card
O005095,2024-12-23,C00482,P0059,2,35.35,0.15,60.09,6.39,Standard,PayPal
O011433,2024-12-23,C03123,P0113,3,29.64,0.1,80.03,18.14,First Class,UPI
O008199,2024-12-23,C01266,P0101,1,11.36,0.2,9.09,3.46,Standard,Credit Card
O011894,2024-12-23,C02003,P0087,1,51.68,0.0,51.68,17.22,First Class,Bank Transfer
O000594,2024-12-23,C00409,P0134,2,38.78,0.05,73.68,12.58,Second Class,UPI
O005106,2024-12-23,C00752,P0171,1,15.99,0.3,11.19,1.77,Second Class,UPI
O004851,2024-12-23,C03492,P0100,1,24.47,0.15,20.8,8.09,Standard,Debit Card
O011707,2024-12-23,C00461,P0010,2,40.56,0.05,77.06,27.92,Same Day,Debit Card
O000250,2024-12-23,C00644,P0027,2,13.49,0.2,21.58,2.98,Same Day,Debit Card
O003833,2024-12-23,C00338,P0115,3,25.15,0.2,60.36,14.52,First Class,Credit Card
O003796,2024-12-23,C00709,P0008,1,46.94,0.1,42.25,4.49,Standard,PayPal
O011720,2024-12-23,C03117,P0068,1,54.72,0.0,54.72,18.57,First Class,Debit Card
O004888,2024-12-23,C00028,P0047,3,21.13,0.05,60.22,10.6,First Class,Credit Card
O003291,2024-12-24,C01691,P0162,1,47.54,0.3,33.28,-4.58,Standard,Bank Transfer
O007827,2024-12-24,C02049,P0087,5,51.68,0.1,232.56,60.26,Standard,Debit Card
O004175,2024-12-24,C01078,P0103,1,22.81,0.05,21.67,4.09,Standard,PayPal
O006475,2024-12-24,C01306,P0064,3,13.1,0.05,37.33,15.58,First Class,Credit Card
O001301,2024-12-24,C01152,P0166,1,37.27,0.15,31.68,4.23,Same Day,PayPal
O006842,2024-12-24,C00963,P0005,4,24.48,0.1,88.13,19.65,Same Day,PayPal
O010057,2024-12-24,C01859,P0152,1,35.7,0.0,35.7,8.81,Standard,UPI
O005732,2024-12-24,C02811,P0103,2,22.81,0.1,41.06,5.9,Second Class,Debit Card
O000407,2024-12-24,C02793,P0006,1,24.48,0.2,19.58,6.36,Standard,Bank Transfer
O011456,2024-12-24,C02934,P0057,2,16.52,0.1,29.74,13.54,Standard,Debit Card
O008232,2024-12-24,C02843,P0127,1,14.97,0.15,12.72,3.56,First Class,Debit Card
O002928,2024-12-24,C00155,P0008,2,46.94,0.1,84.49,8.97,Standard,PayPal
O009510,2024-12-24,C01312,P0143,1,10.03,0.05,9.53,1.83,Same Day,Debit Card
O000091,2024-12-24,C00294,P0118,1,13.33,0.0,13.33,3.05,First Class,Debit Card
O005351,2024-12-25,C01428,P0045,4,10.9,0.2,34.88,3.56,Second Class,Credit Card
O010373,2024-12-25,C03121,P0124,2,11.46,0.15,19.48,3.92,Same Day,PayPal
O001840,2024-12-25,C02450,P0023,1,29.78,0.15,25.31,1.54,First Class,Debit Card
O005688,2024-12-25,C02597,P0149,3,40.02,0.15,102.05,18.74,Standard,Credit Card
O002876,2024-12-25,C00191,P0085,1,16.85,0.0,16.85,7.87,Same Day,Bank Transfer
O007135,2024-12-25,C01158,P0069,3,36.06,0.15,91.95,20.13,First Class,UPI
O005040,2024-12-25,C00362,P0041,3,46.06,0.05,131.27,40.91,First Class,PayPal
O001106,2024-12-25,C03025,P0024,1,11.29,0.0,11.29,3.2,Same Day,Debit Card
O011865,2024-12-25,C00124,P0109,1,33.7,0.1,30.33,12.17,First Class,Credit Card
O005756,2024-12-25,C01854,P0090,1,39.79,0.0,39.79,16.9,First Class,Bank Transfer
O002894,2024-12-26,C01700,P0008,3,46.94,0.3,98.57,-14.71,Standard,Debit Card
O003722,2024-12-26,C02915,P0054,3,42.42,0.15,108.17,23.6,Standard,PayPal
O011863,2024-12-26,C01319,P0160,5,43.67,0.1,196.52,34.07,Same Day,Bank Transfer
O007898,2024-12-26,C00272,P0165,1,53.31,0.05,50.64,11.44,First Class,PayPal
O006023,2024-12-26,C00135,P0035,1,48.65,0.0,48.65,19.35,First Class,Bank Transfer
O007559,2024-12-26,C00337,P0104,1,16.92,0.0,16.92,4.75,First Class,PayPal
O001990,2024-12-26,C00343,P0090,2,39.79,0.0,79.58,33.8,Second Class,UPI
O003172,2024-12-26,C00331,P0110,3,27.16,0.05,77.41,26.29,Same Day,Credit Card
O007582,2024-12-26,C02723,P0145,1,33.75,0.1,30.38,4.83,First Class,Debit Card
O004249,2024-12-26,C02527,P0147,1,12.76,0.05,12.12,5.48,First Class,UPI
O006048,2024-12-26,C02188,P0079,1,30.25,0.1,27.23,12.45,Same Day,Debit Card
O003206,2024-12-26,C03483,P0035,2,48.65,0.1,87.57,28.97,Standard,Debit Card
O011227,2024-12-26,C02926,P0004,1,76.71,0.0,76.71,39.26,Same Day,Debit Card
O004165,2024-12-26,C00760,P0038,1,7.97,0.05,7.57,1.55,First Class,Debit Card
O008767,2024-12-26,C01904,P0038,1,7.97,0.2,6.38,0.36,Second Class,Bank Transfer
O001927,2024-12-26,C01311,P0042,1,31.86,0.05,30.27,9.54,Same Day,PayPal
O006847,2024-12-27,C00277,P0112,3,28.02,0.15,71.45,13.49,Second Class,Credit Card
O008792,2024-12-27,C00946,P0064,1,13.1,0.2,10.48,3.23,Same Day,Bank Transfer
O003254,2024-12-27,C02524,P0100,1,24.47,0.15,20.8,8.09,Same Day,Credit Card
O010947,2024-12-27,C00925,P0003,1,43.42,0.0,43.42,18.43,Standard,Bank Transfer
O004895,2024-12-27,C01185,P0024,1,11.29,0.0,11.29,3.2,First Class,Bank Transfer
O000625,2024-12-27,C01058,P0159,2,13.14,0.1,23.65,7.71,Same Day,Credit Card
O009089,2024-12-27,C03285,P0161,2,15.13,0.1,27.23,9.19,Second Class,Bank Transfer
O004607,2024-12-27,C00132,P0134,1,38.78,0.1,34.9,4.35,First Class,Debit Card
O008276,2024-12-27,C02018,P0030,1,23.58,0.15,20.04,4.57,Same Day,PayPal
O010801,2024-12-27,C01097,P0054,1,42.42,0.15,36.06,7.87,Standard,Credit Card
O005329,2024-12-27,C01040,P0027,1,13.49,0.1,12.14,2.84,Same Day,Credit Card
O002330,2024-12-27,C01629,P0035,4,48.65,0.0,194.6,77.4,Same Day,Credit Card
O002955,2024-12-28,C02621,P0002,1,26.05,0.05,24.75,5.85,First Class,Bank Transfer
O002298,2024-12-28,C02278,P0108,1,31.93,0.2,25.54,5.07,Second Class,PayPal
O009945,2024-12-28,C01336,P0086,1,20.57,0.0,20.57,8.95,Same Day,UPI
O001370,2024-12-28,C01160,P0095,4,22.09,0.15,75.11,20.11,Second Class,UPI
O010766,2024-12-28,C00297,P0004,1,76.71,0.0,76.71,39.26,Standard,Bank Transfer
O000892,2024-12-28,C02563,P0020,1,11.38,0.15,9.67,2.98,Same Day,Bank Transfer
O006719,2024-12-28,C00512,P0145,2,33.75,0.05,64.12,13.02,Standard,Credit Card
O006787,2024-12-28,C02590,P0063,2,13.89,0.05,26.39,5.79,First Class,Bank Transfer
O002094,2024-12-28,C01154,P0104,2,16.92,0.15,28.76,4.42,Standard,Credit Card
O007906,2024-12-28,C02236,P0026,1,30.63,0.15,26.04,10.33,Second Class,Debit Card
O002920,2024-12-28,C00266,P0085,3,16.85,0.0,50.55,23.61,Same Day,Debit Card
O009202,2024-12-28,C02739,P0129,2,30.41,0.05,57.78,19.12,Standard,Bank Transfer
O008919,2024-12-28,C00065,P0001,2,39.36,0.15,66.91,23.89,First Class,Debit Card
O008884,2024-12-28,C02386,P0105,3,25.67,0.1,69.31,19.93,Second Class,Bank Transfer
O006953,2024-12-28,C02852,P0134,1,38.78,0.1,34.9,4.35,Standard,Credit Card
O004192,2024-12-28,C00269,P0179,1,24.0,0.0,24.0,4.72,Standard,PayPal
O003007,2024-12-28,C01993,P0151,1,33.54,0.15,28.51,4.03,Second Class,UPI
O007560,2024-12-29,C01687,P0035,1,48.65,0.3,34.05,4.75,First Class,Credit Card
O004056,2024-12-29,C02391,P0133,4,14.29,0.15,48.59,2.47,First Class,PayPal
O000866,2024-12-29,C00640,P0038,2,7.97,0.05,15.14,3.1,Second Class,UPI
O005938,2024-12-29,C01775,P0083,1,74.49,0.1,67.04,20.93,Same Day,UPI
O003729,2024-12-29,C00075,P0016,1,19.78,0.15,16.81,1.58,Standard,Credit Card
O010707,2024-12-29,C02481,P0095,1,22.09,0.05,20.99,7.24,Second Class,UPI
O000598,2024-12-29,C01473,P0021,2,73.9,0.1,133.02,53.56,Standard,UPI
O006723,2024-12-29,C03266,P0066,1,68.82,0.15,58.5,23.47,Second Class,Debit Card
O000875,2024-12-29,C01827,P0110,2,27.16,0.1,48.89,14.81,Same Day,Bank Transfer
O009314,2024-12-29,C02813,P0076,1,48.63,0.3,34.04,6.22,First Class,Debit Card
O010869,2024-12-30,C03384,P0107,1,97.13,0.05,92.27,29.41,Second Class,UPI
O005119,2024-12-30,C02056,P0165,3,53.31,0.1,143.94,26.34,Same Day,Bank Transfer
O002246,2024-12-30,C01865,P0148,2,12.08,0.05,22.95,5.63,Standard,Debit Card
O002476,2024-12-30,C00869,P0033,1,28.25,0.1,25.43,5.18,Same Day,UPI
O004565,2024-12-30,C02853,P0172,1,16.77,0.1,15.09,1.93,Standard,UPI
O009832,2024-12-30,C03220,P0066,1,68.82,0.2,55.06,20.03,Standard,UPI
O003431,2024-12-30,C01082,P0172,1,16.77,0.0,16.77,3.61,First Class,UPI
O004640,2024-12-30,C03341,P0014,1,8.22,0.1,7.4,0.75,Same Day,PayPal
O000933,2024-12-30,C00087,P0034,2,14.33,0.1,25.79,5.19,Second Class,Bank Transfer
O002763,2024-12-30,C02228,P0032,1,95.01,0.15,80.76,11.23,Same Day,Credit Card
O005813,2024-12-30,C02769,P0164,3,16.72,0.1,45.14,13.76,Second Class,Credit Card
O003423,2024-12-30,C00760,P0088,1,35.29,0.15,30.0,4.49,Same Day,Debit Card
O008751,2024-12-30,C00479,P0044,1,23.44,0.15,19.92,3.49,Second Class,PayPal
O006519,2024-12-30,C01688,P0127,1,14.97,0.15,12.72,3.56,First Class,Credit Card
O004359,2024-12-30,C00460,P0155,1,34.48,0.15,29.31,3.96,Standard,PayPal
O011282,2024-12-30,C02881,P0089,1,20.2,0.1,18.18,3.95,Second Class,Credit Card
O009538,2024-12-30,C00177,P0135,2,15.68,0.0,31.36,14.22,Standard,Bank Transfer
O000807,2024-12-30,C00646,P0148,3,12.08,0.15,30.8,4.82,Second Class,Credit Card
O011749,2024-12-30,C00878,P0149,1,40.02,0.1,36.02,8.25,First Class,PayPal
O009286,2024-12-31,C00889,P0086,3,20.57,0.1,55.54,20.68,Same Day,Bank Transfer
O006059,2024-12-31,C02348,P0067,2,27.2,0.1,48.96,21.9,Standard,Bank Transfer
O011302,2024-12-31,C03360,P0002,3,26.05,0.0,78.15,21.45,Second Class,Bank Transfer
O009532,2024-12-31,C01756,P0016,1,19.78,0.1,17.8,2.57,First Class,UPI
O009812,2024-12-31,C03138,P0083,3,74.49,0.15,189.95,51.62,First Class,Debit Card
O007886,2024-12-31,C02501,P0142,1,66.66,0.0,66.66,27.43,Standard,PayPal
O000258,2024-12-31,C01871,P0105,2,25.67,0.15,43.64,10.72,Second Class,UPI
O004923,2024-12-31,C00625,P0079,2,30.25,0.15,51.42,21.86,Same Day,Credit Card
O008573,2024-12-31,C01800,P0080,1,7.83,0.15,6.66,0.34,Second Class,PayPal
O004556,2024-12-31,C03024,P0090,4,39.79,0.1,143.24,51.68,Second Class,UPI
O009378,2024-12-31,C01553,P0080,1,7.83,0.05,7.44,1.12,Same Day,Bank Transfer
O005815,2024-12-31,C00422,P0069,2,36.06,0.1,64.91,17.03,First Class,Debit Card
O002826,2024-12-31,C00457,P0145,1,33.75,0.1,30.38,4.83,Standard,PayPal
O002057,2024-12-31,C00688,P0171,1,15.99,0.0,15.99,6.57,First Class,Bank Transfer
O008788,2024-12-31,C01794,P0064,1,13.1,0.05,12.44,5.19,Standard,Credit Card
O006284,2025-01-01,C01798,P0131,1,10.4,0.05,9.88,1.56,Standard,Credit Card
O006789,2025-01-01,C01862,P0129,1,30.41,0.1,27.37,8.04,Standard,Debit Card
O010574,2025-01-01,C02765,P0153,1,18.32,0.2,14.66,4.11,Same Day,PayPal
O004363,2025-01-01,C03133,P0025,1,20.01,0.15,17.01,3.53,Second Class,Credit Card
O001269,2025-01-01,C03382,P0118,2,13.33,0.0,26.66,6.1,Standard,UPI
O011775,2025-01-01,C01254,P0018,1,34.96,0.2,27.97,6.61,Second Class,Credit Card
O010718,2025-01-01,C03393,P0032,1,95.01,0.2,76.01,6.48,Standard,PayPal
O000977,2025-01-01,C03157,P0177,2,28.74,0.3,40.24,6.4,Standard,Debit Card
O006201,2025-01-01,C01587,P0120,1,46.47,0.05,44.15,19.27,Same Day,Bank Transfer
O010394,2025-01-01,C00173,P0072,4,77.46,0.1,278.86,27.34,First Class,Bank Transfer
O009594,2025-01-01,C02145,P0176,1,48.8,0.0,48.8,23.86,First Class,PayPal
O011553,2025-01-01,C03101,P0091,3,30.36,0.1,81.97,8.68,Standard,Bank Transfer
O003105,2025-01-01,C01480,P0165,1,53.31,0.0,53.31,14.11,Second Class,Credit Card
O009488,2025-01-01,C02472,P0114,2,141.33,0.15,240.26,100.22,Same Day,Credit Card
O006576,2025-01-01,C00202,P0173,2,27.11,0.2,43.38,10.18,Same Day,PayPal
O003275,2025-01-01,C00875,P0044,1,23.44,0.05,22.27,5.84,First Class,Credit Card
O009224,2025-01-01,C03412,P0138,2,23.12,0.2,36.99,14.51,Standard,Bank Transfer
O010283,2025-01-02,C02523,P0059,1,35.35,0.1,31.82,4.97,Second Class,Debit Card
O000430,2025-01-02,C01874,P0119,3,59.91,0.1,161.76,35.25,Standard,Credit Card
O002143,2025-01-02,C00004,P0118,2,13.33,0.1,23.99,3.43,Standard,UPI
O005077,2025-01-02,C03259,P0092,3,53.5,0.2,128.4,11.1,Second Class,Debit Card
O002449,2025-01-02,C01227,P0166,2,37.27,0.1,67.09,12.19,First Class,Credit Card
O010653,2025-01-02,C03134,P0034,2,14.33,0.2,22.93,2.33,Standard,Debit Card
O007341,2025-01-02,C02204,P0038,3,7.97,0.0,23.91,5.85,Standard,Debit Card
O010536,2025-01-02,C01868,P0145,3,33.75,0.0,101.25,24.6,Same Day,PayPal
O005454,2025-01-02,C00013,P0025,1,20.01,0.2,16.01,2.53,Standard,UPI
O010693,2025-01-02,C01524,P0134,2,38.78,0.1,69.8,8.7,Second Class,Bank Transfer
O006805,2025-01-02,C00656,P0046,1,17.85,0.05,16.96,3.56,Same Day,Bank Transfer
O003826,2025-01-02,C03356,P0070,1,18.74,0.15,15.93,2.87,Same Day,PayPal
O005621,2025-01-02,C01857,P0078,3,23.47,0.05,66.89,31.22,Standard,PayPal
O008765,2025-01-02,C03207,P0093,1,18.06,0.15,15.35,3.28,First Class,Bank Transfer
O004314,2025-01-02,C01549,P0063,1,13.89,0.15,11.81,1.51,First Class,Bank Transfer
O001703,2025-01-02,C03249,P0135,4,15.68,0.2,50.18,15.9,Same Day,PayPal
O007061,2025-01-02,C02755,P0170,2,17.46,0.2,27.94,1.36,Standard,PayPal
O005348,2025-01-02,C00108,P0077,1,30.16,0.15,25.64,6.66,Same Day,Credit Card
O003653,2025-01-03,C00020,P0035,4,48.65,0.05,184.87,67.67,Standard,PayPal
O002425,2025-01-03,C02722,P0018,1,34.96,0.15,29.72,8.36,Same Day,Debit Card
O001986,2025-01-03,C02972,P0007,1,79.56,0.2,63.65,0.02,Same Day,Debit Card
O001939,2025-01-03,C02946,P0023,1,29.78,0.1,26.8,3.03,First Class,Bank Transfer
O001419,2025-01-03,C01023,P0084,1,20.35,0.1,18.32,7.35,First Class,Credit Card
O008387,2025-01-03,C01289,P0124,3,11.46,0.1,30.94,7.6,Second Class,Debit Card
O010435,2025-01-03,C02857,P0025,2,20.01,0.0,40.02,13.06,Second Class,Credit Card
O001004,2025-01-03,C02116,P0156,1,17.92,0.15,15.23,1.71,Standard,UPI
O005222,2025-01-04,C01207,P0145,1,33.75,0.0,33.75,8.2,Second Class,Credit Card
O005298,2025-01-04,C01394,P0094,2,23.04,0.05,43.78,12.08,First Class,Bank Transfer
O003453,2025-01-04,C03241,P0137,1,17.13,0.0,17.13,8.32,Second Class,Debit Card
O009827,2025-01-04,C01779,P0026,2,30.63,0.1,55.13,23.71,Standard,Credit Card
O011879,2025-01-04,C03259,P0067,2,27.2,0.2,43.52,16.46,Standard,Credit Card
O001100,2025-01-04,C00692,P0040,1,32.39,0.05,30.77,5.17,Same Day,Debit Card
O000578,2025-01-04,C00859,P0151,4,33.54,0.0,134.16,36.24,Standard,Debit Card
O006893,2025-01-04,C02222,P0064,3,13.1,0.05,37.33,15.58,Standard,UPI
O009515,2025-01-04,C01844,P0069,1,36.06,0.15,30.65,6.71,Standard,Bank Transfer
O001721,2025-01-04,C00738,P0063,2,13.89,0.1,25.0,4.4,First Class,Bank Transfer
O003749,2025-01-04,C00767,P0151,1,33.54,0.05,31.86,7.38,Same Day,PayPal
O009582,2025-01-04,C00407,P0144,2,32.14,0.1,57.85,26.49,First Class,UPI
O008981,2025-01-04,C03488,P0084,3,20.35,0.05,58.0,25.09,First Class,UPI
O002670,2025-01-04,C00432,P0002,1,26.05,0.0,26.05,7.15,Same Day,Credit Card
O007001,2025-01-05,C01665,P0068,2,54.72,0.05,103.97,31.67,Second Class,Credit Card
O003071,2025-01-05,C01756,P0128,2,19.73,0.15,33.54,5.96,Standard,UPI
O011987,2025-01-05,C01860,P0166,1,37.27,0.0,37.27,9.82,Second Class,UPI
O001318,2025-01-05,C01018,P0128,1,19.73,0.1,17.76,3.97,Standard,UPI
O005781,2025-01-05,C01893,P0094,2,23.04,0.0,46.08,14.38,Same Day,PayPal
O000449,2025-01-05,C01535,P0120,1,46.47,0.1,41.82,16.94,Same Day,Debit Card
O006177,2025-01-05,C02064,P0118,1,13.33,0.05,12.66,2.38,Standard,Debit Card
O008523,2025-01-05,C02545,P0007,1,79.56,0.15,67.63,4.0,Standard,PayPal
O002152,2025-01-05,C01115,P0127,2,14.97,0.2,23.95,5.63,Standard,Bank Transfer
O010321,2025-01-05,C00778,P0065,2,48.33,0.15,82.16,15.3,Second Class,Bank Transfer
O011503,2025-01-05,C01450,P0123,3,70.94,0.0,212.82,108.75,Standard,Credit Card
O001427,2025-01-05,C01881,P0168,2,97.8,0.2,156.48,2.56,Same Day,UPI
O006212,2025-01-05,C02599,P0101,1,11.36,0.0,11.36,5.73,Same Day,Debit Card
O002543,2025-01-05,C02137,P0056,3,52.21,0.2,125.3,18.65,Standard,PayPal
O002542,2025-01-05,C03038,P0101,1,11.36,0.1,10.22,4.59,Second Class,PayPal
O009018,2025-01-05,C01672,P0077,3,30.16,0.15,76.91,19.97,First Class,Credit Card
O000494,2025-01-06,C00976,P0059,2,35.35,0.3,49.49,-4.21,Same Day,Credit Card
O000096,2025-01-06,C00887,P0097,2,34.55,0.15,58.73,17.19,Second Class,Credit Card
O001861,2025-01-06,C00524,P0084,1,20.35,0.05,19.33,8.36,First Class,PayPal
O008873,2025-01-06,C01110,P0005,4,24.48,0.3,68.54,0.06,First Class,UPI
O008944,2025-01-06,C00045,P0027,1,13.49,0.05,12.82,3.52,Second Class,Credit Card
O001687,2025-01-06,C02738,P0027,2,13.49,0.05,25.63,7.03,Standard,PayPal
O005560,2025-01-06,C02244,P0042,1,31.86,0.1,28.67,7.94,First Class,Debit Card
O006828,2025-01-06,C02074,P0135,2,15.68,0.2,25.09,7.95,Second Class,Debit Card
O004542,2025-01-06,C02993,P0098,3,33.77,0.05,96.24,21.51,Second Class,Bank Transfer
O002777,2025-01-06,C03445,P0049,1,35.64,0.0,35.64,13.98,Same Day,PayPal
O006538,2025-01-07,C02435,P0079,1,30.25,0.05,28.74,13.96,First Class,Credit Card
O000165,2025-01-07,C01393,P0006,2,24.48,0.05,46.51,20.07,First Class,Bank Transfer
O007179,2025-01-07,C02598,P0164,1,16.72,0.1,15.05,4.59,Standard,Bank Transfer
O008112,2025-01-07,C00331,P0177,1,28.74,0.0,28.74,11.82,First Class,UPI
O007533,2025-01-07,C01826,P0064,1,13.1,0.2,10.48,3.23,Same Day,Bank Transfer
O010269,2025-01-07,C01184,P0081,1,24.71,0.05,23.47,4.59,First Class,UPI
O002915,2025-01-07,C02279,P0006,4,24.48,0.1,88.13,35.25,First Class,UPI
O008074,2025-01-07,C01371,P0170,1,17.46,0.2,13.97,0.68,Standard,UPI
O011960,2025-01-07,C02100,P0096,1,11.01,0.15,9.36,3.15,First Class,UPI
O001172,2025-01-07,C01741,P0145,1,33.75,0.05,32.06,6.51,First Class,Credit Card
O010307,2025-01-07,C01855,P0135,2,15.68,0.05,29.79,12.65,Same Day,PayPal
O006084,2025-01-07,C03405,P0106,1,37.06,0.0,37.06,18.04,Second Class,PayPal
O009774,2025-01-07,C00285,P0138,1,23.12,0.2,18.5,7.26,Same Day,Bank Transfer
O001992,2025-01-07,C00007,P0066,2,68.82,0.0,137.64,67.58,Same Day,Debit Card
O001681,2025-01-07,C01441,P0167,3,48.63,0.1,131.3,56.15,Same Day,Credit Card
O008169,2025-01-08,C02190,P0062,1,25.26,0.15,21.47,4.86,First Class,PayPal
O011452,2025-01-08,C00895,P0050,1,9.06,0.05,8.61,3.97,First Class,Bank Transfer
O011316,2025-01-08,C02920,P0067,4,27.2,0.1,97.92,43.8,Same Day,Credit Card
O008280,2025-01-08,C02082,P0073,1,27.85,0.2,22.28,4.02,Same Day,UPI
O006067,2025-01-08,C02536,P0110,1,27.16,0.0,27.16,10.12,First Class,Credit Card
O011485,2025-01-08,C00536,P0127,1,14.97,0.1,13.47,4.31,Second Class,UPI
O000231,2025-01-08,C02192,P0109,1,33.7,0.0,33.7,15.54,First Class,Credit Card
O003582,2025-01-08,C02469,P0164,1,16.72,0.05,15.88,5.42,Second Class,UPI
O007779,2025-01-08,C01371,P0137,1,17.13,0.0,17.13,8.32,First Class,Bank Transfer
O011586,2025-01-08,C01969,P0167,1,48.63,0.1,43.77,18.72,Second Class,UPI
O006123,2025-01-08,C01821,P0076,1,48.63,0.0,48.63,20.81,First Class,Bank Transfer
O002632,2025-01-08,C00966,P0098,1,33.77,0.05,32.08,7.17,Standard,Debit Card
O005952,2025-01-08,C02966,P0121,2,47.66,0.1,85.79,37.75,Standard,Credit Card
O008322,2025-01-09,C01732,P0060,1,53.74,0.0,53.74,21.36,Standard,Credit Card
O010968,2025-01-09,C02421,P0081,1,24.71,0.15,21.0,2.12,Standard,Debit Card
O003064,2025-01-09,C02938,P0141,1,33.04,0.1,29.74,13.08,First Class,Bank Transfer
O010306,2025-01-09,C02717,P0133,1,14.29,0.15,12.15,0.62,First Class,Bank Transfer
O002629,2025-01-09,C01983,P0140,3,12.81,0.05,36.51,9.15,Second Class,UPI
O008946,2025-01-09,C02532,P0070,1,18.74,0.15,15.93,2.87,Second Class,Bank Transfer
O008278,2025-01-09,C02551,P0094,5,23.04,0.1,103.68,24.43,Standard,UPI
O004553,2025-01-09,C02882,P0159,1,13.14,0.05,12.48,4.51,Second Class,PayPal
O005723,2025-01-09,C01626,P0011,1,21.09,0.1,18.98,8.75,First Class,UPI
O002645,2025-01-09,C00636,P0007,3,79.56,0.05,226.75,35.86,Same Day,Debit Card
O002338,2025-01-09,C00384,P0035,1,48.65,0.15,41.35,12.05,Standard,PayPal
O009317,2025-01-09,C00697,P0146,1,47.38,0.15,40.27,12.99,First Class,Bank Transfer
O011269,2025-01-09,C00616,P0168,1,97.8,0.0,97.8,20.84,Same Day,Bank Transfer
O002098,2025-01-09,C03229,P0039,1,12.02,0.0,12.02,2.71,Second Class,UPI
O007921,2025-01-09,C02448,P0142,2,66.66,0.05,126.65,48.19,First Class,Debit Card
O000406,2025-01-10,C00152,P0083,2,74.49,0.15,126.63,34.41,Second Class,Bank Transfer
O000551,2025-01-10,C02033,P0032,3,95.01,0.05,270.78,62.19,Second Class,Debit Card
O001768,2025-01-10,C03115,P0139,2,48.37,0.05,91.9,42.36,First Class,Debit Card
O002525,2025-01-10,C01622,P0041,1,46.06,0.15,39.15,9.03,Standard,Bank Transfer
O004907,2025-01-10,C01227,P0053,1,18.36,0.0,18.36,6.64,Standard,UPI
O008553,2025-01-10,C01891,P0104,1,16.92,0.0,16.92,4.75,First Class,Bank Transfer
O000434,2025-01-10,C01366,P0128,3,19.73,0.05,56.23,14.86,First Class,Credit Card
O000038,2025-01-10,C01273,P0086,1,20.57,0.05,19.54,7.92,Second Class,Debit Card
O006022,2025-01-10,C03260,P0048,4,56.66,0.0,226.64,91.8,Standard,Credit Card
O011476,2025-01-10,C01868,P0121,4,47.66,0.1,171.58,75.5,Same Day,PayPal
O008184,2025-01-10,C02483,P0086,1,20.57,0.0,20.57,8.95,First Class,PayPal
O001787,2025-01-10,C02488,P0044,2,23.44,0.1,42.19,9.33,Second Class,Bank Transfer
O003536,2025-01-10,C01905,P0164,3,16.72,0.05,47.65,16.27,First Class,Bank Transfer
O010323,2025-01-10,C02345,P0108,2,31.93,0.2,51.09,10.15,Same Day,Debit Card
O007147,2025-01-11,C02030,P0129,1,30.41,0.15,25.85,6.52,Same Day,Bank Transfer
O001327,2025-01-11,C03292,P0066,1,68.82,0.2,55.06,20.03,Same Day,PayPal
O002722,2025-01-11,C00017,P0145,1,33.75,0.0,33.75,8.2,Standard,Bank Transfer
O010989,2025-01-11,C01241,P0073,1,27.85,0.0,27.85,9.59,Second Class,UPI
O003290,2025-01-11,C01042,P0035,3,48.65,0.15,124.06,36.16,First Class,Debit Card
O001642,2025-01-11,C02850,P0067,2,27.2,0.05,51.68,24.62,Standard,Credit Card
O007357,2025-01-11,C00654,P0108,1,31.93,0.0,31.93,11.46,Second Class,UPI
O010880,2025-01-11,C00326,P0076,1,48.63,0.1,43.77,15.95,First Class,PayPal
O002832,2025-01-11,C03251,P0091,1,30.36,0.2,24.29,-0.14,First Class,Bank Transfer
O009241,2025-01-11,C00777,P0165,1,53.31,0.05,50.64,11.44,Standard,Credit Card
O007570,2025-01-11,C02057,P0129,1,30.41,0.1,27.37,8.04,Second Class,PayPal
O011977,2025-01-11,C00796,P0059,3,35.35,0.1,95.45,14.9,Same Day,UPI
O001717,2025-01-12,C02744,P0096,2,11.01,0.15,18.72,6.3,Standard,Bank Transfer
O006119,2025-01-12,C01224,P0056,1,52.21,0.1,46.99,11.44,Second Class,Bank Transfer
O010640,2025-01-12,C03181,P0180,2,167.02,0.1,300.64,75.18,Second Class,UPI
O000042,2025-01-12,C00235,P0038,1,7.97,0.15,6.77,0.75,Same Day,UPI
O004185,2025-01-12,C00538,P0166,1,37.27,0.15,31.68,4.23,Same Day,Debit Card
O010765,2025-01-12,C02133,P0120,1,46.47,0.2,37.18,12.3,Standard,Credit Card
O003080,2025-01-12,C02310,P0147,2,12.76,0.05,24.24,10.96,First Class,Debit Card
O010208,2025-01-12,C02637,P0073,5,27.85,0.3,97.47,6.17,Same Day,Bank Transfer
O001304,2025-01-12,C00601,P0014,2,8.22,0.15,13.97,0.67,First Class,Credit Card
O003841,2025-01-12,C00036,P0088,1,35.29,0.1,31.76,6.25,Standard,Credit Card
O004531,2025-01-12,C00093,P0095,3,22.09,0.15,56.33,15.08,Second Class,Credit Card
O009340,2025-01-12,C01974,P0058,1,23.31,0.05,22.14,10.66,Same Day,Credit Card
O010957,2025-01-12,C01765,P0134,1,38.78,0.3,27.15,-3.4,Second Class,Bank Transfer
O002528,2025-01-12,C01905,P0109,1,33.7,0.1,30.33,12.17,Same Day,PayPal
O002768,2025-01-12,C03323,P0046,2,17.85,0.15,30.35,3.55,First Class,Credit Card
O000500,2025-01-12,C03402,P0118,1,13.33,0.2,10.66,0.38,First Class,Debit Card
O011314,2025-01-13,C02284,P0148,2,12.08,0.05,22.95,5.63,First Class,Bank Transfer
O001190,2025-01-13,C01491,P0128,4,19.73,0.0,78.92,23.76,Second Class,UPI
O005544,2025-01-13,C01087,P0044,3,23.44,0.05,66.8,17.51,Same Day,Bank Transfer
O007588,2025-01-13,C01546,P0045,3,10.9,0.2,26.16,2.67,Standard,PayPal
O011842,2025-01-13,C01340,P0143,2,10.03,0.1,18.05,2.65,Standard,UPI
O001597,2025-01-13,C00360,P0079,2,30.25,0.3,42.35,12.79,Second Class,Credit Card
O011166,2025-01-13,C02691,P0156,1,17.92,0.1,16.13,2.61,First Class,PayPal
O000774,2025-01-13,C02694,P0007,2,79.56,0.0,159.12,31.86,Second Class,PayPal
O007771,2025-01-13,C00930,P0001,3,39.36,0.0,118.08,53.55,Same Day,PayPal
O008706,2025-01-13,C00628,P0151,1,33.54,0.0,33.54,9.06,Second Class,PayPal
O009848,2025-01-13,C01749,P0164,3,16.72,0.1,45.14,13.76,Second Class,PayPal
O009860,2025-01-13,C03409,P0044,3,23.44,0.2,56.26,6.97,Standard,Debit Card
O010294,2025-01-13,C01868,P0012,4,21.06,0.1,75.82,8.78,First Class,PayPal
O007064,2025-01-13,C01253,P0110,2,27.16,0.0,54.32,20.24,Same Day,Debit Card
O002653,2025-01-13,C02802,P0076,1,48.63,0.2,38.9,11.08,First Class,Debit Card
O006194,2025-01-13,C02164,P0139,4,48.37,0.1,174.13,75.05,First Class,Bank Transfer
O002297,2025-01-13,C03127,P0018,1,34.96,0.05,33.21,11.85,First Class,PayPal
O002691,2025-01-13,C01301,P0168,1,97.8,0.05,92.91,15.95,Standard,Debit Card
O009099,2025-01-13,C01230,P0173,1,27.11,0.05,25.75,9.15,Second Class,Debit Card
O003285,2025-01-14,C01999,P0097,2,34.55,0.0,69.1,27.56,First Class,Debit Card
O000505,2025-01-14,C03079,P0067,1,27.2,0.1,24.48,10.95,Second Class,UPI
O002041,2025-01-14,C02214,P0013,2,33.36,0.15,56.71,14.97,Standard,Credit Card
O003468,2025-01-14,C01840,P0147,2,12.76,0.0,25.52,12.24,Second Class,Debit Card
O003597,2025-01-14,C02191,P0118,1,13.33,0.0,13.33,3.05,Second Class,Credit Card
O003399,2025-01-14,C00848,P0160,2,43.67,0.1,78.61,13.63,Second Class,Debit Card
O004719,2025-01-14,C01975,P0020,1,11.38,0.0,11.38,4.69,Standard,UPI
O006911,2025-01-14,C00504,P0013,1,33.36,0.05,31.69,10.82,Standard,UPI
O011369,2025-01-14,C00067,P0060,1,53.74,0.1,48.37,15.99,Standard,Debit Card
O004723,2025-01-14,C00621,P0072,5,77.46,0.15,329.2,14.8,Same Day,Debit Card
O001683,2025-01-14,C01917,P0041,3,46.06,0.05,131.27,40.91,First Class,Debit Card
O006309,2025-01-14,C00718,P0046,1,17.85,0.0,17.85,4.45,Same Day,Debit Card
O011156,2025-01-14,C02481,P0100,5,24.47,0.0,122.35,58.8,Second Class,Bank Transfer
O002673,2025-01-14,C02270,P0019,2,15.8,0.15,26.86,2.54,Standard,UPI
O009866,2025-01-14,C01836,P0043,2,26.44,0.05,50.24,10.5,First Class,UPI
O004809,2025-01-14,C00700,P0045,1,10.9,0.1,9.81,1.98,Standard,PayPal
O011376,2025-01-14,C02884,P0060,1,53.74,0.15,45.68,13.3,Standard,PayPal
O006376,2025-01-14,C03282,P0064,5,13.1,0.1,58.95,22.7,Second Class,Debit Card
O009840,2025-01-14,C00250,P0147,1,12.76,0.1,11.48,4.84,First Class,UPI
O004345,2025-01-14,C03336,P0020,2,11.38,0.0,22.76,9.38,First Class,UPI
O001619,2025-01-14,C01952,P0058,1,23.31,0.05,22.14,10.66,First Class,UPI
O008179,2025-01-14,C02955,P0013,1,33.36,0.1,30.02,9.15,Same Day,Debit Card
O008244,2025-01-14,C03318,P0074,1,78.81,0.05,74.87,28.39,Standard,Credit Card
O008142,2025-01-14,C03344,P0146,1,47.38,0.0,47.38,20.1,Same Day,Debit Card
O005873,2025-01-14,C03440,P0057,2,16.52,0.2,26.43,10.23,First Class,UPI
O004142,2025-01-14,C02261,P0114,1,141.33,0.2,113.06,43.04,Same Day,Credit Card
O006651,2025-01-15,C02509,P0123,2,70.94,0.1,127.69,58.31,First Class,PayPal
O007963,2025-01-15,C01065,P0094,1,23.04,0.0,23.04,7.19,Second Class,Debit Card
O005141,2025-01-15,C02149,P0051,4,35.19,0.15,119.65,24.41,Second Class,PayPal
O003015,2025-01-15,C01545,P0178,1,73.32,0.15,62.32,3.44,Second Class,PayPal
O000510,2025-01-15,C00514,P0076,1,48.63,0.2,38.9,11.08,Standard,Credit Card
O011038,2025-01-15,C01223,P0062,1,25.26,0.0,25.26,8.65,First Class,Credit Card
O002348,2025-01-15,C02039,P0003,1,43.42,0.3,30.39,5.4,First Class,Credit Card
O002708,2025-01-15,C01740,P0066,1,68.82,0.15,58.5,23.47,Second Class,Credit Card
O008560,2025-01-15,C01053,P0101,2,11.36,0.1,20.45,9.19,Same Day,Credit Card
O001848,2025-01-15,C00179,P0151,1,33.54,0.0,33.54,9.06,Same Day,Debit Card
O006554,2025-01-15,C01925,P0014,3,8.22,0.0,24.66,4.71,Standard,UPI
O006391,2025-01-15,C01332,P0063,1,13.89,0.1,12.5,2.2,Same Day,UPI
O009007,2025-01-15,C01218,P0060,1,53.74,0.15,45.68,13.3,Second Class,PayPal
O010554,2025-01-15,C00077,P0163,2,60.53,0.2,96.85,3.41,First Class,Bank Transfer
O001243,2025-01-16,C00676,P0124,2,11.46,0.05,21.77,6.21,Same Day,Debit Card
O010410,2025-01-16,C02673,P0065,1,48.33,0.05,45.91,12.48,First Class,PayPal
O006678,2025-01-16,C02266,P0128,4,19.73,0.05,74.97,19.81,Standard,PayPal
O001776,2025-01-16,C01489,P0171,1,15.99,0.15,13.59,4.17,Same Day,PayPal
O007610,2025-01-16,C00609,P0125,1,41.74,0.15,35.48,2.1,Standard,PayPal
O002454,2025-01-16,C01882,P0031,2,19.28,0.0,38.56,8.54,Second Class,UPI
O004395,2025-01-16,C00887,P0123,1,70.94,0.1,63.85,29.16,Same Day,Debit Card
O009751,2025-01-16,C00095,P0157,2,95.85,0.05,182.11,25.53,First Class,PayPal
O011991,2025-01-16,C02752,P0120,1,46.47,0.1,41.82,16.94,First Class,Debit Card
O007153,2025-01-16,C01638,P0154,2,33.15,0.15,56.35,20.53,Standard,Bank Transfer
O009686,2025-01-16,C00627,P0037,1,32.65,0.15,27.75,3.09,First Class,PayPal
O003911,2025-01-16,C00832,P0016,2,19.78,0.0,39.56,9.1,Same Day,Credit Card
O010517,2025-01-16,C00138,P0029,2,19.29,0.15,32.79,12.43,First Class,Bank Transfer
O004458,2025-01-16,C03305,P0178,3,73.32,0.1,197.96,21.32,Same Day,PayPal
O001132,2025-01-16,C01228,P0151,3,33.54,0.0,100.62,27.18,Same Day,UPI
O009352,2025-01-16,C01272,P0051,3,35.19,0.05,100.29,28.86,Same Day,Bank Transfer
O000255,2025-01-16,C00258,P0083,1,74.49,0.0,74.49,28.38,First Class,UPI
O001559,2025-01-16,C02580,P0063,5,13.89,0.0,69.45,17.95,Second Class,UPI
O003917,2025-01-16,C00920,P0077,4,30.16,0.1,108.58,32.66,Standard,UPI
O006171,2025-01-16,C01573,P0050,2,9.06,0.0,18.12,8.84,Standard,UPI
O007665,2025-01-16,C00146,P0078,1,23.47,0.2,18.78,6.89,Same Day,Debit Card
O002651,2025-01-17,C01858,P0172,2,16.77,0.3,23.48,-2.84,First Class,UPI
O004980,2025-01-17,C01604,P0002,2,26.05,0.15,44.28,6.48,Second Class,Debit Card
O010734,2025-01-17,C02834,P0173,5,27.11,0.0,135.55,52.55,Same Day,UPI
O003629,2025-01-17,C02392,P0043,2,26.44,0.05,50.24,10.5,Same Day,UPI
O011058,2025-01-17,C02719,P0124,1,11.46,0.15,9.74,1.96,First Class,PayPal
O008122,2025-01-17,C01972,P0121,3,47.66,0.0,142.98,70.92,Second Class,Bank Transfer
O004818,2025-01-17,C01296,P0067,1,27.2,0.0,27.2,13.67,Second Class,UPI
O007523,2025-01-17,C00258,P0103,1,22.81,0.0,22.81,5.23,Same Day,UPI
O006527,2025-01-17,C00248,P0007,2,79.56,0.15,135.25,7.99,Standard,Credit Card
O002892,2025-01-17,C03329,P0057,1,16.52,0.15,14.04,5.94,Standard,PayPal
O005170,2025-01-17,C01300,P0154,2,33.15,0.05,62.98,27.16,Second Class,Bank Transfer
O006833,2025-01-17,C01058,P0007,3,79.56,0.05,226.75,35.86,First Class,Credit Card
O001835,2025-01-17,C00287,P0034,2,14.33,0.1,25.79,5.19,Standard,Debit Card
O008304,2025-01-17,C02594,P0068,1,54.72,0.1,49.25,13.1,Same Day,UPI
O009628,2025-01-17,C01738,P0047,3,21.13,0.15,53.88,4.26,Second Class,PayPal
O009587,2025-01-17,C00231,P0091,1,30.36,0.05,28.84,4.41,Second Class,Credit Card
O000814,2025-01-17,C00686,P0108,4,31.93,0.1,114.95,33.07,First Class,UPI
O002146,2025-01-17,C03354,P0116,1,34.67,0.0,34.67,10.65,Same Day,UPI
O011170,2025-01-18,C00499,P0086,1,20.57,0.3,14.4,2.78,First Class,Bank Transfer
O008283,2025-01-18,C02405,P0180,1,167.02,0.15,141.97,29.24,Standard,UPI
O006401,2025-01-18,C00194,P0162,1,47.54,0.05,45.16,7.3,Standard,Bank Transfer
O003790,2025-01-18,C01912,P0169,2,24.3,0.1,43.74,12.06,Standard,Credit Card
O008366,2025-01-18,C02371,P0023,1,29.78,0.1,26.8,3.03,Second Class,PayPal
O006580,2025-01-18,C01382,P0074,4,78.81,0.0,315.24,129.32,First Class,Credit Card
O011299,2025-01-18,C00360,P0108,4,31.93,0.2,102.18,20.3,Second Class,Bank Transfer
O004416,2025-01-18,C03135,P0042,5,31.86,0.05,151.34,47.69,First Class,Debit Card
O006749,2025-01-18,C01106,P0143,2,10.03,0.0,20.06,4.66,First Class,PayPal
O005695,2025-01-18,C00543,P0085,1,16.85,0.05,16.01,7.03,Same Day,Debit Card
O002192,2025-01-18,C02231,P0052,1,22.19,0.0,22.19,11.27,Standard,Bank Transfer
O002378,2025-01-19,C00307,P0045,1,10.9,0.2,8.72,0.89,Second Class,Credit Card
O005320,2025-01-19,C00109,P0110,1,27.16,0.0,27.16,10.12,Standard,Bank Transfer
O009351,2025-01-19,C00574,P0128,1,19.73,0.15,16.77,2.98,Same Day,UPI
O007553,2025-01-19,C01409,P0113,3,29.64,0.05,84.47,22.58,Second Class,Bank Transfer
O003754,2025-01-19,C02957,P0042,1,31.86,0.1,28.67,7.94,Standard,PayPal
O001154,2025-01-19,C01930,P0127,1,14.97,0.1,13.47,4.31,Same Day,Debit Card
O008110,2025-01-19,C00189,P0039,1,12.02,0.1,10.82,1.51,First Class,PayPal
O008320,2025-01-19,C02372,P0130,1,20.55,0.0,20.55,6.87,Same Day,Credit Card
O004917,2025-01-19,C03031,P0046,1,17.85,0.0,17.85,4.45,Same Day,Credit Card
O000400,2025-01-19,C00592,P0155,1,34.48,0.1,31.03,5.68,Same Day,Credit Card
O007130,2025-01-19,C01584,P0097,4,34.55,0.3,96.74,13.66,Same Day,PayPal
O009546,2025-01-19,C00089,P0041,2,46.06,0.0,92.12,31.88,First Class,Debit Card
O005570,2025-01-19,C02120,P0165,2,53.31,0.1,95.96,17.56,Second Class,PayPal
O003097,2025-01-19,C02718,P0085,1,16.85,0.3,11.79,2.81,Second Class,Bank Transfer
O007546,2025-01-20,C00128,P0069,2,36.06,0.0,72.12,24.24,Same Day,UPI
O010791,2025-01-20,C00713,P0143,1,10.03,0.2,8.02,0.32,Standard,Bank Transfer
O008983,2025-01-20,C01089,P0128,2,19.73,0.1,35.51,7.93,Second Class,PayPal
O003756,2025-01-20,C02946,P0176,1,48.8,0.05,46.36,21.42,Standard,Debit Card
O001481,2025-01-20,C02749,P0151,1,33.54,0.15,28.51,4.03,Second Class,Credit Card
O009519,2025-01-20,C01326,P0132,2,29.8,0.15,50.66,14.22,Standard,Credit Card
O008416,2025-01-20,C02706,P0094,1,23.04,0.2,18.43,2.58,Same Day,Bank Transfer
O006453,2025-01-20,C03136,P0117,2,27.87,0.0,55.74,19.44,Second Class,UPI
O004184,2025-01-20,C02901,P0070,1,18.74,0.0,18.74,5.68,Second Class,UPI
O010758,2025-01-20,C00696,P0042,2,31.86,0.15,54.16,12.7,Same Day,Credit Card
O000910,2025-01-20,C03332,P0163,2,60.53,0.1,108.95,15.51,First Class,PayPal
O011451,2025-01-20,C01413,P0012,1,21.06,0.2,16.85,0.09,Standard,UPI
O005465,2025-01-20,C00947,P0116,1,34.67,0.3,24.27,0.25,First Class,Debit Card
O001060,2025-01-20,C03327,P0088,1,35.29,0.1,31.76,6.25,Same Day,PayPal
O001153,2025-01-20,C02727,P0014,4,8.22,0.15,27.95,1.35,Same Day,Credit Card
O002568,2025-01-20,C02565,P0123,1,70.94,0.2,56.75,22.06,Standard,PayPal
O007384,2025-01-20,C01691,P0133,2,14.29,0.1,25.72,2.66,First Class,Bank Transfer
O010754,2025-01-20,C00931,P0058,1,23.31,0.1,20.98,9.5,Second Class,PayPal
O004667,2025-01-20,C01657,P0065,1,48.33,0.0,48.33,14.9,Same Day,Debit Card
O006180,2025-01-20,C01555,P0011,2,21.09,0.0,42.18,21.72,Same Day,Debit Card
O009456,2025-01-21,C00725,P0116,2,34.67,0.05,65.87,17.83,First Class,UPI
O007642,2025-01-21,C02932,P0110,3,27.16,0.15,69.26,18.14,Same Day,Credit Card
O003010,2025-01-21,C00414,P0171,2,15.99,0.15,27.18,8.34,Same Day,Credit Card
O009451,2025-01-21,C00876,P0148,1,12.08,0.15,10.27,1.61,Same Day,UPI
O002199,2025-01-21,C02194,P0140,1,12.81,0.1,11.53,2.41,Second Class,UPI
O008885,2025-01-21,C01772,P0145,1,33.75,0.15,28.69,3.14,Second Class,UPI
O006268,2025-01-21,C03232,P0023,2,29.78,0.2,47.65,0.11,Same Day,PayPal
O011466,2025-01-21,C01154,P0101,1,11.36,0.0,11.36,5.73,Same Day,UPI
O000066,2025-01-21,C03231,P0109,1,33.7,0.0,33.7,15.54,Standard,Debit Card
O003793,2025-01-21,C00430,P0029,2,19.29,0.1,34.72,14.36,Standard,Credit Card
O003876,2025-01-21,C00917,P0058,2,23.31,0.15,39.63,16.67,Second Class,PayPal
O004957,2025-01-21,C01776,P0123,2,70.94,0.05,134.79,65.41,Second Class,PayPal
O001692,2025-01-21,C01377,P0079,2,30.25,0.15,51.42,21.86,First Class,Bank Transfer
O010543,2025-01-21,C03188,P0139,1,48.37,0.0,48.37,23.6,Second Class,UPI
O000891,2025-01-21,C01714,P0049,3,35.64,0.15,90.88,25.9,Standard,Debit Card
O004420,2025-01-21,C00437,P0137,1,17.13,0.05,16.27,7.46,First Class,Credit Card
O011616,2025-01-21,C00886,P0132,5,29.8,0.0,149.0,57.9,Standard,UPI
O006121,2025-01-21,C02551,P0148,2,12.08,0.0,24.16,6.84,Same Day,Bank Transfer
O009752,2025-01-21,C00287,P0138,1,23.12,0.05,21.96,10.72,Standard,Debit Card
O001652,2025-01-21,C02096,P0110,2,27.16,0.05,51.6,17.52,Second Class,Debit Card
O007066,2025-01-22,C00732,P0037,1,32.65,0.2,26.12,1.46,Second Class,Credit Card
O004948,2025-01-22,C00027,P0111,1,8.19,0.0,8.19,3.15,Standard,UPI
O002497,2025-01-22,C00899,P0060,1,53.74,0.1,48.37,15.99,First Class,Bank Transfer
O009777,2025-01-22,C00624,P0007,1,79.56,0.0,79.56,15.93,Standard,Debit Card
O009584,2025-01-22,C01460,P0144,2,32.14,0.05,61.07,29.71,Same Day,Credit Card
O002873,2025-01-22,C01256,P0161,1,15.13,0.15,12.86,3.84,Standard,Debit Card
O008036,2025-01-22,C01220,P0071,2,36.05,0.05,68.49,16.09,Standard,Credit Card
O003210,2025-01-22,C02151,P0008,3,46.94,0.15,119.7,6.42,First Class,Debit Card
O008526,2025-01-22,C01440,P0044,1,23.44,0.15,19.92,3.49,Same Day,Credit Card
O005802,2025-01-22,C01279,P0157,1,95.85,0.2,76.68,-1.61,Second Class,Credit Card
O010635,2025-01-22,C00577,P0179,1,24.0,0.05,22.8,3.52,First Class,Bank Transfer
O010339,2025-01-22,C00839,P0080,1,7.83,0.1,7.05,0.73,First Class,Credit Card
O004652,2025-01-22,C02628,P0059,5,35.35,0.2,141.4,7.15,Second Class,UPI
O010874,2025-01-22,C01801,P0171,1,15.99,0.05,15.19,5.77,First Class,Bank Transfer
O001365,2025-01-23,C01087,P0028,1,36.39,0.0,36.39,6.67,First Class,PayPal
O010226,2025-01-23,C02072,P0121,4,47.66,0.1,171.58,75.5,Second Class,Debit Card
O011482,2025-01-23,C03333,P0063,3,13.89,0.0,41.67,10.77,First Class,Bank Transfer
O001135,2025-01-23,C03091,P0061,2,20.87,0.15,35.48,13.64,Same Day,UPI
O004927,2025-01-23,C02551,P0020,1,11.38,0.05,10.81,4.12,Second Class,Debit Card
O001601,2025-01-23,C02888,P0107,1,97.13,0.3,67.99,5.13,Standard,Credit Card
O004881,2025-01-23,C02782,P0032,2,95.01,0.15,161.52,22.46,Standard,Debit Card
O001541,2025-01-23,C02650,P0157,1,95.85,0.05,91.06,12.77,Same Day,Bank Transfer
O009965,2025-01-23,C02803,P0167,3,48.63,0.1,131.3,56.15,Same Day,Debit Card
O000102,2025-01-23,C00386,P0021,1,73.9,0.0,73.9,34.17,Second Class,UPI
O002212,2025-01-23,C00115,P0052,3,22.19,0.0,66.57,33.81,Second Class,PayPal
O009527,2025-01-23,C02568,P0119,1,59.91,0.15,50.92,8.75,Standard,Bank Transfer
O007397,2025-01-23,C02841,P0124,4,11.46,0.0,45.84,14.72,Second Class,Bank Transfer
O005384,2025-01-23,C01313,P0137,4,17.13,0.2,54.82,19.58,Same Day,PayPal
O000408,2025-01-24,C02947,P0125,2,41.74,0.0,83.48,16.72,Second Class,UPI
O011836,2025-01-24,C03015,P0179,1,24.0,0.05,22.8,3.52,Same Day,Credit Card
O000365,2025-01-24,C01885,P0090,2,39.79,0.0,79.58,33.8,Standard,Credit Card
O004277,2025-01-24,C02744,P0014,3,8.22,0.15,20.96,1.01,Same Day,PayPal
O008254,2025-01-24,C01725,P0075,5,5.19,0.2,20.76,1.31,Standard,PayPal
O001710,2025-01-24,C01579,P0146,2,47.38,0.05,90.02,35.46,First Class,Debit Card
O011983,2025-01-24,C01937,P0135,3,15.68,0.15,39.98,14.27,Second Class,Bank Transfer
O011997,2025-01-24,C03374,P0028,3,36.39,0.1,98.25,9.09,Second Class,Credit Card
O003279,2025-01-24,C03338,P0119,1,59.91,0.05,56.91,14.74,Standard,UPI
O000832,2025-01-24,C02363,P0155,1,34.48,0.1,31.03,5.68,First Class,Bank Transfer
O005259,2025-01-24,C02139,P0034,3,14.33,0.05,40.84,9.94,Same Day,Credit Card
O002618,2025-01-24,C01420,P0164,3,16.72,0.0,50.16,18.78,Same Day,PayPal
O010917,2025-01-24,C00666,P0072,1,77.46,0.15,65.84,2.96,Second Class,UPI
O010916,2025-01-24,C02631,P0126,1,118.37,0.0,118.37,38.39,Same Day,Bank Transfer
O010210,2025-01-24,C00807,P0163,1,60.53,0.3,42.37,-4.35,First Class,Bank Transfer
O007347,2025-01-24,C01736,P0088,4,35.29,0.1,127.04,25.0,First Class,Bank Transfer
O004647,2025-01-25,C02902,P0046,2,17.85,0.1,32.13,5.33,First Class,Credit Card
O001487,2025-01-25,C02993,P0136,2,78.06,0.1,140.51,61.89,First Class,Credit Card
O008629,2025-01-25,C02627,P0072,1,77.46,0.1,69.71,6.83,Standard,PayPal
O005198,2025-01-25,C01228,P0098,1,33.77,0.05,32.08,7.17,Same Day,UPI
O002710,2025-01-25,C03192,P0083,2,74.49,0.05,141.53,49.31,Standard,Debit Card
O002363,2025-01-25,C02521,P0143,1,10.03,0.0,10.03,2.33,First Class,Debit Card
O007599,2025-01-25,C03183,P0045,2,10.9,0.0,21.8,6.14,First Class,Bank Transfer
O009534,2025-01-25,C00739,P0122,2,15.78,0.1,28.4,6.36,Standard,Credit Card
O011143,2025-01-25,C00849,P0007,1,79.56,0.3,55.69,-7.94,First Class,Credit Card
O011130,2025-01-25,C00869,P0023,2,29.78,0.1,53.6,6.06,First Class,Bank Transfer
O005704,2025-01-25,C00080,P0171,3,15.99,0.15,40.77,12.51,First Class,Bank Transfer
O001078,2025-01-25,C02226,P0178,2,73.32,0.0,146.64,28.88,Second Class,UPI
O007502,2025-01-25,C00470,P0038,1,7.97,0.3,5.58,-0.44,Same Day,Bank Transfer
O001103,2025-01-25,C00824,P0143,2,10.03,0.05,19.06,3.66,First Class,PayPal
O001193,2025-01-25,C03432,P0159,1,13.14,0.05,12.48,4.51,Standard,PayPal
O002946,2025-01-25,C01604,P0113,3,29.64,0.15,75.58,13.69,Same Day,PayPal
O011239,2025-01-25,C02428,P0085,2,16.85,0.15,28.65,10.69,Same Day,PayPal
O003414,2025-01-25,C02491,P0151,4,33.54,0.1,120.74,22.82,Same Day,Credit Card
O009017,2025-01-25,C01009,P0158,1,38.78,0.0,38.78,14.73,Second Class,Debit Card
O003513,2025-01-25,C01030,P0123,5,70.94,0.0,354.7,181.25,Second Class,Credit Card
O011641,2025-01-25,C02318,P0033,1,28.25,0.1,25.43,5.18,Standard,Bank Transfer
O000341,2025-01-26,C01823,P0112,1,28.02,0.15,23.82,4.5,Standard,PayPal
O007985,2025-01-26,C01826,P0174,1,35.58,0.0,35.58,18.37,Second Class,UPI
O006924,2025-01-26,C00798,P0075,3,5.19,0.3,10.9,-0.77,Standard,PayPal
O001970,2025-01-26,C01391,P0068,3,54.72,0.05,155.95,47.5,First Class,PayPal
O002681,2025-01-26,C01929,P0022,1,24.61,0.0,24.61,8.14,Second Class,PayPal
O003187,2025-01-26,C01082,P0051,2,35.19,0.05,66.86,19.24,Second Class,Credit Card
O007957,2025-01-26,C02852,P0021,1,73.9,0.15,62.82,23.09,First Class,UPI
O000113,2025-01-26,C03351,P0046,2,17.85,0.15,30.35,3.55,Standard,PayPal
O010162,2025-01-26,C01531,P0122,2,15.78,0.2,25.25,3.21,Same Day,PayPal
O006777,2025-01-26,C00415,P0117,1,27.87,0.0,27.87,9.72,First Class,PayPal
O005353,2025-01-26,C00720,P0006,2,24.48,0.1,44.06,17.62,Standard,Bank Transfer
O010326,2025-01-26,C01545,P0128,2,19.73,0.1,35.51,7.93,Second Class,Debit Card
O006046,2025-01-26,C02193,P0008,1,46.94,0.15,39.9,2.14,Second Class,PayPal
O003763,2025-01-26,C00327,P0157,1,95.85,0.0,95.85,17.56,Standard,Bank Transfer
O010699,2025-01-26,C01297,P0180,2,167.02,0.05,317.34,91.88,Standard,PayPal
O000712,2025-01-26,C01337,P0017,1,14.76,0.15,12.55,3.99,First Class,UPI
O000706,2025-01-26,C00162,P0121,2,47.66,0.1,85.79,37.75,Second Class,Credit Card
O008791,2025-01-26,C03428,P0153,2,18.32,0.05,34.81,13.71,First Class,Bank Transfer
O005193,2025-01-26,C00749,P0120,4,46.47,0.0,185.88,86.36,Same Day,Credit Card
O010033,2025-01-27,C02357,P0107,1,97.13,0.2,77.7,14.84,Same Day,UPI
O002533,2025-01-27,C01638,P0041,4,46.06,0.2,147.39,26.91,Standard,Credit Card
O011004,2025-01-27,C01744,P0078,4,23.47,0.0,93.88,46.32,First Class,Bank Transfer
O000019,2025-01-27,C01085,P0176,2,48.8,0.15,82.96,33.08,Second Class,PayPal
O005715,2025-01-27,C03140,P0046,1,17.85,0.0,17.85,4.45,Same Day,UPI
O009523,2025-01-27,C02619,P0140,4,12.81,0.05,48.68,12.2,First Class,Credit Card
O006242,2025-01-27,C02946,P0007,1,79.56,0.05,75.58,11.95,Same Day,PayPal
O000911,2025-01-27,C00711,P0050,4,9.06,0.0,36.24,17.68,Same Day,PayPal
O009838,2025-01-27,C01001,P0131,1,10.4,0.2,8.32,0.0,Standard,Debit Card
O007899,2025-01-27,C00414,P0038,2,7.97,0.05,15.14,3.1,Same Day,Bank Transfer
O006188,2025-01-27,C00604,P0162,1,47.54,0.15,40.41,2.55,Standard,Credit Card
O001560,2025-01-27,C01012,P0065,1,48.33,0.1,43.5,10.07,Same Day,Credit Card
O006692,2025-01-27,C01815,P0090,1,39.79,0.0,39.79,16.9,Standard,PayPal
O007735,2025-01-27,C00893,P0022,2,24.61,0.15,41.84,8.9,Standard,Debit Card
O005060,2025-01-27,C03125,P0148,3,12.08,0.1,32.62,6.64,Second Class,Bank Transfer
O011566,2025-01-28,C01308,P0014,2,8.22,0.15,13.97,0.67,Standard,Debit Card
O008698,2025-01-28,C00596,P0138,2,23.12,0.0,46.24,23.76,Standard,Credit Card
O011359,2025-01-28,C02607,P0033,2,28.25,0.0,56.5,16.0,Second Class,Debit Card
O009444,2025-01-28,C01109,P0025,1,20.01,0.05,19.01,5.53,Same Day,Credit Card
O009368,2025-01-28,C02592,P0014,1,8.22,0.1,7.4,0.75,Same Day,Debit Card
O008744,2025-01-28,C02863,P0061,1,20.87,0.15,17.74,6.82,Second Class,Debit Card
O008116,2025-01-28,C01448,P0160,1,43.67,0.15,37.12,4.63,Same Day,UPI
O011940,2025-01-28,C01920,P0119,2,59.91,0.0,119.82,35.48,Same Day,UPI
O008998,2025-01-28,C02869,P0058,3,23.31,0.05,66.43,31.99,Same Day,Debit Card
O007631,2025-01-28,C01031,P0003,1,43.42,0.2,34.74,9.75,First Class,Bank Transfer
O010631,2025-01-28,C00112,P0132,2,29.8,0.15,50.66,14.22,Second Class,Bank Transfer
O006656,2025-01-28,C02874,P0066,2,68.82,0.0,137.64,67.58,Second Class,UPI
O006000,2025-01-28,C00460,P0166,2,37.27,0.1,67.09,12.19,First Class,UPI
O006043,2025-01-28,C01379,P0091,1,30.36,0.1,27.32,2.89,Second Class,Bank Transfer
O006213,2025-01-28,C00234,P0079,1,30.25,0.1,27.23,12.45,First Class,Credit Card
O004189,2025-01-28,C01340,P0004,1,76.71,0.0,76.71,39.26,Second Class,PayPal
O002260,2025-01-28,C02280,P0106,2,37.06,0.15,63.0,24.96,Standard,Bank Transfer
O005489,2025-01-28,C00330,P0180,1,167.02,0.0,167.02,54.29,First Class,PayPal
O003675,2025-01-29,C02642,P0113,3,29.64,0.05,84.47,22.58,First Class,UPI
O003051,2025-01-29,C02979,P0077,3,30.16,0.1,81.43,24.49,Second Class,Credit Card
O002727,2025-01-29,C01600,P0102,1,21.68,0.05,20.6,9.89,Second Class,Bank Transfer
O005898,2025-01-29,C00014,P0118,1,13.33,0.0,13.33,3.05,Standard,PayPal
O010782,2025-01-29,C02844,P0082,2,35.95,0.1,64.71,13.19,Standard,Credit Card
O010484,2025-01-29,C01538,P0026,1,30.63,0.0,30.63,14.92,First Class,PayPal
O002574,2025-01-29,C01432,P0017,2,14.76,0.15,25.09,7.97,Second Class,UPI
O007175,2025-01-29,C02095,P0101,3,11.36,0.0,34.08,17.19,Standard,Bank Transfer
O011280,2025-01-29,C01558,P0111,2,8.19,0.05,15.56,5.48,Standard,PayPal
O001736,2025-01-29,C00599,P0028,1,36.39,0.05,34.57,4.85,Second Class,UPI
O011951,2025-01-29,C02041,P0117,2,27.87,0.3,39.02,2.72,First Class,PayPal
O003243,2025-01-29,C00545,P0019,1,15.8,0.0,15.8,3.64,Standard,UPI
O007473,2025-01-29,C01239,P0145,1,33.75,0.0,33.75,8.2,Second Class,Credit Card
O011207,2025-01-29,C00590,P0175,1,34.12,0.05,32.41,5.53,Same Day,Credit Card
O004083,2025-01-29,C01900,P0074,2,78.81,0.1,141.86,48.9,First Class,UPI
O004136,2025-01-29,C00349,P0150,2,34.57,0.2,55.31,1.49,First Class,PayPal
O000020,2025-01-30,C02542,P0085,1,16.85,0.15,14.32,5.34,Standard,Credit Card
O003652,2025-01-30,C02543,P0166,5,37.27,0.05,177.03,39.78,Same Day,Credit Card
O001538,2025-01-30,C00500,P0050,1,9.06,0.0,9.06,4.42,Same Day,UPI
O010972,2025-01-30,C03314,P0051,1,35.19,0.0,35.19,11.38,First Class,Bank Transfer
O001456,2025-01-30,C02367,P0139,3,48.37,0.0,145.11,70.8,First Class,Debit Card
O002678,2025-01-30,C00401,P0014,1,8.22,0.05,7.81,1.16,Same Day,Credit Card
O000930,2025-01-30,C02252,P0160,1,43.67,0.2,34.94,2.45,Standard,Credit Card
O007382,2025-01-30,C00732,P0005,1,24.48,0.3,17.14,0.02,Standard,Debit Card
O008777,2025-01-30,C01275,P0109,1,33.7,0.0,33.7,15.54,Standard,PayPal
O003065,2025-01-30,C02619,P0144,1,32.14,0.05,30.53,14.85,Second Class,Credit Card
O009412,2025-01-30,C02563,P0108,1,31.93,0.1,28.74,8.27,First Class,PayPal
O001296,2025-01-30,C03324,P0008,1,46.94,0.1,42.25,4.49,Standard,UPI
O003262,2025-01-30,C00907,P0169,1,24.3,0.1,21.87,6.03,Same Day,Debit Card
O001385,2025-01-30,C00663,P0104,1,16.92,0.0,16.92,4.75,Second Class,Debit Card
O010854,2025-01-30,C00322,P0036,1,12.89,0.0,12.89,5.42,Second Class,Credit Card
O009982,2025-01-30,C01529,P0073,1,27.85,0.15,23.67,5.41,Second Class,PayPal
O004916,2025-01-30,C01853,P0035,1,48.65,0.05,46.22,16.92,Second Class,Bank Transfer
O001552,2025-01-30,C00765,P0154,1,33.15,0.1,29.84,11.93,Same Day,UPI
O009148,2025-01-31,C02581,P0091,2,30.36,0.2,48.58,-0.28,Second Class,Debit Card
O011853,2025-01-31,C01731,P0161,2,15.13,0.05,28.75,10.71,Same Day,UPI
O005755,2025-01-31,C00709,P0027,3,13.49,0.05,38.45,10.55,Standard,Debit Card
O000435,2025-01-31,C03193,P0001,1,39.36,0.05,37.39,15.88,Standard,Bank Transfer
O011572,2025-01-31,C01574,P0115,1,25.15,0.05,23.89,8.61,Same Day,PayPal
O009172,2025-01-31,C00607,P0096,1,11.01,0.0,11.01,4.8,Same Day,PayPal
O002512,2025-01-31,C01953,P0124,1,11.46,0.1,10.31,2.53,Second Class,Credit Card
O008101,2025-01-31,C00908,P0079,1,30.25,0.1,27.23,12.45,Standard,UPI
O007233,2025-01-31,C01725,P0159,1,13.14,0.1,11.83,3.86,Second Class,UPI
O002171,2025-01-31,C02163,P0026,1,30.63,0.05,29.1,13.39,Second Class,Bank Transfer
O004364,2025-01-31,C00978,P0127,1,14.97,0.05,14.22,5.06,First Class,Credit Card
O001377,2025-01-31,C01236,P0149,1,40.02,0.1,36.02,8.25,Standard,UPI
O008725,2025-01-31,C02687,P0169,5,24.3,0.1,109.35,30.15,Same Day,UPI
O007623,2025-01-31,C02028,P0139,1,48.37,0.15,41.11,16.34,Second Class,PayPal
O010662,2025-01-31,C01311,P0013,2,33.36,0.1,60.05,18.31,Standard,PayPal
O006497,2025-01-31,C03042,P0083,1,74.49,0.3,52.14,6.03,Standard,UPI
O003957,2025-02-01,C00859,P0025,2,20.01,0.05,38.02,11.06,First Class,UPI
O001249,2025-02-01,C01393,P0134,3,38.78,0.05,110.52,18.87,Standard,Credit Card
O011326,2025-02-01,C02299,P0142,2,66.66,0.0,133.32,54.86,First Class,Debit Card
O008695,2025-02-01,C02980,P0067,1,27.2,0.05,25.84,12.31,Same Day,UPI
O003740,2025-02-01,C02625,P0151,3,33.54,0.1,90.56,17.12,Second Class,UPI
O009894,2025-02-01,C00538,P0128,1,19.73,0.1,17.76,3.97,First Class,PayPal
O009158,2025-02-01,C00939,P0146,1,47.38,0.0,47.38,20.1,Same Day,PayPal
O011120,2025-02-01,C03251,P0033,2,28.25,0.1,50.85,10.35,Second Class,PayPal
O006077,2025-02-01,C02037,P0073,1,27.85,0.15,23.67,5.41,Second Class,PayPal
O003944,2025-02-01,C01611,P0045,4,10.9,0.0,43.6,12.28,Second Class,Debit Card
O006999,2025-02-01,C02830,P0115,5,25.15,0.0,125.75,49.35,First Class,Credit Card
O007142,2025-02-01,C01850,P0109,2,33.7,0.3,47.18,10.86,First Class,Debit Card
O010546,2025-02-01,C01296,P0127,1,14.97,0.1,13.47,4.31,First Class,Bank Transfer
O002153,2025-02-01,C01343,P0133,1,14.29,0.0,14.29,2.76,Standard,UPI
O008349,2025-02-01,C00512,P0137,1,17.13,0.3,11.99,3.18,Standard,UPI
O005936,2025-02-01,C03440,P0049,3,35.64,0.1,96.23,31.25,Same Day,Bank Transfer
O003461,2025-02-01,C00038,P0007,2,79.56,0.1,143.21,15.95,Standard,UPI
O005517,2025-02-01,C03206,P0152,1,35.7,0.15,30.35,3.46,Same Day,Bank Transfer
O005506,2025-02-01,C02765,P0119,3,59.91,0.0,179.73,53.22,Second Class,Bank Transfer
O002020,2025-02-01,C01353,P0020,1,11.38,0.2,9.1,2.41,First Class,PayPal
O010252,2025-02-01,C01505,P0172,1,16.77,0.0,16.77,3.61,Second Class,Credit Card
O010004,2025-02-01,C01324,P0012,1,21.06,0.2,16.85,0.09,First Class,Debit Card
O010946,2025-02-01,C02418,P0013,1,33.36,0.15,28.36,7.49,First Class,PayPal
O006125,2025-02-01,C02960,P0083,1,74.49,0.0,74.49,28.38,Second Class,PayPal
O008128,2025-02-01,C03452,P0018,1,34.96,0.1,31.46,10.1,Same Day,PayPal
O000271,2025-02-01,C00598,P0008,1,46.94,0.1,42.25,4.49,Same Day,UPI
O001659,2025-02-01,C00448,P0164,1,16.72,0.1,15.05,4.59,Standard,Debit Card
O008476,2025-02-02,C01367,P0094,1,23.04,0.05,21.89,6.04,Same Day,PayPal
O003937,2025-02-02,C01438,P0115,1,25.15,0.0,25.15,9.87,Standard,UPI
O009362,2025-02-02,C01355,P0174,1,35.58,0.15,30.24,13.03,Second Class,PayPal
O003158,2025-02-02,C03422,P0084,1,20.35,0.15,17.3,6.33,Standard,UPI
O002939,2025-02-02,C02819,P0120,2,46.47,0.15,79.0,29.24,Standard,Credit Card
O011271,2025-02-02,C03462,P0025,2,20.01,0.1,36.02,9.06,First Class,Bank Transfer
O004452,2025-02-02,C02160,P0095,3,22.09,0.3,46.39,5.14,Second Class,PayPal
O002031,2025-02-02,C00289,P0080,1,7.83,0.1,7.05,0.73,Second Class,Credit Card
O006055,2025-02-02,C00120,P0130,1,20.55,0.05,19.52,5.84,First Class,Bank Transfer
O010054,2025-02-02,C01462,P0140,1,12.81,0.1,11.53,2.41,Second Class,UPI
O008874,2025-02-02,C01672,P0095,1,22.09,0.1,19.88,6.13,Same Day,Bank Transfer
O007054,2025-02-02,C00929,P0080,1,7.83,0.05,7.44,1.12,Second Class,Bank Transfer
O008229,2025-02-02,C02791,P0096,1,11.01,0.2,8.81,2.6,Standard,PayPal
O001833,2025-02-02,C03035,P0139,4,48.37,0.1,174.13,75.05,First Class,Bank Transfer
O003018,2025-02-02,C02622,P0156,3,17.92,0.1,48.38,7.82,First Class,Debit Card
O006988,2025-02-02,C03029,P0041,2,46.06,0.15,78.3,18.06,Standard,Debit Card
O009372,2025-02-02,C01854,P0126,1,118.37,0.0,118.37,38.39,Same Day,UPI
O010285,2025-02-03,C00750,P0056,1,52.21,0.15,44.38,8.83,Standard,Bank Transfer
O005163,2025-02-03,C00455,P0033,4,28.25,0.15,96.05,15.05,Same Day,Credit Card
O005266,2025-02-03,C01901,P0126,1,118.37,0.0,118.37,38.39,Standard,Credit Card
O002655,2025-02-03,C02459,P0069,1,36.06,0.0,36.06,12.12,Same Day,Bank Transfer
O008035,2025-02-03,C00594,P0017,3,14.76,0.0,44.28,18.6,Same Day,Bank Transfer
O001611,2025-02-03,C01243,P0035,1,48.65,0.1,43.78,14.48,Second Class,Debit Card
O009104,2025-02-03,C01809,P0017,2,14.76,0.0,29.52,12.4,Same Day,UPI
O004709,2025-02-03,C02380,P0136,1,78.06,0.1,70.25,30.94,Same Day,Debit Card
O011411,2025-02-03,C03491,P0045,1,10.9,0.1,9.81,1.98,Standard,Bank Transfer
O010317,2025-02-03,C03161,P0053,1,18.36,0.05,17.44,5.72,Second Class,PayPal
O001234,2025-02-03,C00523,P0126,3,118.37,0.1,319.6,79.66,Standard,Debit Card
O009846,2025-02-03,C03417,P0045,2,10.9,0.0,21.8,6.14,Second Class,Credit Card
O008091,2025-02-03,C01981,P0075,2,5.19,0.2,8.3,0.52,Same Day,Bank Transfer
O004353,2025-02-03,C02579,P0114,1,141.33,0.1,127.2,57.18,Standard,Debit Card
O004772,2025-02-04,C00216,P0107,1,97.13,0.05,92.27,29.41,Same Day,PayPal
O010847,2025-02-04,C02311,P0153,3,18.32,0.15,46.72,15.07,Same Day,Debit Card
O011915,2025-02-04,C00291,P0179,1,24.0,0.3,16.8,-2.48,Standard,Credit Card
O002216,2025-02-04,C00379,P0050,1,9.06,0.15,7.7,3.06,First Class,Credit Card
O008714,2025-02-04,C00118,P0160,1,43.67,0.0,43.67,11.18,Standard,UPI
O007276,2025-02-04,C00306,P0089,1,20.2,0.2,16.16,1.93,Second Class,PayPal
O003544,2025-02-04,C03226,P0119,3,59.91,0.0,179.73,53.22,Second Class,PayPal
O007096,2025-02-04,C02742,P0073,2,27.85,0.15,47.34,10.82,First Class,UPI
O004183,2025-02-04,C00637,P0111,1,8.19,0.1,7.37,2.33,Same Day,UPI
O002554,2025-02-04,C01377,P0171,1,15.99,0.2,12.79,3.37,Same Day,PayPal
O006947,2025-02-04,C01111,P0174,1,35.58,0.15,30.24,13.03,First Class,Bank Transfer
O006040,2025-02-04,C01411,P0096,4,11.01,0.1,39.64,14.8,Same Day,Debit Card
O011610,2025-02-04,C02332,P0056,1,52.21,0.3,36.55,1.0,Standard,PayPal
O002880,2025-02-04,C00325,P0044,3,23.44,0.3,49.22,-0.07,Same Day,Debit Card
O005217,2025-02-04,C02735,P0051,2,35.19,0.0,70.38,22.76,First Class,UPI
O011178,2025-02-04,C01803,P0089,4,20.2,0.2,64.64,7.72,First Class,Debit Card
O011974,2025-02-04,C02147,P0161,1,15.13,0.0,15.13,6.11,Second Class,Credit Card
O005607,2025-02-04,C02618,P0117,1,27.87,0.3,19.51,1.36,Same Day,PayPal
O010970,2025-02-05,C03416,P0158,2,38.78,0.0,77.56,29.46,First Class,Debit Card
O005752,2025-02-05,C02354,P0030,1,23.58,0.05,22.4,6.93,Same Day,Bank Transfer
O007478,2025-02-05,C01937,P0021,1,73.9,0.2,59.12,19.39,Second Class,UPI
O010670,2025-02-05,C01658,P0025,2,20.01,0.1,36.02,9.06,Second Class,PayPal
O003435,2025-02-05,C02476,P0150,1,34.57,0.2,27.66,0.75,Same Day,Bank Transfer
O001512,2025-02-05,C00647,P0013,2,33.36,0.1,60.05,18.31,Second Class,PayPal
O006836,2025-02-05,C01805,P0151,1,33.54,0.3,23.48,-1.0,Same Day,UPI
O002513,2025-02-05,C00581,P0057,1,16.52,0.1,14.87,6.77,Same Day,UPI
O000856,2025-02-05,C02508,P0009,1,21.01,0.0,21.01,4.39,First Class,Bank Transfer
O007978,2025-02-05,C00548,P0144,1,32.14,0.15,27.32,11.64,First Class,Credit Card
O007919,2025-02-05,C03318,P0133,3,14.29,0.15,36.44,1.85,Second Class,Debit Card
O000118,2025-02-05,C00471,P0100,1,24.47,0.3,17.13,4.42,Second Class,PayPal
O008190,2025-02-05,C02632,P0121,1,47.66,0.15,40.51,16.49,Same Day,Credit Card
O003430,2025-02-06,C02387,P0031,3,19.28,0.0,57.84,12.81,First Class,UPI
O001985,2025-02-06,C00055,P0109,1,33.7,0.15,28.65,10.49,Same Day,Credit Card
O001618,2025-02-06,C01870,P0165,2,53.31,0.0,106.62,28.22,First Class,Bank Transfer
O010951,2025-02-06,C01605,P0073,1,27.85,0.15,23.67,5.41,Same Day,Credit Card
O011591,2025-02-06,C02213,P0053,2,18.36,0.1,33.05,9.61,Second Class,Credit Card
O004408,2025-02-06,C01193,P0038,1,7.97,0.0,7.97,1.95,Standard,Credit Card
O008134,2025-02-06,C00374,P0043,1,26.44,0.1,23.8,3.93,Same Day,PayPal
O002196,2025-02-06,C01232,P0160,4,43.67,0.05,165.95,35.99,First Class,UPI
O002530,2025-02-06,C03464,P0099,1,28.6,0.1,25.74,11.87,Same Day,Bank Transfer
O000183,2025-02-06,C01674,P0148,2,12.08,0.0,24.16,6.84,First Class,UPI
O006633,2025-02-06,C00607,P0147,3,12.76,0.15,32.54,12.62,Same Day,Debit Card
O006301,2025-02-06,C02390,P0105,1,25.67,0.2,20.54,4.08,Standard,Bank Transfer
O009330,2025-02-06,C03091,P0032,1,95.01,0.1,85.51,15.98,Same Day,Debit Card
O009929,2025-02-06,C03056,P0055,1,55.71,0.2,44.57,12.4,Standard,Bank Transfer
O009267,2025-02-06,C01357,P0129,1,30.41,0.1,27.37,8.04,Standard,Credit Card
O003313,2025-02-06,C03243,P0136,1,78.06,0.05,74.16,34.85,Second Class,Bank Transfer
O002261,2025-02-06,C01308,P0006,1,24.48,0.0,24.48,11.26,First Class,Bank Transfer
O002677,2025-02-06,C02672,P0008,1,46.94,0.0,46.94,9.18,Same Day,PayPal
O005418,2025-02-06,C02650,P0160,2,43.67,0.0,87.34,22.36,Same Day,PayPal
O004930,2025-02-06,C01264,P0166,1,37.27,0.15,31.68,4.23,First Class,Bank Transfer
O008492,2025-02-06,C03222,P0143,1,10.03,0.15,8.53,0.83,Same Day,Debit Card
O002106,2025-02-06,C00995,P0139,1,48.37,0.15,41.11,16.34,First Class,Bank Transfer
O000263,2025-02-07,C00383,P0005,1,24.48,0.15,20.81,3.69,Second Class,Debit Card
O006609,2025-02-07,C01162,P0064,1,13.1,0.2,10.48,3.23,Second Class,Bank Transfer
O005748,2025-02-07,C01540,P0043,1,26.44,0.1,23.8,3.93,Second Class,Debit Card
O006880,2025-02-07,C00606,P0090,3,39.79,0.1,107.43,38.76,Same Day,Credit Card
O002541,2025-02-07,C03133,P0052,2,22.19,0.15,37.72,15.88,First Class,Debit Card
O011693,2025-02-07,C02947,P0061,3,20.87,0.1,56.35,23.59,Standard,UPI
O009871,2025-02-07,C03168,P0162,2,47.54,0.15,80.82,5.1,First Class,Credit Card
O007958,2025-02-07,C02989,P0020,3,11.38,0.05,32.43,12.36,Standard,Bank Transfer
O004485,2025-02-07,C03119,P0140,3,12.81,0.15,32.67,5.31,Second Class,UPI
O001058,2025-02-07,C02015,P0078,1,23.47,0.2,18.78,6.89,Second Class,Bank Transfer
O009464,2025-02-07,C02124,P0166,2,37.27,0.1,67.09,12.19,Standard,PayPal
O009951,2025-02-07,C01333,P0176,4,48.8,0.1,175.68,75.92,First Class,Bank Transfer
O000621,2025-02-07,C00090,P0051,1,35.19,0.15,29.91,6.1,First Class,PayPal
O004291,2025-02-07,C02876,P0006,2,24.48,0.0,48.96,22.52,Standard,PayPal
O006249,2025-02-07,C03089,P0130,1,20.55,0.3,14.38,0.7,Second Class,UPI
O002536,2025-02-07,C00974,P0005,1,24.48,0.05,23.26,6.14,Standard,UPI
O003676,2025-02-07,C02310,P0072,1,77.46,0.1,69.71,6.83,Standard,Debit Card
O009514,2025-02-08,C01240,P0130,1,20.55,0.1,18.5,4.82,First Class,Credit Card
O000958,2025-02-08,C02240,P0107,1,97.13,0.1,87.42,24.56,First Class,Debit Card
O006036,2025-02-08,C02116,P0121,1,47.66,0.0,47.66,23.64,Same Day,Debit Card
O004833,2025-02-08,C00204,P0137,1,17.13,0.2,13.7,4.89,Standard,PayPal
O011804,2025-02-08,C03306,P0143,1,10.03,0.0,10.03,2.33,Standard,Credit Card
O011097,2025-02-08,C01306,P0024,1,11.29,0.1,10.16,2.07,First Class,UPI
O002286,2025-02-08,C01865,P0085,1,16.85,0.1,15.17,6.19,Same Day,PayPal
O011092,2025-02-08,C00134,P0054,1,42.42,0.0,42.42,14.23,Standard,Bank Transfer
O000387,2025-02-08,C03106,P0082,1,35.95,0.05,34.15,8.39,First Class,PayPal
O008414,2025-02-08,C02511,P0054,1,42.42,0.1,38.18,9.99,Standard,PayPal
O006510,2025-02-08,C01155,P0064,2,13.1,0.15,22.27,7.77,Same Day,Debit Card
O010021,2025-02-08,C01004,P0169,3,24.3,0.0,72.9,25.38,Same Day,PayPal
O008735,2025-02-08,C02057,P0109,2,33.7,0.3,47.18,10.86,First Class,UPI
O001118,2025-02-08,C00441,P0004,1,76.71,0.15,65.2,27.75,Second Class,UPI
O000691,2025-02-08,C02862,P0043,2,26.44,0.1,47.59,7.85,Standard,Debit Card
O002953,2025-02-09,C03369,P0167,3,48.63,0.1,131.3,56.15,Standard,Bank Transfer
O001071,2025-02-09,C02901,P0143,1,10.03,0.15,8.53,0.83,Standard,Credit Card
O004235,2025-02-09,C00292,P0092,1,53.5,0.15,45.48,6.38,Standard,Bank Transfer
O011864,2025-02-09,C03454,P0016,1,19.78,0.05,18.79,3.56,First Class,Debit Card
O003501,2025-02-09,C00121,P0149,2,40.02,0.0,80.04,24.5,First Class,PayPal
O008966,2025-02-09,C00328,P0105,1,25.67,0.0,25.67,9.21,Second Class,UPI
O003332,2025-02-09,C02789,P0069,1,36.06,0.0,36.06,12.12,Second Class,PayPal
O004661,2025-02-09,C01229,P0162,1,47.54,0.15,40.41,2.55,First Class,Debit Card
O004040,2025-02-09,C01391,P0087,1,51.68,0.05,49.1,14.64,First Class,UPI
O007196,2025-02-09,C01445,P0104,1,16.92,0.05,16.07,3.9,Same Day,PayPal
O007129,2025-02-09,C02030,P0141,1,33.04,0.1,29.74,13.08,Second Class,UPI
O008363,2025-02-09,C00238,P0153,1,18.32,0.0,18.32,7.77,Same Day,PayPal
O001258,2025-02-09,C02034,P0046,1,17.85,0.1,16.07,2.67,Same Day,PayPal
O002465,2025-02-09,C00892,P0005,1,24.48,0.05,23.26,6.14,Same Day,Debit Card
O008138,2025-02-09,C03298,P0113,3,29.64,0.15,75.58,13.69,Same Day,PayPal
O006671,2025-02-09,C02489,P0178,1,73.32,0.1,65.99,7.11,First Class,UPI
O008137,2025-02-09,C00998,P0133,1,14.29,0.0,14.29,2.76,Standard,Credit Card
O001405,2025-02-09,C02724,P0167,2,48.63,0.2,77.81,27.71,Second Class,UPI
O003226,2025-02-09,C02567,P0009,2,21.01,0.05,39.92,6.68,First Class,Credit Card
O010704,2025-02-09,C01718,P0054,1,42.42,0.15,36.06,7.87,Second Class,Debit Card
O005104,2025-02-09,C00564,P0115,2,25.15,0.05,47.78,17.22,Second Class,Bank Transfer
O003029,2025-02-10,C02134,P0071,2,36.05,0.05,68.49,16.09,Standard,Credit Card
O011802,2025-02-10,C02118,P0108,1,31.93,0.1,28.74,8.27,First Class,Credit Card
O011524,2025-02-10,C01859,P0090,2,39.79,0.15,67.64,21.86,Standard,Credit Card
O004302,2025-02-10,C01992,P0002,1,26.05,0.1,23.45,4.55,First Class,Credit Card
O001203,2025-02-10,C03419,P0124,2,11.46,0.1,20.63,5.07,First Class,Credit Card
O003808,2025-02-10,C00431,P0166,3,37.27,0.3,78.27,-4.08,Standard,UPI
O002711,2025-02-10,C01949,P0168,1,97.8,0.0,97.8,20.84,First Class,PayPal
O011779,2025-02-10,C01061,P0114,1,141.33,0.05,134.26,64.24,First Class,UPI
O001993,2025-02-10,C02286,P0159,1,13.14,0.15,11.17,3.2,Second Class,Debit Card
O009995,2025-02-10,C01641,P0019,5,15.8,0.05,75.05,14.25,Standard,PayPal
O002931,2025-02-10,C01486,P0117,1,27.87,0.1,25.08,6.93,Same Day,PayPal
O005302,2025-02-10,C00856,P0084,1,20.35,0.15,17.3,6.33,Standard,Credit Card
O003460,2025-02-10,C02523,P0064,3,13.1,0.2,31.44,9.69,Second Class,Bank Transfer
O000232,2025-02-10,C01453,P0018,1,34.96,0.0,34.96,13.6,Same Day,PayPal
O002164,2025-02-11,C01204,P0043,2,26.44,0.05,50.24,10.5,Second Class,UPI
O007633,2025-02-11,C03344,P0044,1,23.44,0.0,23.44,7.01,First Class,UPI
O008238,2025-02-11,C02029,P0169,1,24.3,0.1,21.87,6.03,Same Day,Bank Transfer
O011762,2025-02-11,C03221,P0033,1,28.25,0.0,28.25,8.0,Same Day,UPI
O002477,2025-02-11,C01724,P0006,1,24.48,0.0,24.48,11.26,First Class,Credit Card
O005657,2025-02-11,C02214,P0061,4,20.87,0.0,83.48,39.8,Second Class,PayPal
O004655,2025-02-11,C03438,P0145,1,33.75,0.05,32.06,6.51,Same Day,Credit Card
O006470,2025-02-11,C01183,P0029,2,19.29,0.0,38.58,18.22,Same Day,Debit Card
O008671,2025-02-11,C01260,P0035,1,48.65,0.15,41.35,12.05,Standard,PayPal
O006421,2025-02-11,C01393,P0056,1,52.21,0.0,52.21,16.66,Second Class,Credit Card
O000899,2025-02-11,C01117,P0100,2,24.47,0.15,41.6,16.18,First Class,Debit Card
O010620,2025-02-11,C00332,P0041,2,46.06,0.1,82.91,22.67,Same Day,UPI
O006822,2025-02-11,C00721,P0141,2,33.04,0.0,66.08,32.76,Same Day,Debit Card
O007926,2025-02-11,C00836,P0004,2,76.71,0.05,145.75,70.85,Standard,UPI
O002862,2025-02-11,C02934,P0045,2,10.9,0.05,20.71,5.05,First Class,Credit Card
O006051,2025-02-11,C03081,P0033,1,28.25,0.05,26.84,6.59,First Class,Debit Card
O000318,2025-02-11,C00200,P0146,2,47.38,0.15,80.55,25.99,Same Day,Credit Card
O008514,2025-02-11,C00792,P0065,2,48.33,0.0,96.66,29.8,First Class,Bank Transfer
O010588,2025-02-11,C02223,P0158,2,38.78,0.1,69.8,21.7,Same Day,Credit Card
O004069,2025-02-11,C03244,P0029,1,19.29,0.1,17.36,7.18,Same Day,Debit Card
O004098,2025-02-11,C00097,P0048,1,56.66,0.05,53.83,20.12,Standard,PayPal
O008341,2025-02-11,C00777,P0036,1,12.89,0.0,12.89,5.42,Same Day,PayPal
O001350,2025-02-11,C03171,P0136,2,78.06,0.1,140.51,61.89,Standard,UPI
O009990,2025-02-11,C02082,P0026,1,30.63,0.1,27.57,11.86,Standard,Bank Transfer
O003961,2025-02-12,C00136,P0026,1,30.63,0.2,24.5,8.79,Same Day,PayPal
O003832,2025-02-12,C01579,P0022,3,24.61,0.05,70.14,20.73,Second Class,Credit Card
O000799,2025-02-12,C02306,P0005,1,24.48,0.15,20.81,3.69,Second Class,Credit Card
O001796,2025-02-12,C01688,P0156,1,17.92,0.05,17.02,3.5,Same Day,Bank Transfer
O004187,2025-02-12,C01055,P0114,1,141.33,0.1,127.2,57.18,Standard,Credit Card
O003059,2025-02-12,C00722,P0038,4,7.97,0.3,22.32,-1.76,First Class,Debit Card
O006887,2025-02-12,C00314,P0027,1,13.49,0.0,13.49,4.19,Second Class,Credit Card
O010582,2025-02-12,C02428,P0114,2,141.33,0.15,240.26,100.22,Standard,Bank Transfer
O006690,2025-02-12,C00447,P0052,3,22.19,0.0,66.57,33.81,Second Class,Debit Card
O011457,2025-02-12,C01103,P0008,1,46.94,0.05,44.59,6.83,Standard,Bank Transfer
O007701,2025-02-12,C00482,P0052,5,22.19,0.05,105.4,50.8,Same Day,Credit Card
O004272,2025-02-12,C01314,P0003,2,43.42,0.1,78.16,28.18,Standard,Debit Card
O009122,2025-02-12,C02726,P0048,1,56.66,0.15,48.16,14.45,Second Class,Credit Card
O008048,2025-02-12,C00862,P0145,1,33.75,0.2,27.0,1.45,Standard,Bank Transfer
O007966,2025-02-12,C01671,P0171,1,15.99,0.0,15.99,6.57,Standard,Credit Card
O004298,2025-02-12,C01493,P0054,2,42.42,0.05,80.6,24.22,Second Class,PayPal
O002704,2025-02-12,C03041,P0019,2,15.8,0.05,30.02,5.7,First Class,PayPal
O000538,2025-02-12,C01271,P0026,3,30.63,0.0,91.89,44.76,Same Day,UPI
O005205,2025-02-12,C02952,P0061,1,20.87,0.0,20.87,9.95,First Class,UPI
O010558,2025-02-12,C01906,P0036,2,12.89,0.15,21.91,6.97,Standard,Debit Card
O009127,2025-02-12,C00788,P0037,3,32.65,0.05,93.05,19.07,Second Class,Bank Transfer
O008762,2025-02-12,C00757,P0069,2,36.06,0.05,68.51,20.63,First Class,PayPal
O001632,2025-02-12,C01094,P0073,4,27.85,0.15,94.69,21.65,Same Day,Bank Transfer
O009567,2025-02-12,C01954,P0037,1,32.65,0.3,22.85,-1.81,Standard,UPI
O005820,2025-02-13,C02135,P0103,2,22.81,0.1,41.06,5.9,Same Day,Credit Card
O006937,2025-02-13,C03073,P0029,2,19.29,0.1,34.72,14.36,Second Class,PayPal
O002811,2025-02-13,C02830,P0059,2,35.35,0.0,70.7,17.0,Second Class,Credit Card
O006939,2025-02-13,C00955,P0096,1,11.01,0.0,11.01,4.8,Same Day,Bank Transfer
O011327,2025-02-13,C01505,P0037,1,32.65,0.05,31.02,6.36,First Class,PayPal
O006435,2025-02-13,C02584,P0147,2,12.76,0.3,17.86,4.58,Standard,Credit Card
O007248,2025-02-13,C02281,P0034,1,14.33,0.0,14.33,4.03,Same Day,PayPal
O005758,2025-02-13,C02497,P0117,2,27.87,0.2,44.59,8.29,Second Class,PayPal
O009794,2025-02-13,C00941,P0068,1,54.72,0.0,54.72,18.57,Standard,Credit Card
O004303,2025-02-13,C01624,P0119,2,59.91,0.15,101.85,17.51,Same Day,UPI
O011094,2025-02-13,C02468,P0047,3,21.13,0.1,57.05,7.43,Standard,Bank Transfer
O000948,2025-02-13,C03023,P0073,3,27.85,0.05,79.37,24.59,Second Class,Bank Transfer
O007575,2025-02-13,C01404,P0042,1,31.86,0.2,25.49,4.76,Second Class,Credit Card
O007656,2025-02-13,C00319,P0052,1,22.19,0.0,22.19,11.27,Second Class,Debit Card
O007591,2025-02-13,C02011,P0039,1,12.02,0.2,9.62,0.31,Standard,PayPal
O003233,2025-02-14,C03443,P0051,1,35.19,0.2,28.15,4.34,Same Day,PayPal
O010061,2025-02-14,C00934,P0114,1,141.33,0.15,120.13,50.11,Same Day,Bank Transfer
O003562,2025-02-14,C01405,P0045,1,10.9,0.1,9.81,1.98,Same Day,Bank Transfer
O001042,2025-02-14,C02919,P0167,1,48.63,0.0,48.63,23.58,Second Class,Credit Card
O001229,2025-02-14,C00927,P0076,1,48.63,0.1,43.77,15.95,First Class,Bank Transfer
O006279,2025-02-14,C02418,P0051,1,35.19,0.15,29.91,6.1,Second Class,Credit Card
O010104,2025-02-14,C01045,P0075,2,5.19,0.1,9.34,1.56,Standard,PayPal
O000999,2025-02-14,C00153,P0032,1,95.01,0.1,85.51,15.98,Standard,Bank Transfer
O004874,2025-02-14,C00859,P0150,1,34.57,0.05,32.84,5.93,Second Class,Credit Card
O004891,2025-02-14,C01789,P0127,4,14.97,0.3,41.92,5.28,Second Class,Bank Transfer
O011533,2025-02-14,C01846,P0070,2,18.74,0.15,31.86,5.74,Standard,PayPal
O000584,2025-02-14,C02723,P0015,1,9.29,0.05,8.83,1.33,First Class,UPI
O007765,2025-02-14,C02090,P0096,2,11.01,0.15,18.72,6.3,Standard,Bank Transfer
O006680,2025-02-14,C03411,P0066,1,68.82,0.2,55.06,20.03,First Class,UPI
O008745,2025-02-14,C01473,P0158,1,38.78,0.2,31.02,6.97,Same Day,Credit Card
O003053,2025-02-14,C02338,P0130,4,20.55,0.1,73.98,19.26,Second Class,Credit Card
O008707,2025-02-14,C03158,P0058,1,23.31,0.0,23.31,11.83,Standard,Bank Transfer
O011629,2025-02-14,C01425,P0144,2,32.14,0.15,54.64,23.28,Second Class,UPI
O009261,2025-02-14,C00614,P0144,1,32.14,0.05,30.53,14.85,Same Day,PayPal
O004415,2025-02-14,C00601,P0078,3,23.47,0.1,63.37,27.7,Second Class,PayPal
O008130,2025-02-14,C01863,P0165,4,53.31,0.2,170.59,13.79,Same Day,PayPal
O007281,2025-02-15,C01744,P0013,1,33.36,0.1,30.02,9.15,Standard,Debit Card
O007271,2025-02-15,C00705,P0158,4,38.78,0.0,155.12,58.92,Standard,Bank Transfer
O008515,2025-02-15,C03199,P0169,2,24.3,0.15,41.31,9.63,Second Class,UPI
O005021,2025-02-15,C01231,P0149,4,40.02,0.15,136.07,24.99,Standard,Credit Card
O001024,2025-02-15,C00535,P0122,1,15.78,0.1,14.2,3.18,Standard,Credit Card
O004882,2025-02-15,C00732,P0109,1,33.7,0.0,33.7,15.54,Second Class,PayPal
O007433,2025-02-15,C03216,P0154,3,33.15,0.1,89.5,35.77,Second Class,PayPal
O011783,2025-02-15,C01114,P0038,2,7.97,0.15,13.55,1.51,First Class,Credit Card
O007772,2025-02-15,C01968,P0108,2,31.93,0.15,54.28,13.34,Same Day,Credit Card
O006644,2025-02-15,C00586,P0077,1,30.16,0.05,28.65,9.67,First Class,Bank Transfer
O010304,2025-02-15,C03109,P0139,4,48.37,0.2,154.78,55.7,Same Day,Debit Card
O011923,2025-02-15,C00392,P0012,3,21.06,0.3,44.23,-6.05,Standard,UPI
O003925,2025-02-15,C00138,P0085,1,16.85,0.05,16.01,7.03,Same Day,UPI
O009731,2025-02-15,C00059,P0066,1,68.82,0.2,55.06,20.03,Same Day,Credit Card
O003860,2025-02-15,C00233,P0118,1,13.33,0.15,11.33,1.05,Standard,Debit Card
O005884,2025-02-15,C00072,P0118,1,13.33,0.0,13.33,3.05,Standard,Debit Card
O003959,2025-02-15,C01429,P0083,5,74.49,0.2,297.96,67.41,First Class,Debit Card
O009157,2025-02-15,C02535,P0068,2,54.72,0.1,98.5,26.2,Same Day,PayPal
O002663,2025-02-15,C03303,P0096,2,11.01,0.1,19.82,7.4,First Class,Credit Card
O011236,2025-02-16,C01480,P0071,1,36.05,0.1,32.45,6.25,Standard,Debit Card
O004096,2025-02-16,C01314,P0040,4,32.39,0.05,123.08,20.68,Second Class,UPI
O000637,2025-02-16,C00017,P0019,1,15.8,0.2,12.64,0.48,Second Class,PayPal
O000837,2025-02-16,C02372,P0096,2,11.01,0.1,19.82,7.4,Same Day,Debit Card
O011458,2025-02-16,C01979,P0147,1,12.76,0.1,11.48,4.84,Second Class,Bank Transfer
O011561,2025-02-16,C03120,P0179,2,24.0,0.05,45.6,7.04,First Class,Bank Transfer
O000616,2025-02-16,C00040,P0088,4,35.29,0.15,119.99,17.95,Second Class,Debit Card
O004355,2025-02-16,C03055,P0131,1,10.4,0.15,8.84,0.52,Standard,Bank Transfer
O007600,2025-02-16,C00739,P0146,4,47.38,0.0,189.52,80.4,Standard,UPI
O006252,2025-02-16,C01277,P0178,3,73.32,0.05,208.96,32.32,Standard,Debit Card
O006360,2025-02-16,C02902,P0124,1,11.46,0.05,10.89,3.11,Standard,UPI
O010507,2025-02-16,C01240,P0136,1,78.06,0.05,74.16,34.85,First Class,UPI
O001931,2025-02-16,C02089,P0060,1,53.74,0.15,45.68,13.3,Standard,Credit Card
O008056,2025-02-16,C01249,P0057,1,16.52,0.0,16.52,8.42,Same Day,Debit Card
O001751,2025-02-16,C01492,P0100,3,24.47,0.3,51.39,13.26,Standard,Debit Card
O005468,2025-02-16,C00271,P0018,1,34.96,0.3,24.47,3.11,Second Class,PayPal
O008999,2025-02-16,C01634,P0049,1,35.64,0.05,33.86,12.2,First Class,PayPal
O002974,2025-02-16,C02602,P0069,1,36.06,0.0,36.06,12.12,Standard,UPI
O000342,2025-02-16,C00077,P0093,1,18.06,0.15,15.35,3.28,First Class,Debit Card
O007689,2025-02-16,C00273,P0002,2,26.05,0.0,52.1,14.3,Second Class,Bank Transfer
O008575,2025-02-17,C00034,P0001,1,39.36,0.0,39.36,17.85,First Class,Credit Card
O006396,2025-02-17,C00327,P0029,1,19.29,0.2,15.43,5.25,Standard,PayPal
O000083,2025-02-17,C02042,P0021,1,73.9,0.1,66.51,26.78,Standard,Bank Transfer
O009839,2025-02-17,C00802,P0081,2,24.71,0.1,44.48,6.72,First Class,Debit Card
O009692,2025-02-17,C03496,P0123,2,70.94,0.15,120.6,51.22,Second Class,Credit Card
O001594,2025-02-17,C01259,P0173,1,27.11,0.15,23.04,6.44,First Class,Debit Card
O005414,2025-02-17,C01921,P0161,4,15.13,0.1,54.47,18.39,Same Day,Debit Card
O009717,2025-02-17,C02445,P0116,1,34.67,0.15,29.47,5.45,First Class,Bank Transfer
O007144,2025-02-17,C01195,P0135,3,15.68,0.1,42.34,16.63,First Class,Debit Card
O010318,2025-02-17,C01329,P0121,1,47.66,0.1,42.89,18.87,Same Day,Bank Transfer
O006128,2025-02-17,C02475,P0020,2,11.38,0.05,21.62,8.24,Standard,PayPal
O003134,2025-02-17,C03056,P0118,3,13.33,0.15,33.99,3.15,Same Day,PayPal
O009501,2025-02-17,C01310,P0145,1,33.75,0.1,30.38,4.83,First Class,UPI
O010126,2025-02-17,C01312,P0041,1,46.06,0.0,46.06,15.94,First Class,UPI
O009106,2025-02-18,C01170,P0046,1,17.85,0.1,16.07,2.67,Same Day,PayPal
O006594,2025-02-18,C00591,P0145,4,33.75,0.0,135.0,32.8,First Class,Debit Card
O009429,2025-02-18,C02596,P0119,1,59.91,0.1,53.92,11.75,Standard,Debit Card
O009863,2025-02-18,C01456,P0056,1,52.21,0.05,49.6,14.05,Second Class,Debit Card
O003008,2025-02-18,C00704,P0140,2,12.81,0.05,24.34,6.1,Standard,PayPal
O008404,2025-02-18,C01704,P0103,2,22.81,0.05,43.34,8.18,Same Day,PayPal
O009400,2025-02-18,C02089,P0136,1,78.06,0.0,78.06,38.75,Second Class,Debit Card
O010322,2025-02-18,C00884,P0148,2,12.08,0.2,19.33,2.01,Standard,Credit Card
O007541,2025-02-18,C01248,P0028,2,36.39,0.05,69.14,9.7,First Class,Credit Card
O005862,2025-02-18,C02667,P0102,2,21.68,0.0,43.36,21.94,Second Class,Bank Transfer
O005863,2025-02-18,C01044,P0126,3,118.37,0.0,355.11,115.17,Same Day,Credit Card
O006817,2025-02-18,C01548,P0175,1,34.12,0.1,30.71,3.83,First Class,UPI
O005579,2025-02-18,C02947,P0083,1,74.49,0.2,59.59,13.48,Standard,Debit Card
O008569,2025-02-18,C03202,P0130,1,20.55,0.0,20.55,6.87,Standard,Bank Transfer
O005082,2025-02-18,C01319,P0076,4,48.63,0.05,184.79,73.51,Same Day,Credit Card
O007203,2025-02-18,C00381,P0027,1,13.49,0.15,11.47,2.17,First Class,PayPal
O009833,2025-02-18,C01624,P0079,3,30.25,0.2,72.6,28.26,Standard,Credit Card
O001657,2025-02-18,C00117,P0177,1,28.74,0.05,27.3,10.38,First Class,Credit Card
O011255,2025-02-18,C00703,P0109,1,33.7,0.1,30.33,12.17,Standard,UPI
O008344,2025-02-18,C03274,P0172,3,16.77,0.05,47.79,8.31,Same Day,Bank Transfer
O001192,2025-02-18,C03391,P0100,3,24.47,0.0,73.41,35.28,First Class,Bank Transfer
O007815,2025-02-18,C01083,P0166,2,37.27,0.2,59.63,4.73,Same Day,UPI
O005368,2025-02-18,C00663,P0173,1,27.11,0.05,25.75,9.15,First Class,Credit Card
O007317,2025-02-18,C00956,P0049,1,35.64,0.15,30.29,8.63,First Class,Credit Card
O008239,2025-02-19,C03067,P0085,2,16.85,0.15,28.65,10.69,Standard,PayPal
O008272,2025-02-19,C02406,P0150,1,34.57,0.2,27.66,0.75,First Class,Credit Card
O000495,2025-02-19,C03406,P0069,2,36.06,0.2,57.7,9.82,Same Day,Bank Transfer
O003140,2025-02-19,C03426,P0004,1,76.71,0.15,65.2,27.75,First Class,Debit Card
O010698,2025-02-19,C03043,P0076,2,48.63,0.1,87.53,31.89,Second Class,Debit Card
O005484,2025-02-19,C01664,P0009,2,21.01,0.05,39.92,6.68,Same Day,Bank Transfer
O011206,2025-02-19,C02356,P0054,4,42.42,0.1,152.71,39.95,Second Class,UPI
O004526,2025-02-19,C00033,P0026,3,30.63,0.2,73.51,26.38,Standard,Credit Card
O006850,2025-02-19,C02728,P0150,1,34.57,0.0,34.57,7.66,Same Day,Debit Card
O001949,2025-02-19,C03107,P0011,1,21.09,0.0,21.09,10.86,Second Class,Bank Transfer
O007477,2025-02-19,C00551,P0055,1,55.71,0.15,47.35,15.18,Second Class,Debit Card
O002649,2025-02-19,C00690,P0119,1,59.91,0.0,59.91,17.74,First Class,Debit Card
O002039,2025-02-19,C01719,P0168,3,97.8,0.05,278.73,47.85,Second Class,Credit Card
O001973,2025-02-19,C00662,P0160,1,43.67,0.3,30.57,-1.92,Same Day,UPI
O004254,2025-02-19,C01404,P0017,2,14.76,0.0,29.52,12.4,First Class,Bank Transfer
O002526,2025-02-19,C01653,P0001,1,39.36,0.1,35.42,13.91,First Class,PayPal
O011753,2025-02-19,C00248,P0148,1,12.08,0.0,12.08,3.42,First Class,Credit Card
O004133,2025-02-19,C00135,P0085,1,16.85,0.05,16.01,7.03,Second Class,Debit Card
O009664,2025-02-19,C02118,P0106,1,37.06,0.0,37.06,18.04,Standard,PayPal
O011137,2025-02-19,C01762,P0149,1,40.02,0.05,38.02,10.25,Standard,UPI
O010008,2025-02-19,C02795,P0043,2,26.44,0.05,50.24,10.5,Second Class,PayPal
O005166,2025-02-20,C01039,P0088,1,35.29,0.15,30.0,4.49,Same Day,UPI
O002463,2025-02-20,C01368,P0101,2,11.36,0.05,21.58,10.32,Standard,Bank Transfer
O011099,2025-02-20,C00365,P0160,4,43.67,0.2,139.74,9.78,Standard,Debit Card
O006294,2025-02-20,C01449,P0089,4,20.2,0.15,68.68,11.76,Same Day,Debit Card
O008756,2025-02-20,C02601,P0092,1,53.5,0.05,50.82,11.72,First Class,UPI
O011460,2025-02-20,C01042,P0148,1,12.08,0.1,10.87,2.21,Same Day,Bank Transfer
O008812,2025-02-20,C00840,P0131,1,10.4,0.1,9.36,1.04,Standard,Credit Card
O010993,2025-02-20,C03177,P0038,1,7.97,0.1,7.17,1.15,First Class,Debit Card
O005290,2025-02-20,C00254,P0017,2,14.76,0.1,26.57,9.45,Same Day,Credit Card
O003486,2025-02-20,C00213,P0089,2,20.2,0.05,38.38,9.92,First Class,PayPal
O010254,2025-02-20,C00157,P0021,1,73.9,0.15,62.82,23.09,Standard,Credit Card
O002814,2025-02-20,C01556,P0152,1,35.7,0.05,33.91,7.02,Second Class,UPI
O004003,2025-02-20,C00409,P0021,3,73.9,0.1,199.53,80.34,First Class,Debit Card
O000937,2025-02-20,C00105,P0088,1,35.29,0.1,31.76,6.25,Same Day,Debit Card
O006074,2025-02-20,C00246,P0167,3,48.63,0.1,131.3,56.15,First Class,Bank Transfer
O009674,2025-02-20,C00027,P0108,1,31.93,0.15,27.14,6.67,Same Day,Debit Card
O007275,2025-02-20,C02681,P0040,3,32.39,0.15,82.59,5.79,Standard,Debit Card
O010836,2025-02-20,C02799,P0023,1,29.78,0.0,29.78,6.01,Same Day,Debit Card
O003252,2025-02-20,C00132,P0046,1,17.85,0.1,16.07,2.67,Standard,Bank Transfer
O002157,2025-02-21,C01807,P0060,2,53.74,0.15,91.36,26.6,First Class,Debit Card
O000983,2025-02-21,C03354,P0003,2,43.42,0.1,78.16,28.18,Standard,UPI
O002607,2025-02-21,C03166,P0037,3,32.65,0.05,93.05,19.07,First Class,PayPal
O003474,2025-02-21,C02738,P0047,2,21.13,0.05,40.15,7.07,Second Class,Debit Card
O010367,2025-02-21,C03145,P0088,1,35.29,0.1,31.76,6.25,Second Class,Bank Transfer
O008104,2025-02-21,C03215,P0044,2,23.44,0.3,32.82,-0.04,First Class,PayPal
O007525,2025-02-21,C03215,P0167,1,48.63,0.05,46.2,21.15,First Class,Debit Card
O007638,2025-02-21,C01223,P0030,1,23.58,0.0,23.58,8.11,Standard,Credit Card
O000988,2025-02-21,C02019,P0048,1,56.66,0.2,45.33,11.62,First Class,Bank Transfer
O011978,2025-02-21,C03047,P0115,3,25.15,0.2,60.36,14.52,First Class,Bank Transfer
O008253,2025-02-21,C01769,P0016,1,19.78,0.05,18.79,3.56,First Class,Credit Card
O011748,2025-02-21,C00983,P0012,1,21.06,0.0,21.06,4.3,Same Day,Debit Card
O007605,2025-02-21,C03455,P0122,1,15.78,0.1,14.2,3.18,Same Day,PayPal
O009883,2025-02-21,C01803,P0011,1,21.09,0.2,16.87,6.64,First Class,UPI
O011933,2025-02-21,C00495,P0036,1,12.89,0.0,12.89,5.42,First Class,Bank Transfer
O005276,2025-02-21,C02926,P0174,4,35.58,0.1,128.09,59.25,First Class,UPI
O011584,2025-02-21,C01955,P0108,1,31.93,0.1,28.74,8.27,Same Day,Credit Card
O008102,2025-02-21,C00457,P0005,3,24.48,0.3,51.41,0.05,First Class,Bank Transfer
O010688,2025-02-21,C00961,P0126,3,118.37,0.05,337.35,97.41,Same Day,PayPal
O004088,2025-02-21,C02447,P0117,2,27.87,0.0,55.74,19.44,Same Day,Bank Transfer
O007785,2025-02-22,C01715,P0069,2,36.06,0.1,64.91,17.03,First Class,Credit Card
O003573,2025-02-22,C02800,P0005,1,24.48,0.1,22.03,4.91,Standard,UPI
O000566,2025-02-22,C01640,P0143,1,10.03,0.0,10.03,2.33,Same Day,Debit Card
O009718,2025-02-22,C00917,P0091,1,30.36,0.05,28.84,4.41,First Class,PayPal
O005668,2025-02-22,C03368,P0144,1,32.14,0.3,22.5,6.82,Second Class,Credit Card
O005765,2025-02-22,C03243,P0160,3,43.67,0.3,91.71,-5.76,First Class,Bank Transfer
O007786,2025-02-22,C01768,P0076,1,48.63,0.0,48.63,20.81,Standard,UPI
O008257,2025-02-22,C03201,P0036,2,12.89,0.15,21.91,6.97,Standard,Credit Card
O001275,2025-02-22,C01094,P0093,2,18.06,0.1,32.51,8.37,First Class,UPI
O001584,2025-02-22,C00413,P0051,3,35.19,0.15,89.73,18.3,Standard,UPI
O003868,2025-02-22,C02650,P0037,1,32.65,0.0,32.65,7.99,Same Day,PayPal
O004627,2025-02-22,C02305,P0110,2,27.16,0.0,54.32,20.24,Same Day,UPI
O010354,2025-02-22,C02691,P0108,1,31.93,0.0,31.93,11.46,Same Day,UPI
O008825,2025-02-22,C01992,P0031,1,19.28,0.0,19.28,4.27,Same Day,Bank Transfer
O005335,2025-02-22,C00651,P0111,1,8.19,0.3,5.73,0.69,Second Class,PayPal
O011768,2025-02-22,C02084,P0046,2,17.85,0.05,33.91,7.11,Same Day,UPI
O006886,2025-02-23,C02975,P0162,1,47.54,0.2,38.03,0.17,Standard,Credit Card
O001800,2025-02-23,C02917,P0148,1,12.08,0.2,9.66,1.0,Same Day,UPI
O004949,2025-02-23,C01151,P0011,1,21.09,0.05,20.04,9.81,Same Day,Bank Transfer
O004701,2025-02-23,C00618,P0169,4,24.3,0.05,92.34,28.98,Second Class,UPI
O000330,2025-02-23,C02282,P0063,3,13.89,0.1,37.5,6.6,Same Day,UPI
O004977,2025-02-23,C00433,P0179,1,24.0,0.0,24.0,4.72,Same Day,PayPal
O005224,2025-02-23,C01917,P0081,1,24.71,0.15,21.0,2.12,Standard,PayPal
O010468,2025-02-23,C03225,P0108,1,31.93,0.0,31.93,11.46,First Class,Credit Card
O010039,2025-02-23,C02784,P0029,1,19.29,0.3,13.5,3.32,Standard,PayPal
O005737,2025-02-23,C03305,P0101,1,11.36,0.05,10.79,5.16,First Class,PayPal
O004025,2025-02-23,C01027,P0010,2,40.56,0.15,68.95,19.81,Second Class,PayPal
O003348,2025-02-23,C00269,P0120,1,46.47,0.15,39.5,14.62,Standard,Bank Transfer
O004159,2025-02-23,C03396,P0089,2,20.2,0.0,40.4,11.94,Same Day,Credit Card
O009114,2025-02-24,C00592,P0024,1,11.29,0.3,7.9,-0.19,Standard,Credit Card
O007117,2025-02-24,C01254,P0068,1,54.72,0.2,43.78,7.63,Second Class,UPI
O010975,2025-02-24,C00025,P0111,1,8.19,0.0,8.19,3.15,Standard,Bank Transfer
O009918,2025-02-24,C02662,P0027,3,13.49,0.05,38.45,10.55,Second Class,UPI
O007212,2025-02-24,C00158,P0015,1,9.29,0.1,8.36,0.86,Standard,Bank Transfer
O003850,2025-02-24,C00549,P0024,1,11.29,0.05,10.73,2.64,Standard,Credit Card
O002801,2025-02-24,C02998,P0138,3,23.12,0.05,65.89,32.17,First Class,PayPal
O004263,2025-02-24,C02601,P0171,1,15.99,0.1,14.39,4.97,Standard,Bank Transfer
O005439,2025-02-24,C00348,P0119,5,59.91,0.3,209.68,-1.17,Second Class,PayPal
O007592,2025-02-24,C01718,P0090,2,39.79,0.1,71.62,25.84,Same Day,UPI
O002583,2025-02-24,C02567,P0140,1,12.81,0.1,11.53,2.41,Second Class,Bank Transfer
O010246,2025-02-24,C02352,P0144,1,32.14,0.05,30.53,14.85,First Class,UPI
O000711,2025-02-24,C02008,P0157,2,95.85,0.15,162.94,6.36,Second Class,PayPal
O001123,2025-02-24,C02222,P0078,2,23.47,0.1,42.25,18.47,Second Class,PayPal
O005566,2025-02-24,C02813,P0122,2,15.78,0.0,31.56,9.52,First Class,Debit Card
O001162,2025-02-24,C01463,P0150,3,34.57,0.1,93.34,12.61,Same Day,Bank Transfer
O006974,2025-02-24,C02784,P0140,2,12.81,0.0,25.62,7.38,Same Day,Credit Card
O007626,2025-02-24,C00253,P0012,4,21.06,0.3,58.97,-8.07,Same Day,Bank Transfer
O000759,2025-02-24,C02671,P0027,1,13.49,0.15,11.47,2.17,Second Class,Bank Transfer
O000147,2025-02-25,C01707,P0071,1,36.05,0.15,30.64,4.44,First Class,Credit Card
O005016,2025-02-25,C00953,P0001,5,39.36,0.1,177.12,69.57,Second Class,Bank Transfer
O004227,2025-02-25,C02038,P0025,1,20.01,0.15,17.01,3.53,Same Day,UPI
O008577,2025-02-25,C03484,P0053,1,18.36,0.3,12.85,1.13,Standard,Credit Card
O005624,2025-02-25,C02763,P0174,2,35.58,0.3,49.81,15.39,Standard,Bank Transfer
O008835,2025-02-25,C02442,P0057,2,16.52,0.15,28.08,11.88,First Class,PayPal
O010043,2025-02-25,C01963,P0144,1,32.14,0.15,27.32,11.64,Standard,PayPal
O006856,2025-02-25,C01007,P0165,2,53.31,0.2,85.3,6.9,Second Class,Credit Card
O006335,2025-02-25,C02241,P0019,2,15.8,0.05,30.02,5.7,Second Class,UPI
O009291,2025-02-25,C00233,P0051,3,35.19,0.1,95.01,23.58,Second Class,UPI
O010353,2025-02-25,C00667,P0124,1,11.46,0.1,10.31,2.53,Same Day,Credit Card
O009785,2025-02-25,C01680,P0069,1,36.06,0.0,36.06,12.12,Second Class,UPI
O007180,2025-02-25,C03253,P0081,2,24.71,0.1,44.48,6.72,Second Class,Credit Card
O003398,2025-02-26,C03382,P0152,1,35.7,0.3,24.99,-1.9,Same Day,Bank Transfer
O001902,2025-02-26,C01634,P0148,2,12.08,0.0,24.16,6.84,Standard,Credit Card
O009927,2025-02-26,C03247,P0030,1,23.58,0.1,21.22,5.75,First Class,Bank Transfer
O004963,2025-02-26,C01731,P0032,4,95.01,0.15,323.03,44.91,Second Class,Bank Transfer
O007416,2025-02-26,C01584,P0043,1,26.44,0.15,22.47,2.6,First Class,Debit Card
O002748,2025-02-26,C02956,P0161,1,15.13,0.3,10.59,1.57,Standard,Debit Card
O010932,2025-02-26,C00366,P0116,3,34.67,0.1,93.61,21.55,Standard,PayPal
O005565,2025-02-26,C03327,P0079,1,30.25,0.15,25.71,10.93,Standard,UPI
O006539,2025-02-26,C02419,P0120,1,46.47,0.15,39.5,14.62,Second Class,Credit Card
O005784,2025-02-26,C01405,P0055,1,55.71,0.1,50.14,17.97,First Class,Debit Card
O000468,2025-02-26,C00173,P0059,2,35.35,0.3,49.49,-4.21,Second Class,Credit Card
O009650,2025-02-26,C01774,P0153,2,18.32,0.0,36.64,15.54,Same Day,Credit Card
O000533,2025-02-26,C01640,P0151,1,33.54,0.05,31.86,7.38,Second Class,Bank Transfer
O000034,2025-02-27,C02105,P0066,1,68.82,0.1,61.94,26.91,Same Day,PayPal
O002252,2025-02-27,C03110,P0015,1,9.29,0.0,9.29,1.79,Second Class,UPI
O003316,2025-02-27,C00930,P0144,3,32.14,0.05,91.6,44.56,Standard,PayPal
O010031,2025-02-27,C01919,P0120,3,46.47,0.0,139.41,64.77,Standard,PayPal
O006413,2025-02-27,C02116,P0050,2,9.06,0.1,16.31,7.03,Same Day,PayPal
O003632,2025-02-27,C03463,P0039,3,12.02,0.1,32.45,4.52,First Class,PayPal
O003645,2025-02-27,C00088,P0015,2,9.29,0.1,16.72,1.72,First Class,PayPal
O005373,2025-02-27,C02952,P0126,1,118.37,0.0,118.37,38.39,First Class,Bank Transfer
O009458,2025-02-27,C00484,P0056,3,52.21,0.0,156.63,49.98,Same Day,PayPal
O003297,2025-02-27,C01726,P0048,5,56.66,0.1,254.97,86.42,First Class,UPI
O009197,2025-02-27,C01079,P0111,3,8.19,0.1,22.11,6.99,Second Class,Credit Card
O001897,2025-02-27,C00623,P0056,1,52.21,0.0,52.21,16.66,Same Day,Debit Card
O010998,2025-02-27,C01223,P0146,1,47.38,0.1,42.64,15.36,First Class,Bank Transfer
O006448,2025-02-27,C01181,P0004,2,76.71,0.0,153.42,78.52,Second Class,Bank Transfer
O001910,2025-02-27,C00219,P0012,2,21.06,0.1,37.91,4.39,Standard,Bank Transfer
O011570,2025-02-27,C00567,P0164,2,16.72,0.1,30.1,9.18,Same Day,Credit Card
O001051,2025-02-27,C01763,P0093,3,18.06,0.15,46.05,9.84,Second Class,Bank Transfer
O011290,2025-02-27,C02173,P0025,1,20.01,0.3,14.01,0.53,Second Class,PayPal
O007876,2025-02-27,C00917,P0162,1,47.54,0.05,45.16,7.3,Second Class,Debit Card
O010881,2025-02-28,C01866,P0120,1,46.47,0.0,46.47,21.59,First Class,Bank Transfer
O000638,2025-02-28,C01283,P0147,3,12.76,0.1,34.45,14.53,Second Class,Credit Card
O007378,2025-02-28,C02622,P0078,1,23.47,0.05,22.3,10.41,Second Class,Credit Card
O009022,2025-02-28,C00001,P0083,1,74.49,0.15,63.32,17.21,First Class,PayPal
O007237,2025-02-28,C00043,P0001,1,39.36,0.15,33.46,11.95,First Class,UPI
O008510,2025-02-28,C00336,P0090,1,39.79,0.05,37.8,14.91,First Class,UPI
O005932,2025-02-28,C02532,P0116,2,34.67,0.15,58.94,10.9,Second Class,Credit Card
O008790,2025-02-28,C03232,P0112,1,28.02,0.15,23.82,4.5,First Class,UPI
O000705,2025-02-28,C02612,P0144,1,32.14,0.1,28.93,13.25,Second Class,Credit Card
O010562,2025-02-28,C00862,P0110,2,27.16,0.2,43.46,9.38,Same Day,Bank Transfer
O007438,2025-02-28,C00439,P0100,1,24.47,0.0,24.47,11.76,Same Day,UPI
O007138,2025-02-28,C03180,P0073,2,27.85,0.1,50.13,13.61,First Class,Bank Transfer
O003816,2025-02-28,C03413,P0152,5,35.7,0.2,142.8,8.35,First Class,Credit Card
O008782,2025-02-28,C00932,P0155,2,34.48,0.1,62.06,11.36,Same Day,UPI
O004387,2025-02-28,C00976,P0022,1,24.61,0.1,22.15,5.68,Second Class,Credit Card
O005218,2025-02-28,C03493,P0028,1,36.39,0.05,34.57,4.85,Second Class,Debit Card
O002739,2025-03-01,C00590,P0052,1,22.19,0.1,19.97,9.05,Same Day,UPI
O007136,2025-03-01,C00671,P0143,1,10.03,0.1,9.03,1.33,Same Day,UPI
O007868,2025-03-01,C00531,P0086,3,20.57,0.0,61.71,26.85,Standard,Debit Card
O009457,2025-03-01,C01381,P0116,1,34.67,0.1,31.2,7.18,First Class,UPI
O003496,2025-03-01,C00763,P0160,1,43.67,0.05,41.49,9.0,Standard,UPI
O002491,2025-03-01,C01652,P0080,3,7.83,0.2,18.79,-0.17,Standard,UPI
O009943,2025-03-01,C00469,P0172,2,16.77,0.05,31.86,5.54,Second Class,Debit Card
O005983,2025-03-01,C02160,P0039,1,12.02,0.1,10.82,1.51,Second Class,Debit Card
O003707,2025-03-01,C00618,P0025,1,20.01,0.15,17.01,3.53,Standard,UPI
O004340,2025-03-01,C03399,P0094,1,23.04,0.0,23.04,7.19,Same Day,Credit Card
O009450,2025-03-01,C02258,P0043,3,26.44,0.1,71.39,11.78,Second Class,UPI
O000307,2025-03-01,C02157,P0099,2,28.6,0.3,40.04,12.3,Second Class,PayPal
O000071,2025-03-01,C00130,P0141,2,33.04,0.15,56.17,22.85,Standard,PayPal
O009855,2025-03-02,C02919,P0134,3,38.78,0.05,110.52,18.87,Standard,PayPal
O001023,2025-03-02,C03039,P0179,1,24.0,0.15,20.4,1.12,First Class,PayPal
O007632,2025-03-02,C02649,P0106,3,37.06,0.05,105.62,48.56,First Class,Bank Transfer
O009854,2025-03-02,C00044,P0095,1,22.09,0.2,17.67,3.92,Second Class,PayPal
O008620,2025-03-02,C01642,P0083,1,74.49,0.2,59.59,13.48,Second Class,Debit Card
O002562,2025-03-02,C00068,P0074,1,78.81,0.0,78.81,32.33,Same Day,UPI
O006261,2025-03-02,C00068,P0039,2,12.02,0.0,24.04,5.42,Second Class,PayPal
O011014,2025-03-03,C01366,P0118,2,13.33,0.0,26.66,6.1,Same Day,Bank Transfer
O010124,2025-03-03,C02443,P0093,1,18.06,0.0,18.06,5.99,Standard,Debit Card
O011692,2025-03-03,C00102,P0030,3,23.58,0.05,67.2,20.79,First Class,Debit Card
O007995,2025-03-03,C00879,P0051,2,35.19,0.1,63.34,15.72,Second Class,Bank Transfer
O002529,2025-03-03,C00900,P0149,2,40.02,0.1,72.04,16.5,Second Class,PayPal
O006879,2025-03-03,C01398,P0019,1,15.8,0.2,12.64,0.48,Same Day,Debit Card
O011688,2025-03-03,C02709,P0151,2,33.54,0.05,63.73,14.77,First Class,Debit Card
O003922,2025-03-03,C02762,P0067,1,27.2,0.15,23.12,9.59,Second Class,Bank Transfer
O010123,2025-03-03,C02340,P0103,1,22.81,0.15,19.39,1.81,Standard,PayPal
O000175,2025-03-03,C02394,P0014,1,8.22,0.05,7.81,1.16,Same Day,Credit Card
O006281,2025-03-03,C03061,P0069,3,36.06,0.15,91.95,20.13,Same Day,Credit Card
O004060,2025-03-03,C00779,P0056,2,52.21,0.1,93.98,22.88,Standard,PayPal
O002061,2025-03-03,C01574,P0174,2,35.58,0.1,64.04,29.62,Standard,Bank Transfer
O002460,2025-03-03,C03446,P0099,1,28.6,0.15,24.31,10.44,Standard,Debit Card
O008742,2025-03-03,C03059,P0177,2,28.74,0.2,45.98,12.14,Standard,Credit Card
O010723,2025-03-04,C02531,P0022,1,24.61,0.1,22.15,5.68,Second Class,Bank Transfer
O010822,2025-03-04,C01818,P0167,5,48.63,0.0,243.15,117.9,Second Class,UPI
O010565,2025-03-04,C00159,P0055,1,55.71,0.15,47.35,15.18,Same Day,Debit Card
O008749,2025-03-04,C02905,P0141,1,33.04,0.2,26.43,9.77,Same Day,UPI
O009908,2025-03-04,C02140,P0014,1,8.22,0.2,6.58,-0.07,Standard,PayPal
O006322,2025-03-04,C01253,P0165,1,53.31,0.05,50.64,11.44,Standard,Credit Card
O006942,2025-03-04,C01837,P0068,4,54.72,0.15,186.05,41.45,Second Class,Credit Card
O003830,2025-03-04,C02933,P0178,3,73.32,0.0,219.96,43.32,Standard,UPI
O011002,2025-03-04,C02420,P0025,4,20.01,0.2,64.03,10.11,Same Day,Bank Transfer
O005019,2025-03-04,C00086,P0071,2,36.05,0.05,68.49,16.09,Same Day,Bank Transfer
O005646,2025-03-04,C00283,P0031,2,19.28,0.0,38.56,8.54,Standard,PayPal
O006536,2025-03-04,C01207,P0151,2,33.54,0.1,60.37,11.41,Standard,Debit Card
O005753,2025-03-04,C03110,P0052,1,22.19,0.0,22.19,11.27,Second Class,Debit Card
O000824,2025-03-04,C03264,P0038,3,7.97,0.15,20.32,2.26,Standard,PayPal
O007344,2025-03-04,C02346,P0094,2,23.04,0.1,41.47,9.77,Same Day,Credit Card
O001197,2025-03-04,C01695,P0005,1,24.48,0.3,17.14,0.02,Second Class,UPI
O007068,2025-03-04,C01716,P0118,1,13.33,0.1,12.0,1.72,Same Day,Credit Card
O007302,2025-03-04,C00785,P0166,1,37.27,0.15,31.68,4.23,Standard,UPI
O005184,2025-03-05,C02812,P0012,4,21.06,0.0,84.24,17.2,Second Class,Debit Card
O004995,2025-03-05,C03314,P0046,1,17.85,0.0,17.85,4.45,First Class,Credit Card
O011157,2025-03-05,C00721,P0051,1,35.19,0.0,35.19,11.38,First Class,Credit Card
O010077,2025-03-05,C03484,P0061,1,20.87,0.1,18.78,7.86,Second Class,PayPal
O005859,2025-03-05,C02535,P0131,3,10.4,0.1,28.08,3.12,Second Class,Debit Card
O005801,2025-03-05,C02470,P0054,1,42.42,0.05,40.3,12.11,Same Day,PayPal
O011527,2025-03-05,C02191,P0040,1,32.39,0.1,29.15,3.55,Standard,Credit Card
O010528,2025-03-05,C03248,P0170,3,17.46,0.0,52.38,12.51,Standard,PayPal
O004167,2025-03-05,C02322,P0114,1,141.33,0.0,141.33,71.31,Same Day,UPI
O007465,2025-03-05,C02307,P0021,1,73.9,0.3,51.73,12.0,Same Day,Debit Card
O007830,2025-03-05,C02885,P0156,2,17.92,0.15,30.46,3.42,Standard,Credit Card
O006508,2025-03-05,C01249,P0052,5,22.19,0.0,110.95,56.35,Same Day,Bank Transfer
O002290,2025-03-05,C03195,P0009,2,21.01,0.15,35.72,2.48,First Class,Credit Card
O005099,2025-03-05,C01590,P0140,1,12.81,0.15,10.89,1.77,First Class,Credit Card
O001646,2025-03-05,C00552,P0079,3,30.25,0.1,81.67,37.33,Same Day,UPI
O002520,2025-03-05,C02988,P0146,1,47.38,0.0,47.38,20.1,First Class,Debit Card
O005711,2025-03-05,C00938,P0087,2,51.68,0.0,103.36,34.44,First Class,Bank Transfer
O006012,2025-03-05,C02434,P0095,1,22.09,0.2,17.67,3.92,First Class,PayPal
O001831,2025-03-05,C01417,P0016,4,19.78,0.0,79.12,18.2,First Class,Debit Card
O006928,2025-03-05,C00502,P0085,2,16.85,0.15,28.65,10.69,Second Class,PayPal
O003241,2025-03-05,C00504,P0041,4,46.06,0.05,175.03,54.55,Same Day,UPI
O008988,2025-03-06,C02161,P0053,1,18.36,0.05,17.44,5.72,Second Class,PayPal
O008972,2025-03-06,C03033,P0017,1,14.76,0.1,13.28,4.72,Same Day,PayPal
O008259,2025-03-06,C01949,P0042,2,31.86,0.1,57.35,15.89,Second Class,Debit Card
O001946,2025-03-06,C01705,P0019,2,15.8,0.05,30.02,5.7,First Class,Bank Transfer
O009071,2025-03-06,C00657,P0051,1,35.19,0.0,35.19,11.38,Standard,Credit Card
O007211,2025-03-06,C01779,P0168,1,97.8,0.1,88.02,11.06,First Class,Bank Transfer
O007003,2025-03-06,C00781,P0111,2,8.19,0.0,16.38,6.3,Second Class,Bank Transfer
O010548,2025-03-06,C00714,P0129,2,30.41,0.2,48.66,10.0,First Class,PayPal
O010812,2025-03-06,C02531,P0167,1,48.63,0.0,48.63,23.58,First Class,Bank Transfer
O009191,2025-03-06,C00691,P0135,1,15.68,0.1,14.11,5.54,Second Class,UPI
O008558,2025-03-06,C02811,P0098,2,33.77,0.2,54.03,4.21,First Class,PayPal
O003171,2025-03-06,C03387,P0134,1,38.78,0.3,27.15,-3.4,First Class,UPI
O006146,2025-03-06,C03229,P0121,1,47.66,0.05,45.28,21.26,Standard,PayPal
O009027,2025-03-06,C01281,P0073,1,27.85,0.1,25.07,6.81,Same Day,UPI
O005326,2025-03-06,C00845,P0022,3,24.61,0.0,73.83,24.42,Same Day,Debit Card
O003363,2025-03-06,C00655,P0106,3,37.06,0.15,94.5,37.44,Standard,Credit Card
O011638,2025-03-06,C01511,P0092,3,53.5,0.3,112.35,-4.95,Second Class,UPI
O003223,2025-03-06,C01529,P0180,1,167.02,0.15,141.97,29.24,Standard,Debit Card
O005734,2025-03-07,C02133,P0052,2,22.19,0.0,44.38,22.54,Standard,UPI
O010342,2025-03-07,C01205,P0105,2,25.67,0.05,48.77,15.85,First Class,UPI
O002243,2025-03-07,C00692,P0063,2,13.89,0.0,27.78,7.18,First Class,Credit Card
O008271,2025-03-07,C00554,P0080,1,7.83,0.1,7.05,0.73,Same Day,Bank Transfer
O007493,2025-03-07,C00312,P0005,1,24.48,0.1,22.03,4.91,Second Class,Debit Card
O005380,2025-03-07,C00183,P0120,5,46.47,0.1,209.12,84.72,Standard,Credit Card
O008099,2025-03-07,C00762,P0035,1,48.65,0.15,41.35,12.05,Standard,Bank Transfer
O009486,2025-03-07,C00753,P0007,3,79.56,0.0,238.68,47.79,Standard,UPI
O004946,2025-03-07,C01795,P0117,1,27.87,0.0,27.87,9.72,Second Class,UPI
O004588,2025-03-07,C00411,P0129,1,30.41,0.05,28.89,9.56,Second Class,Debit Card
O011011,2025-03-07,C01417,P0047,2,21.13,0.05,40.15,7.07,Second Class,Bank Transfer
O011509,2025-03-07,C03192,P0113,1,29.64,0.0,29.64,9.01,First Class,Credit Card
O002424,2025-03-07,C01188,P0106,2,37.06,0.1,66.71,28.67,Same Day,Bank Transfer
O001120,2025-03-07,C03248,P0055,2,55.71,0.3,77.99,13.65,Same Day,Bank Transfer
O000905,2025-03-07,C03068,P0124,1,11.46,0.0,11.46,3.68,First Class,Debit Card
O001577,2025-03-07,C01418,P0002,3,26.05,0.3,54.7,-2.0,Standard,PayPal
O007267,2025-03-08,C03400,P0122,3,15.78,0.05,44.97,11.91,Standard,PayPal
O004413,2025-03-08,C00487,P0035,1,48.65,0.2,38.92,9.62,First Class,PayPal
O006196,2025-03-08,C01621,P0010,1,40.56,0.05,38.53,13.96,Standard,Bank Transfer
O011308,2025-03-08,C01357,P0074,4,78.81,0.05,299.48,113.56,Same Day,PayPal
O004997,2025-03-08,C02008,P0004,4,76.71,0.15,260.81,111.01,Same Day,UPI
O004024,2025-03-08,C00454,P0025,3,20.01,0.05,57.03,16.59,Second Class,Debit Card
O001111,2025-03-08,C03265,P0025,2,20.01,0.0,40.02,13.06,Standard,UPI
O001063,2025-03-08,C01434,P0001,3,39.36,0.15,100.37,35.84,Second Class,UPI
O001612,2025-03-08,C02782,P0060,2,53.74,0.05,102.11,37.35,Same Day,Debit Card
O000447,2025-03-08,C00895,P0133,1,14.29,0.05,13.58,2.05,Same Day,Credit Card
O007005,2025-03-08,C03045,P0164,1,16.72,0.05,15.88,5.42,Same Day,Bank Transfer
O011274,2025-03-08,C00436,P0164,2,16.72,0.1,30.1,9.18,First Class,Credit Card
O004140,2025-03-08,C00732,P0149,1,40.02,0.1,36.02,8.25,Second Class,Debit Card
O011744,2025-03-08,C02590,P0076,1,48.63,0.1,43.77,15.95,Second Class,Credit Card
O003543,2025-03-08,C01084,P0055,1,55.71,0.1,50.14,17.97,Second Class,Credit Card
O006426,2025-03-08,C03006,P0013,1,33.36,0.15,28.36,7.49,Standard,Bank Transfer
O008446,2025-03-09,C00869,P0140,1,12.81,0.0,12.81,3.69,Second Class,Credit Card
O002283,2025-03-09,C02138,P0168,1,97.8,0.05,92.91,15.95,Second Class,Bank Transfer
O002924,2025-03-09,C02677,P0003,1,43.42,0.1,39.08,14.09,First Class,Debit Card
O011126,2025-03-09,C03078,P0151,1,33.54,0.1,30.19,5.71,First Class,Bank Transfer
O009975,2025-03-09,C02520,P0143,1,10.03,0.15,8.53,0.83,Second Class,PayPal
O000851,2025-03-09,C03234,P0109,2,33.7,0.05,64.03,27.71,Same Day,PayPal
O007468,2025-03-09,C02060,P0038,1,7.97,0.05,7.57,1.55,Same Day,Credit Card
O006682,2025-03-09,C00815,P0171,1,15.99,0.0,15.99,6.57,Standard,Debit Card
O004814,2025-03-09,C00800,P0157,1,95.85,0.1,86.27,7.98,Same Day,Credit Card
O008297,2025-03-09,C00622,P0003,1,43.42,0.0,43.42,18.43,Standard,Debit Card
O000501,2025-03-09,C01225,P0144,3,32.14,0.15,81.96,34.92,Same Day,Debit Card
O000028,2025-03-09,C01953,P0171,3,15.99,0.05,45.57,17.31,First Class,UPI
O011585,2025-03-09,C01623,P0120,1,46.47,0.05,44.15,19.27,First Class,Credit Card
O006963,2025-03-09,C02831,P0050,2,9.06,0.15,15.4,6.12,Second Class,UPI
O001171,2025-03-09,C02047,P0027,1,13.49,0.15,11.47,2.17,Second Class,UPI
O009483,2025-03-09,C01279,P0066,2,68.82,0.05,130.76,60.7,Second Class,UPI
O008263,2025-03-09,C02184,P0023,1,29.78,0.0,29.78,6.01,First Class,PayPal
O008293,2025-03-09,C00660,P0114,1,141.33,0.1,127.2,57.18,Second Class,PayPal
O004228,2025-03-09,C00870,P0164,1,16.72,0.15,14.21,3.75,First Class,Debit Card
O009668,2025-03-09,C03308,P0177,1,28.74,0.05,27.3,10.38,Second Class,Bank Transfer
O006384,2025-03-09,C03450,P0151,2,33.54,0.0,67.08,18.12,First Class,UPI
O011954,2025-03-09,C00588,P0077,1,30.16,0.3,21.11,2.13,Standard,Credit Card
O009297,2025-03-09,C03074,P0167,1,48.63,0.1,43.77,18.72,Second Class,Debit Card
O007312,2025-03-09,C01068,P0120,1,46.47,0.0,46.47,21.59,Same Day,UPI
O000543,2025-03-09,C03294,P0151,4,33.54,0.05,127.45,29.53,Standard,UPI
O000873,2025-03-09,C01075,P0111,1,8.19,0.0,8.19,3.15,First Class,Bank Transfer
O009388,2025-03-10,C00707,P0143,1,10.03,0.15,8.53,0.83,First Class,PayPal
O000429,2025-03-10,C00980,P0115,1,25.15,0.05,23.89,8.61,Same Day,PayPal
O009437,2025-03-10,C01074,P0075,1,5.19,0.2,4.15,0.26,Standard,Credit Card
O009732,2025-03-10,C01298,P0108,2,31.93,0.05,60.67,19.73,Second Class,PayPal
O011272,2025-03-10,C01761,P0049,4,35.64,0.0,142.56,55.92,Second Class,PayPal
O011689,2025-03-10,C01428,P0126,4,118.37,0.05,449.81,129.89,Second Class,UPI
O005889,2025-03-10,C01673,P0094,2,23.04,0.1,41.47,9.77,Second Class,UPI
O006152,2025-03-10,C02845,P0160,1,43.67,0.15,37.12,4.63,First Class,Debit Card
O002853,2025-03-11,C01771,P0091,1,30.36,0.1,27.32,2.89,Same Day,Bank Transfer
O001187,2025-03-11,C02247,P0153,3,18.32,0.3,38.47,6.82,Same Day,PayPal
O004432,2025-03-11,C00152,P0099,2,28.6,0.1,51.48,23.74,Second Class,UPI
O010150,2025-03-11,C00405,P0177,1,28.74,0.0,28.74,11.82,First Class,PayPal
O004813,2025-03-11,C00062,P0136,1,78.06,0.1,70.25,30.94,Standard,PayPal
O000639,2025-03-11,C01820,P0136,1,78.06,0.2,62.45,23.14,Standard,PayPal
O000966,2025-03-11,C01812,P0039,1,12.02,0.1,10.82,1.51,Same Day,PayPal
O001412,2025-03-11,C02058,P0099,2,28.6,0.0,57.2,29.46,First Class,UPI
O005514,2025-03-11,C01004,P0015,2,9.29,0.1,16.72,1.72,Second Class,Credit Card
O005055,2025-03-11,C02270,P0080,3,7.83,0.2,18.79,-0.17,Standard,Credit Card
O001214,2025-03-11,C00104,P0085,1,16.85,0.0,16.85,7.87,First Class,UPI
O006110,2025-03-11,C00272,P0118,1,13.33,0.0,13.33,3.05,Second Class,Credit Card
O004499,2025-03-11,C00735,P0059,1,35.35,0.1,31.82,4.97,First Class,UPI
O001460,2025-03-11,C02571,P0145,2,33.75,0.0,67.5,16.4,First Class,PayPal
O008952,2025-03-11,C01682,P0092,3,53.5,0.0,160.5,43.2,Second Class,UPI
O007190,2025-03-11,C02383,P0028,2,36.39,0.0,72.78,13.34,First Class,PayPal
O011788,2025-03-11,C02815,P0073,2,27.85,0.2,44.56,8.04,Same Day,Debit Card
O001279,2025-03-11,C03348,P0151,1,33.54,0.05,31.86,7.38,Same Day,Credit Card
O006966,2025-03-11,C01963,P0074,1,78.81,0.0,78.81,32.33,Second Class,Debit Card
O007563,2025-03-11,C00734,P0039,3,12.02,0.2,28.85,0.92,First Class,PayPal
O011342,2025-03-11,C03109,P0013,1,33.36,0.3,23.35,2.48,Standard,Debit Card
O004641,2025-03-11,C01617,P0073,3,27.85,0.15,71.02,16.24,Standard,Bank Transfer
O000512,2025-03-11,C02864,P0091,1,30.36,0.1,27.32,2.89,Second Class,UPI
O004768,2025-03-11,C01039,P0131,1,10.4,0.1,9.36,1.04,Standard,UPI
O000008,2025-03-11,C01232,P0063,3,13.89,0.15,35.42,4.52,First Class,Bank Transfer
O006404,2025-03-11,C00057,P0030,1,23.58,0.05,22.4,6.93,First Class,Debit Card
O009621,2025-03-11,C02862,P0037,1,32.65,0.15,27.75,3.09,Standard,PayPal
O006698,2025-03-11,C03257,P0064,1,13.1,0.05,12.44,5.19,Second Class,Credit Card
O010982,2025-03-12,C00899,P0050,1,9.06,0.15,7.7,3.06,Same Day,Credit Card
O006612,2025-03-12,C00756,P0088,3,35.29,0.1,95.28,18.75,First Class,Debit Card
O008814,2025-03-12,C01716,P0143,1,10.03,0.0,10.03,2.33,Standard,Debit Card
O007757,2025-03-12,C02519,P0176,1,48.8,0.15,41.48,16.54,Same Day,Credit Card
O006379,2025-03-12,C00299,P0054,3,42.42,0.3,89.08,4.51,Standard,UPI
O005667,2025-03-12,C02496,P0137,3,17.13,0.0,51.39,24.96,Same Day,Credit Card
O005985,2025-03-12,C00660,P0084,3,20.35,0.05,58.0,25.09,Second Class,Bank Transfer
O004854,2025-03-12,C03083,P0166,2,37.27,0.0,74.54,19.64,Second Class,Bank Transfer
O003148,2025-03-12,C01816,P0009,2,21.01,0.1,37.82,4.58,Standard,Bank Transfer
O011105,2025-03-12,C00959,P0053,2,18.36,0.0,36.72,13.28,Standard,Credit Card
O011378,2025-03-12,C00801,P0020,3,11.38,0.0,34.14,14.07,Second Class,Credit Card
O010284,2025-03-12,C00807,P0036,3,12.89,0.05,36.74,14.33,Second Class,Bank Transfer
O000465,2025-03-12,C03286,P0002,1,26.05,0.3,18.23,-0.67,Same Day,UPI
O003265,2025-03-12,C02323,P0162,2,47.54,0.05,90.33,14.61,Second Class,Debit Card
O000600,2025-03-12,C00285,P0106,1,37.06,0.0,37.06,18.04,Standard,Debit Card
O009287,2025-03-12,C00867,P0033,1,28.25,0.1,25.43,5.18,First Class,Debit Card
O003245,2025-03-12,C02231,P0142,1,66.66,0.0,66.66,27.43,First Class,Bank Transfer
O003300,2025-03-12,C00675,P0142,1,66.66,0.0,66.66,27.43,Second Class,Debit Card
O011755,2025-03-13,C00145,P0105,1,25.67,0.05,24.39,7.93,Standard,Debit Card
O002925,2025-03-13,C01745,P0093,2,18.06,0.0,36.12,11.98,Second Class,Bank Transfer
O003585,2025-03-13,C01279,P0090,1,39.79,0.15,33.82,10.93,Same Day,Debit Card
O001858,2025-03-13,C01673,P0084,2,20.35,0.0,40.7,18.76,Second Class,Debit Card
O000876,2025-03-13,C02220,P0135,1,15.68,0.1,14.11,5.54,First Class,UPI
O010858,2025-03-13,C01207,P0050,1,9.06,0.05,8.61,3.97,First Class,Credit Card
O004394,2025-03-13,C00179,P0114,1,141.33,0.0,141.33,71.31,Same Day,UPI
O001422,2025-03-13,C00761,P0048,2,56.66,0.1,101.99,34.57,Same Day,PayPal
O007111,2025-03-13,C02528,P0033,3,28.25,0.0,84.75,24.0,Same Day,Credit Card
O004598,2025-03-13,C02330,P0112,1,28.02,0.1,25.22,5.9,Second Class,UPI
O000150,2025-03-13,C03436,P0084,5,20.35,0.15,86.49,31.64,Standard,Bank Transfer
O008607,2025-03-13,C02672,P0047,1,21.13,0.1,19.02,2.48,Second Class,PayPal
O005686,2025-03-13,C03070,P0110,1,27.16,0.15,23.09,6.05,First Class,Credit Card
O009298,2025-03-13,C00635,P0056,2,52.21,0.1,93.98,22.88,Same Day,UPI
O011443,2025-03-13,C00470,P0172,4,16.77,0.3,46.96,-5.68,Same Day,Credit Card
O003809,2025-03-13,C02858,P0128,1,19.73,0.05,18.74,4.95,Second Class,Credit Card
O003082,2025-03-14,C02666,P0038,5,7.97,0.0,39.85,9.75,Second Class,UPI
O010950,2025-03-14,C01307,P0077,1,30.16,0.2,24.13,5.15,Same Day,PayPal
O005377,2025-03-14,C02705,P0110,2,27.16,0.0,54.32,20.24,First Class,Debit Card
O007050,2025-03-14,C01897,P0103,1,22.81,0.05,21.67,4.09,Second Class,PayPal
O010811,2025-03-14,C02889,P0040,1,32.39,0.1,29.15,3.55,Same Day,PayPal
O007597,2025-03-14,C02782,P0024,2,11.29,0.1,20.32,4.14,Same Day,Credit Card
O001223,2025-03-14,C03299,P0100,1,24.47,0.2,19.58,6.87,First Class,Debit Card
O007758,2025-03-14,C00798,P0098,1,33.77,0.15,28.7,3.79,Standard,Credit Card
O008719,2025-03-14,C02253,P0082,1,35.95,0.0,35.95,10.19,Standard,PayPal
O011343,2025-03-14,C01955,P0043,4,26.44,0.0,105.76,26.28,Same Day,Bank Transfer
O002166,2025-03-14,C03115,P0036,1,12.89,0.1,11.6,4.13,Same Day,PayPal
O003580,2025-03-14,C01900,P0100,1,24.47,0.15,20.8,8.09,Same Day,UPI
O009680,2025-03-14,C02052,P0030,1,23.58,0.15,20.04,4.57,Standard,Debit Card
O008556,2025-03-14,C00599,P0028,1,36.39,0.0,36.39,6.67,Standard,Bank Transfer
O010814,2025-03-14,C03183,P0031,1,19.28,0.1,17.35,2.34,Second Class,PayPal
O006262,2025-03-14,C00125,P0103,1,22.81,0.0,22.81,5.23,Standard,Debit Card
O003090,2025-03-14,C02268,P0130,2,20.55,0.15,34.94,7.58,Same Day,Credit Card
O007015,2025-03-14,C02810,P0016,1,19.78,0.15,16.81,1.58,Second Class,Debit Card
O002123,2025-03-14,C00495,P0071,2,36.05,0.1,64.89,12.49,Same Day,UPI
O009051,2025-03-14,C01066,P0112,1,28.02,0.05,26.62,7.3,Same Day,PayPal
O007181,2025-03-14,C01227,P0157,2,95.85,0.1,172.53,15.95,Second Class,Bank Transfer
O010212,2025-03-14,C01536,P0037,3,32.65,0.15,83.26,9.28,Standard,UPI
O011875,2025-03-14,C03480,P0131,4,10.4,0.0,41.6,8.32,Standard,Bank Transfer
O009799,2025-03-14,C00616,P0009,2,21.01,0.05,39.92,6.68,Second Class,UPI
O008978,2025-03-15,C01482,P0062,1,25.26,0.1,22.73,6.12,First Class,Credit Card
O010541,2025-03-15,C00817,P0128,1,19.73,0.15,16.77,2.98,Same Day,Bank Transfer
O005843,2025-03-15,C03077,P0124,1,11.46,0.1,10.31,2.53,Same Day,Debit Card
O001013,2025-03-15,C02829,P0026,2,30.63,0.15,52.07,20.65,Same Day,Debit Card
O001685,2025-03-15,C03416,P0158,3,38.78,0.15,98.89,26.74,Second Class,UPI
O006327,2025-03-15,C02502,P0100,1,24.47,0.0,24.47,11.76,Same Day,PayPal
O008347,2025-03-15,C01030,P0172,1,16.77,0.05,15.93,2.77,Second Class,Credit Card
O000916,2025-03-15,C01357,P0088,1,35.29,0.2,28.23,2.72,Second Class,Bank Transfer
O001954,2025-03-15,C02904,P0129,1,30.41,0.3,21.29,1.96,Second Class,Bank Transfer
O008150,2025-03-15,C00424,P0096,1,11.01,0.15,9.36,3.15,Second Class,PayPal
O000602,2025-03-15,C01991,P0163,2,60.53,0.1,108.95,15.51,Same Day,Debit Card
O001323,2025-03-15,C00804,P0003,1,43.42,0.1,39.08,14.09,First Class,PayPal
O009922,2025-03-15,C02220,P0129,1,30.41,0.0,30.41,11.08,Standard,PayPal
O011704,2025-03-15,C01253,P0147,4,12.76,0.1,45.94,19.38,First Class,Bank Transfer
O005698,2025-03-15,C00019,P0103,1,22.81,0.05,21.67,4.09,Same Day,Bank Transfer
O009806,2025-03-15,C00432,P0134,1,38.78,0.0,38.78,8.23,Standard,Debit Card
O006504,2025-03-15,C01580,P0111,1,8.19,0.1,7.37,2.33,Second Class,Debit Card
O011999,2025-03-15,C01380,P0022,1,24.61,0.05,23.38,6.91,First Class,Debit Card
O005366,2025-03-16,C03224,P0089,1,20.2,0.05,19.19,4.96,First Class,Debit Card
O006786,2025-03-16,C02325,P0171,2,15.99,0.05,30.38,11.54,Standard,Debit Card
O001645,2025-03-16,C02702,P0076,1,48.63,0.15,41.34,13.52,Same Day,Debit Card
O010530,2025-03-16,C02020,P0049,2,35.64,0.05,67.72,24.4,Same Day,Debit Card
O008195,2025-03-16,C00988,P0136,2,78.06,0.1,140.51,61.89,Same Day,Debit Card
O004905,2025-03-16,C01354,P0147,1,12.76,0.1,11.48,4.84,First Class,Bank Transfer
O009805,2025-03-16,C00406,P0093,1,18.06,0.15,15.35,3.28,Standard,PayPal
O003445,2025-03-16,C02144,P0154,2,33.15,0.0,66.3,30.48,Standard,Bank Transfer
O006894,2025-03-16,C02224,P0135,5,15.68,0.1,70.56,27.71,Same Day,Bank Transfer
O008563,2025-03-16,C02585,P0043,1,26.44,0.05,25.12,5.25,Same Day,UPI
O007789,2025-03-16,C00579,P0087,1,51.68,0.3,36.18,1.72,Second Class,Bank Transfer
O011360,2025-03-16,C01805,P0087,1,51.68,0.1,46.51,12.05,First Class,UPI
O001292,2025-03-16,C01807,P0090,1,39.79,0.2,31.83,8.94,Standard,PayPal
O010752,2025-03-16,C01908,P0034,1,14.33,0.1,12.9,2.6,Second Class,UPI
O004669,2025-03-16,C00257,P0075,3,5.19,0.1,14.01,2.34,Same Day,PayPal
O002810,2025-03-16,C03139,P0170,1,17.46,0.0,17.46,4.17,Standard,Credit Card
O006507,2025-03-16,C03057,P0012,1,21.06,0.2,16.85,0.09,Standard,UPI
O003132,2025-03-16,C01607,P0168,1,97.8,0.1,88.02,11.06,First Class,PayPal
O001872,2025-03-16,C03079,P0128,1,19.73,0.15,16.77,2.98,Standard,Credit Card
O002553,2025-03-17,C00507,P0109,1,33.7,0.0,33.7,15.54,Same Day,PayPal
O007864,2025-03-17,C01388,P0146,2,47.38,0.05,90.02,35.46,Second Class,PayPal
O008772,2025-03-17,C03063,P0088,1,35.29,0.2,28.23,2.72,Second Class,Credit Card
O006289,2025-03-17,C03236,P0150,1,34.57,0.15,29.38,2.47,Second Class,Credit Card
O001701,2025-03-17,C00557,P0034,1,14.33,0.1,12.9,2.6,Standard,PayPal
O001160,2025-03-17,C00336,P0032,2,95.01,0.0,190.02,50.96,Second Class,Bank Transfer
O000464,2025-03-17,C00683,P0093,1,18.06,0.05,17.16,5.09,Second Class,Bank Transfer
O000364,2025-03-17,C00105,P0049,2,35.64,0.05,67.72,24.4,Standard,Credit Card
O007225,2025-03-17,C01023,P0128,3,19.73,0.15,50.31,8.94,Same Day,Bank Transfer
O005195,2025-03-17,C01614,P0052,1,22.19,0.1,19.97,9.05,Standard,UPI
O002683,2025-03-17,C00669,P0101,5,11.36,0.05,53.96,25.81,Same Day,Bank Transfer
O000746,2025-03-17,C02903,P0079,2,30.25,0.1,54.45,24.89,Second Class,PayPal
O006774,2025-03-17,C02260,P0071,1,36.05,0.15,30.64,4.44,Standard,UPI
O010954,2025-03-17,C03009,P0010,4,40.56,0.1,146.02,47.74,Same Day,PayPal
O003875,2025-03-17,C01806,P0106,1,37.06,0.1,33.35,14.33,First Class,UPI
O002321,2025-03-17,C01948,P0075,4,5.19,0.15,17.65,2.09,First Class,Credit Card
O009302,2025-03-18,C01183,P0167,2,48.63,0.15,82.67,32.57,Same Day,Credit Card
O008499,2025-03-18,C02542,P0124,2,11.46,0.05,21.77,6.21,Standard,Bank Transfer
O011770,2025-03-18,C01978,P0161,1,15.13,0.15,12.86,3.84,Standard,Debit Card
O008388,2025-03-18,C01944,P0031,4,19.28,0.2,61.7,1.66,Standard,Bank Transfer
O005580,2025-03-18,C02282,P0078,1,23.47,0.2,18.78,6.89,Second Class,PayPal
O008908,2025-03-18,C00870,P0041,1,46.06,0.0,46.06,15.94,Second Class,Credit Card
O004072,2025-03-18,C01648,P0078,1,23.47,0.05,22.3,10.41,Second Class,UPI
O009700,2025-03-18,C01169,P0130,2,20.55,0.15,34.94,7.58,Second Class,PayPal
O005442,2025-03-18,C03380,P0116,4,34.67,0.2,110.94,14.86,Standard,Bank Transfer
O004023,2025-03-18,C00597,P0151,1,33.54,0.1,30.19,5.71,Same Day,Credit Card
O011789,2025-03-18,C01981,P0161,1,15.13,0.0,15.13,6.11,First Class,Debit Card
O004375,2025-03-18,C00180,P0163,3,60.53,0.0,181.59,41.43,First Class,UPI
O008008,2025-03-18,C02321,P0131,4,10.4,0.0,41.6,8.32,Standard,UPI
O011728,2025-03-19,C03410,P0111,1,8.19,0.05,7.78,2.74,First Class,Bank Transfer
O005810,2025-03-19,C01917,P0167,1,48.63,0.0,48.63,23.58,Same Day,UPI
O006462,2025-03-19,C03378,P0120,4,46.47,0.05,176.59,77.07,Same Day,Credit Card
O010249,2025-03-19,C02481,P0045,2,10.9,0.0,21.8,6.14,First Class,Bank Transfer
O006798,2025-03-19,C01663,P0121,1,47.66,0.3,33.36,9.34,Standard,Bank Transfer
O010300,2025-03-19,C00425,P0112,5,28.02,0.3,98.07,1.47,Second Class,Bank Transfer
O003412,2025-03-19,C01611,P0005,1,24.48,0.0,24.48,7.36,Second Class,PayPal
O009361,2025-03-19,C02312,P0027,1,13.49,0.1,12.14,2.84,First Class,UPI
O002781,2025-03-19,C02120,P0034,1,14.33,0.0,14.33,4.03,Standard,PayPal
O001666,2025-03-19,C03009,P0037,1,32.65,0.15,27.75,3.09,First Class,UPI
O008856,2025-03-19,C00852,P0094,2,23.04,0.15,39.17,7.47,Second Class,UPI
O009647,2025-03-19,C00527,P0130,1,20.55,0.15,17.47,3.79,Standard,PayPal
O001609,2025-03-19,C01206,P0102,1,21.68,0.0,21.68,10.97,First Class,Credit Card
O008140,2025-03-20,C02643,P0095,1,22.09,0.1,19.88,6.13,First Class,Credit Card
O004102,2025-03-20,C01799,P0044,1,23.44,0.0,23.44,7.01,Second Class,Debit Card
O008551,2025-03-20,C03487,P0054,1,42.42,0.0,42.42,14.23,Standard,Credit Card
O005529,2025-03-20,C00667,P0026,1,30.63,0.3,21.44,5.73,First Class,UPI
O009516,2025-03-20,C03376,P0048,4,56.66,0.1,203.98,69.14,Second Class,Credit Card
O002576,2025-03-20,C02877,P0064,2,13.1,0.0,26.2,11.7,Standard,Credit Card
O007078,2025-03-20,C02101,P0019,4,15.8,0.0,63.2,14.56,Standard,PayPal
O011832,2025-03-20,C03387,P0171,1,15.99,0.05,15.19,5.77,Second Class,PayPal
O010094,2025-03-20,C03387,P0072,2,77.46,0.1,139.43,13.67,Same Day,UPI
O011455,2025-03-20,C00657,P0078,1,23.47,0.05,22.3,10.41,Standard,Debit Card
O001540,2025-03-20,C01766,P0179,2,24.0,0.05,45.6,7.04,Standard,PayPal
O009872,2025-03-20,C00975,P0007,1,79.56,0.15,67.63,4.0,Same Day,Credit Card
O002341,2025-03-20,C02833,P0106,4,37.06,0.05,140.83,64.75,First Class,Debit Card
O004784,2025-03-20,C03232,P0064,1,13.1,0.2,10.48,3.23,Second Class,Credit Card
O000521,2025-03-20,C01352,P0157,1,95.85,0.15,81.47,3.18,Same Day,UPI
O007666,2025-03-20,C03174,P0042,3,31.86,0.0,95.58,33.39,Second Class,Bank Transfer
O002969,2025-03-21,C01290,P0058,1,23.31,0.05,22.14,10.66,Second Class,Bank Transfer
O003114,2025-03-21,C03419,P0099,5,28.6,0.0,143.0,73.65,Same Day,Bank Transfer
O004211,2025-03-21,C01818,P0142,4,66.66,0.1,239.98,83.06,First Class,Bank Transfer
O004616,2025-03-21,C02442,P0029,1,19.29,0.1,17.36,7.18,First Class,UPI
O006533,2025-03-21,C01039,P0162,1,47.54,0.3,33.28,-4.58,First Class,Credit Card
O005699,2025-03-21,C01225,P0004,2,76.71,0.1,138.08,63.18,Standard,PayPal
O003231,2025-03-21,C00121,P0130,2,20.55,0.3,28.77,1.41,First Class,UPI
O001159,2025-03-21,C00689,P0029,1,19.29,0.1,17.36,7.18,Standard,Bank Transfer
O006193,2025-03-21,C02351,P0013,1,33.36,0.1,30.02,9.15,Same Day,Bank Transfer
O003318,2025-03-21,C02383,P0166,1,37.27,0.0,37.27,9.82,Standard,PayPal
O006983,2025-03-21,C00001,P0132,1,29.8,0.1,26.82,8.6,Same Day,Credit Card
O001952,2025-03-21,C00777,P0039,1,12.02,0.2,9.62,0.31,Second Class,Bank Transfer
O003965,2025-03-21,C00804,P0048,1,56.66,0.2,45.33,11.62,Second Class,UPI
O003920,2025-03-21,C01401,P0047,2,21.13,0.2,33.81,0.73,Same Day,PayPal
O011790,2025-03-21,C00525,P0076,1,48.63,0.0,48.63,20.81,Same Day,PayPal
O000592,2025-03-21,C01793,P0146,2,47.38,0.1,85.28,30.72,First Class,UPI
O009459,2025-03-21,C00295,P0107,1,97.13,0.05,92.27,29.41,Second Class,Credit Card
O011151,2025-03-21,C01739,P0091,1,30.36,0.1,27.32,2.89,Same Day,Bank Transfer
O001780,2025-03-21,C01526,P0122,2,15.78,0.05,29.98,7.94,First Class,PayPal
O009620,2025-03-21,C02723,P0045,1,10.9,0.1,9.81,1.98,Second Class,PayPal
O010669,2025-03-21,C02810,P0036,1,12.89,0.1,11.6,4.13,Standard,PayPal
O008342,2025-03-21,C02974,P0172,2,16.77,0.15,28.51,2.19,Same Day,UPI
O007731,2025-03-21,C01943,P0019,1,15.8,0.1,14.22,2.06,Standard,Debit Card
O003974,2025-03-22,C01831,P0068,4,54.72,0.1,196.99,52.39,First Class,Credit Card
O006348,2025-03-22,C02300,P0094,2,23.04,0.15,39.17,7.47,Second Class,PayPal
O001165,2025-03-22,C02696,P0177,1,28.74,0.1,25.87,8.95,Standard,Credit Card
O001608,2025-03-22,C00532,P0027,1,13.49,0.05,12.82,3.52,Standard,Credit Card
O001753,2025-03-22,C02703,P0130,3,20.55,0.05,58.57,17.53,Standard,UPI
O000955,2025-03-22,C00836,P0078,2,23.47,0.15,39.9,16.12,Second Class,UPI
O004428,2025-03-22,C00713,P0152,3,35.7,0.1,96.39,15.72,Second Class,PayPal
O008480,2025-03-22,C02453,P0068,4,54.72,0.2,175.1,30.5,Same Day,Credit Card
O003862,2025-03-22,C02597,P0037,3,32.65,0.0,97.95,23.97,Second Class,Debit Card
O006945,2025-03-22,C02966,P0028,1,36.39,0.05,34.57,4.85,Second Class,Debit Card
O011266,2025-03-22,C02141,P0142,2,66.66,0.15,113.32,34.86,Standard,UPI
O004075,2025-03-22,C02036,P0089,3,20.2,0.1,54.54,11.85,Standard,UPI
O008621,2025-03-22,C03317,P0043,3,26.44,0.0,79.32,19.71,Same Day,Credit Card
O010205,2025-03-22,C01006,P0128,1,19.73,0.0,19.73,5.94,First Class,Debit Card
O011036,2025-03-23,C02743,P0063,2,13.89,0.0,27.78,7.18,Same Day,Debit Card
O007988,2025-03-23,C03064,P0129,1,30.41,0.3,21.29,1.96,Standard,UPI
O010910,2025-03-23,C02249,P0094,2,23.04,0.3,32.26,0.56,Second Class,UPI
O009181,2025-03-23,C00737,P0091,2,30.36,0.2,48.58,-0.28,Same Day,Bank Transfer
O006061,2025-03-23,C03112,P0010,1,40.56,0.2,32.45,7.88,First Class,PayPal
O002345,2025-03-23,C00916,P0097,2,34.55,0.1,62.19,20.65,Same Day,UPI
O005410,2025-03-23,C02829,P0092,2,53.5,0.0,107.0,28.8,Second Class,Credit Card
O006813,2025-03-23,C02564,P0076,2,48.63,0.0,97.26,41.62,Standard,PayPal
O008656,2025-03-23,C01354,P0035,1,48.65,0.05,46.22,16.92,Standard,PayPal
O002672,2025-03-23,C01370,P0029,2,19.29,0.1,34.72,14.36,First Class,Credit Card
O000620,2025-03-23,C00410,P0076,2,48.63,0.1,87.53,31.89,Second Class,Credit Card
O005429,2025-03-23,C02260,P0158,1,38.78,0.15,32.96,8.91,Second Class,Bank Transfer
O000727,2025-03-23,C01227,P0037,2,32.65,0.05,62.03,12.71,Second Class,Bank Transfer
O009814,2025-03-23,C01622,P0119,3,59.91,0.05,170.74,44.23,Second Class,UPI
O000622,2025-03-23,C01114,P0081,1,24.71,0.2,19.77,0.89,Second Class,PayPal
O008942,2025-03-23,C01099,P0104,2,16.92,0.1,30.46,6.12,First Class,Bank Transfer
O004462,2025-03-23,C03291,P0073,1,27.85,0.0,27.85,9.59,Second Class,PayPal
O010429,2025-03-23,C03015,P0092,3,53.5,0.0,160.5,43.2,Second Class,Bank Transfer
O001349,2025-03-24,C02067,P0088,1,35.29,0.05,33.53,8.02,Same Day,PayPal
O009274,2025-03-24,C02700,P0122,1,15.78,0.0,15.78,4.76,Second Class,Bank Transfer
O001602,2025-03-24,C00183,P0034,1,14.33,0.0,14.33,4.03,Standard,UPI
O002054,2025-03-24,C02304,P0063,2,13.89,0.05,26.39,5.79,Second Class,PayPal
O005958,2025-03-24,C01163,P0128,2,19.73,0.0,39.46,11.88,First Class,UPI
O000815,2025-03-24,C01704,P0108,1,31.93,0.1,28.74,8.27,Second Class,UPI
O005396,2025-03-24,C01996,P0129,2,30.41,0.05,57.78,19.12,First Class,Credit Card
O003584,2025-03-24,C03476,P0086,1,20.57,0.1,18.51,6.89,Standard,Bank Transfer
O003522,2025-03-24,C01400,P0108,1,31.93,0.3,22.35,1.88,Standard,Bank Transfer
O000355,2025-03-24,C03219,P0089,1,20.2,0.1,18.18,3.95,Same Day,UPI
O004232,2025-03-24,C02351,P0119,2,59.91,0.1,107.84,23.5,First Class,UPI
O001940,2025-03-24,C01441,P0113,2,29.64,0.2,47.42,6.16,Same Day,Debit Card
O000249,2025-03-24,C01578,P0049,1,35.64,0.15,30.29,8.63,Second Class,UPI
O004371,2025-03-24,C02597,P0014,1,8.22,0.0,8.22,1.57,Second Class,Credit Card
O004720,2025-03-24,C02671,P0148,1,12.08,0.2,9.66,1.0,Second Class,Debit Card
O004559,2025-03-24,C02947,P0126,3,118.37,0.0,355.11,115.17,Standard,Credit Card
O002081,2025-03-24,C02293,P0150,3,34.57,0.3,72.6,-8.13,Second Class,PayPal
O003156,2025-03-24,C02419,P0091,1,30.36,0.15,25.81,1.38,Second Class,Debit Card
O009482,2025-03-24,C00257,P0179,1,24.0,0.1,21.6,2.32,Same Day,UPI
O011281,2025-03-25,C00123,P0003,2,43.42,0.0,86.84,36.86,First Class,PayPal
O002172,2025-03-25,C02722,P0053,2,18.36,0.2,29.38,5.94,Same Day,Credit Card
O000199,2025-03-25,C00430,P0138,1,23.12,0.3,16.18,4.94,Second Class,Debit Card
O008423,2025-03-25,C01638,P0162,1,47.54,0.0,47.54,9.68,Same Day,PayPal
O002447,2025-03-25,C02959,P0034,1,14.33,0.15,12.18,1.88,First Class,Bank Transfer
O007354,2025-03-25,C00089,P0108,1,31.93,0.15,27.14,6.67,Standard,Debit Card
O009545,2025-03-25,C00806,P0039,1,12.02,0.15,10.22,0.91,Second Class,Bank Transfer
O009326,2025-03-25,C00495,P0172,1,16.77,0.0,16.77,3.61,Second Class,UPI
O000702,2025-03-25,C01495,P0143,1,10.03,0.2,8.02,0.32,Second Class,Debit Card
O003631,2025-03-25,C00983,P0093,1,18.06,0.1,16.25,4.18,First Class,PayPal
O002828,2025-03-25,C01772,P0109,2,33.7,0.05,64.03,27.71,Standard,Bank Transfer
O000812,2025-03-26,C03012,P0139,1,48.37,0.1,43.53,18.76,Second Class,Bank Transfer
O000204,2025-03-26,C02516,P0142,3,66.66,0.1,179.98,62.29,Same Day,UPI
O004884,2025-03-26,C00788,P0100,3,24.47,0.1,66.07,27.94,Second Class,Credit Card
O002473,2025-03-26,C00366,P0047,2,21.13,0.2,33.81,0.73,Same Day,Bank Transfer
O008301,2025-03-26,C01890,P0090,1,39.79,0.0,39.79,16.9,Standard,PayPal
O000618,2025-03-26,C01278,P0116,1,34.67,0.05,32.94,8.92,Standard,Bank Transfer
O001075,2025-03-26,C03168,P0134,1,38.78,0.0,38.78,8.23,Second Class,PayPal
O007199,2025-03-26,C00221,P0049,1,35.64,0.0,35.64,13.98,Standard,Credit Card
O000122,2025-03-26,C02114,P0086,1,20.57,0.05,19.54,7.92,Same Day,Debit Card
O007569,2025-03-26,C00448,P0047,2,21.13,0.3,29.58,-3.5,First Class,Bank Transfer
O005710,2025-03-26,C02208,P0065,1,48.33,0.0,48.33,14.9,Standard,UPI
O011310,2025-03-26,C00605,P0057,4,16.52,0.1,59.47,27.07,Standard,Bank Transfer
O009221,2025-03-26,C01410,P0009,2,21.01,0.1,37.82,4.58,Standard,Credit Card
O004446,2025-03-26,C00284,P0028,1,36.39,0.0,36.39,6.67,Same Day,UPI
O008936,2025-03-26,C03170,P0094,2,23.04,0.0,46.08,14.38,Second Class,Credit Card
O002076,2025-03-26,C02653,P0046,2,17.85,0.15,30.35,3.55,Second Class,Debit Card
O009617,2025-03-27,C02616,P0056,1,52.21,0.05,49.6,14.05,Standard,Credit Card
O011024,2025-03-27,C01734,P0133,2,14.29,0.2,22.86,-0.2,First Class,Debit Card
O008288,2025-03-27,C03282,P0003,1,43.42,0.15,36.91,11.92,Same Day,Credit Card
O003269,2025-03-27,C01606,P0037,2,32.65,0.1,58.77,9.45,Standard,Credit Card
O003575,2025-03-27,C02359,P0137,1,17.13,0.2,13.7,4.89,Second Class,UPI
O011851,2025-03-27,C01027,P0106,2,37.06,0.0,74.12,36.08,Standard,Credit Card
O011869,2025-03-27,C01718,P0097,1,34.55,0.0,34.55,13.78,First Class,PayPal
O010978,2025-03-27,C01786,P0016,2,19.78,0.05,37.58,7.12,First Class,Credit Card
O000031,2025-03-27,C00819,P0064,1,13.1,0.05,12.44,5.19,Second Class,Credit Card
O010793,2025-03-27,C01288,P0146,2,47.38,0.1,85.28,30.72,Same Day,Bank Transfer
O003658,2025-03-27,C00541,P0172,1,16.77,0.0,16.77,3.61,Standard,Credit Card
O004739,2025-03-27,C02992,P0173,1,27.11,0.3,18.98,2.38,Second Class,Debit Card
O006457,2025-03-27,C00374,P0166,1,37.27,0.0,37.27,9.82,Second Class,UPI
O001863,2025-03-27,C00942,P0125,1,41.74,0.0,41.74,8.36,Standard,UPI
O001406,2025-03-27,C01572,P0144,1,32.14,0.0,32.14,16.46,Standard,Debit Card
O007023,2025-03-27,C02464,P0117,1,27.87,0.1,25.08,6.93,Second Class,Credit Card
O002552,2025-03-27,C01069,P0175,4,34.12,0.0,136.48,28.96,Same Day,Bank Transfer
O006739,2025-03-28,C00642,P0044,2,23.44,0.1,42.19,9.33,Same Day,Credit Card
O006203,2025-03-28,C02409,P0162,1,47.54,0.0,47.54,9.68,First Class,Debit Card
O009207,2025-03-28,C01872,P0180,1,167.02,0.05,158.67,45.94,Second Class,Bank Transfer
O005581,2025-03-28,C02120,P0052,1,22.19,0.0,22.19,11.27,Same Day,Bank Transfer
O009994,2025-03-28,C02305,P0102,1,21.68,0.0,21.68,10.97,First Class,Bank Transfer
O006232,2025-03-28,C02118,P0104,2,16.92,0.1,30.46,6.12,Same Day,Credit Card
O003949,2025-03-28,C00578,P0086,1,20.57,0.05,19.54,7.92,Second Class,Debit Card
O009869,2025-03-28,C01181,P0144,1,32.14,0.15,27.32,11.64,Same Day,UPI
O010852,2025-03-28,C02370,P0053,2,18.36,0.15,31.21,7.77,Standard,UPI
O005764,2025-03-28,C01588,P0094,1,23.04,0.15,19.58,3.73,Standard,UPI
O005767,2025-03-28,C00561,P0010,2,40.56,0.0,81.12,31.98,Same Day,Credit Card
O008315,2025-03-28,C01669,P0128,2,19.73,0.05,37.49,9.91,First Class,PayPal
O009390,2025-03-28,C00443,P0146,1,47.38,0.0,47.38,20.1,Same Day,Debit Card
O000506,2025-03-29,C01247,P0160,3,43.67,0.1,117.91,20.44,Second Class,Bank Transfer
O001174,2025-03-29,C00143,P0106,3,37.06,0.15,94.5,37.44,Same Day,UPI
O002086,2025-03-29,C01618,P0156,1,17.92,0.1,16.13,2.61,Standard,Debit Card
O002904,2025-03-29,C01241,P0087,1,51.68,0.2,41.34,6.88,Second Class,Credit Card
O010676,2025-03-29,C01903,P0068,1,54.72,0.15,46.51,10.36,Standard,Debit Card
O005075,2025-03-29,C02262,P0045,1,10.9,0.15,9.27,1.44,Standard,UPI
O003774,2025-03-29,C03056,P0171,1,15.99,0.15,13.59,4.17,First Class,UPI
O000132,2025-03-29,C01639,P0134,2,38.78,0.05,73.68,12.58,Standard,Bank Transfer
O009798,2025-03-29,C02948,P0158,4,38.78,0.05,147.36,51.16,Standard,UPI
O011417,2025-03-29,C02709,P0154,3,33.15,0.05,94.48,40.75,First Class,Bank Transfer
O002978,2025-03-29,C03286,P0040,1,32.39,0.15,27.53,1.93,Second Class,PayPal
O000462,2025-03-29,C02178,P0123,2,70.94,0.05,134.79,65.41,Standard,Credit Card
O007273,2025-03-29,C02061,P0180,2,167.02,0.2,267.23,41.77,Same Day,Debit Card
O004651,2025-03-29,C00073,P0006,1,24.48,0.2,19.58,6.36,First Class,Credit Card
O008519,2025-03-29,C00438,P0127,3,14.97,0.1,40.42,12.94,Second Class,Debit Card
O009113,2025-03-29,C00861,P0147,1,12.76,0.1,11.48,4.84,First Class,Debit Card
O001049,2025-03-29,C00670,P0043,1,26.44,0.1,23.8,3.93,Standard,Bank Transfer
O006056,2025-03-29,C02990,P0007,3,79.56,0.15,202.88,11.99,Standard,UPI
O010421,2025-03-29,C01343,P0021,2,73.9,0.05,140.41,60.95,Second Class,Credit Card
O008478,2025-03-29,C00542,P0119,1,59.91,0.15,50.92,8.75,First Class,PayPal
O002262,2025-03-30,C02030,P0170,1,17.46,0.1,15.71,2.42,First Class,Credit Card
O005972,2025-03-30,C00227,P0155,1,34.48,0.1,31.03,5.68,Standard,Bank Transfer
O000924,2025-03-30,C00119,P0003,2,43.42,0.05,82.5,32.52,Second Class,Debit Card
O011687,2025-03-30,C03263,P0160,1,43.67,0.05,41.49,9.0,Same Day,Bank Transfer
O001981,2025-03-30,C01329,P0051,5,35.19,0.0,175.95,56.9,Standard,Debit Card
O008994,2025-03-30,C02913,P0009,1,21.01,0.0,21.01,4.39,Standard,Credit Card
O010796,2025-03-30,C01799,P0029,1,19.29,0.2,15.43,5.25,Standard,Bank Transfer
O009263,2025-03-30,C03431,P0092,1,53.5,0.0,53.5,14.4,First Class,PayPal
O010555,2025-03-30,C00566,P0088,2,35.29,0.2,56.46,5.44,Same Day,PayPal
O008088,2025-03-30,C02221,P0090,4,39.79,0.05,151.2,59.64,First Class,PayPal
O006883,2025-03-30,C00320,P0032,2,95.01,0.15,161.52,22.46,Same Day,Debit Card
O006461,2025-03-30,C02746,P0070,2,18.74,0.05,35.61,9.49,Same Day,Bank Transfer
O010561,2025-03-30,C00494,P0155,2,34.48,0.3,48.27,-2.43,Same Day,UPI
O008721,2025-03-30,C00609,P0116,2,34.67,0.05,65.87,17.83,Standard,Credit Card
O011658,2025-03-30,C00036,P0028,1,36.39,0.15,30.93,1.21,Second Class,Credit Card
O011791,2025-03-30,C01057,P0085,2,16.85,0.15,28.65,10.69,Standard,Bank Transfer
O007188,2025-03-30,C01174,P0144,2,32.14,0.0,64.28,32.92,Second Class,Credit Card
O001270,2025-03-30,C01972,P0058,1,23.31,0.2,18.65,7.17,Same Day,PayPal
O006630,2025-03-30,C00799,P0018,2,34.96,0.0,69.92,27.2,Standard,Bank Transfer
O007866,2025-03-30,C03115,P0050,1,9.06,0.1,8.15,3.51,Same Day,UPI
O007040,2025-03-31,C02422,P0073,1,27.85,0.0,27.85,9.59,Standard,Credit Card
O000962,2025-03-31,C02233,P0166,1,37.27,0.0,37.27,9.82,Same Day,PayPal
O002310,2025-03-31,C00611,P0062,2,25.26,0.3,35.36,2.14,Standard,PayPal
O010504,2025-03-31,C00838,P0053,2,18.36,0.0,36.72,13.28,Standard,PayPal
O010955,2025-03-31,C01179,P0079,1,30.25,0.15,25.71,10.93,Second Class,UPI
O011095,2025-03-31,C02531,P0041,1,46.06,0.1,41.45,11.33,Second Class,Debit Card
O009070,2025-03-31,C01267,P0165,1,53.31,0.05,50.64,11.44,Second Class,Bank Transfer
O004215,2025-03-31,C00460,P0076,2,48.63,0.1,87.53,31.89,First Class,Credit Card
O004624,2025-03-31,C01145,P0011,3,21.09,0.05,60.11,29.42,Second Class,Credit Card
O010348,2025-03-31,C00985,P0045,1,10.9,0.05,10.36,2.53,Standard,Debit Card
O011081,2025-03-31,C00943,P0074,1,78.81,0.05,74.87,28.39,Standard,PayPal
O004221,2025-03-31,C00475,P0054,1,42.42,0.1,38.18,9.99,Same Day,PayPal
O000787,2025-03-31,C02257,P0145,1,33.75,0.1,30.38,4.83,Standard,Debit Card
O006965,2025-03-31,C02277,P0003,2,43.42,0.2,69.47,19.49,First Class,UPI
O002805,2025-03-31,C00366,P0130,1,20.55,0.1,18.5,4.82,Standard,PayPal
O004805,2025-03-31,C03080,P0053,1,18.36,0.1,16.52,4.8,Standard,Debit Card
O002029,2025-03-31,C03429,P0178,1,73.32,0.0,73.32,14.44,Second Class,Bank Transfer
O004158,2025-03-31,C03081,P0080,1,7.83,0.1,7.05,0.73,Standard,Bank Transfer
O008732,2025-03-31,C01092,P0141,1,33.04,0.1,29.74,13.08,First Class,UPI
O007973,2025-03-31,C02820,P0039,1,12.02,0.0,12.02,2.71,Same Day,Credit Card
O006437,2025-04-01,C00113,P0180,1,167.02,0.0,167.02,54.29,Same Day,Credit Card
O005533,2025-04-01,C02362,P0052,4,22.19,0.1,79.88,36.2,Same Day,PayPal
O007420,2025-04-01,C01962,P0039,1,12.02,0.0,12.02,2.71,Second Class,Debit Card
O006266,2025-04-01,C02900,P0142,1,66.66,0.1,59.99,20.76,First Class,Debit Card
O009204,2025-04-01,C02700,P0110,2,27.16,0.15,46.17,12.09,Same Day,PayPal
O001273,2025-04-01,C03120,P0050,1,9.06,0.1,8.15,3.51,Second Class,Debit Card
O000740,2025-04-01,C01044,P0092,3,53.5,0.1,144.45,27.15,Standard,Bank Transfer
O005317,2025-04-01,C00521,P0082,2,35.95,0.0,71.9,20.38,Same Day,UPI
O001980,2025-04-01,C00200,P0087,4,51.68,0.15,175.71,37.87,Second Class,UPI
O003381,2025-04-01,C02283,P0146,3,47.38,0.0,142.14,60.3,First Class,PayPal
O006672,2025-04-02,C03284,P0056,1,52.21,0.0,52.21,16.66,Standard,Credit Card
O002713,2025-04-02,C02226,P0154,3,33.15,0.0,99.45,45.72,Same Day,Bank Transfer
O000350,2025-04-02,C02844,P0138,1,23.12,0.0,23.12,11.88,First Class,PayPal
O000196,2025-04-02,C00886,P0100,1,24.47,0.0,24.47,11.76,Second Class,PayPal
O005602,2025-04-02,C03164,P0066,1,68.82,0.0,68.82,33.79,First Class,Bank Transfer
O009063,2025-04-02,C03100,P0143,1,10.03,0.0,10.03,2.33,Second Class,Bank Transfer
O011438,2025-04-02,C02897,P0049,3,35.64,0.1,96.23,31.25,Standard,Bank Transfer
O000649,2025-04-02,C00965,P0027,5,13.49,0.0,67.45,20.95,First Class,PayPal
O006853,2025-04-02,C00376,P0180,2,167.02,0.05,317.34,91.88,First Class,Bank Transfer
O011891,2025-04-02,C01169,P0101,1,11.36,0.1,10.22,4.59,Second Class,Credit Card
O009277,2025-04-02,C02490,P0130,1,20.55,0.1,18.5,4.82,First Class,UPI
O004001,2025-04-02,C01460,P0025,2,20.01,0.1,36.02,9.06,Second Class,Debit Card
O002770,2025-04-02,C02424,P0142,2,66.66,0.3,93.32,14.86,Same Day,UPI
O004344,2025-04-02,C01740,P0032,1,95.01,0.0,95.01,25.48,Second Class,UPI
O008779,2025-04-02,C00185,P0026,1,30.63,0.0,30.63,14.92,Same Day,Bank Transfer
O001628,2025-04-02,C01682,P0059,1,35.35,0.15,30.05,3.2,Same Day,Credit Card
O005568,2025-04-02,C01320,P0178,1,73.32,0.05,69.65,10.77,Same Day,Credit Card
O000599,2025-04-02,C00419,P0133,3,14.29,0.0,42.87,8.28,Standard,UPI
O005908,2025-04-02,C00123,P0144,1,32.14,0.15,27.32,11.64,First Class,PayPal
O004547,2025-04-03,C02415,P0124,3,11.46,0.0,34.38,11.04,First Class,UPI
O001340,2025-04-03,C00525,P0052,1,22.19,0.2,17.75,6.83,Second Class,Credit Card
O003236,2025-04-03,C00955,P0132,3,29.8,0.15,75.99,21.33,Standard,Bank Transfer
O004197,2025-04-03,C03165,P0142,2,66.66,0.0,133.32,54.86,First Class,UPI
O003802,2025-04-03,C01095,P0030,1,23.58,0.0,23.58,8.11,Standard,UPI
O000552,2025-04-03,C02110,P0162,2,47.54,0.3,66.56,-9.16,Same Day,Debit Card
O011241,2025-04-03,C01716,P0091,1,30.36,0.2,24.29,-0.14,Second Class,Bank Transfer
O009057,2025-04-03,C01243,P0022,1,24.61,0.15,20.92,4.45,Second Class,UPI
O011013,2025-04-03,C00291,P0124,4,11.46,0.1,41.26,10.14,Standard,PayPal
O008581,2025-04-03,C02133,P0078,1,23.47,0.3,16.43,4.54,Same Day,PayPal
O001955,2025-04-03,C02490,P0049,1,35.64,0.15,30.29,8.63,Same Day,Credit Card
O011732,2025-04-03,C02447,P0148,1,12.08,0.1,10.87,2.21,First Class,Credit Card
O008265,2025-04-03,C02574,P0047,1,21.13,0.15,17.96,1.42,Same Day,Bank Transfer
O011800,2025-04-03,C02519,P0155,2,34.48,0.1,62.06,11.36,Same Day,Debit Card
O006664,2025-04-03,C00070,P0139,1,48.37,0.05,45.95,21.18,First Class,Credit Card
O006011,2025-04-03,C02229,P0077,2,30.16,0.3,42.22,4.26,Second Class,PayPal
O001987,2025-04-04,C03072,P0115,3,25.15,0.1,67.9,22.06,Second Class,Credit Card
O000783,2025-04-04,C01286,P0095,1,22.09,0.1,19.88,6.13,Standard,Debit Card
O003547,2025-04-04,C00864,P0136,1,78.06,0.0,78.06,38.75,Same Day,Debit Card
O007857,2025-04-04,C02276,P0011,1,21.09,0.1,18.98,8.75,Standard,Bank Transfer
O007783,2025-04-04,C01635,P0053,1,18.36,0.1,16.52,4.8,Second Class,UPI
O007409,2025-04-04,C00296,P0117,1,27.87,0.0,27.87,9.72,Second Class,UPI
O006260,2025-04-04,C03139,P0124,1,11.46,0.05,10.89,3.11,Same Day,Debit Card
O004534,2025-04-04,C00146,P0036,1,12.89,0.0,12.89,5.42,Standard,PayPal
O006700,2025-04-04,C00837,P0140,2,12.81,0.05,24.34,6.1,Same Day,Credit Card
O008125,2025-04-04,C03466,P0174,3,35.58,0.05,101.4,49.77,Standard,Debit Card
O006164,2025-04-04,C01870,P0049,3,35.64,0.0,106.92,41.94,Second Class,Debit Card
O000029,2025-04-04,C03096,P0176,1,48.8,0.1,43.92,18.98,Standard,PayPal
O010312,2025-04-04,C01318,P0145,2,33.75,0.0,67.5,16.4,Same Day,Bank Transfer
O005206,2025-04-04,C00486,P0121,1,47.66,0.05,45.28,21.26,Same Day,PayPal
O004376,2025-04-04,C02482,P0097,1,34.55,0.15,29.37,8.6,First Class,Credit Card
O007548,2025-04-04,C01237,P0150,4,34.57,0.05,131.37,23.73,Standard,UPI
O005431,2025-04-04,C01991,P0092,2,53.5,0.15,90.95,12.75,First Class,Debit Card
O008268,2025-04-04,C00769,P0109,1,33.7,0.05,32.02,13.86,Second Class,Credit Card
O007057,2025-04-04,C03019,P0056,1,52.21,0.0,52.21,16.66,Standard,Credit Card
O007345,2025-04-05,C02991,P0130,1,20.55,0.1,18.5,4.82,Same Day,Debit Card
O001764,2025-04-05,C01588,P0144,1,32.14,0.1,28.93,13.25,Same Day,Debit Card
O009422,2025-04-05,C01787,P0031,2,19.28,0.2,30.85,0.83,Same Day,PayPal
O003238,2025-04-05,C02933,P0067,1,27.2,0.1,24.48,10.95,Standard,Credit Card
O006326,2025-04-05,C02151,P0121,2,47.66,0.0,95.32,47.28,Standard,PayPal
O010770,2025-04-05,C03385,P0019,2,15.8,0.2,25.28,0.96,Second Class,UPI
O001498,2025-04-05,C00888,P0011,1,21.09,0.05,20.04,9.81,Second Class,Bank Transfer
O000537,2025-04-05,C02577,P0174,1,35.58,0.0,35.58,18.37,Second Class,PayPal
O005085,2025-04-05,C01827,P0108,1,31.93,0.0,31.93,11.46,First Class,Credit Card
O001477,2025-04-05,C01141,P0147,1,12.76,0.1,11.48,4.84,Same Day,Credit Card
O008504,2025-04-05,C01380,P0169,2,24.3,0.0,48.6,16.92,First Class,Credit Card
O008753,2025-04-05,C00101,P0108,1,31.93,0.2,25.54,5.07,Second Class,PayPal
O001434,2025-04-06,C03372,P0118,1,13.33,0.3,9.33,-0.95,Second Class,Debit Card
O011244,2025-04-06,C00650,P0164,1,16.72,0.15,14.21,3.75,Same Day,PayPal
O003494,2025-04-06,C02295,P0128,1,19.73,0.2,15.78,1.99,First Class,Debit Card
O009037,2025-04-06,C01213,P0062,2,25.26,0.1,45.47,12.25,Standard,Bank Transfer
O006254,2025-04-06,C00151,P0144,1,32.14,0.15,27.32,11.64,Second Class,Debit Card
O008683,2025-04-06,C01690,P0176,1,48.8,0.0,48.8,23.86,Same Day,UPI
O005120,2025-04-06,C01750,P0081,2,24.71,0.2,39.54,1.78,First Class,PayPal
O008655,2025-04-06,C00896,P0075,1,5.19,0.0,5.19,1.3,First Class,UPI
O009275,2025-04-06,C01609,P0057,1,16.52,0.1,14.87,6.77,Same Day,Bank Transfer
O001179,2025-04-06,C00734,P0081,3,24.71,0.1,66.72,10.08,First Class,PayPal
O006430,2025-04-06,C01999,P0062,1,25.26,0.0,25.26,8.65,Standard,Bank Transfer
O003343,2025-04-06,C02651,P0134,3,38.78,0.05,110.52,18.87,Second Class,Credit Card
O002275,2025-04-06,C00075,P0036,1,12.89,0.15,10.96,3.49,First Class,PayPal
O006336,2025-04-06,C02852,P0114,1,141.33,0.3,98.93,28.91,Same Day,Bank Transfer
O004068,2025-04-06,C02385,P0125,1,41.74,0.0,41.74,8.36,First Class,Credit Card
O007662,2025-04-06,C02863,P0041,1,46.06,0.15,39.15,9.03,Standard,UPI
O003102,2025-04-06,C00679,P0103,3,22.81,0.15,58.17,5.43,Standard,Credit Card
O004910,2025-04-06,C02098,P0028,2,36.39,0.15,61.86,2.42,Standard,Bank Transfer
O001348,2025-04-06,C00566,P0112,4,28.02,0.2,89.66,12.38,First Class,Credit Card
O000499,2025-04-07,C02464,P0043,4,26.44,0.2,84.61,5.13,Same Day,UPI
O000806,2025-04-07,C03093,P0176,3,48.8,0.1,131.76,56.94,Standard,Bank Transfer
O010809,2025-04-07,C00849,P0123,2,70.94,0.1,127.69,58.31,First Class,UPI
O010040,2025-04-07,C01878,P0065,1,48.33,0.15,41.08,7.65,Second Class,Credit Card
O003688,2025-04-07,C01316,P0050,2,9.06,0.0,18.12,8.84,Same Day,Credit Card
O007221,2025-04-07,C03356,P0128,1,19.73,0.0,19.73,5.94,Same Day,Debit Card
O007915,2025-04-07,C01318,P0087,4,51.68,0.0,206.72,68.88,Standard,Bank Transfer
O010301,2025-04-07,C01671,P0092,1,53.5,0.0,53.5,14.4,Standard,Bank Transfer
O005252,2025-04-07,C00615,P0120,2,46.47,0.2,74.35,24.59,First Class,UPI
O007584,2025-04-07,C02161,P0116,1,34.67,0.05,32.94,8.92,Same Day,Debit Card
O001222,2025-04-07,C01053,P0068,1,54.72,0.1,49.25,13.1,Standard,Credit Card
O007540,2025-04-07,C02687,P0045,1,10.9,0.05,10.36,2.53,First Class,PayPal
O011127,2025-04-07,C02233,P0122,1,15.78,0.0,15.78,4.76,Standard,UPI
O004755,2025-04-07,C01513,P0017,1,14.76,0.1,13.28,4.72,Second Class,PayPal
O011959,2025-04-07,C02860,P0160,2,43.67,0.1,78.61,13.63,First Class,PayPal
O007133,2025-04-07,C01191,P0111,3,8.19,0.05,23.34,8.22,First Class,Credit Card
O010641,2025-04-08,C02058,P0155,1,34.48,0.3,24.14,-1.21,First Class,UPI
O011075,2025-04-08,C03493,P0121,1,47.66,0.15,40.51,16.49,Standard,PayPal
O000567,2025-04-08,C02147,P0009,1,21.01,0.2,16.81,0.19,Same Day,Debit Card
O006529,2025-04-08,C01841,P0119,1,59.91,0.0,59.91,17.74,Same Day,Debit Card
O003820,2025-04-08,C02909,P0152,3,35.7,0.05,101.75,21.08,Second Class,UPI
O008822,2025-04-08,C01521,P0021,3,73.9,0.0,221.7,102.51,First Class,PayPal
O007160,2025-04-08,C01572,P0108,1,31.93,0.2,25.54,5.07,Same Day,Credit Card
O001827,2025-04-08,C01949,P0058,1,23.31,0.05,22.14,10.66,Standard,UPI
O010552,2025-04-08,C02044,P0103,2,22.81,0.15,38.78,3.62,Same Day,PayPal
O009318,2025-04-08,C00100,P0083,1,74.49,0.05,70.77,24.66,Same Day,Debit Card
O009452,2025-04-08,C01296,P0058,1,23.31,0.0,23.31,11.83,Second Class,PayPal
O002746,2025-04-08,C02490,P0156,1,17.92,0.05,17.02,3.5,Second Class,PayPal
O009084,2025-04-08,C03125,P0009,1,21.01,0.0,21.01,4.39,First Class,Debit Card
O010406,2025-04-08,C00645,P0014,1,8.22,0.2,6.58,-0.07,Standard,PayPal
O000919,2025-04-08,C03231,P0150,1,34.57,0.15,29.38,2.47,First Class,PayPal
O009493,2025-04-08,C03362,P0065,4,48.33,0.15,164.32,30.6,Standard,UPI
O002807,2025-04-08,C02319,P0085,2,16.85,0.05,32.02,14.06,Standard,UPI
O005749,2025-04-08,C02174,P0007,1,79.56,0.1,71.6,7.97,Same Day,Credit Card
O006509,2025-04-08,C02117,P0154,1,33.15,0.1,29.84,11.93,Second Class,Bank Transfer
O002570,2025-04-09,C02659,P0090,2,39.79,0.2,63.66,17.88,Standard,Debit Card
O006514,2025-04-09,C00458,P0156,1,17.92,0.1,16.13,2.61,Same Day,Credit Card
O001688,2025-04-09,C03170,P0015,1,9.29,0.05,8.83,1.33,Second Class,Bank Transfer
O007635,2025-04-09,C00120,P0036,1,12.89,0.3,9.02,1.55,Standard,Debit Card
O008557,2025-04-09,C00441,P0030,1,23.58,0.15,20.04,4.57,Second Class,Credit Card
O002662,2025-04-09,C02407,P0129,1,30.41,0.0,30.41,11.08,Second Class,Credit Card
O005469,2025-04-09,C03081,P0003,3,43.42,0.3,91.18,16.21,Second Class,Credit Card
O000424,2025-04-09,C01389,P0155,1,34.48,0.1,31.03,5.68,Same Day,Credit Card
O005006,2025-04-09,C01506,P0135,1,15.68,0.0,15.68,7.11,Standard,Credit Card
O002718,2025-04-09,C01521,P0168,3,97.8,0.2,234.72,3.84,Same Day,Debit Card
O005046,2025-04-09,C00748,P0093,2,18.06,0.05,34.31,10.17,First Class,PayPal
O005050,2025-04-09,C03356,P0065,1,48.33,0.3,33.83,0.4,Second Class,Bank Transfer
O010895,2025-04-09,C00652,P0032,2,95.01,0.05,180.52,41.46,Second Class,UPI
O009815,2025-04-09,C03295,P0028,1,36.39,0.0,36.39,6.67,First Class,Debit Card
O000112,2025-04-09,C02443,P0119,5,59.91,0.05,284.57,73.72,First Class,PayPal
O003139,2025-04-09,C03432,P0097,4,34.55,0.05,131.29,48.21,Same Day,Debit Card
O009163,2025-04-10,C00108,P0071,1,36.05,0.05,34.25,8.05,First Class,Bank Transfer
O010612,2025-04-10,C03158,P0034,3,14.33,0.0,42.99,12.09,Same Day,Credit Card
O008059,2025-04-10,C00392,P0088,2,35.29,0.1,63.52,12.5,Second Class,Debit Card
O003712,2025-04-10,C02684,P0121,1,47.66,0.0,47.66,23.64,Standard,UPI
O001691,2025-04-10,C00372,P0128,2,19.73,0.05,37.49,9.91,Same Day,UPI
O003745,2025-04-10,C02261,P0049,1,35.64,0.1,32.08,10.42,Standard,PayPal
O009672,2025-04-10,C00161,P0009,1,21.01,0.1,18.91,2.29,First Class,UPI
O009185,2025-04-10,C02415,P0122,1,15.78,0.2,12.62,1.6,Standard,Bank Transfer
O003622,2025-04-10,C01861,P0019,1,15.8,0.2,12.64,0.48,Standard,PayPal
O001704,2025-04-10,C02009,P0124,2,11.46,0.0,22.92,7.36,Second Class,UPI
O010469,2025-04-10,C01550,P0124,1,11.46,0.0,11.46,3.68,Same Day,Credit Card
O007172,2025-04-10,C02063,P0095,1,22.09,0.05,20.99,7.24,Same Day,PayPal
O004099,2025-04-10,C01199,P0147,1,12.76,0.1,11.48,4.84,Same Day,UPI
O005037,2025-04-10,C03350,P0113,1,29.64,0.15,25.19,4.56,First Class,Bank Transfer
O007431,2025-04-10,C02186,P0095,3,22.09,0.05,62.96,21.71,First Class,UPI
O005286,2025-04-10,C01027,P0027,1,13.49,0.0,13.49,4.19,Same Day,PayPal
O005629,2025-04-10,C01807,P0057,1,16.52,0.2,13.22,5.12,First Class,Credit Card
O004548,2025-04-10,C03346,P0156,1,17.92,0.1,16.13,2.61,Second Class,Debit Card
O000372,2025-04-11,C02004,P0015,1,9.29,0.0,9.29,1.79,Second Class,UPI
O006049,2025-04-11,C03117,P0162,2,47.54,0.15,80.82,5.1,Same Day,Debit Card
O007262,2025-04-11,C02190,P0061,1,20.87,0.15,17.74,6.82,Same Day,Credit Card
O011543,2025-04-11,C01949,P0011,1,21.09,0.0,21.09,10.86,Standard,Bank Transfer
O007121,2025-04-11,C02807,P0042,1,31.86,0.0,31.86,11.13,Standard,Debit Card
O006362,2025-04-11,C01696,P0030,3,23.58,0.1,63.67,17.26,Standard,Bank Transfer
O010315,2025-04-11,C01916,P0084,4,20.35,0.0,81.4,37.52,Second Class,PayPal
O011399,2025-04-11,C00381,P0137,4,17.13,0.1,61.67,26.43,Standard,Bank Transfer
O000088,2025-04-11,C03372,P0012,1,21.06,0.0,21.06,4.3,First Class,PayPal
O011459,2025-04-11,C02862,P0176,1,48.8,0.2,39.04,14.1,Same Day,Credit Card
O005498,2025-04-12,C01640,P0144,1,32.14,0.0,32.14,16.46,Same Day,UPI
O004941,2025-04-12,C01770,P0128,1,19.73,0.05,18.74,4.95,Same Day,Debit Card
O005391,2025-04-12,C00914,P0023,1,29.78,0.1,26.8,3.03,First Class,Credit Card
O003215,2025-04-12,C00634,P0044,1,23.44,0.1,21.1,4.67,Second Class,UPI
O001450,2025-04-12,C03212,P0086,2,20.57,0.15,34.97,11.73,Standard,Bank Transfer
O003581,2025-04-12,C00989,P0006,2,24.48,0.05,46.51,20.07,First Class,Debit Card
O002474,2025-04-12,C03136,P0154,4,33.15,0.05,125.97,54.33,Second Class,PayPal
O002270,2025-04-12,C00554,P0057,1,16.52,0.15,14.04,5.94,First Class,PayPal
O007489,2025-04-12,C00589,P0146,1,47.38,0.1,42.64,15.36,Second Class,Debit Card
O009659,2025-04-12,C00974,P0142,2,66.66,0.3,93.32,14.86,Standard,Credit Card
O001728,2025-04-12,C01818,P0132,2,29.8,0.05,56.62,20.18,First Class,Bank Transfer
O011392,2025-04-12,C01117,P0103,2,22.81,0.15,38.78,3.62,Second Class,Credit Card
O007127,2025-04-13,C02701,P0111,1,8.19,0.1,7.37,2.33,Second Class,Bank Transfer
O004074,2025-04-13,C03485,P0053,1,18.36,0.15,15.61,3.89,Same Day,Bank Transfer
O002296,2025-04-13,C01312,P0130,1,20.55,0.0,20.55,6.87,Second Class,UPI
O009600,2025-04-13,C03445,P0135,1,15.68,0.1,14.11,5.54,Standard,PayPal
O003699,2025-04-13,C03209,P0073,2,27.85,0.1,50.13,13.61,Same Day,Debit Card
O011713,2025-04-13,C03441,P0053,1,18.36,0.0,18.36,6.64,Second Class,Bank Transfer
O003482,2025-04-13,C02841,P0131,1,10.4,0.15,8.84,0.52,First Class,PayPal
O007309,2025-04-13,C00269,P0083,2,74.49,0.3,104.29,12.07,Standard,Credit Card
O009512,2025-04-13,C02884,P0029,2,19.29,0.0,38.58,18.22,First Class,Debit Card
O004717,2025-04-13,C00362,P0015,1,9.29,0.1,8.36,0.86,Same Day,Bank Transfer
O001593,2025-04-13,C00259,P0135,3,15.68,0.1,42.34,16.63,Second Class,UPI
O004242,2025-04-13,C00116,P0102,2,21.68,0.05,41.19,19.77,Standard,Bank Transfer
O000128,2025-04-13,C02895,P0049,1,35.64,0.0,35.64,13.98,Same Day,Debit Card
O009905,2025-04-13,C02165,P0161,4,15.13,0.1,54.47,18.39,First Class,Credit Card
O002751,2025-04-13,C00769,P0096,4,11.01,0.1,39.64,14.8,Second Class,UPI
O007449,2025-04-13,C00944,P0001,2,39.36,0.0,78.72,35.7,Same Day,UPI
O004300,2025-04-14,C01710,P0075,2,5.19,0.05,9.86,2.08,Same Day,UPI
O003617,2025-04-14,C00731,P0106,1,37.06,0.0,37.06,18.04,Standard,UPI
O007532,2025-04-14,C01692,P0015,1,9.29,0.15,7.9,0.4,Same Day,Credit Card
O010627,2025-04-14,C02302,P0050,2,9.06,0.05,17.21,7.93,First Class,UPI
O011225,2025-04-14,C02932,P0072,1,77.46,0.2,61.97,-0.91,First Class,PayPal
O002198,2025-04-14,C03495,P0136,4,78.06,0.1,281.02,123.78,Same Day,Debit Card
O011710,2025-04-14,C03308,P0016,1,19.78,0.0,19.78,4.55,Same Day,Bank Transfer
O004267,2025-04-14,C01269,P0070,2,18.74,0.2,29.98,3.86,Second Class,UPI
O006449,2025-04-14,C01409,P0035,1,48.65,0.1,43.78,14.48,Standard,Bank Transfer
O011065,2025-04-14,C02789,P0101,2,11.36,0.1,20.45,9.19,Same Day,Bank Transfer
O005677,2025-04-14,C02856,P0034,1,14.33,0.05,13.61,3.31,Second Class,Credit Card
O011501,2025-04-14,C01906,P0116,1,34.67,0.2,27.74,3.72,Second Class,UPI
O005745,2025-04-14,C00256,P0022,1,24.61,0.15,20.92,4.45,Standard,UPI
O011487,2025-04-14,C00477,P0007,1,79.56,0.1,71.6,7.97,Standard,PayPal
O010195,2025-04-15,C00264,P0123,4,70.94,0.15,241.2,102.44,First Class,PayPal
O002935,2025-04-15,C01485,P0041,1,46.06,0.0,46.06,15.94,First Class,Bank Transfer
O002220,2025-04-15,C02230,P0113,1,29.64,0.1,26.68,6.05,First Class,PayPal
O008987,2025-04-15,C00452,P0038,1,7.97,0.2,6.38,0.36,Standard,Credit Card
O006994,2025-04-15,C02628,P0077,5,30.16,0.15,128.18,33.28,Standard,UPI
O011782,2025-04-15,C02132,P0033,1,28.25,0.0,28.25,8.0,Same Day,Bank Transfer
O010549,2025-04-15,C01265,P0110,1,27.16,0.0,27.16,10.12,Same Day,PayPal
O007849,2025-04-15,C00547,P0088,2,35.29,0.1,63.52,12.5,Standard,Debit Card
O005503,2025-04-15,C00045,P0093,1,18.06,0.1,16.25,4.18,First Class,Credit Card
O004570,2025-04-15,C01724,P0170,1,17.46,0.15,14.84,1.55,Same Day,Bank Transfer
O006239,2025-04-15,C01228,P0077,1,30.16,0.0,30.16,11.18,Standard,UPI
O002475,2025-04-15,C00039,P0013,2,33.36,0.1,60.05,18.31,Second Class,Credit Card
O008938,2025-04-15,C01115,P0039,2,12.02,0.1,21.64,3.02,First Class,Credit Card
O010592,2025-04-15,C02187,P0090,2,39.79,0.0,79.58,33.8,Second Class,Credit Card
O006648,2025-04-15,C01261,P0105,3,25.67,0.0,77.01,27.63,Same Day,Credit Card
O001661,2025-04-15,C00836,P0014,2,8.22,0.05,15.62,2.32,Second Class,Debit Card
O001803,2025-04-15,C00529,P0068,3,54.72,0.2,131.33,22.88,First Class,PayPal
O009453,2025-04-15,C02222,P0069,2,36.06,0.0,72.12,24.24,First Class,PayPal
O008415,2025-04-16,C00241,P0048,1,56.66,0.1,50.99,17.28,First Class,UPI
O004161,2025-04-16,C02189,P0144,2,32.14,0.05,61.07,29.71,Second Class,Debit Card
O003161,2025-04-16,C01841,P0021,1,73.9,0.05,70.2,30.47,First Class,Debit Card
O006206,2025-04-16,C00399,P0033,2,28.25,0.0,56.5,16.0,First Class,UPI
O002627,2025-04-16,C00910,P0129,1,30.41,0.15,25.85,6.52,First Class,Debit Card
O008178,2025-04-16,C02009,P0178,4,73.32,0.05,278.62,43.1,First Class,UPI
O009194,2025-04-16,C00285,P0122,1,15.78,0.05,14.99,3.97,Same Day,PayPal
O008362,2025-04-16,C00758,P0173,1,27.11,0.0,27.11,10.51,Same Day,PayPal
O008332,2025-04-16,C00050,P0159,1,13.14,0.05,12.48,4.51,Same Day,Debit Card
O000894,2025-04-16,C01705,P0020,1,11.38,0.2,9.1,2.41,First Class,Bank Transfer
O000278,2025-04-16,C00053,P0108,2,31.93,0.15,54.28,13.34,Same Day,UPI
O002531,2025-04-16,C03320,P0084,4,20.35,0.3,56.98,13.1,Standard,UPI
O002783,2025-04-16,C01768,P0144,1,32.14,0.1,28.93,13.25,Second Class,UPI
O010036,2025-04-16,C02043,P0087,1,51.68,0.05,49.1,14.64,Same Day,UPI
O001726,2025-04-16,C00013,P0155,1,34.48,0.0,34.48,9.13,First Class,Credit Card
O000329,2025-04-16,C00700,P0022,3,24.61,0.2,59.06,9.65,First Class,Debit Card
O008943,2025-04-16,C00699,P0134,3,38.78,0.1,104.71,13.06,Same Day,Bank Transfer
O009031,2025-04-16,C01164,P0053,1,18.36,0.1,16.52,4.8,First Class,Credit Card
O010013,2025-04-16,C03001,P0113,5,29.64,0.15,125.97,22.82,Second Class,Credit Card
O000754,2025-04-16,C02814,P0127,1,14.97,0.2,11.98,2.82,Standard,Debit Card
O001539,2025-04-17,C02994,P0004,1,76.71,0.05,72.87,35.42,Standard,UPI
O004969,2025-04-17,C02162,P0154,1,33.15,0.1,29.84,11.93,First Class,Credit Card
O005121,2025-04-17,C03433,P0105,3,25.67,0.15,65.46,16.08,Standard,PayPal
O001299,2025-04-17,C01670,P0093,1,18.06,0.2,14.45,2.38,Same Day,Bank Transfer
O004563,2025-04-17,C02266,P0127,3,14.97,0.1,40.42,12.94,Same Day,Credit Card
O006932,2025-04-17,C00370,P0133,1,14.29,0.2,11.43,-0.1,Second Class,PayPal
O004124,2025-04-17,C01082,P0072,2,77.46,0.1,139.43,13.67,First Class,PayPal
O006185,2025-04-17,C00324,P0102,3,21.68,0.05,61.79,29.66,Same Day,PayPal
O009956,2025-04-17,C03436,P0005,1,24.48,0.1,22.03,4.91,Standard,UPI
O005247,2025-04-17,C03246,P0016,1,19.78,0.0,19.78,4.55,Standard,Debit Card
O011045,2025-04-17,C02738,P0052,1,22.19,0.0,22.19,11.27,Standard,UPI
O008672,2025-04-17,C03047,P0076,1,48.63,0.0,48.63,20.81,Standard,Debit Card
O001720,2025-04-17,C00642,P0032,1,95.01,0.15,80.76,11.23,First Class,UPI
O004872,2025-04-17,C00432,P0005,1,24.48,0.1,22.03,4.91,Standard,Credit Card
O003428,2025-04-17,C02948,P0034,1,14.33,0.1,12.9,2.6,Same Day,Debit Card
O001043,2025-04-17,C03106,P0148,1,12.08,0.15,10.27,1.61,Second Class,UPI
O000520,2025-04-17,C02137,P0069,1,36.06,0.1,32.45,8.51,Second Class,Debit Card
O005244,2025-04-17,C00179,P0045,1,10.9,0.2,8.72,0.89,Second Class,PayPal
O006742,2025-04-17,C03447,P0010,1,40.56,0.15,34.48,9.91,Same Day,Debit Card
O004264,2025-04-18,C03287,P0016,1,19.78,0.2,15.82,0.59,Second Class,PayPal
O003296,2025-04-18,C02707,P0169,1,24.3,0.05,23.09,7.25,Standard,PayPal
O002018,2025-04-18,C03371,P0115,2,25.15,0.05,47.78,17.22,First Class,UPI
O006487,2025-04-18,C01684,P0129,3,30.41,0.1,82.11,24.12,First Class,PayPal
O004741,2025-04-18,C03040,P0016,3,19.78,0.1,53.41,7.72,Same Day,Bank Transfer
O000571,2025-04-18,C00910,P0013,2,33.36,0.1,60.05,18.31,First Class,Credit Card
O004757,2025-04-18,C00169,P0129,2,30.41,0.0,60.82,22.16,Second Class,Credit Card
O011356,2025-04-18,C01101,P0079,1,30.25,0.1,27.23,12.45,Second Class,UPI
O006197,2025-04-18,C02604,P0094,2,23.04,0.0,46.08,14.38,Second Class,Credit Card
O009086,2025-04-18,C01813,P0026,1,30.63,0.15,26.04,10.33,Same Day,Bank Transfer
O003636,2025-04-18,C01114,P0150,2,34.57,0.15,58.77,4.95,First Class,Credit Card
O002303,2025-04-18,C02614,P0136,1,78.06,0.15,66.35,27.04,First Class,Bank Transfer
O002806,2025-04-18,C01446,P0046,2,17.85,0.05,33.91,7.11,Standard,UPI
O011252,2025-04-18,C00274,P0001,1,39.36,0.2,31.49,9.98,Same Day,PayPal
O001870,2025-04-18,C03299,P0111,2,8.19,0.1,14.74,4.66,First Class,Debit Card
O003135,2025-04-18,C01233,P0022,2,24.61,0.05,46.76,13.82,Same Day,Bank Transfer
O000179,2025-04-19,C02811,P0025,1,20.01,0.1,18.01,4.53,First Class,Bank Transfer
O005839,2025-04-19,C00777,P0028,1,36.39,0.0,36.39,6.67,Standard,Debit Card
O002356,2025-04-19,C01095,P0065,3,48.33,0.05,137.74,37.45,Standard,Credit Card
O002304,2025-04-19,C03189,P0086,3,20.57,0.0,61.71,26.85,Second Class,Credit Card
O006959,2025-04-19,C02132,P0019,3,15.8,0.0,47.4,10.92,Second Class,PayPal
O002849,2025-04-19,C03347,P0104,1,16.92,0.05,16.07,3.9,Same Day,Bank Transfer
O007307,2025-04-19,C01168,P0045,2,10.9,0.0,21.8,6.14,Standard,PayPal
O007601,2025-04-19,C02770,P0071,2,36.05,0.0,72.1,19.7,First Class,PayPal
O000855,2025-04-19,C02964,P0101,1,11.36,0.0,11.36,5.73,First Class,Bank Transfer
O003864,2025-04-19,C01901,P0089,1,20.2,0.1,18.18,3.95,First Class,Credit Card
O006210,2025-04-19,C02027,P0027,1,13.49,0.1,12.14,2.84,Same Day,Debit Card
O001852,2025-04-19,C00989,P0075,1,5.19,0.05,4.93,1.04,Second Class,Debit Card
O000561,2025-04-19,C03002,P0056,2,52.21,0.1,93.98,22.88,Standard,Bank Transfer
O002090,2025-04-19,C00350,P0147,1,12.76,0.0,12.76,6.12,First Class,Debit Card
O006341,2025-04-19,C00337,P0011,2,21.09,0.0,42.18,21.72,Standard,PayPal
O000700,2025-04-19,C01868,P0004,1,76.71,0.1,69.04,31.59,Second Class,UPI
O011896,2025-04-19,C00531,P0060,4,53.74,0.0,214.96,85.44,Second Class,Bank Transfer
O011815,2025-04-19,C01018,P0040,3,32.39,0.3,68.02,-8.78,Second Class,UPI
O011056,2025-04-19,C01806,P0178,2,73.32,0.0,146.64,28.88,Same Day,UPI
O006919,2025-04-19,C02452,P0179,2,24.0,0.1,43.2,4.64,Same Day,Debit Card
O005383,2025-04-19,C01089,P0003,4,43.42,0.15,147.63,47.67,Standard,UPI
O008198,2025-04-19,C03349,P0005,2,24.48,0.2,39.17,4.93,Standard,Debit Card
O000077,2025-04-19,C00037,P0117,1,27.87,0.0,27.87,9.72,First Class,Credit Card
O004496,2025-04-19,C02608,P0135,1,15.68,0.15,13.33,4.76,First Class,Bank Transfer
O003268,2025-04-20,C00080,P0180,1,167.02,0.15,141.97,29.24,First Class,Credit Card
O010182,2025-04-20,C02397,P0050,2,9.06,0.1,16.31,7.03,First Class,Credit Card
O003225,2025-04-20,C01365,P0167,4,48.63,0.15,165.34,65.14,Second Class,UPI
O010440,2025-04-20,C03032,P0158,1,38.78,0.15,32.96,8.91,Standard,UPI
O010494,2025-04-20,C01895,P0023,1,29.78,0.05,28.29,4.52,Same Day,Bank Transfer
O008882,2025-04-20,C02963,P0111,3,8.19,0.2,19.66,4.54,Same Day,UPI
O003786,2025-04-20,C02977,P0020,2,11.38,0.0,22.76,9.38,First Class,Debit Card
O010689,2025-04-20,C00451,P0044,1,23.44,0.2,18.75,2.32,Standard,Credit Card
O000093,2025-04-20,C02462,P0102,5,21.68,0.15,92.14,38.59,Second Class,PayPal
O004826,2025-04-20,C00770,P0122,1,15.78,0.3,11.05,0.03,First Class,Credit Card
O006375,2025-04-20,C00974,P0138,3,23.12,0.2,55.49,21.77,Standard,UPI
O005661,2025-04-20,C02657,P0075,3,5.19,0.05,14.79,3.12,First Class,UPI
O007659,2025-04-20,C01926,P0035,1,48.65,0.15,41.35,12.05,Standard,Credit Card
O006431,2025-04-20,C03216,P0136,1,78.06,0.1,70.25,30.94,First Class,Credit Card
O006996,2025-04-20,C02560,P0147,1,12.76,0.1,11.48,4.84,Standard,PayPal
O010786,2025-04-21,C03124,P0092,2,53.5,0.05,101.65,23.45,Standard,PayPal
O005338,2025-04-21,C01423,P0157,1,95.85,0.05,91.06,12.77,First Class,Credit Card
O005230,2025-04-21,C02831,P0097,1,34.55,0.3,24.18,3.41,Second Class,Bank Transfer
O011830,2025-04-21,C01528,P0162,3,47.54,0.15,121.23,7.65,Second Class,Bank Transfer
O000244,2025-04-21,C03305,P0159,1,13.14,0.1,11.83,3.86,First Class,Credit Card
O005157,2025-04-21,C01830,P0112,4,28.02,0.1,100.87,23.59,Standard,UPI
O003525,2025-04-21,C00372,P0085,1,16.85,0.1,15.17,6.19,Standard,Credit Card
O006024,2025-04-21,C00343,P0137,1,17.13,0.0,17.13,8.32,Standard,Debit Card
O007700,2025-04-22,C02511,P0180,3,167.02,0.0,501.06,162.87,First Class,UPI
O007375,2025-04-22,C00881,P0114,1,141.33,0.2,113.06,43.04,Second Class,PayPal
O009364,2025-04-22,C02847,P0069,1,36.06,0.0,36.06,12.12,First Class,Credit Card
O006746,2025-04-22,C00015,P0161,1,15.13,0.0,15.13,6.11,First Class,UPI
O010274,2025-04-22,C02852,P0114,1,141.33,0.05,134.26,64.24,Second Class,Debit Card
O003287,2025-04-22,C01381,P0056,1,52.21,0.05,49.6,14.05,First Class,UPI
O009062,2025-04-22,C02387,P0008,1,46.94,0.0,46.94,9.18,First Class,Bank Transfer
O005949,2025-04-22,C00733,P0154,1,33.15,0.15,28.18,10.27,Second Class,Bank Transfer
O005929,2025-04-22,C01003,P0132,3,29.8,0.1,80.46,25.8,Same Day,Credit Card
O000331,2025-04-22,C01311,P0141,1,33.04,0.2,26.43,9.77,Same Day,Debit Card
O009603,2025-04-22,C00109,P0076,2,48.63,0.1,87.53,31.89,Standard,Credit Card
O011383,2025-04-23,C03290,P0155,1,34.48,0.1,31.03,5.68,Same Day,PayPal
O005619,2025-04-23,C00461,P0115,1,25.15,0.05,23.89,8.61,Same Day,PayPal
O008181,2025-04-23,C00693,P0046,1,17.85,0.0,17.85,4.45,Standard,PayPal
O007074,2025-04-23,C02385,P0066,3,68.82,0.05,196.14,91.05,Same Day,Debit Card
O007139,2025-04-23,C02417,P0131,1,10.4,0.2,8.32,0.0,Same Day,Credit Card
O000653,2025-04-23,C02267,P0117,2,27.87,0.05,52.95,16.65,Standard,Debit Card
O005773,2025-04-23,C02886,P0133,1,14.29,0.0,14.29,2.76,Second Class,Bank Transfer
O000751,2025-04-23,C02906,P0134,2,38.78,0.05,73.68,12.58,Standard,Bank Transfer
O008328,2025-04-23,C00026,P0047,2,21.13,0.0,42.26,9.18,Second Class,Credit Card
O008709,2025-04-23,C03436,P0038,1,7.97,0.15,6.77,0.75,Same Day,Credit Card
O008505,2025-04-23,C01979,P0178,1,73.32,0.0,73.32,14.44,Second Class,Bank Transfer
O008506,2025-04-23,C00634,P0008,1,46.94,0.1,42.25,4.49,First Class,Bank Transfer
O007460,2025-04-23,C01389,P0024,5,11.29,0.05,53.63,13.18,First Class,PayPal
O004156,2025-04-23,C01343,P0067,1,27.2,0.15,23.12,9.59,Second Class,Bank Transfer
O006794,2025-04-23,C02092,P0019,2,15.8,0.2,25.28,0.96,Standard,Debit Card
O001330,2025-04-23,C00884,P0007,1,79.56,0.0,79.56,15.93,Standard,PayPal
O002654,2025-04-23,C02626,P0022,1,24.61,0.05,23.38,6.91,First Class,UPI
O011540,2025-04-24,C03331,P0009,2,21.01,0.0,42.02,8.78,Same Day,UPI
O004806,2025-04-24,C00317,P0174,4,35.58,0.05,135.2,66.36,Standard,Credit Card
O006198,2025-04-24,C02318,P0135,2,15.68,0.0,31.36,14.22,Standard,PayPal
O003574,2025-04-24,C02948,P0179,2,24.0,0.05,45.6,7.04,Second Class,Credit Card
O008001,2025-04-24,C00935,P0109,1,33.7,0.2,26.96,8.8,First Class,UPI
O008368,2025-04-24,C01835,P0154,3,33.15,0.0,99.45,45.72,Standard,Debit Card
O001936,2025-04-24,C02188,P0008,1,46.94,0.1,42.25,4.49,Standard,UPI
O010785,2025-04-24,C00462,P0001,1,39.36,0.1,35.42,13.91,Second Class,Debit Card
O000212,2025-04-24,C03140,P0054,2,42.42,0.0,84.84,28.46,Standard,Credit Card
O005977,2025-04-24,C00230,P0097,2,34.55,0.05,65.64,24.1,First Class,UPI
O001896,2025-04-24,C00128,P0002,2,26.05,0.0,52.1,14.3,Standard,UPI
O005981,2025-04-24,C01235,P0044,2,23.44,0.1,42.19,9.33,Standard,Credit Card
O009011,2025-04-24,C01952,P0164,2,16.72,0.2,26.75,5.83,Same Day,UPI
O008928,2025-04-24,C03476,P0102,1,21.68,0.1,19.51,8.8,First Class,UPI
O011331,2025-04-24,C02821,P0035,1,48.65,0.0,48.65,19.35,Standard,UPI
O002817,2025-04-24,C02592,P0033,1,28.25,0.15,24.01,3.76,First Class,PayPal
O002930,2025-04-25,C01839,P0122,2,15.78,0.0,31.56,9.52,First Class,UPI
O011398,2025-04-25,C01106,P0086,2,20.57,0.15,34.97,11.73,Same Day,Debit Card
O009577,2025-04-25,C02294,P0128,1,19.73,0.0,19.73,5.94,First Class,Bank Transfer
O003661,2025-04-25,C00187,P0174,1,35.58,0.0,35.58,18.37,First Class,Bank Transfer
O002495,2025-04-25,C00326,P0151,1,33.54,0.1,30.19,5.71,Same Day,PayPal
O001637,2025-04-25,C03205,P0045,1,10.9,0.0,10.9,3.07,Same Day,UPI
O010466,2025-04-25,C00177,P0114,1,141.33,0.3,98.93,28.91,Same Day,Debit Card
O010974,2025-04-25,C01959,P0016,1,19.78,0.0,19.78,4.55,First Class,UPI
O000125,2025-04-25,C01320,P0088,1,35.29,0.15,30.0,4.49,Standard,Bank Transfer
O011962,2025-04-25,C03079,P0013,3,33.36,0.15,85.07,22.46,Second Class,Debit Card
O011439,2025-04-25,C00023,P0120,1,46.47,0.05,44.15,19.27,Second Class,Debit Card
O000308,2025-04-26,C01818,P0083,2,74.49,0.15,126.63,34.41,Standard,Bank Transfer
O001808,2025-04-26,C02486,P0015,2,9.29,0.3,13.01,-1.99,First Class,Debit Card
O005992,2025-04-26,C00678,P0134,3,38.78,0.05,110.52,18.87,Second Class,Debit Card
O008771,2025-04-26,C00967,P0111,1,8.19,0.3,5.73,0.69,First Class,PayPal
O005334,2025-04-26,C00580,P0042,1,31.86,0.0,31.86,11.13,Second Class,UPI
O006997,2025-04-26,C01666,P0062,1,25.26,0.0,25.26,8.65,Standard,Credit Card
O001026,2025-04-26,C01889,P0149,2,40.02,0.05,76.04,20.5,First Class,Bank Transfer
O008819,2025-04-26,C01000,P0115,1,25.15,0.2,20.12,4.84,Standard,Credit Card
O008068,2025-04-26,C02778,P0047,5,21.13,0.15,89.8,7.1,Standard,Credit Card
O003258,2025-04-26,C00988,P0053,1,18.36,0.0,18.36,6.64,Same Day,Debit Card
O011279,2025-04-26,C01433,P0038,1,7.97,0.05,7.57,1.55,Standard,PayPal
O005074,2025-04-26,C00415,P0062,1,25.26,0.1,22.73,6.12,First Class,Debit Card
O007725,2025-04-26,C02775,P0011,1,21.09,0.15,17.93,7.7,Same Day,UPI
O002358,2025-04-26,C01708,P0023,1,29.78,0.15,25.31,1.54,Standard,UPI
O007875,2025-04-26,C03377,P0089,1,20.2,0.2,16.16,1.93,Same Day,UPI
O009934,2025-04-26,C02671,P0177,2,28.74,0.05,54.61,20.77,First Class,PayPal
O003442,2025-04-27,C00225,P0117,1,27.87,0.0,27.87,9.72,Second Class,Bank Transfer
O000082,2025-04-27,C01387,P0100,3,24.47,0.1,66.07,27.94,Same Day,PayPal
O009045,2025-04-27,C03258,P0082,1,35.95,0.0,35.95,10.19,Second Class,Bank Transfer
O005975,2025-04-27,C00116,P0172,2,16.77,0.0,33.54,7.22,First Class,Debit Card
O009967,2025-04-27,C03265,P0022,1,24.61,0.1,22.15,5.68,Standard,Debit Card
O010389,2025-04-27,C00119,P0103,1,22.81,0.1,20.53,2.95,First Class,PayPal
O007234,2025-04-27,C02392,P0158,4,38.78,0.05,147.36,51.16,Standard,Credit Card
O003999,2025-04-27,C01263,P0174,5,35.58,0.1,160.11,74.06,Standard,UPI
O004551,2025-04-27,C00449,P0122,1,15.78,0.05,14.99,3.97,First Class,UPI
O007379,2025-04-27,C02779,P0064,4,13.1,0.3,36.68,7.68,Standard,Debit Card
O009369,2025-04-27,C00948,P0134,1,38.78,0.1,34.9,4.35,Second Class,UPI
O008939,2025-04-27,C02886,P0021,1,73.9,0.3,51.73,12.0,Standard,Credit Card
O007204,2025-04-27,C02531,P0028,2,36.39,0.15,61.86,2.42,Same Day,Bank Transfer
O004938,2025-04-27,C00870,P0005,2,24.48,0.15,41.62,7.38,Standard,Debit Card
O007881,2025-04-27,C02398,P0032,3,95.01,0.05,270.78,62.19,Same Day,PayPal
O010820,2025-04-27,C00474,P0062,2,25.26,0.15,42.94,9.72,Standard,UPI
O010366,2025-04-28,C01299,P0070,1,18.74,0.0,18.74,5.68,Standard,PayPal
O011562,2025-04-28,C01772,P0118,2,13.33,0.05,25.33,4.77,First Class,PayPal
O008805,2025-04-28,C00482,P0045,3,10.9,0.1,29.43,5.94,Standard,UPI
O004385,2025-04-28,C03098,P0131,1,10.4,0.15,8.84,0.52,First Class,PayPal
O011388,2025-04-28,C01293,P0141,1,33.04,0.2,26.43,9.77,Same Day,Bank Transfer
O009830,2025-04-28,C02886,P0179,1,24.0,0.1,21.6,2.32,Same Day,Bank Transfer
O001908,2025-04-28,C02566,P0015,3,9.29,0.15,23.69,1.19,Same Day,Credit Card
O005967,2025-04-28,C03118,P0080,1,7.83,0.0,7.83,1.51,Second Class,UPI
O002675,2025-04-28,C03288,P0107,5,97.13,0.05,461.37,147.07,First Class,Credit Card
O006155,2025-04-28,C02105,P0001,3,39.36,0.05,112.18,47.65,Standard,UPI
O003401,2025-04-28,C01192,P0047,1,21.13,0.0,21.13,4.59,Same Day,UPI
O004491,2025-04-28,C02586,P0099,1,28.6,0.1,25.74,11.87,Standard,Credit Card
O007476,2025-04-28,C00824,P0020,2,11.38,0.2,18.21,4.83,First Class,Debit Card
O005263,2025-04-28,C02761,P0007,2,79.56,0.1,143.21,15.95,Same Day,PayPal
O006053,2025-04-28,C01445,P0088,1,35.29,0.1,31.76,6.25,First Class,UPI
O001673,2025-04-28,C00187,P0128,2,19.73,0.1,35.51,7.93,Same Day,Debit Card
O008541,2025-04-29,C03197,P0110,1,27.16,0.15,23.09,6.05,Second Class,Credit Card
O009859,2025-04-29,C00777,P0046,2,17.85,0.3,24.99,-1.81,Second Class,PayPal
O008424,2025-04-29,C03007,P0149,1,40.02,0.05,38.02,10.25,Same Day,UPI
O007017,2025-04-29,C00054,P0075,1,5.19,0.1,4.67,0.78,Second Class,PayPal
O009818,2025-04-29,C01524,P0076,2,48.63,0.1,87.53,31.89,Standard,PayPal
O000827,2025-04-29,C02985,P0102,1,21.68,0.0,21.68,10.97,Second Class,Credit Card
O008552,2025-04-29,C01625,P0056,1,52.21,0.05,49.6,14.05,First Class,Credit Card
O005772,2025-04-29,C01768,P0081,1,24.71,0.05,23.47,4.59,First Class,PayPal
O007930,2025-04-29,C01096,P0108,3,31.93,0.1,86.21,24.8,Same Day,Bank Transfer
O009292,2025-04-29,C00051,P0156,1,17.92,0.2,14.34,0.82,Same Day,Bank Transfer
O006684,2025-04-29,C00525,P0155,1,34.48,0.0,34.48,9.13,Same Day,Debit Card
O003062,2025-04-29,C00789,P0073,1,27.85,0.1,25.07,6.81,First Class,Credit Card
O001915,2025-04-30,C02914,P0116,1,34.67,0.05,32.94,8.92,Standard,Debit Card
O011747,2025-04-30,C03185,P0091,1,30.36,0.0,30.36,5.93,Second Class,UPI
O007777,2025-04-30,C00832,P0073,2,27.85,0.0,55.7,19.18,Standard,Credit Card
O003144,2025-04-30,C01631,P0032,1,95.01,0.0,95.01,25.48,Same Day,PayPal
O009492,2025-04-30,C00496,P0141,2,33.04,0.3,46.26,12.94,Standard,Debit Card
O002916,2025-04-30,C02008,P0011,2,21.09,0.05,40.07,19.61,Same Day,UPI
O005284,2025-04-30,C01201,P0157,1,95.85,0.05,91.06,12.77,Same Day,Debit Card
O004601,2025-04-30,C01588,P0162,1,47.54,0.2,38.03,0.17,Standard,Bank Transfer
O001407,2025-04-30,C01916,P0054,1,42.42,0.15,36.06,7.87,First Class,Credit Card
O004846,2025-04-30,C02308,P0120,3,46.47,0.15,118.5,43.86,First Class,Credit Card
O009035,2025-04-30,C01151,P0023,1,29.78,0.1,26.8,3.03,Second Class,Credit Card
O007286,2025-04-30,C02884,P0014,1,8.22,0.2,6.58,-0.07,Standard,Credit Card
O001227,2025-04-30,C01134,P0149,4,40.02,0.0,160.08,49.0,Same Day,Bank Transfer
O003822,2025-04-30,C01660,P0110,1,27.16,0.0,27.16,10.12,Second Class,Bank Transfer
O006338,2025-04-30,C02747,P0120,3,46.47,0.05,132.44,57.8,Same Day,Credit Card
O009963,2025-04-30,C02819,P0001,3,39.36,0.05,112.18,47.65,Second Class,Bank Transfer
O006319,2025-04-30,C01067,P0084,1,20.35,0.15,17.3,6.33,Same Day,Bank Transfer
O006944,2025-04-30,C00525,P0064,1,13.1,0.1,11.79,4.54,Standard,Debit Card
O001255,2025-04-30,C01433,P0093,2,18.06,0.15,30.7,6.56,First Class,Bank Transfer
O008374,2025-04-30,C00950,P0140,1,12.81,0.3,8.97,-0.15,First Class,Credit Card
O000825,2025-04-30,C01054,P0031,1,19.28,0.0,19.28,4.27,Second Class,PayPal
O005318,2025-04-30,C02006,P0031,1,19.28,0.15,16.39,1.38,Second Class,UPI
O001109,2025-04-30,C02989,P0053,1,18.36,0.1,16.52,4.8,First Class,Bank Transfer
O004335,2025-04-30,C02484,P0013,2,33.36,0.1,60.05,18.31,Same Day,PayPal
O007161,2025-05-01,C00897,P0038,3,7.97,0.0,23.91,5.85,Second Class,UPI
O010702,2025-05-01,C02075,P0168,1,97.8,0.15,83.13,6.17,Same Day,Bank Transfer
O011397,2025-05-01,C02088,P0072,5,77.46,0.05,367.93,53.53,Standard,PayPal
O005201,2025-05-01,C00868,P0114,1,141.33,0.1,127.2,57.18,First Class,PayPal
O009901,2025-05-01,C02075,P0079,1,30.25,0.1,27.23,12.45,First Class,Bank Transfer
O001369,2025-05-01,C02011,P0038,2,7.97,0.05,15.14,3.1,Second Class,Credit Card
O005084,2025-05-01,C02320,P0001,2,39.36,0.0,78.72,35.7,First Class,PayPal
O007213,2025-05-01,C01708,P0017,4,14.76,0.05,56.09,21.85,Second Class,Bank Transfer
O005161,2025-05-01,C01458,P0094,4,23.04,0.1,82.94,19.54,Second Class,Bank Transfer
O011180,2025-05-01,C03403,P0014,3,8.22,0.05,23.43,3.48,Same Day,Credit Card
O006291,2025-05-01,C02384,P0178,1,73.32,0.05,69.65,10.77,Same Day,Bank Transfer
O005921,2025-05-01,C00609,P0061,1,20.87,0.05,19.83,8.91,First Class,Bank Transfer
O001430,2025-05-01,C03285,P0075,1,5.19,0.2,4.15,0.26,Second Class,Credit Card
O004611,2025-05-01,C00319,P0053,1,18.36,0.1,16.52,4.8,Same Day,UPI
O011449,2025-05-01,C01745,P0055,1,55.71,0.2,44.57,12.4,First Class,PayPal
O000632,2025-05-01,C03223,P0025,1,20.01,0.0,20.01,6.53,Standard,PayPal
O000987,2025-05-01,C02667,P0044,1,23.44,0.05,22.27,5.84,Standard,Bank Transfer
O004224,2025-05-01,C01898,P0120,1,46.47,0.1,41.82,16.94,Same Day,Bank Transfer
O003168,2025-05-01,C02026,P0144,2,32.14,0.0,64.28,32.92,Standard,Bank Transfer
O006280,2025-05-02,C00954,P0076,2,48.63,0.1,87.53,31.89,Same Day,Bank Transfer
O008860,2025-05-02,C03059,P0051,1,35.19,0.1,31.67,7.86,Second Class,UPI
O010328,2025-05-02,C02806,P0151,2,33.54,0.1,60.37,11.41,Standard,Credit Card
O003069,2025-05-02,C02028,P0118,2,13.33,0.05,25.33,4.77,First Class,Debit Card
O011292,2025-05-02,C02693,P0109,2,33.7,0.1,60.66,24.34,Second Class,Debit Card
O010206,2025-05-02,C00195,P0139,2,48.37,0.0,96.74,47.2,Second Class,Credit Card
O010075,2025-05-02,C00795,P0134,1,38.78,0.1,34.9,4.35,Same Day,Credit Card
O006122,2025-05-02,C00319,P0117,1,27.87,0.05,26.48,8.33,First Class,PayPal
O008071,2025-05-02,C02697,P0177,1,28.74,0.15,24.43,7.51,Same Day,UPI
O007412,2025-05-02,C02134,P0127,2,14.97,0.0,29.94,11.62,Second Class,Bank Transfer
O005231,2025-05-02,C02579,P0152,1,35.7,0.1,32.13,5.24,Same Day,Credit Card
O003638,2025-05-02,C00767,P0119,2,59.91,0.2,95.86,11.52,Standard,UPI
O001759,2025-05-03,C03000,P0138,1,23.12,0.2,18.5,7.26,Same Day,PayPal
O006358,2025-05-03,C02260,P0049,2,35.64,0.1,64.15,20.83,First Class,UPI
O003366,2025-05-03,C02497,P0163,1,60.53,0.1,54.48,7.76,First Class,Bank Transfer
O011223,2025-05-03,C03329,P0061,2,20.87,0.0,41.74,19.9,Second Class,Bank Transfer
O002395,2025-05-03,C01878,P0112,2,28.02,0.0,56.04,17.4,Same Day,Bank Transfer
O003108,2025-05-03,C02525,P0109,2,33.7,0.2,53.92,17.6,Same Day,UPI
O007655,2025-05-03,C00492,P0053,1,18.36,0.1,16.52,4.8,First Class,PayPal
O004128,2025-05-03,C00542,P0031,3,19.28,0.05,54.95,9.92,Same Day,Credit Card
O006898,2025-05-03,C02107,P0070,1,18.74,0.15,15.93,2.87,Second Class,PayPal
O002173,2025-05-03,C00739,P0099,2,28.6,0.0,57.2,29.46,Second Class,Credit Card
O011828,2025-05-03,C01043,P0030,2,23.58,0.1,42.44,11.5,Standard,Bank Transfer
O007002,2025-05-03,C02580,P0007,2,79.56,0.0,159.12,31.86,Second Class,PayPal
O000859,2025-05-03,C00749,P0067,1,27.2,0.0,27.2,13.67,Second Class,PayPal
O008072,2025-05-03,C00771,P0036,1,12.89,0.05,12.25,4.78,Same Day,PayPal
O007106,2025-05-03,C00163,P0162,3,47.54,0.15,121.23,7.65,First Class,Credit Card
O010833,2025-05-03,C02499,P0064,2,13.1,0.15,22.27,7.77,Same Day,PayPal
O000297,2025-05-04,C03172,P0170,4,17.46,0.1,62.86,9.7,Second Class,Debit Card
O004643,2025-05-04,C02250,P0132,5,29.8,0.05,141.55,50.45,Same Day,Bank Transfer
O009229,2025-05-04,C00257,P0059,2,35.35,0.15,60.09,6.39,Second Class,Credit Card
O011506,2025-05-04,C02762,P0051,4,35.19,0.0,140.76,45.52,Same Day,Debit Card
O010856,2025-05-04,C02104,P0009,1,21.01,0.05,19.96,3.34,First Class,PayPal
O008517,2025-05-04,C00249,P0108,1,31.93,0.1,28.74,8.27,Standard,UPI
O010153,2025-05-04,C02018,P0061,1,20.87,0.1,18.78,7.86,Second Class,Bank Transfer
O008373,2025-05-04,C02955,P0045,1,10.9,0.1,9.81,1.98,Standard,UPI
O006815,2025-05-04,C01877,P0160,3,43.67,0.2,104.81,7.34,Standard,Credit Card
O010848,2025-05-04,C01689,P0151,2,33.54,0.0,67.08,18.12,Standard,Debit Card
O001224,2025-05-04,C02421,P0153,1,18.32,0.05,17.4,6.85,Same Day,UPI
O002975,2025-05-04,C00418,P0033,1,28.25,0.15,24.01,3.76,Standard,PayPal
O006272,2025-05-04,C00230,P0044,1,23.44,0.05,22.27,5.84,Same Day,PayPal
O001099,2025-05-04,C00947,P0136,1,78.06,0.05,74.16,34.85,Same Day,PayPal
O004429,2025-05-04,C00794,P0122,4,15.78,0.05,59.96,15.88,Standard,Credit Card
O003587,2025-05-04,C02135,P0025,1,20.01,0.15,17.01,3.53,Same Day,PayPal
O008398,2025-05-05,C01980,P0157,5,95.85,0.15,407.36,15.91,First Class,Bank Transfer
O005375,2025-05-05,C02467,P0148,1,12.08,0.05,11.48,2.82,Second Class,UPI
O002178,2025-05-05,C00933,P0016,4,19.78,0.1,71.21,10.29,Same Day,UPI
O010921,2025-05-05,C02205,P0002,1,26.05,0.0,26.05,7.15,Same Day,Credit Card
O011358,2025-05-05,C01145,P0001,1,39.36,0.1,35.42,13.91,Standard,PayPal
O010581,2025-05-05,C02665,P0156,2,17.92,0.0,35.84,8.8,Same Day,PayPal
O011756,2025-05-05,C03101,P0011,1,21.09,0.15,17.93,7.7,First Class,UPI
O011761,2025-05-05,C01342,P0095,1,22.09,0.1,19.88,6.13,Standard,Debit Card
O003021,2025-05-05,C01798,P0028,1,36.39,0.15,30.93,1.21,Same Day,Credit Card
O003389,2025-05-05,C03108,P0159,3,13.14,0.05,37.45,13.54,First Class,Debit Card
O004650,2025-05-05,C01744,P0139,4,48.37,0.3,135.44,36.36,First Class,Debit Card
O003387,2025-05-05,C00958,P0106,1,37.06,0.3,25.94,6.92,Second Class,PayPal
O009121,2025-05-05,C03332,P0044,1,23.44,0.1,21.1,4.67,Second Class,UPI
O000452,2025-05-05,C00505,P0034,2,14.33,0.05,27.23,6.63,Second Class,Credit Card
O001289,2025-05-05,C01038,P0007,2,79.56,0.0,159.12,31.86,Same Day,Debit Card
O002371,2025-05-05,C02418,P0010,2,40.56,0.3,56.78,7.64,Second Class,Credit Card
O001474,2025-05-05,C03401,P0162,2,47.54,0.15,80.82,5.1,Standard,Credit Card
O011829,2025-05-06,C02093,P0089,2,20.2,0.15,34.34,5.88,Standard,UPI
O000092,2025-05-06,C02565,P0172,1,16.77,0.0,16.77,3.61,Second Class,Credit Card
O009307,2025-05-06,C01102,P0033,1,28.25,0.0,28.25,8.0,Standard,Debit Card
O004380,2025-05-06,C01184,P0126,1,118.37,0.15,100.61,20.63,Second Class,Credit Card
O003217,2025-05-06,C02318,P0176,2,48.8,0.0,97.6,47.72,Standard,PayPal
O004686,2025-05-06,C00750,P0114,1,141.33,0.15,120.13,50.11,Second Class,Credit Card
O004451,2025-05-06,C01704,P0141,1,33.04,0.15,28.08,11.42,Second Class,UPI
O009635,2025-05-06,C01468,P0048,1,56.66,0.15,48.16,14.45,First Class,PayPal
O009411,2025-05-06,C03096,P0041,1,46.06,0.05,43.76,13.64,Same Day,PayPal
O006080,2025-05-06,C03197,P0001,2,39.36,0.15,66.91,23.89,Second Class,UPI
O002383,2025-05-06,C00964,P0129,2,30.41,0.15,51.7,13.04,First Class,Credit Card
O009719,2025-05-06,C00766,P0111,1,8.19,0.1,7.37,2.33,First Class,UPI
O000720,2025-05-06,C00580,P0144,1,32.14,0.1,28.93,13.25,Same Day,PayPal
O004609,2025-05-06,C00528,P0176,1,48.8,0.0,48.8,23.86,Standard,PayPal
O005515,2025-05-06,C02318,P0180,1,167.02,0.2,133.62,20.89,Second Class,Credit Card
O000516,2025-05-06,C03401,P0162,4,47.54,0.2,152.13,0.69,First Class,Debit Card
O008078,2025-05-06,C00220,P0147,3,12.76,0.0,38.28,18.36,Same Day,UPI
O000959,2025-05-06,C00476,P0030,1,23.58,0.15,20.04,4.57,Standard,Debit Card
O003952,2025-05-06,C01029,P0088,1,35.29,0.3,24.7,-0.81,Same Day,Credit Card
O007792,2025-05-06,C02882,P0050,1,9.06,0.1,8.15,3.51,Standard,PayPal
O006220,2025-05-07,C00992,P0053,2,18.36,0.0,36.72,13.28,First Class,Bank Transfer
O001551,2025-05-07,C01491,P0160,1,43.67,0.0,43.67,11.18,Second Class,PayPal
O001470,2025-05-07,C01914,P0006,2,24.48,0.2,39.17,12.73,Same Day,UPI
O006216,2025-05-07,C00820,P0103,1,22.81,0.05,21.67,4.09,Standard,Credit Card
O011408,2025-05-07,C02737,P0171,5,15.99,0.1,71.95,24.85,Same Day,Debit Card
O006647,2025-05-07,C01080,P0031,1,19.28,0.1,17.35,2.34,First Class,PayPal
O009167,2025-05-07,C00472,P0033,3,28.25,0.05,80.51,19.76,Standard,PayPal
O010166,2025-05-07,C00203,P0091,1,30.36,0.15,25.81,1.38,Same Day,Credit Card
O009568,2025-05-07,C01481,P0092,2,53.5,0.2,85.6,7.4,First Class,Bank Transfer
O008989,2025-05-07,C00050,P0179,2,24.0,0.15,40.8,2.24,First Class,UPI
O001259,2025-05-07,C02000,P0094,2,23.04,0.05,43.78,12.08,Same Day,Credit Card
O006002,2025-05-07,C02964,P0060,1,53.74,0.0,53.74,21.36,First Class,Credit Card
O009648,2025-05-07,C00619,P0051,4,35.19,0.3,98.53,3.29,Second Class,Bank Transfer
O000002,2025-05-07,C02076,P0051,2,35.19,0.1,63.34,15.72,Second Class,UPI
O009976,2025-05-08,C01967,P0145,2,33.75,0.2,54.0,2.9,First Class,Debit Card
O010078,2025-05-08,C00286,P0150,1,34.57,0.1,31.11,4.2,Same Day,UPI
O007247,2025-05-08,C00314,P0053,5,18.36,0.1,82.62,24.02,Same Day,PayPal
O006371,2025-05-08,C00379,P0099,3,28.6,0.1,77.22,35.61,Same Day,Credit Card
O011333,2025-05-08,C01087,P0093,1,18.06,0.0,18.06,5.99,First Class,Bank Transfer
O007811,2025-05-08,C00789,P0134,1,38.78,0.0,38.78,8.23,Standard,PayPal
O006677,2025-05-08,C01277,P0140,1,12.81,0.0,12.81,3.69,First Class,PayPal
O001837,2025-05-08,C02456,P0063,2,13.89,0.15,23.61,3.01,First Class,PayPal
O007092,2025-05-08,C03462,P0168,1,97.8,0.05,92.91,15.95,Same Day,UPI
O009589,2025-05-08,C03255,P0166,3,37.27,0.05,106.22,23.87,Standard,PayPal
O006823,2025-05-08,C00858,P0141,1,33.04,0.1,29.74,13.08,Second Class,Credit Card
O000445,2025-05-08,C02165,P0090,2,39.79,0.0,79.58,33.8,Same Day,PayPal
O004134,2025-05-08,C01848,P0048,5,56.66,0.05,269.13,100.58,First Class,UPI
O005148,2025-05-09,C01450,P0021,1,73.9,0.1,66.51,26.78,Standard,UPI
O004327,2025-05-09,C03080,P0100,2,24.47,0.0,48.94,23.52,Same Day,UPI
O008688,2025-05-09,C01526,P0019,1,15.8,0.15,13.43,1.27,Same Day,Bank Transfer
O011855,2025-05-09,C00830,P0005,1,24.48,0.15,20.81,3.69,First Class,Bank Transfer
O006771,2025-05-09,C03143,P0099,1,28.6,0.1,25.74,11.87,Standard,PayPal
O008467,2025-05-09,C00283,P0039,2,12.02,0.0,24.04,5.42,First Class,Credit Card
O005790,2025-05-09,C00231,P0155,4,34.48,0.15,117.23,15.83,Standard,Bank Transfer
O007197,2025-05-09,C03277,P0040,3,32.39,0.3,68.02,-8.78,Standard,PayPal
O009250,2025-05-09,C02484,P0040,2,32.39,0.1,58.3,7.1,Standard,UPI
O007888,2025-05-09,C02626,P0031,1,19.28,0.15,16.39,1.38,First Class,PayPal
O001575,2025-05-09,C00964,P0019,3,15.8,0.15,40.29,3.81,Second Class,Credit Card
O004633,2025-05-09,C02588,P0013,3,33.36,0.2,80.06,17.45,Second Class,Debit Card
O008014,2025-05-09,C02999,P0058,2,23.31,0.0,46.62,23.66,Standard,PayPal
O011263,2025-05-10,C01623,P0066,2,68.82,0.05,130.76,60.7,First Class,PayPal
O001027,2025-05-10,C00755,P0060,1,53.74,0.0,53.74,21.36,Same Day,Debit Card
O004087,2025-05-10,C01136,P0161,2,15.13,0.1,27.23,9.19,First Class,PayPal
O003150,2025-05-10,C02479,P0131,1,10.4,0.1,9.36,1.04,Same Day,Bank Transfer
O000100,2025-05-10,C01977,P0015,1,9.29,0.1,8.36,0.86,First Class,Credit Card
O011435,2025-05-10,C01343,P0122,4,15.78,0.0,63.12,19.04,Standard,Credit Card
O001878,2025-05-10,C02339,P0123,2,70.94,0.05,134.79,65.41,Second Class,Debit Card
O002841,2025-05-10,C01059,P0069,4,36.06,0.1,129.82,34.06,First Class,UPI
O004409,2025-05-10,C02511,P0166,1,37.27,0.15,31.68,4.23,Same Day,Debit Card
O007846,2025-05-10,C02709,P0165,2,53.31,0.0,106.62,28.22,Same Day,PayPal
O011396,2025-05-10,C02475,P0100,1,24.47,0.2,19.58,6.87,Second Class,Credit Card
O000719,2025-05-11,C01872,P0085,3,16.85,0.1,45.5,18.56,Same Day,Bank Transfer
O004236,2025-05-11,C01645,P0119,3,59.91,0.0,179.73,53.22,Second Class,Bank Transfer
O008596,2025-05-11,C03477,P0119,1,59.91,0.15,50.92,8.75,First Class,Credit Card
O001678,2025-05-11,C00200,P0112,1,28.02,0.1,25.22,5.9,Second Class,PayPal
O010200,2025-05-11,C02889,P0112,1,28.02,0.1,25.22,5.9,Same Day,Debit Card
O011345,2025-05-11,C01645,P0143,2,10.03,0.0,20.06,4.66,Same Day,Credit Card
O002888,2025-05-11,C01493,P0113,1,29.64,0.0,29.64,9.01,Same Day,Debit Card
O003714,2025-05-11,C00315,P0030,5,23.58,0.1,106.11,28.76,Standard,UPI
O007614,2025-05-11,C02142,P0111,1,8.19,0.15,6.96,1.92,Standard,Credit Card
O006740,2025-05-11,C00746,P0094,2,23.04,0.15,39.17,7.47,First Class,UPI
O007511,2025-05-11,C01179,P0108,2,31.93,0.0,63.86,22.92,First Class,Debit Card
O000716,2025-05-11,C00860,P0108,1,31.93,0.1,28.74,8.27,Second Class,Debit Card
O007756,2025-05-11,C01746,P0012,2,21.06,0.1,37.91,4.39,Same Day,Debit Card
O006007,2025-05-11,C00259,P0146,2,47.38,0.15,80.55,25.99,Second Class,PayPal
O008862,2025-05-11,C02819,P0043,2,26.44,0.05,50.24,10.5,First Class,Credit Card
O009655,2025-05-12,C01517,P0119,1,59.91,0.15,50.92,8.75,Standard,Credit Card
O003993,2025-05-12,C01723,P0134,1,38.78,0.15,32.96,2.41,First Class,Debit Card
O009543,2025-05-12,C03133,P0014,1,8.22,0.2,6.58,-0.07,Standard,PayPal
O001819,2025-05-12,C01219,P0049,2,35.64,0.05,67.72,24.4,Same Day,UPI
O008585,2025-05-12,C01070,P0173,2,27.11,0.15,46.09,12.89,Second Class,PayPal
O006933,2025-05-12,C00675,P0103,1,22.81,0.05,21.67,4.09,Standard,Bank Transfer
O003036,2025-05-12,C00406,P0081,5,24.71,0.05,117.37,22.97,Second Class,Bank Transfer
O008123,2025-05-12,C00970,P0150,1,34.57,0.15,29.38,2.47,Second Class,PayPal
O010866,2025-05-12,C02241,P0015,2,9.29,0.3,13.01,-1.99,Second Class,UPI
O010679,2025-05-12,C03397,P0090,2,39.79,0.1,71.62,25.84,Standard,Credit Card
O008100,2025-05-12,C03411,P0052,2,22.19,0.0,44.38,22.54,Second Class,PayPal
O000651,2025-05-12,C03248,P0144,3,32.14,0.15,81.96,34.92,Same Day,UPI
O003684,2025-05-12,C01712,P0021,1,73.9,0.15,62.82,23.09,Same Day,PayPal
O010361,2025-05-12,C01968,P0011,1,21.09,0.05,20.04,9.81,First Class,UPI
O003209,2025-05-12,C03016,P0125,1,41.74,0.3,29.22,-4.16,Same Day,Credit Card
O010157,2025-05-12,C01834,P0024,1,11.29,0.1,10.16,2.07,First Class,Credit Card
O001136,2025-05-12,C01439,P0142,2,66.66,0.15,113.32,34.86,Standard,Bank Transfer
O011754,2025-05-12,C02097,P0018,2,34.96,0.0,69.92,27.2,Same Day,Debit Card
O001777,2025-05-12,C01600,P0002,1,26.05,0.05,24.75,5.85,Second Class,Bank Transfer
O004939,2025-05-12,C02630,P0168,4,97.8,0.15,332.52,24.68,Standard,Debit Card
O011243,2025-05-13,C02197,P0010,1,40.56,0.05,38.53,13.96,Standard,UPI
O002416,2025-05-13,C00143,P0059,2,35.35,0.0,70.7,17.0,Second Class,Bank Transfer
O003521,2025-05-13,C00120,P0126,2,118.37,0.0,236.74,76.78,Second Class,PayPal
O008864,2025-05-13,C01731,P0094,4,23.04,0.1,82.94,19.54,Same Day,PayPal
O009421,2025-05-13,C02383,P0128,1,19.73,0.0,19.73,5.94,Second Class,Credit Card
O002521,2025-05-13,C01190,P0105,1,25.67,0.1,23.1,6.64,Same Day,Credit Card
O002158,2025-05-13,C03460,P0103,2,22.81,0.0,45.62,10.46,Standard,Bank Transfer
O009384,2025-05-13,C00857,P0180,1,167.02,0.0,167.02,54.29,Same Day,Debit Card
O010271,2025-05-13,C00950,P0057,2,16.52,0.2,26.43,10.23,First Class,Credit Card
O004994,2025-05-13,C03262,P0105,1,25.67,0.05,24.39,7.93,Second Class,PayPal
O001727,2025-05-13,C00694,P0072,1,77.46,0.0,77.46,14.58,Standard,Credit Card
O009206,2025-05-13,C03002,P0033,1,28.25,0.15,24.01,3.76,Standard,Bank Transfer
O010739,2025-05-13,C01765,P0023,1,29.78,0.05,28.29,4.52,Second Class,Bank Transfer
O006225,2025-05-13,C00531,P0069,2,36.06,0.1,64.91,17.03,Second Class,Credit Card
O001734,2025-05-14,C03143,P0177,1,28.74,0.05,27.3,10.38,Second Class,Bank Transfer
O003606,2025-05-14,C02075,P0167,1,48.63,0.15,41.34,16.29,First Class,UPI
O011093,2025-05-14,C01373,P0129,2,30.41,0.1,54.74,16.08,Standard,Credit Card
O000883,2025-05-14,C02475,P0063,1,13.89,0.15,11.81,1.51,First Class,PayPal
O009845,2025-05-14,C00910,P0139,1,48.37,0.05,45.95,21.18,First Class,PayPal
O008009,2025-05-14,C00818,P0080,1,7.83,0.0,7.83,1.51,Same Day,UPI
O009487,2025-05-14,C00917,P0026,4,30.63,0.3,85.76,22.92,Same Day,Credit Card
O010960,2025-05-14,C00275,P0174,1,35.58,0.15,30.24,13.03,Standard,Debit Card
O004920,2025-05-14,C02865,P0180,3,167.02,0.15,425.9,87.71,Same Day,Bank Transfer
O007114,2025-05-15,C03271,P0177,1,28.74,0.15,24.43,7.51,Standard,Credit Card
O002335,2025-05-15,C01786,P0159,1,13.14,0.15,11.17,3.2,Standard,UPI
O010967,2025-05-15,C01707,P0003,1,43.42,0.15,36.91,11.92,Standard,Credit Card
O004530,2025-05-15,C00160,P0148,2,12.08,0.05,22.95,5.63,Same Day,UPI
O006522,2025-05-15,C03461,P0135,2,15.68,0.2,25.09,7.95,First Class,Debit Card
O000177,2025-05-15,C00421,P0087,1,51.68,0.15,43.93,9.47,Same Day,PayPal
O011429,2025-05-15,C01007,P0076,3,48.63,0.0,145.89,62.43,Second Class,UPI
O000541,2025-05-15,C00198,P0033,1,28.25,0.0,28.25,8.0,Standard,Credit Card
O004471,2025-05-15,C02328,P0057,1,16.52,0.15,14.04,5.94,First Class,Credit Card
O008389,2025-05-15,C00823,P0082,1,35.95,0.1,32.36,6.6,Same Day,Credit Card
O000241,2025-05-15,C02106,P0096,1,11.01,0.2,8.81,2.6,Same Day,UPI
O004579,2025-05-15,C00170,P0101,2,11.36,0.1,20.45,9.19,Standard,Debit Card
O009155,2025-05-15,C01981,P0079,1,30.25,0.15,25.71,10.93,Same Day,UPI
O010436,2025-05-16,C03386,P0170,5,17.46,0.0,87.3,20.85,Standard,PayPal
O001359,2025-05-16,C01830,P0113,2,29.64,0.05,56.32,15.06,Same Day,PayPal
O006378,2025-05-16,C02326,P0139,1,48.37,0.15,41.11,16.34,Same Day,PayPal
O000073,2025-05-16,C03446,P0003,1,43.42,0.1,39.08,14.09,Standard,PayPal
O010737,2025-05-16,C00572,P0015,3,9.29,0.3,19.51,-2.99,First Class,UPI
O007820,2025-05-16,C02063,P0148,3,12.08,0.05,34.43,8.45,Same Day,UPI
O009525,2025-05-16,C00062,P0103,2,22.81,0.05,43.34,8.18,Same Day,Credit Card
O001173,2025-05-16,C03360,P0104,1,16.92,0.15,14.38,2.21,First Class,Bank Transfer
O004989,2025-05-17,C02871,P0163,1,60.53,0.05,57.5,10.78,Second Class,Credit Card
O006003,2025-05-17,C00889,P0012,2,21.06,0.15,35.8,2.28,First Class,Bank Transfer
O005404,2025-05-17,C01180,P0005,2,24.48,0.15,41.62,7.38,Second Class,Credit Card
O007298,2025-05-17,C01375,P0059,4,35.35,0.15,120.19,12.79,First Class,PayPal
O010209,2025-05-17,C01674,P0134,1,38.78,0.05,36.84,6.29,Second Class,Debit Card
O000217,2025-05-17,C01686,P0111,5,8.19,0.1,36.85,11.65,Standard,Credit Card
O006149,2025-05-17,C01287,P0138,4,23.12,0.0,92.48,47.52,Standard,Debit Card
O002197,2025-05-17,C01852,P0014,1,8.22,0.05,7.81,1.16,First Class,PayPal
O005048,2025-05-17,C01423,P0156,2,17.92,0.1,32.26,5.22,First Class,Bank Transfer
O000023,2025-05-17,C02259,P0112,3,28.02,0.05,79.86,21.9,Second Class,UPI
O004724,2025-05-17,C01596,P0090,1,39.79,0.1,35.81,12.92,Standard,Bank Transfer
O003149,2025-05-17,C01890,P0070,2,18.74,0.15,31.86,5.74,Second Class,Debit Card
O010926,2025-05-17,C03398,P0170,1,17.46,0.1,15.71,2.42,Second Class,Bank Transfer
O005736,2025-05-17,C01330,P0148,2,12.08,0.1,21.74,4.42,Second Class,Credit Card
O007801,2025-05-17,C02489,P0102,1,21.68,0.0,21.68,10.97,First Class,PayPal
O009192,2025-05-17,C03295,P0146,1,47.38,0.2,37.9,10.62,Second Class,UPI
O000581,2025-05-18,C02774,P0052,1,22.19,0.1,19.97,9.05,Same Day,Credit Card
O003031,2025-05-18,C00479,P0154,2,33.15,0.1,59.67,23.85,First Class,PayPal
O011893,2025-05-18,C00624,P0144,1,32.14,0.05,30.53,14.85,Second Class,UPI
O011554,2025-05-18,C00729,P0173,2,27.11,0.0,54.22,21.02,Second Class,Credit Card
O005728,2025-05-18,C00663,P0100,1,24.47,0.15,20.8,8.09,Standard,Bank Transfer
O007929,2025-05-18,C02826,P0031,1,19.28,0.15,16.39,1.38,Same Day,PayPal
O002950,2025-05-18,C02535,P0038,1,7.97,0.2,6.38,0.36,First Class,Credit Card
O001344,2025-05-18,C00891,P0133,1,14.29,0.15,12.15,0.62,Same Day,Bank Transfer
O005450,2025-05-18,C01179,P0145,1,33.75,0.05,32.06,6.51,Same Day,UPI
O006382,2025-05-18,C01749,P0073,1,27.85,0.1,25.07,6.81,Same Day,Credit Card
O008675,2025-05-18,C00537,P0160,1,43.67,0.05,41.49,9.0,Standard,UPI
O004791,2025-05-18,C03495,P0081,1,24.71,0.15,21.0,2.12,First Class,PayPal
O008887,2025-05-18,C01941,P0033,1,28.25,0.2,22.6,2.35,Second Class,Credit Card
O006165,2025-05-19,C00475,P0149,1,40.02,0.3,28.01,0.24,First Class,PayPal
O002966,2025-05-19,C01224,P0124,1,11.46,0.1,10.31,2.53,Standard,Bank Transfer
O008503,2025-05-19,C03418,P0099,2,28.6,0.0,57.2,29.46,Same Day,Credit Card
O004135,2025-05-19,C03312,P0102,1,21.68,0.1,19.51,8.8,First Class,Credit Card
O002084,2025-05-19,C00898,P0054,2,42.42,0.05,80.6,24.22,Second Class,Debit Card
O011985,2025-05-19,C00867,P0051,1,35.19,0.05,33.43,9.62,Standard,Bank Transfer
O000694,2025-05-19,C02969,P0006,1,24.48,0.0,24.48,11.26,First Class,Credit Card
O008200,2025-05-19,C01348,P0174,3,35.58,0.0,106.74,55.11,First Class,Bank Transfer
O003739,2025-05-19,C02701,P0173,1,27.11,0.1,24.4,7.8,First Class,Credit Card
O000180,2025-05-19,C02963,P0175,1,34.12,0.05,32.41,5.53,Second Class,UPI
O010516,2025-05-19,C02638,P0078,1,23.47,0.3,16.43,4.54,Same Day,PayPal
O002601,2025-05-19,C02703,P0174,1,35.58,0.1,32.02,14.81,First Class,Credit Card
O011016,2025-05-19,C00524,P0143,3,10.03,0.1,27.08,3.98,Same Day,Credit Card
O010762,2025-05-19,C01863,P0065,2,48.33,0.1,86.99,20.13,First Class,Bank Transfer
O006775,2025-05-19,C02971,P0072,1,77.46,0.1,69.71,6.83,First Class,Debit Card
O011513,2025-05-19,C00989,P0063,1,13.89,0.15,11.81,1.51,First Class,Bank Transfer
O005832,2025-05-19,C00742,P0062,3,25.26,0.15,64.41,14.58,Second Class,UPI
O006772,2025-05-19,C03124,P0003,1,43.42,0.2,34.74,9.75,Standard,PayPal
O011054,2025-05-19,C01483,P0057,1,16.52,0.3,11.56,3.46,Standard,Credit Card
O002006,2025-05-20,C01512,P0151,1,33.54,0.05,31.86,7.38,Standard,UPI
O003734,2025-05-20,C01685,P0174,3,35.58,0.3,74.72,23.09,Standard,UPI
O002210,2025-05-20,C02207,P0136,3,78.06,0.2,187.34,69.41,Standard,UPI
O011044,2025-05-20,C00005,P0033,1,28.25,0.1,25.43,5.18,Standard,Debit Card
O006490,2025-05-20,C01486,P0068,2,54.72,0.1,98.5,26.2,Standard,UPI
O009093,2025-05-20,C01678,P0071,1,36.05,0.0,36.05,9.85,Same Day,Credit Card
O008247,2025-05-20,C01807,P0003,1,43.42,0.2,34.74,9.75,First Class,Credit Card
O010095,2025-05-20,C00392,P0076,2,48.63,0.15,82.67,27.03,Same Day,PayPal
O009895,2025-05-20,C01315,P0044,1,23.44,0.15,19.92,3.49,First Class,UPI
O005071,2025-05-20,C02116,P0152,2,35.7,0.2,57.12,3.34,Standard,Debit Card
O007863,2025-05-20,C01111,P0138,3,23.12,0.15,58.96,25.24,Same Day,UPI
O008766,2025-05-20,C02523,P0070,1,18.74,0.15,15.93,2.87,First Class,PayPal
O011918,2025-05-20,C03468,P0103,2,22.81,0.15,38.78,3.62,First Class,Credit Card
O005237,2025-05-21,C01662,P0161,5,15.13,0.0,75.65,30.55,First Class,Bank Transfer
O005131,2025-05-21,C01475,P0115,2,25.15,0.0,50.3,19.74,Second Class,Debit Card
O004497,2025-05-21,C03429,P0085,1,16.85,0.2,13.48,4.5,First Class,Debit Card
O005496,2025-05-21,C01808,P0164,3,16.72,0.0,50.16,18.78,Same Day,Bank Transfer
O008357,2025-05-21,C01113,P0033,3,28.25,0.2,67.8,7.05,Second Class,Debit Card
O008457,2025-05-21,C03014,P0151,5,33.54,0.1,150.93,28.53,Second Class,Debit Card
O000878,2025-05-21,C00966,P0072,1,77.46,0.2,61.97,-0.91,Second Class,Bank Transfer
O011580,2025-05-21,C00179,P0093,2,18.06,0.05,34.31,10.17,First Class,PayPal
O011968,2025-05-21,C01488,P0081,1,24.71,0.0,24.71,5.83,First Class,Bank Transfer
O008249,2025-05-21,C02816,P0171,2,15.99,0.2,25.58,6.74,Second Class,Credit Card
O007026,2025-05-21,C01058,P0066,1,68.82,0.1,61.94,26.91,First Class,PayPal
O002867,2025-05-21,C01430,P0025,4,20.01,0.1,72.04,18.12,Standard,Debit Card
O001261,2025-05-21,C01418,P0057,2,16.52,0.3,23.13,6.93,Standard,Bank Transfer
O000455,2025-05-21,C03227,P0037,1,32.65,0.1,29.38,4.72,Second Class,UPI
O010170,2025-05-22,C02189,P0173,1,27.11,0.0,27.11,10.51,First Class,UPI
O007661,2025-05-22,C02478,P0006,1,24.48,0.05,23.26,10.04,Standard,UPI
O011760,2025-05-22,C01940,P0058,1,23.31,0.05,22.14,10.66,Second Class,UPI
O011627,2025-05-22,C02596,P0022,2,24.61,0.1,44.3,11.36,First Class,Credit Card
O003642,2025-05-22,C01055,P0011,3,21.09,0.1,56.94,26.25,Second Class,PayPal
O006423,2025-05-22,C00465,P0167,1,48.63,0.1,43.77,18.72,Second Class,Credit Card
O011835,2025-05-22,C03113,P0032,3,95.01,0.15,242.28,33.69,Same Day,UPI
O002761,2025-05-22,C01236,P0070,2,18.74,0.1,33.73,7.61,Second Class,Bank Transfer
O008546,2025-05-22,C01816,P0079,1,30.25,0.05,28.74,13.96,Standard,Debit Card
O007720,2025-05-22,C02420,P0020,2,11.38,0.15,19.35,5.97,Standard,Credit Card
O007821,2025-05-22,C02548,P0150,1,34.57,0.15,29.38,2.47,Second Class,Debit Card
O005278,2025-05-22,C02141,P0138,1,23.12,0.15,19.65,8.41,Standard,PayPal
O005172,2025-05-22,C03308,P0004,3,76.71,0.0,230.13,117.78,First Class,Bank Transfer
O005267,2025-05-22,C01894,P0082,1,35.95,0.15,30.56,4.8,Second Class,Debit Card
O009618,2025-05-22,C00095,P0058,2,23.31,0.1,41.96,19.0,First Class,PayPal
O011980,2025-05-22,C00915,P0127,2,14.97,0.0,29.94,11.62,First Class,Debit Card
O005020,2025-05-22,C02568,P0151,1,33.54,0.15,28.51,4.03,Same Day,Debit Card
O001007,2025-05-22,C02048,P0116,1,34.67,0.05,32.94,8.92,Standard,Debit Card
O006537,2025-05-22,C01573,P0061,2,20.87,0.15,35.48,13.64,Second Class,PayPal
O007826,2025-05-23,C00938,P0129,4,30.41,0.2,97.31,19.99,First Class,Bank Transfer
O003232,2025-05-23,C03204,P0070,1,18.74,0.15,15.93,2.87,Second Class,Credit Card
O005614,2025-05-23,C03044,P0174,3,35.58,0.1,96.07,44.44,Same Day,Debit Card
O001788,2025-05-23,C01769,P0176,1,48.8,0.0,48.8,23.86,Same Day,Debit Card
O000690,2025-05-23,C03445,P0086,1,20.57,0.05,19.54,7.92,Standard,PayPal
O004769,2025-05-23,C01635,P0098,1,33.77,0.0,33.77,8.86,Standard,UPI
O010931,2025-05-23,C01203,P0069,1,36.06,0.2,28.85,4.91,Standard,Debit Card
O003803,2025-05-23,C01652,P0006,2,24.48,0.0,48.96,22.52,Second Class,PayPal
O003104,2025-05-23,C01973,P0073,1,27.85,0.15,23.67,5.41,Same Day,Credit Card
O006643,2025-05-23,C01196,P0045,1,10.9,0.2,8.72,0.89,Second Class,UPI
O005892,2025-05-23,C02999,P0053,1,18.36,0.0,18.36,6.64,Second Class,Bank Transfer
O008294,2025-05-23,C01003,P0032,1,95.01,0.1,85.51,15.98,Same Day,Debit Card
O003121,2025-05-23,C02894,P0145,1,33.75,0.05,32.06,6.51,Same Day,Debit Card
O000496,2025-05-23,C01395,P0130,1,20.55,0.2,16.44,2.76,First Class,Bank Transfer
O005926,2025-05-23,C03431,P0159,1,13.14,0.1,11.83,3.86,First Class,UPI
O004879,2025-05-23,C02647,P0010,1,40.56,0.0,40.56,15.99,Same Day,PayPal
O009072,2025-05-23,C03458,P0152,1,35.7,0.15,30.35,3.46,Second Class,Debit Card
O007045,2025-05-23,C02942,P0104,2,16.92,0.15,28.76,4.42,First Class,PayPal
O004648,2025-05-23,C00085,P0138,3,23.12,0.3,48.55,14.83,Second Class,Debit Card
O007819,2025-05-23,C03189,P0176,2,48.8,0.05,92.72,42.84,Standard,Debit Card
O000420,2025-05-23,C01546,P0147,1,12.76,0.15,10.85,4.21,First Class,Credit Card
O000605,2025-05-23,C03274,P0067,2,27.2,0.0,54.4,27.34,Same Day,Debit Card
O010263,2025-05-23,C01000,P0142,1,66.66,0.05,63.33,24.1,First Class,Bank Transfer
O003948,2025-05-24,C02613,P0069,1,36.06,0.1,32.45,8.51,Same Day,Bank Transfer
O003821,2025-05-24,C01085,P0163,1,60.53,0.15,51.45,4.73,Standard,Debit Card
O005697,2025-05-24,C00045,P0114,1,141.33,0.0,141.33,71.31,Second Class,Bank Transfer
O009961,2025-05-24,C02743,P0035,1,48.65,0.0,48.65,19.35,Standard,Credit Card
O002792,2025-05-24,C00228,P0163,1,60.53,0.0,60.53,13.81,First Class,UPI
O002448,2025-05-24,C03499,P0124,1,11.46,0.0,11.46,3.68,Standard,Credit Card
O010487,2025-05-24,C00837,P0054,1,42.42,0.3,29.69,1.5,Same Day,Credit Card
O008665,2025-05-24,C00471,P0096,1,11.01,0.2,8.81,2.6,Same Day,UPI
O004246,2025-05-24,C00216,P0151,1,33.54,0.05,31.86,7.38,Second Class,Bank Transfer
O011729,2025-05-24,C00840,P0118,1,13.33,0.05,12.66,2.38,Same Day,UPI
O010883,2025-05-24,C03174,P0046,1,17.85,0.1,16.07,2.67,Standard,Credit Card
O000214,2025-05-24,C01527,P0102,1,21.68,0.1,19.51,8.8,Second Class,UPI
O006173,2025-05-24,C02513,P0130,1,20.55,0.1,18.5,4.82,Second Class,Credit Card
O001161,2025-05-24,C03457,P0156,4,17.92,0.0,71.68,17.6,Second Class,UPI
O002941,2025-05-24,C00250,P0137,1,17.13,0.0,17.13,8.32,Standard,Bank Transfer
O004177,2025-05-24,C01550,P0118,3,13.33,0.2,31.99,1.15,First Class,UPI
O009316,2025-05-25,C02301,P0006,2,24.48,0.15,41.62,15.18,Same Day,Credit Card
O008893,2025-05-25,C03357,P0010,2,40.56,0.0,81.12,31.98,Standard,Debit Card
O011138,2025-05-25,C01228,P0108,5,31.93,0.1,143.69,41.34,Second Class,Credit Card
O007585,2025-05-25,C00019,P0002,2,26.05,0.0,52.1,14.3,Standard,Bank Transfer
O006145,2025-05-25,C02449,P0148,2,12.08,0.1,21.74,4.42,Second Class,Debit Card
O010633,2025-05-25,C02658,P0090,2,39.79,0.1,71.62,25.84,Same Day,Debit Card
O011944,2025-05-25,C03009,P0161,1,15.13,0.1,13.62,4.6,First Class,Debit Card
O002789,2025-05-25,C02476,P0107,1,97.13,0.15,82.56,19.7,First Class,UPI
O009309,2025-05-25,C01646,P0127,1,14.97,0.15,12.72,3.56,First Class,Credit Card
O010593,2025-05-25,C00670,P0125,2,41.74,0.1,75.13,8.37,Standard,UPI
O000192,2025-05-25,C00078,P0022,1,24.61,0.0,24.61,8.14,Second Class,PayPal
O011597,2025-05-25,C00210,P0162,3,47.54,0.1,128.36,14.78,Second Class,PayPal
O004449,2025-05-25,C01045,P0002,1,26.05,0.0,26.05,7.15,First Class,Debit Card
O010810,2025-05-25,C00238,P0093,3,18.06,0.2,43.34,7.13,First Class,Debit Card
O001510,2025-05-26,C02625,P0082,1,35.95,0.0,35.95,10.19,Standard,Credit Card
O005724,2025-05-26,C02262,P0130,2,20.55,0.05,39.05,11.69,First Class,PayPal
O002648,2025-05-26,C02144,P0137,3,17.13,0.1,46.25,19.82,Standard,Debit Card
O008759,2025-05-26,C02140,P0032,1,95.01,0.05,90.26,20.73,Standard,Debit Card
O003779,2025-05-26,C03447,P0074,3,78.81,0.05,224.61,85.17,Second Class,Debit Card
O000844,2025-05-26,C01928,P0094,3,23.04,0.15,58.75,11.2,Same Day,UPI
O000025,2025-05-26,C00789,P0142,2,66.66,0.05,126.65,48.19,First Class,UPI
O010221,2025-05-26,C01705,P0139,4,48.37,0.0,193.48,94.4,Second Class,Bank Transfer
O000313,2025-05-26,C03017,P0130,3,20.55,0.0,61.65,20.61,Standard,PayPal
O006342,2025-05-26,C01392,P0129,2,30.41,0.3,42.57,3.91,Same Day,Debit Card
O003924,2025-05-26,C02574,P0044,1,23.44,0.0,23.44,7.01,First Class,PayPal
O002660,2025-05-26,C00129,P0158,2,38.78,0.15,65.93,17.83,Standard,PayPal
O005851,2025-05-27,C01376,P0046,1,17.85,0.0,17.85,4.45,First Class,UPI
O006209,2025-05-27,C02780,P0177,1,28.74,0.15,24.43,7.51,Standard,Credit Card
O006339,2025-05-27,C03405,P0154,1,33.15,0.0,33.15,15.24,Second Class,Debit Card
O003362,2025-05-27,C00055,P0040,1,32.39,0.05,30.77,5.17,Standard,PayPal
O009793,2025-05-27,C00736,P0137,1,17.13,0.15,14.56,5.75,Same Day,Bank Transfer
O005788,2025-05-27,C00012,P0019,1,15.8,0.2,12.64,0.48,First Class,PayPal
O009948,2025-05-27,C03441,P0004,2,76.71,0.1,138.08,63.18,Same Day,PayPal
O007088,2025-05-27,C01623,P0104,2,16.92,0.3,23.69,-0.65,Standard,Debit Card
O009921,2025-05-27,C02547,P0043,4,26.44,0.0,105.76,26.28,Standard,Bank Transfer
O008959,2025-05-27,C02863,P0152,2,35.7,0.0,71.4,17.62,Standard,Debit Card
O011550,2025-05-27,C00792,P0131,4,10.4,0.1,37.44,4.16,Same Day,UPI
O005612,2025-05-27,C01338,P0112,2,28.02,0.05,53.24,14.6,Same Day,PayPal
O010714,2025-05-27,C03031,P0078,2,23.47,0.0,46.94,23.16,Same Day,UPI
O005387,2025-05-27,C00475,P0029,3,19.29,0.15,49.19,18.65,First Class,Bank Transfer
O006025,2025-05-27,C00596,P0144,1,32.14,0.15,27.32,11.64,Standard,Bank Transfer
O009013,2025-05-27,C01452,P0026,1,30.63,0.15,26.04,10.33,First Class,Bank Transfer
O002179,2025-05-27,C03293,P0113,1,29.64,0.05,28.16,7.53,Second Class,Debit Card
O007565,2025-05-28,C01730,P0136,1,78.06,0.05,74.16,34.85,Standard,UPI
O008678,2025-05-28,C01245,P0106,1,37.06,0.1,33.35,14.33,Second Class,UPI
O007053,2025-05-28,C00924,P0158,3,38.78,0.0,116.34,44.19,Same Day,Debit Card
O006755,2025-05-28,C03006,P0032,1,95.01,0.1,85.51,15.98,Same Day,Credit Card
O011402,2025-05-28,C01520,P0130,1,20.55,0.0,20.55,6.87,Standard,UPI
O010370,2025-05-28,C01454,P0104,1,16.92,0.0,16.92,4.75,Standard,Bank Transfer
O010139,2025-05-28,C00514,P0027,1,13.49,0.0,13.49,4.19,Standard,Bank Transfer
O004081,2025-05-28,C00479,P0031,1,19.28,0.0,19.28,4.27,Standard,Bank Transfer
O000684,2025-05-28,C01066,P0155,3,34.48,0.1,93.1,17.05,Second Class,Debit Card
O005548,2025-05-28,C02860,P0103,2,22.81,0.15,38.78,3.62,Second Class,Bank Transfer
O002523,2025-05-28,C01378,P0061,1,20.87,0.2,16.7,5.78,Second Class,UPI
O000951,2025-05-28,C02943,P0169,1,24.3,0.1,21.87,6.03,First Class,Bank Transfer
O003947,2025-05-29,C00174,P0176,1,48.8,0.05,46.36,21.42,Same Day,Credit Card
O004379,2025-05-29,C01799,P0037,1,32.65,0.1,29.38,4.72,Second Class,Credit Card
O007380,2025-05-29,C02387,P0097,1,34.55,0.0,34.55,13.78,Standard,Debit Card
O010915,2025-05-29,C01941,P0155,1,34.48,0.0,34.48,9.13,Second Class,UPI
O001451,2025-05-29,C00101,P0037,2,32.65,0.05,62.03,12.71,Standard,UPI
O004528,2025-05-29,C00284,P0091,1,30.36,0.05,28.84,4.41,Standard,Credit Card
O000943,2025-05-29,C01227,P0096,1,11.01,0.15,9.36,3.15,First Class,Debit Card
O007228,2025-05-29,C02327,P0031,2,19.28,0.0,38.56,8.54,Second Class,Bank Transfer
O009039,2025-05-29,C01860,P0077,1,30.16,0.3,21.11,2.13,Same Day,Credit Card
O003777,2025-05-29,C03390,P0068,4,54.72,0.15,186.05,41.45,Same Day,UPI
O004782,2025-05-29,C01790,P0166,1,37.27,0.1,33.54,6.09,Second Class,PayPal
O005852,2025-05-29,C01111,P0090,3,39.79,0.0,119.37,50.7,Standard,PayPal
O004863,2025-05-29,C03220,P0054,2,42.42,0.15,72.11,15.73,First Class,Debit Card
O002680,2025-05-29,C01804,P0114,1,141.33,0.1,127.2,57.18,Standard,UPI
O009629,2025-05-29,C01843,P0065,1,48.33,0.1,43.5,10.07,First Class,PayPal
O009699,2025-05-29,C03143,P0040,1,32.39,0.1,29.15,3.55,First Class,Bank Transfer
O006236,2025-05-30,C00389,P0052,1,22.19,0.0,22.19,11.27,Standard,Debit Card
O001315,2025-05-30,C00747,P0062,3,25.26,0.05,71.99,22.16,Standard,Debit Card
O004162,2025-05-30,C01614,P0046,1,17.85,0.3,12.5,-0.9,First Class,UPI
O008005,2025-05-30,C00060,P0158,2,38.78,0.0,77.56,29.46,First Class,PayPal
O001963,2025-05-30,C00232,P0027,1,13.49,0.0,13.49,4.19,First Class,Credit Card
O005067,2025-05-30,C00395,P0177,1,28.74,0.05,27.3,10.38,Second Class,PayPal
O002458,2025-05-30,C00848,P0082,2,35.95,0.1,64.71,13.19,Standard,Credit Card
O006804,2025-05-30,C01223,P0028,1,36.39,0.1,32.75,3.03,Same Day,Debit Card
O006103,2025-05-30,C03178,P0167,1,48.63,0.2,38.9,13.85,Second Class,Bank Transfer
O011734,2025-05-30,C02225,P0180,2,167.02,0.05,317.34,91.88,Standard,Bank Transfer
O008533,2025-05-30,C03320,P0019,3,15.8,0.0,47.4,10.92,Same Day,Debit Card
O000246,2025-05-30,C01888,P0089,2,20.2,0.0,40.4,11.94,Second Class,Credit Card
O001810,2025-05-30,C00414,P0033,1,28.25,0.2,22.6,2.35,First Class,Credit Card
O002344,2025-05-30,C02128,P0009,4,21.01,0.1,75.64,9.16,Second Class,Credit Card
O011117,2025-05-30,C00945,P0123,2,70.94,0.15,120.6,51.22,Same Day,Debit Card
O001390,2025-05-30,C00407,P0106,2,37.06,0.1,66.71,28.67,Second Class,UPI
O000790,2025-05-30,C00613,P0139,2,48.37,0.1,87.07,37.53,Standard,UPI
O001244,2025-05-30,C01748,P0067,2,27.2,0.0,54.4,27.34,Second Class,Debit Card
O007246,2025-05-30,C02080,P0156,1,17.92,0.2,14.34,0.82,First Class,Credit Card
O011530,2025-05-31,C01823,P0043,2,26.44,0.1,47.59,7.85,Standard,Credit Card
O005433,2025-05-31,C02414,P0152,1,35.7,0.05,33.91,7.02,First Class,Bank Transfer
O000781,2025-05-31,C00573,P0033,1,28.25,0.1,25.43,5.18,Standard,UPI
O008279,2025-05-31,C00159,P0158,3,38.78,0.1,104.71,32.56,First Class,Credit Card
O006596,2025-05-31,C00743,P0114,1,141.33,0.15,120.13,50.11,Standard,PayPal
O000853,2025-05-31,C01312,P0088,1,35.29,0.0,35.29,9.78,Same Day,UPI
O010308,2025-05-31,C00302,P0020,1,11.38,0.1,10.24,3.55,Standard,Bank Transfer
O011410,2025-05-31,C00072,P0149,1,40.02,0.0,40.02,12.25,Same Day,Debit Card
O003497,2025-05-31,C02791,P0094,2,23.04,0.05,43.78,12.08,First Class,PayPal
O004823,2025-05-31,C02823,P0090,3,39.79,0.0,119.37,50.7,First Class,PayPal
O008673,2025-05-31,C03197,P0121,2,47.66,0.15,81.02,32.98,Standard,Credit Card
O001883,2025-05-31,C02614,P0065,3,48.33,0.3,101.49,1.2,Same Day,PayPal
O006290,2025-05-31,C01947,P0075,3,5.19,0.1,14.01,2.34,First Class,Bank Transfer
O004260,2025-05-31,C00455,P0141,2,33.04,0.0,66.08,32.76,Standard,Bank Transfer
O005032,2025-06-01,C00340,P0057,2,16.52,0.05,31.39,15.19,Second Class,PayPal
O007122,2025-06-01,C01635,P0128,1,19.73,0.1,17.76,3.97,Same Day,Debit Card
O006531,2025-06-01,C01935,P0076,1,48.63,0.0,48.63,20.81,First Class,Bank Transfer
O001781,2025-06-01,C01615,P0012,2,21.06,0.0,42.12,8.6,First Class,Debit Card
O009109,2025-06-01,C02508,P0024,2,11.29,0.3,15.81,-0.37,Standard,UPI
O006150,2025-06-01,C02640,P0118,2,13.33,0.1,23.99,3.43,Standard,UPI
O010024,2025-06-01,C02952,P0137,1,17.13,0.05,16.27,7.46,Standard,Credit Card
O004090,2025-06-01,C02585,P0164,1,16.72,0.3,11.7,1.24,Standard,Credit Card
O011228,2025-06-01,C00511,P0118,2,13.33,0.05,25.33,4.77,Second Class,PayPal
O003665,2025-06-01,C02085,P0106,2,37.06,0.2,59.3,21.26,First Class,Credit Card
O002782,2025-06-01,C00748,P0070,1,18.74,0.15,15.93,2.87,Second Class,UPI
O004111,2025-06-01,C00511,P0155,1,34.48,0.1,31.03,5.68,Second Class,Bank Transfer
O002943,2025-06-01,C03482,P0104,3,16.92,0.0,50.76,14.25,Standard,PayPal
O008011,2025-06-01,C02815,P0139,1,48.37,0.0,48.37,23.6,Second Class,UPI
O005897,2025-06-01,C02148,P0112,3,28.02,0.2,67.25,9.29,Second Class,Debit Card
O001408,2025-06-01,C01585,P0173,2,27.11,0.0,54.22,21.02,Same Day,PayPal
O011569,2025-06-01,C01393,P0082,1,35.95,0.15,30.56,4.8,First Class,PayPal
O009310,2025-06-02,C01487,P0116,1,34.67,0.0,34.67,10.65,First Class,Debit Card
O008606,2025-06-02,C00794,P0100,1,24.47,0.15,20.8,8.09,Standard,UPI
O006174,2025-06-02,C03133,P0058,1,23.31,0.1,20.98,9.5,First Class,UPI
O002125,2025-06-02,C01805,P0106,3,37.06,0.0,111.18,54.12,Second Class,Debit Card
O004602,2025-06-02,C00883,P0174,2,35.58,0.1,64.04,29.62,Same Day,Credit Card
O010288,2025-06-02,C02108,P0011,1,21.09,0.1,18.98,8.75,Standard,Credit Card
O008755,2025-06-02,C03319,P0139,1,48.37,0.2,38.7,13.93,Second Class,Debit Card
O001077,2025-06-02,C00145,P0060,3,53.74,0.15,137.04,39.9,Standard,Credit Card
O008511,2025-06-02,C03015,P0176,3,48.8,0.05,139.08,64.26,First Class,Debit Card
O000247,2025-06-02,C02407,P0057,1,16.52,0.15,14.04,5.94,Standard,Bank Transfer
O001184,2025-06-02,C03205,P0176,1,48.8,0.1,43.92,18.98,Same Day,PayPal
O008554,2025-06-02,C01758,P0130,1,20.55,0.2,16.44,2.76,Same Day,Bank Transfer
O003681,2025-06-03,C00636,P0113,1,29.64,0.05,28.16,7.53,Same Day,Bank Transfer
O005070,2025-06-03,C00330,P0140,2,12.81,0.15,21.78,3.54,Same Day,PayPal
O005942,2025-06-03,C02536,P0037,2,32.65,0.15,55.5,6.18,Second Class,Debit Card
O008006,2025-06-03,C00654,P0065,1,48.33,0.05,45.91,12.48,First Class,Bank Transfer
O007452,2025-06-03,C03201,P0021,1,73.9,0.0,73.9,34.17,First Class,Bank Transfer
O007224,2025-06-03,C00283,P0050,2,9.06,0.2,14.5,5.22,Second Class,PayPal
O005596,2025-06-03,C03090,P0102,1,21.68,0.1,19.51,8.8,Same Day,Credit Card
O011549,2025-06-03,C01152,P0159,1,13.14,0.3,9.2,1.23,First Class,Bank Transfer
O003794,2025-06-03,C01145,P0066,2,68.82,0.15,116.99,46.93,Standard,PayPal
O004201,2025-06-03,C01020,P0108,1,31.93,0.0,31.93,11.46,Same Day,Credit Card
O011914,2025-06-03,C01161,P0076,1,48.63,0.15,41.34,13.52,First Class,Bank Transfer
O002019,2025-06-03,C01880,P0058,1,23.31,0.2,18.65,7.17,First Class,Debit Card
O000813,2025-06-03,C00596,P0016,1,19.78,0.0,19.78,4.55,Standard,Credit Card
O002927,2025-06-03,C01282,P0065,1,48.33,0.1,43.5,10.07,Standard,UPI
O007222,2025-06-04,C02058,P0029,1,19.29,0.0,19.29,9.11,Standard,Bank Transfer
O004120,2025-06-04,C00426,P0017,3,14.76,0.0,44.28,18.6,First Class,Debit Card
O002381,2025-06-04,C01601,P0091,1,30.36,0.2,24.29,-0.14,Standard,Debit Card
O002989,2025-06-04,C01203,P0098,2,33.77,0.15,57.41,7.59,Standard,Bank Transfer
O000795,2025-06-04,C00951,P0166,1,37.27,0.05,35.41,7.96,Second Class,Bank Transfer
O003056,2025-06-04,C02570,P0137,2,17.13,0.05,32.55,14.93,Standard,Credit Card
O001545,2025-06-04,C00463,P0075,1,5.19,0.0,5.19,1.3,Standard,Debit Card
O002700,2025-06-04,C00843,P0070,2,18.74,0.0,37.48,11.36,Standard,Credit Card
O006820,2025-06-04,C02430,P0105,1,25.67,0.0,25.67,9.21,First Class,UPI
O008571,2025-06-04,C00007,P0011,1,21.09,0.05,20.04,9.81,Second Class,Bank Transfer
O000564,2025-06-04,C03006,P0091,1,30.36,0.15,25.81,1.38,First Class,PayPal
O006688,2025-06-04,C02286,P0073,1,27.85,0.1,25.07,6.81,Second Class,Bank Transfer
O004936,2025-06-04,C00929,P0157,1,95.85,0.1,86.27,7.98,First Class,Debit Card
O003780,2025-06-04,C00097,P0111,1,8.19,0.2,6.55,1.51,Second Class,Debit Card
O008889,2025-06-05,C02819,P0118,2,13.33,0.1,23.99,3.43,First Class,PayPal
O007192,2025-06-05,C03388,P0042,2,31.86,0.1,57.35,15.89,Second Class,Credit Card
O004257,2025-06-05,C03296,P0149,1,40.02,0.05,38.02,10.25,Second Class,UPI
O011191,2025-06-05,C01337,P0141,2,33.04,0.15,56.17,22.85,Second Class,Bank Transfer
O009329,2025-06-05,C03475,P0127,2,14.97,0.1,26.95,8.63,Standard,Credit Card
O011759,2025-06-05,C01663,P0014,1,8.22,0.0,8.22,1.57,First Class,Bank Transfer
O005751,2025-06-05,C01624,P0006,1,24.48,0.05,23.26,10.04,Same Day,UPI
O011208,2025-06-05,C01150,P0098,1,33.77,0.0,33.77,8.86,Same Day,Debit Card
O011322,2025-06-05,C01600,P0154,2,33.15,0.0,66.3,30.48,Second Class,UPI
O005036,2025-06-05,C01798,P0015,2,9.29,0.05,17.65,2.65,Same Day,Debit Card
O002385,2025-06-05,C01323,P0049,2,35.64,0.0,71.28,27.96,Second Class,Debit Card
O004889,2025-06-05,C02769,P0150,1,34.57,0.1,31.11,4.2,Same Day,Bank Transfer
O007907,2025-06-05,C00541,P0057,1,16.52,0.05,15.69,7.59,Second Class,Debit Card
O009242,2025-06-05,C02609,P0044,1,23.44,0.05,22.27,5.84,Standard,Debit Card
O007291,2025-06-05,C00246,P0134,1,38.78,0.1,34.9,4.35,Standard,Debit Card
O010340,2025-06-05,C02267,P0170,2,17.46,0.15,29.68,3.1,Second Class,Debit Card
O005262,2025-06-05,C02989,P0147,3,12.76,0.2,30.62,10.7,Same Day,PayPal
O011132,2025-06-05,C03158,P0178,2,73.32,0.05,139.31,21.55,Same Day,Credit Card
O004999,2025-06-05,C01698,P0086,2,20.57,0.0,41.14,17.9,First Class,Debit Card
O001573,2025-06-06,C03022,P0011,1,21.09,0.1,18.98,8.75,Second Class,UPI
O005428,2025-06-06,C02659,P0096,1,11.01,0.0,11.01,4.8,First Class,Debit Card
O001723,2025-06-06,C03194,P0160,1,43.67,0.1,39.3,6.81,First Class,Credit Card
O010478,2025-06-06,C01546,P0179,1,24.0,0.05,22.8,3.52,First Class,PayPal
O004580,2025-06-06,C03073,P0105,1,25.67,0.0,25.67,9.21,First Class,Credit Card
O002253,2025-06-06,C03072,P0154,1,33.15,0.2,26.52,8.61,First Class,Debit Card
O010461,2025-06-06,C01643,P0074,1,78.81,0.0,78.81,32.33,Standard,PayPal
O009100,2025-06-06,C02715,P0089,1,20.2,0.1,18.18,3.95,Same Day,PayPal
O010207,2025-06-06,C02552,P0029,3,19.29,0.15,49.19,18.65,Standard,PayPal
O007578,2025-06-06,C01056,P0160,2,43.67,0.15,74.24,9.26,Second Class,Credit Card
O005786,2025-06-06,C01382,P0015,1,9.29,0.15,7.9,0.4,First Class,Bank Transfer
O005768,2025-06-06,C02587,P0116,1,34.67,0.15,29.47,5.45,Same Day,Credit Card
O009195,2025-06-07,C03434,P0045,3,10.9,0.3,22.89,-0.6,Second Class,UPI
O003913,2025-06-07,C00106,P0016,1,19.78,0.15,16.81,1.58,Second Class,UPI
O000843,2025-06-07,C00720,P0009,1,21.01,0.3,14.71,-1.91,Second Class,Bank Transfer
O007404,2025-06-07,C03116,P0177,1,28.74,0.1,25.87,8.95,Standard,PayPal
O005394,2025-06-07,C01122,P0070,1,18.74,0.05,17.8,4.74,First Class,Bank Transfer
O000920,2025-06-07,C02642,P0118,1,13.33,0.05,12.66,2.38,First Class,PayPal
O007021,2025-06-07,C03374,P0063,1,13.89,0.3,9.72,-0.58,First Class,Debit Card
O002937,2025-06-07,C03216,P0177,1,28.74,0.1,25.87,8.95,Standard,Debit Card
O009179,2025-06-07,C02146,P0070,3,18.74,0.0,56.22,17.04,Same Day,UPI
O000110,2025-06-07,C01773,P0020,1,11.38,0.1,10.24,3.55,First Class,PayPal
O009151,2025-06-07,C02221,P0145,1,33.75,0.0,33.75,8.2,Same Day,UPI
O010979,2025-06-07,C00583,P0138,1,23.12,0.0,23.12,11.88,First Class,Credit Card
O003994,2025-06-07,C03039,P0107,1,97.13,0.05,92.27,29.41,Second Class,Bank Transfer
O000300,2025-06-07,C02107,P0088,1,35.29,0.15,30.0,4.49,Same Day,PayPal
O009851,2025-06-07,C02629,P0156,4,17.92,0.0,71.68,17.6,First Class,PayPal
O000997,2025-06-07,C02012,P0023,1,29.78,0.05,28.29,4.52,Standard,PayPal
O001452,2025-06-08,C02909,P0079,1,30.25,0.0,30.25,15.47,First Class,Credit Card
O011698,2025-06-08,C00350,P0022,3,24.61,0.2,59.06,9.65,Second Class,Debit Card
O004637,2025-06-08,C00762,P0015,3,9.29,0.0,27.87,5.37,First Class,Credit Card
O001761,2025-06-08,C00102,P0128,1,19.73,0.05,18.74,4.95,First Class,Debit Card
O010347,2025-06-08,C03333,P0150,2,34.57,0.3,48.4,-5.42,Standard,UPI
O010607,2025-06-08,C01779,P0120,3,46.47,0.0,139.41,64.77,First Class,PayPal
O005989,2025-06-08,C01945,P0004,3,76.71,0.0,230.13,117.78,Standard,UPI
O007365,2025-06-08,C03328,P0153,2,18.32,0.1,32.98,11.88,Same Day,Debit Card
O009112,2025-06-08,C02292,P0032,1,95.01,0.0,95.01,25.48,First Class,UPI
O009804,2025-06-08,C02187,P0002,3,26.05,0.1,70.34,13.64,Same Day,PayPal
O002540,2025-06-08,C02073,P0172,1,16.77,0.0,16.77,3.61,First Class,UPI
O003192,2025-06-08,C02028,P0063,1,13.89,0.05,13.2,2.9,Second Class,UPI
O008816,2025-06-08,C00340,P0082,2,35.95,0.2,57.52,6.0,First Class,UPI
O005097,2025-06-08,C02490,P0050,3,9.06,0.0,27.18,13.26,Same Day,PayPal
O010578,2025-06-08,C02106,P0066,1,68.82,0.0,68.82,33.79,Same Day,Credit Card
O010879,2025-06-08,C02895,P0033,1,28.25,0.05,26.84,6.59,Same Day,Credit Card
O009288,2025-06-08,C03138,P0075,1,5.19,0.3,3.63,-0.26,First Class,Credit Card
O007220,2025-06-08,C00385,P0060,1,53.74,0.2,42.99,10.61,First Class,Bank Transfer
O008802,2025-06-08,C03204,P0156,1,17.92,0.0,17.92,4.4,Same Day,PayPal
O004634,2025-06-08,C01540,P0113,3,29.64,0.1,80.03,18.14,First Class,UPI
O008833,2025-06-08,C02598,P0075,1,5.19,0.1,4.67,0.78,Same Day,PayPal
O005078,2025-06-08,C01682,P0170,1,17.46,0.2,13.97,0.68,Second Class,Credit Card
O003700,2025-06-09,C00549,P0127,2,14.97,0.0,29.94,11.62,Standard,PayPal
O009397,2025-06-09,C02798,P0137,1,17.13,0.15,14.56,5.75,Standard,UPI
O008951,2025-06-09,C00080,P0044,5,23.44,0.1,105.48,23.33,Second Class,Credit Card
O008677,2025-06-09,C02094,P0075,1,5.19,0.2,4.15,0.26,Standard,Bank Transfer
O002597,2025-06-09,C02992,P0119,2,59.91,0.05,113.83,29.49,Same Day,PayPal
O004600,2025-06-09,C02704,P0176,1,48.8,0.2,39.04,14.1,Same Day,Credit Card
O000809,2025-06-09,C01712,P0011,3,21.09,0.2,50.62,19.93,Second Class,Debit Card
O007424,2025-06-09,C03359,P0117,1,27.87,0.1,25.08,6.93,Standard,Bank Transfer
O000779,2025-06-09,C00802,P0041,1,46.06,0.05,43.76,13.64,First Class,Credit Card
O005601,2025-06-09,C02114,P0157,3,95.85,0.1,258.79,23.92,Same Day,UPI
O004015,2025-06-10,C01122,P0004,1,76.71,0.15,65.2,27.75,Standard,Debit Card
O002392,2025-06-10,C02110,P0136,1,78.06,0.1,70.25,30.94,Standard,Bank Transfer
O001306,2025-06-10,C01979,P0137,1,17.13,0.2,13.7,4.89,First Class,Credit Card
O000257,2025-06-10,C02526,P0105,1,25.67,0.1,23.1,6.64,First Class,UPI
O001463,2025-06-10,C00979,P0008,2,46.94,0.0,93.88,18.36,Standard,UPI
O009623,2025-06-10,C00514,P0071,1,36.05,0.0,36.05,9.85,First Class,Credit Card
O003882,2025-06-10,C01300,P0018,2,34.96,0.2,55.94,13.22,Second Class,Credit Card
O007962,2025-06-10,C03381,P0146,2,47.38,0.15,80.55,25.99,Same Day,PayPal
O000528,2025-06-10,C00277,P0166,1,37.27,0.0,37.27,9.82,Same Day,Debit Card
O001410,2025-06-10,C01088,P0085,1,16.85,0.05,16.01,7.03,First Class,PayPal
O008968,2025-06-10,C02333,P0029,4,19.29,0.0,77.16,36.44,Second Class,PayPal
O008219,2025-06-10,C00995,P0167,4,48.63,0.0,194.52,94.32,Second Class,PayPal
O009087,2025-06-10,C02348,P0039,2,12.02,0.1,21.64,3.02,Standard,Bank Transfer
O010764,2025-06-10,C00513,P0025,1,20.01,0.0,20.01,6.53,Same Day,Credit Card
O005378,2025-06-10,C03316,P0146,2,47.38,0.2,75.81,21.25,First Class,PayPal
O004711,2025-06-10,C00740,P0037,1,32.65,0.0,32.65,7.99,Second Class,PayPal
O011352,2025-06-11,C00422,P0177,1,28.74,0.0,28.74,11.82,Second Class,Credit Card
O001913,2025-06-11,C01535,P0154,3,33.15,0.0,99.45,45.72,First Class,Credit Card
O007658,2025-06-11,C01200,P0099,2,28.6,0.1,51.48,23.74,First Class,Credit Card
O001518,2025-06-11,C03219,P0018,1,34.96,0.0,34.96,13.6,Same Day,Bank Transfer
O000753,2025-06-11,C02751,P0130,2,20.55,0.2,32.88,5.52,Second Class,Credit Card
O000731,2025-06-11,C01352,P0042,2,31.86,0.05,60.53,19.07,Second Class,Debit Card
O002596,2025-06-11,C00354,P0169,2,24.3,0.1,43.74,12.06,Standard,Debit Card
O000039,2025-06-11,C02774,P0108,1,31.93,0.1,28.74,8.27,Standard,Debit Card
O007243,2025-06-11,C00665,P0012,1,21.06,0.0,21.06,4.3,Second Class,UPI
O001403,2025-06-11,C03137,P0151,1,33.54,0.05,31.86,7.38,Standard,Credit Card
O011220,2025-06-11,C02815,P0091,1,30.36,0.15,25.81,1.38,Second Class,Bank Transfer
O005524,2025-06-11,C02986,P0067,1,27.2,0.1,24.48,10.95,Same Day,Credit Card
O011792,2025-06-11,C00546,P0109,2,33.7,0.0,67.4,31.08,First Class,Bank Transfer
O011794,2025-06-11,C03140,P0026,1,30.63,0.2,24.5,8.79,Second Class,UPI
O001128,2025-06-11,C03173,P0060,1,53.74,0.1,48.37,15.99,First Class,Debit Card
O004290,2025-06-11,C02023,P0156,1,17.92,0.2,14.34,0.82,Second Class,Debit Card
O008718,2025-06-11,C02427,P0123,1,70.94,0.0,70.94,36.25,First Class,PayPal
O009952,2025-06-11,C00030,P0054,2,42.42,0.0,84.84,28.46,Second Class,Credit Card
O011270,2025-06-12,C01060,P0023,1,29.78,0.1,26.8,3.03,Same Day,PayPal
O007077,2025-06-12,C03277,P0135,2,15.68,0.0,31.36,14.22,First Class,PayPal
O008991,2025-06-12,C03429,P0072,1,77.46,0.0,77.46,14.58,Same Day,Credit Card
O007845,2025-06-12,C00870,P0039,1,12.02,0.1,10.82,1.51,Same Day,Debit Card
O009234,2025-06-12,C00624,P0030,1,23.58,0.05,22.4,6.93,First Class,Bank Transfer
O007718,2025-06-12,C01615,P0080,1,7.83,0.05,7.44,1.12,Standard,UPI
O001257,2025-06-12,C00855,P0105,1,25.67,0.15,21.82,5.36,First Class,Bank Transfer
O000544,2025-06-12,C00623,P0039,3,12.02,0.15,30.65,2.72,First Class,UPI
O007451,2025-06-12,C01759,P0144,4,32.14,0.1,115.7,52.98,First Class,Bank Transfer
O008451,2025-06-12,C00696,P0007,2,79.56,0.05,151.16,23.9,Standard,Credit Card
O006257,2025-06-12,C01586,P0089,3,20.2,0.1,54.54,11.85,Same Day,UPI
O001029,2025-06-12,C02814,P0175,3,34.12,0.0,102.36,21.72,Same Day,Credit Card
O011237,2025-06-12,C00626,P0086,1,20.57,0.0,20.57,8.95,First Class,Debit Card
O005476,2025-06-12,C01935,P0176,2,48.8,0.0,97.6,47.72,Second Class,Bank Transfer
O008129,2025-06-13,C01993,P0059,3,35.35,0.1,95.45,14.9,Second Class,Debit Card
O009602,2025-06-13,C02611,P0093,4,18.06,0.05,68.63,20.35,Same Day,Bank Transfer
O007167,2025-06-13,C00449,P0008,1,46.94,0.05,44.59,6.83,Second Class,Debit Card
O007154,2025-06-13,C01146,P0022,1,24.61,0.15,20.92,4.45,Standard,UPI
O009776,2025-06-13,C01545,P0004,2,76.71,0.15,130.41,55.51,First Class,Debit Card
O011273,2025-06-13,C03021,P0071,1,36.05,0.1,32.45,6.25,Same Day,Debit Card
O001247,2025-06-13,C01643,P0169,4,24.3,0.0,97.2,33.84,First Class,Bank Transfer
O010876,2025-06-13,C02616,P0056,1,52.21,0.0,52.21,16.66,Second Class,UPI
O000548,2025-06-13,C00374,P0064,3,13.1,0.15,33.4,11.65,First Class,Credit Card
O002365,2025-06-13,C01646,P0132,1,29.8,0.15,25.33,7.11,Second Class,Credit Card
O001052,2025-06-13,C02649,P0093,1,18.06,0.05,17.16,5.09,Same Day,Bank Transfer
O004712,2025-06-13,C02226,P0126,1,118.37,0.1,106.53,26.55,Second Class,Credit Card
O005856,2025-06-13,C01359,P0114,3,141.33,0.3,296.79,86.73,First Class,Debit Card
O006738,2025-06-13,C00260,P0146,5,47.38,0.1,213.21,76.81,First Class,UPI
O001517,2025-06-13,C03171,P0149,2,40.02,0.05,76.04,20.5,Standard,Credit Card
O006299,2025-06-13,C02914,P0162,2,47.54,0.05,90.33,14.61,Same Day,Debit Card
O001822,2025-06-13,C00573,P0068,1,54.72,0.05,51.98,15.83,Second Class,Credit Card
O004732,2025-06-14,C02813,P0180,2,167.02,0.15,283.93,58.47,First Class,UPI
O011588,2025-06-14,C01942,P0091,1,30.36,0.0,30.36,5.93,Standard,Credit Card
O011115,2025-06-14,C01372,P0069,1,36.06,0.05,34.26,10.32,Standard,Debit Card
O011375,2025-06-14,C00472,P0071,1,36.05,0.1,32.45,6.25,Standard,UPI
O002879,2025-06-14,C02414,P0062,2,25.26,0.2,40.42,7.2,First Class,Bank Transfer
O007587,2025-06-14,C03076,P0147,1,12.76,0.05,12.12,5.48,Standard,Credit Card
O007428,2025-06-14,C00563,P0132,2,29.8,0.0,59.6,23.16,Standard,Bank Transfer
O005464,2025-06-15,C00024,P0013,4,33.36,0.0,133.44,49.96,Second Class,Debit Card
O003392,2025-06-15,C01364,P0151,2,33.54,0.2,53.66,4.7,Same Day,Credit Card
O000084,2025-06-15,C02050,P0107,2,97.13,0.15,165.12,39.4,Second Class,Bank Transfer
O000245,2025-06-15,C00700,P0142,4,66.66,0.05,253.31,96.39,Standard,PayPal
O003778,2025-06-15,C01982,P0010,1,40.56,0.05,38.53,13.96,First Class,Debit Card
O007749,2025-06-15,C00385,P0052,1,22.19,0.15,18.86,7.94,Standard,Credit Card
O007152,2025-06-15,C03174,P0011,1,21.09,0.2,16.87,6.64,Same Day,Bank Transfer
O000223,2025-06-15,C01278,P0079,1,30.25,0.05,28.74,13.96,Standard,Bank Transfer
O002835,2025-06-15,C00191,P0170,1,17.46,0.05,16.59,3.3,Same Day,PayPal
O004268,2025-06-15,C01196,P0116,2,34.67,0.1,62.41,14.37,Second Class,Bank Transfer
O009198,2025-06-15,C01101,P0052,5,22.19,0.1,99.86,45.26,First Class,Debit Card
O009735,2025-06-15,C00058,P0106,1,37.06,0.1,33.35,14.33,Standard,UPI
O004730,2025-06-16,C02082,P0166,2,37.27,0.05,70.81,15.91,Standard,Credit Card
O001669,2025-06-16,C02187,P0028,1,36.39,0.1,32.75,3.03,First Class,Credit Card
O011060,2025-06-16,C02660,P0070,2,18.74,0.1,33.73,7.61,Second Class,Debit Card
O010538,2025-06-16,C00132,P0064,1,13.1,0.1,11.79,4.54,Same Day,PayPal
O003553,2025-06-16,C02876,P0060,1,53.74,0.3,37.62,5.24,Same Day,PayPal
O006801,2025-06-16,C01449,P0135,2,15.68,0.0,31.36,14.22,Same Day,UPI
O008965,2025-06-16,C02657,P0128,1,19.73,0.0,19.73,5.94,Second Class,UPI
O000069,2025-06-16,C00412,P0140,1,12.81,0.0,12.81,3.69,Standard,Debit Card
O011705,2025-06-16,C00319,P0127,1,14.97,0.1,13.47,4.31,Standard,Debit Card
O011104,2025-06-16,C01566,P0027,2,13.49,0.0,26.98,8.38,First Class,UPI
O004315,2025-06-16,C01901,P0068,2,54.72,0.1,98.5,26.2,Standard,UPI
O000016,2025-06-16,C02291,P0090,1,39.79,0.0,39.79,16.9,Second Class,Credit Card
O001820,2025-06-16,C01512,P0004,2,76.71,0.15,130.41,55.51,Second Class,Debit Card
O010281,2025-06-17,C01045,P0136,1,78.06,0.05,74.16,34.85,Second Class,UPI
O010186,2025-06-17,C02450,P0072,1,77.46,0.05,73.59,10.71,Second Class,Debit Card
O008781,2025-06-17,C01915,P0016,2,19.78,0.1,35.6,5.14,Second Class,PayPal
O011659,2025-06-17,C01375,P0129,1,30.41,0.0,30.41,11.08,First Class,UPI
O001500,2025-06-17,C01735,P0177,1,28.74,0.0,28.74,11.82,First Class,Bank Transfer
O004955,2025-06-17,C01664,P0067,2,27.2,0.2,43.52,16.46,Second Class,PayPal
O003955,2025-06-17,C00378,P0155,4,34.48,0.1,124.13,22.73,Standard,PayPal
O008924,2025-06-17,C00557,P0042,1,31.86,0.1,28.67,7.94,Second Class,UPI
O002299,2025-06-17,C01343,P0123,2,70.94,0.1,127.69,58.31,Standard,Bank Transfer
O004595,2025-06-17,C02101,P0158,1,38.78,0.05,36.84,12.79,Second Class,Debit Card
O005477,2025-06-17,C00749,P0154,1,33.15,0.05,31.49,13.58,Second Class,Debit Card
O000376,2025-06-17,C02517,P0059,1,35.35,0.2,28.28,1.43,Second Class,UPI
O011285,2025-06-17,C02249,P0109,2,33.7,0.15,57.29,20.97,Standard,UPI
O008960,2025-06-18,C00531,P0100,2,24.47,0.0,48.94,23.52,Second Class,UPI
O001895,2025-06-18,C03276,P0008,1,46.94,0.0,46.94,9.18,First Class,Debit Card
O005675,2025-06-18,C00942,P0125,2,41.74,0.15,70.96,4.2,Second Class,Bank Transfer
O002909,2025-06-18,C00614,P0082,1,35.95,0.0,35.95,10.19,First Class,Debit Card
O000004,2025-06-18,C00885,P0112,4,28.02,0.15,95.27,17.99,First Class,Debit Card
O001706,2025-06-18,C02996,P0035,2,48.65,0.1,87.57,28.97,Second Class,Bank Transfer
O000808,2025-06-18,C00011,P0087,1,51.68,0.1,46.51,12.05,Second Class,Debit Card
O011215,2025-06-18,C03045,P0036,1,12.89,0.0,12.89,5.42,First Class,UPI
O002333,2025-06-18,C01977,P0033,1,28.25,0.0,28.25,8.0,First Class,PayPal
O007509,2025-06-18,C02009,P0170,1,17.46,0.0,17.46,4.17,Second Class,Bank Transfer
O004703,2025-06-18,C00244,P0124,4,11.46,0.0,45.84,14.72,Second Class,UPI
O003372,2025-06-18,C00947,P0014,3,8.22,0.05,23.43,3.48,Standard,Credit Card
O001537,2025-06-18,C01037,P0171,3,15.99,0.1,43.17,14.91,First Class,UPI
O008696,2025-06-18,C01843,P0074,1,78.81,0.2,63.05,16.57,Same Day,UPI
O004771,2025-06-19,C00443,P0093,1,18.06,0.0,18.06,5.99,Second Class,UPI
O007675,2025-06-19,C00300,P0171,2,15.99,0.0,31.98,13.14,First Class,Credit Card
O004148,2025-06-19,C00748,P0100,1,24.47,0.05,23.25,10.54,Standard,Bank Transfer
O011890,2025-06-19,C02281,P0097,3,34.55,0.05,98.47,36.16,Second Class,PayPal
O003143,2025-06-19,C01441,P0015,1,9.29,0.2,7.43,-0.07,Standard,PayPal
O001639,2025-06-19,C00095,P0178,5,73.32,0.1,329.94,35.54,Same Day,PayPal
O008955,2025-06-19,C00822,P0128,1,19.73,0.15,16.77,2.98,Second Class,Bank Transfer
O004773,2025-06-19,C03426,P0015,3,9.29,0.15,23.69,1.19,Standard,UPI
O005973,2025-06-19,C00384,P0003,1,43.42,0.0,43.42,18.43,Same Day,Bank Transfer
O005068,2025-06-19,C03082,P0121,1,47.66,0.0,47.66,23.64,Same Day,UPI
O006300,2025-06-19,C03159,P0148,1,12.08,0.1,10.87,2.21,Same Day,UPI
O006087,2025-06-19,C02876,P0165,1,53.31,0.15,45.31,6.11,Same Day,UPI
O007123,2025-06-19,C00161,P0139,1,48.37,0.1,43.53,18.76,Standard,Debit Card
O009146,2025-06-19,C00933,P0043,2,26.44,0.15,44.95,5.21,Standard,Credit Card
O005536,2025-06-19,C00132,P0081,1,24.71,0.0,24.71,5.83,Same Day,Credit Card
O008590,2025-06-19,C02033,P0080,3,7.83,0.05,22.32,3.36,Second Class,UPI
O008761,2025-06-19,C02647,P0083,3,74.49,0.0,223.47,85.14,Standard,UPI
O007000,2025-06-19,C00006,P0078,2,23.47,0.2,37.55,13.77,Second Class,Credit Card
O011467,2025-06-20,C02588,P0155,1,34.48,0.15,29.31,3.96,Same Day,PayPal
O008778,2025-06-20,C02332,P0172,1,16.77,0.0,16.77,3.61,Same Day,Bank Transfer
O011190,2025-06-20,C03343,P0023,1,29.78,0.05,28.29,4.52,Same Day,Bank Transfer
O005950,2025-06-20,C00634,P0007,1,79.56,0.0,79.56,15.93,Standard,UPI
O001942,2025-06-20,C01835,P0170,2,17.46,0.05,33.17,6.59,First Class,Bank Transfer
O010441,2025-06-20,C02506,P0037,1,32.65,0.0,32.65,7.99,First Class,PayPal
O010938,2025-06-20,C01422,P0156,1,17.92,0.1,16.13,2.61,Same Day,Debit Card
O009077,2025-06-21,C03483,P0165,2,53.31,0.05,101.29,22.89,First Class,PayPal
O009228,2025-06-21,C02639,P0090,3,39.79,0.0,119.37,50.7,Standard,Debit Card
O003951,2025-06-21,C00775,P0075,2,5.19,0.0,10.38,2.6,Same Day,Debit Card
O008337,2025-06-21,C03402,P0154,1,33.15,0.15,28.18,10.27,Second Class,Credit Card
O009666,2025-06-21,C00597,P0123,2,70.94,0.05,134.79,65.41,Same Day,Bank Transfer
O009116,2025-06-21,C01586,P0173,1,27.11,0.3,18.98,2.38,First Class,Debit Card
O000628,2025-06-21,C00291,P0002,3,26.05,0.0,78.15,21.45,Second Class,PayPal
O002421,2025-06-21,C01571,P0148,2,12.08,0.15,20.54,3.22,Second Class,Bank Transfer
O008462,2025-06-21,C00417,P0061,2,20.87,0.1,37.57,15.73,First Class,Debit Card
O000017,2025-06-21,C01229,P0088,1,35.29,0.0,35.29,9.78,Standard,UPI
O000389,2025-06-21,C01174,P0020,1,11.38,0.0,11.38,4.69,First Class,Credit Card
O007622,2025-06-21,C03084,P0010,1,40.56,0.05,38.53,13.96,Standard,PayPal
O007672,2025-06-21,C00388,P0070,1,18.74,0.15,15.93,2.87,Second Class,PayPal
O003307,2025-06-21,C01016,P0147,2,12.76,0.0,25.52,12.24,Same Day,Credit Card
O006316,2025-06-21,C01199,P0021,3,73.9,0.05,210.62,91.43,Same Day,Credit Card
O010661,2025-06-21,C01297,P0124,1,11.46,0.0,11.46,3.68,Standard,PayPal
O002331,2025-06-21,C00590,P0090,1,39.79,0.3,27.85,4.96,Same Day,Debit Card
O008684,2025-06-22,C02179,P0034,1,14.33,0.2,11.46,1.16,Standard,PayPal
O006951,2025-06-22,C01066,P0129,1,30.41,0.15,25.85,6.52,First Class,Debit Card
O011772,2025-06-22,C01362,P0112,1,28.02,0.1,25.22,5.9,Standard,Debit Card
O010392,2025-06-22,C03311,P0095,5,22.09,0.1,99.41,30.66,Standard,Credit Card
O007788,2025-06-22,C00410,P0071,1,36.05,0.05,34.25,8.05,Second Class,PayPal
O005194,2025-06-22,C00978,P0090,1,39.79,0.15,33.82,10.93,First Class,Credit Card
O011874,2025-06-22,C02841,P0104,1,16.92,0.3,11.84,-0.33,Standard,Debit Card
O010282,2025-06-22,C03136,P0040,3,32.39,0.1,87.45,10.65,First Class,UPI
O009601,2025-06-22,C03094,P0125,1,41.74,0.05,39.65,6.27,Standard,PayPal
O000046,2025-06-22,C01200,P0152,1,35.7,0.05,33.91,7.02,First Class,Debit Card
O005388,2025-06-22,C01052,P0153,2,18.32,0.0,36.64,15.54,Second Class,PayPal
O003351,2025-06-22,C01850,P0035,2,48.65,0.1,87.57,28.97,Second Class,Bank Transfer
O008679,2025-06-22,C00451,P0167,1,48.63,0.0,48.63,23.58,Second Class,Debit Card
O011652,2025-06-22,C03084,P0116,1,34.67,0.3,24.27,0.25,Second Class,Debit Card
O000213,2025-06-23,C02636,P0012,2,21.06,0.05,40.01,6.49,Standard,PayPal
O008877,2025-06-23,C01093,P0076,1,48.63,0.15,41.34,13.52,Standard,PayPal
O006354,2025-06-23,C00730,P0177,3,28.74,0.05,81.91,31.15,First Class,Credit Card
O008300,2025-06-23,C01959,P0140,2,12.81,0.1,23.06,4.82,First Class,Debit Card
O007444,2025-06-23,C03117,P0015,2,9.29,0.0,18.58,3.58,First Class,Credit Card
O006806,2025-06-23,C02970,P0176,1,48.8,0.15,41.48,16.54,First Class,Bank Transfer
O000961,2025-06-23,C01251,P0144,1,32.14,0.1,28.93,13.25,Standard,Bank Transfer
O004011,2025-06-23,C01932,P0053,2,18.36,0.0,36.72,13.28,First Class,Bank Transfer
O011666,2025-06-23,C03192,P0026,3,30.63,0.1,82.7,35.57,Second Class,UPI
O011257,2025-06-23,C00327,P0173,1,27.11,0.1,24.4,7.8,Same Day,Credit Card
O007393,2025-06-24,C00687,P0150,2,34.57,0.3,48.4,-5.42,First Class,UPI
O005438,2025-06-24,C02488,P0166,1,37.27,0.0,37.27,9.82,Same Day,Credit Card
O005888,2025-06-24,C02433,P0077,1,30.16,0.0,30.16,11.18,Same Day,PayPal
O006251,2025-06-24,C02496,P0146,2,47.38,0.05,90.02,35.46,Standard,Bank Transfer
O000596,2025-06-24,C00680,P0033,1,28.25,0.0,28.25,8.0,First Class,Credit Card
O001663,2025-06-24,C02679,P0063,2,13.89,0.05,26.39,5.79,Second Class,Bank Transfer
O001462,2025-06-24,C01453,P0155,1,34.48,0.3,24.14,-1.21,Second Class,Bank Transfer
O004781,2025-06-24,C00331,P0026,1,30.63,0.1,27.57,11.86,Standard,Debit Card
O007683,2025-06-24,C01925,P0004,1,76.71,0.05,72.87,35.42,Same Day,PayPal
O005855,2025-06-24,C03418,P0126,1,118.37,0.15,100.61,20.63,First Class,Debit Card
O009627,2025-06-25,C02922,P0133,2,14.29,0.1,25.72,2.66,Second Class,PayPal
O006288,2025-06-25,C00829,P0004,1,76.71,0.1,69.04,31.59,Same Day,Bank Transfer
O005416,2025-06-25,C02010,P0161,2,15.13,0.0,30.26,12.22,Same Day,Debit Card
O004127,2025-06-25,C01914,P0150,1,34.57,0.1,31.11,4.2,Same Day,Credit Card
O007435,2025-06-25,C03282,P0065,1,48.33,0.0,48.33,14.9,First Class,UPI
O003432,2025-06-25,C00834,P0144,4,32.14,0.1,115.7,52.98,Same Day,Bank Transfer
O005008,2025-06-25,C01384,P0163,2,60.53,0.3,84.74,-8.7,Second Class,Bank Transfer
O002863,2025-06-25,C02262,P0001,1,39.36,0.05,37.39,15.88,First Class,Bank Transfer
O002800,2025-06-25,C03479,P0092,1,53.5,0.1,48.15,9.05,Second Class,UPI
O000354,2025-06-25,C02198,P0094,4,23.04,0.05,87.55,24.15,Standard,Bank Transfer
O000693,2025-06-25,C00965,P0120,1,46.47,0.05,44.15,19.27,Same Day,PayPal
O001674,2025-06-25,C01478,P0067,2,27.2,0.15,46.24,19.18,Second Class,UPI
O003294,2025-06-25,C01714,P0002,1,26.05,0.0,26.05,7.15,Standard,PayPal
O004750,2025-06-25,C01244,P0138,5,23.12,0.05,109.82,53.62,Standard,Debit Card
O007604,2025-06-25,C00149,P0013,1,33.36,0.0,33.36,12.49,Second Class,Credit Card
O008811,2025-06-25,C03148,P0002,1,26.05,0.2,20.84,1.94,Same Day,Debit Card
O010977,2025-06-25,C02829,P0065,4,48.33,0.0,193.32,59.6,Second Class,Bank Transfer
O004560,2025-06-25,C00257,P0114,1,141.33,0.1,127.2,57.18,Second Class,UPI
O004539,2025-06-25,C00937,P0153,1,18.32,0.2,14.66,4.11,Same Day,Credit Card
O005970,2025-06-25,C01359,P0141,1,33.04,0.15,28.08,11.42,Standard,Debit Card
O004761,2025-06-25,C01176,P0015,1,9.29,0.0,9.29,1.79,First Class,Credit Card
O001286,2025-06-25,C02536,P0067,3,27.2,0.1,73.44,32.85,Same Day,Credit Card
O002647,2025-06-25,C01170,P0132,3,29.8,0.2,71.52,16.86,Same Day,Bank Transfer
O006930,2025-06-25,C03475,P0161,3,15.13,0.1,40.85,13.79,First Class,PayPal
O010121,2025-06-26,C02621,P0112,3,28.02,0.05,79.86,21.9,First Class,PayPal
O001947,2025-06-26,C01635,P0008,1,46.94,0.0,46.94,9.18,Second Class,Credit Card
O005962,2025-06-26,C02009,P0130,2,20.55,0.2,32.88,5.52,First Class,Bank Transfer
O006229,2025-06-26,C02777,P0126,1,118.37,0.0,118.37,38.39,Same Day,Debit Card
O004586,2025-06-26,C03338,P0173,2,27.11,0.3,37.95,4.75,Same Day,PayPal
O008233,2025-06-26,C02127,P0142,1,66.66,0.2,53.33,14.1,Standard,Bank Transfer
O011071,2025-06-26,C02696,P0112,3,28.02,0.1,75.65,17.69,Same Day,Credit Card
O004051,2025-06-26,C00270,P0073,1,27.85,0.15,23.67,5.41,Second Class,Credit Card
O009009,2025-06-26,C00831,P0086,1,20.57,0.3,14.4,2.78,Second Class,Bank Transfer
O004384,2025-06-27,C00280,P0075,2,5.19,0.0,10.38,2.6,Second Class,Bank Transfer
O003165,2025-06-27,C03291,P0006,1,24.48,0.2,19.58,6.36,Standard,UPI
O004859,2025-06-27,C01456,P0102,1,21.68,0.0,21.68,10.97,First Class,PayPal
O000579,2025-06-27,C01432,P0136,3,78.06,0.05,222.47,104.54,First Class,Debit Card
O000473,2025-06-27,C03385,P0180,1,167.02,0.15,141.97,29.24,First Class,Bank Transfer
O011182,2025-06-27,C01687,P0146,1,47.38,0.05,45.01,17.73,Second Class,Bank Transfer
O008920,2025-06-27,C00010,P0156,1,17.92,0.0,17.92,4.4,First Class,Bank Transfer
O011765,2025-06-27,C02968,P0010,1,40.56,0.1,36.5,11.93,First Class,PayPal
O010425,2025-06-27,C00873,P0077,2,30.16,0.2,48.26,10.3,First Class,PayPal
O005610,2025-06-27,C00911,P0129,1,30.41,0.15,25.85,6.52,Standard,Debit Card
O001147,2025-06-27,C01687,P0137,1,17.13,0.1,15.42,6.61,Same Day,Credit Card
O008662,2025-06-27,C00303,P0169,1,24.3,0.1,21.87,6.03,Same Day,Credit Card
O003931,2025-06-27,C02540,P0177,2,28.74,0.2,45.98,12.14,Second Class,Bank Transfer
O006807,2025-06-27,C00949,P0091,1,30.36,0.1,27.32,2.89,Standard,PayPal
O002502,2025-06-27,C01324,P0043,1,26.44,0.05,25.12,5.25,First Class,Credit Card
O003698,2025-06-27,C00734,P0180,1,167.02,0.15,141.97,29.24,First Class,Credit Card
O005837,2025-06-27,C00067,P0167,1,48.63,0.1,43.77,18.72,Second Class,UPI
O008145,2025-06-27,C01396,P0080,4,7.83,0.05,29.75,4.47,Standard,Credit Card
O008783,2025-06-27,C00258,P0067,2,27.2,0.2,43.52,16.46,Second Class,PayPal
O002762,2025-06-27,C00013,P0051,1,35.19,0.05,33.43,9.62,Same Day,Debit Card
O007360,2025-06-27,C02094,P0117,1,27.87,0.1,25.08,6.93,Same Day,PayPal
O007483,2025-06-27,C03485,P0055,5,55.71,0.0,278.55,117.7,Standard,PayPal
O004878,2025-06-27,C01209,P0068,1,54.72,0.2,43.78,7.63,Standard,UPI
O010717,2025-06-28,C02102,P0036,3,12.89,0.15,32.87,10.46,Standard,Bank Transfer
O002633,2025-06-28,C01681,P0168,1,97.8,0.0,97.8,20.84,Same Day,Bank Transfer
O001424,2025-06-28,C00528,P0054,1,42.42,0.0,42.42,14.23,Same Day,Credit Card
O011843,2025-06-28,C03176,P0161,1,15.13,0.0,15.13,6.11,Second Class,UPI
O004690,2025-06-28,C02668,P0131,1,10.4,0.05,9.88,1.56,Second Class,Debit Card
O003136,2025-06-28,C01329,P0158,1,38.78,0.15,32.96,8.91,Second Class,Debit Card
O003026,2025-06-28,C01009,P0051,3,35.19,0.1,95.01,23.58,Second Class,PayPal
O000595,2025-06-28,C00636,P0116,2,34.67,0.1,62.41,14.37,Standard,Credit Card
O006217,2025-06-28,C00641,P0154,1,33.15,0.0,33.15,15.24,Second Class,Bank Transfer
O008340,2025-06-28,C01969,P0028,1,36.39,0.05,34.57,4.85,Standard,PayPal
O003989,2025-06-28,C01553,P0160,2,43.67,0.0,87.34,22.36,Standard,Debit Card
O010597,2025-06-28,C02778,P0100,1,24.47,0.3,17.13,4.42,First Class,UPI
O005501,2025-06-28,C03443,P0054,3,42.42,0.15,108.17,23.6,Standard,PayPal
O011663,2025-06-28,C02798,P0128,3,19.73,0.15,50.31,8.94,First Class,Bank Transfer
O008081,2025-06-28,C00710,P0052,1,22.19,0.05,21.08,10.16,Second Class,Bank Transfer
O006708,2025-06-29,C03468,P0151,2,33.54,0.05,63.73,14.77,First Class,Debit Card
O000080,2025-06-29,C03200,P0150,2,34.57,0.1,62.23,8.41,First Class,UPI
O008941,2025-06-29,C02564,P0081,1,24.71,0.1,22.24,3.36,Second Class,Debit Card
O001297,2025-06-29,C00358,P0091,1,30.36,0.2,24.29,-0.14,Second Class,Debit Card
O003370,2025-06-29,C03180,P0045,1,10.9,0.0,10.9,3.07,First Class,Bank Transfer
O004682,2025-06-29,C00504,P0046,1,17.85,0.1,16.07,2.67,Second Class,Bank Transfer
O007568,2025-06-29,C02501,P0024,1,11.29,0.05,10.73,2.64,Standard,Debit Card
O004843,2025-06-29,C02397,P0013,1,33.36,0.0,33.36,12.49,Second Class,UPI
O005694,2025-06-29,C02561,P0004,1,76.71,0.0,76.71,39.26,First Class,Bank Transfer
O011868,2025-06-29,C01054,P0086,1,20.57,0.1,18.51,6.89,Standard,Credit Card
O000949,2025-06-29,C00821,P0112,1,28.02,0.1,25.22,5.9,Standard,Bank Transfer
O008637,2025-06-30,C01946,P0134,1,38.78,0.0,38.78,8.23,Standard,Debit Card
O007773,2025-06-30,C01741,P0076,1,48.63,0.1,43.77,15.95,Standard,Credit Card
O002972,2025-06-30,C02265,P0131,1,10.4,0.15,8.84,0.52,First Class,Credit Card
O007107,2025-06-30,C03447,P0063,1,13.89,0.0,13.89,3.59,Same Day,Debit Card
O007974,2025-06-30,C00151,P0102,1,21.68,0.1,19.51,8.8,Standard,Credit Card
O010194,2025-06-30,C00502,P0160,1,43.67,0.1,39.3,6.81,Same Day,UPI
O005187,2025-06-30,C02168,P0147,1,12.76,0.05,12.12,5.48,Same Day,Credit Card
O004188,2025-06-30,C02711,P0046,2,17.85,0.05,33.91,7.11,Second Class,Bank Transfer
O009268,2025-06-30,C03363,P0164,1,16.72,0.05,15.88,5.42,First Class,Bank Transfer
O004275,2025-06-30,C01569,P0124,1,11.46,0.0,11.46,3.68,Second Class,PayPal
O002600,2025-06-30,C00712,P0122,2,15.78,0.0,31.56,9.52,Same Day,UPI
O001246,2025-06-30,C03435,P0111,2,8.19,0.1,14.74,4.66,Standard,PayPal
O008194,2025-06-30,C01810,P0090,3,39.79,0.15,101.46,32.79,First Class,Debit Card
O009571,2025-06-30,C02057,P0168,2,97.8,0.0,195.6,41.68,Same Day,PayPal
O004280,2025-06-30,C02599,P0180,4,167.02,0.15,567.87,116.95,First Class,UPI
O011005,2025-06-30,C02403,P0015,3,9.29,0.15,23.69,1.19,Standard,Debit Card
O007311,2025-06-30,C01757,P0155,1,34.48,0.15,29.31,3.96,First Class,Debit Card
O004070,2025-06-30,C00983,P0150,1,34.57,0.0,34.57,7.66,Standard,UPI
O002757,2025-06-30,C00841,P0123,2,70.94,0.0,141.88,72.5,Standard,PayPal
O010083,2025-06-30,C01093,P0155,3,34.48,0.05,98.27,22.22,Second Class,PayPal
O006845,2025-06-30,C00366,P0084,2,20.35,0.0,40.7,18.76,First Class,Bank Transfer
O011695,2025-06-30,C03200,P0029,5,19.29,0.1,86.8,35.9,First Class,PayPal
O004169,2025-06-30,C02240,P0103,1,22.81,0.3,15.97,-1.61,First Class,Credit Card
O003677,2025-06-30,C01009,P0166,1,37.27,0.0,37.27,9.82,Same Day,PayPal
O001426,2025-07-01,C00157,P0094,1,23.04,0.1,20.74,4.89,First Class,UPI
O010624,2025-07-01,C02095,P0139,2,48.37,0.0,96.74,47.2,Standard,PayPal
O001653,2025-07-01,C00343,P0068,4,54.72,0.15,186.05,41.45,First Class,Credit Card
O004861,2025-07-01,C03165,P0117,1,27.87,0.0,27.87,9.72,Standard,Credit Card
O010787,2025-07-01,C00678,P0085,2,16.85,0.1,30.33,12.37,First Class,PayPal
O004581,2025-07-01,C02253,P0084,3,20.35,0.0,61.05,28.14,Standard,PayPal
O000802,2025-07-01,C02955,P0018,4,34.96,0.1,125.86,40.42,Second Class,Credit Card
O000262,2025-07-01,C01718,P0027,3,13.49,0.15,34.4,6.5,Same Day,Bank Transfer
O004312,2025-07-01,C03138,P0058,2,23.31,0.0,46.62,23.66,First Class,UPI
O004467,2025-07-01,C02943,P0063,1,13.89,0.0,13.89,3.59,Standard,Credit Card
O003899,2025-07-01,C03190,P0128,2,19.73,0.0,39.46,11.88,Same Day,UPI
O009649,2025-07-01,C03043,P0138,1,23.12,0.2,18.5,7.26,Standard,Debit Card
O002372,2025-07-01,C00399,P0106,2,37.06,0.1,66.71,28.67,Same Day,Credit Card
O009764,2025-07-01,C01735,P0171,2,15.99,0.05,30.38,11.54,Standard,Credit Card
O004603,2025-07-01,C02320,P0025,1,20.01,0.1,18.01,4.53,Second Class,Bank Transfer
O008118,2025-07-01,C03230,P0165,2,53.31,0.05,101.29,22.89,Standard,Bank Transfer
O008813,2025-07-01,C00982,P0077,2,30.16,0.1,54.29,16.33,Same Day,Bank Transfer
O003166,2025-07-01,C01771,P0079,1,30.25,0.05,28.74,13.96,First Class,Bank Transfer
O008844,2025-07-01,C00027,P0064,2,13.1,0.2,20.96,6.46,Standard,PayPal
O008430,2025-07-01,C01867,P0011,2,21.09,0.1,37.96,17.5,Standard,Debit Card
O007867,2025-07-01,C01198,P0135,2,15.68,0.0,31.36,14.22,First Class,UPI
O011867,2025-07-01,C00670,P0025,1,20.01,0.1,18.01,4.53,Same Day,PayPal
O000947,2025-07-01,C00773,P0093,2,18.06,0.0,36.12,11.98,Standard,Debit Card
O005738,2025-07-01,C02501,P0115,3,25.15,0.15,64.13,18.29,Standard,Bank Transfer
O004501,2025-07-02,C00010,P0040,1,32.39,0.0,32.39,6.79,Second Class,Bank Transfer
O009634,2025-07-02,C02439,P0156,1,17.92,0.05,17.02,3.5,Standard,Bank Transfer
O009428,2025-07-02,C00540,P0009,4,21.01,0.1,75.64,9.16,First Class,Debit Card
O006005,2025-07-02,C01406,P0001,3,39.36,0.05,112.18,47.65,Second Class,UPI
O010387,2025-07-02,C00219,P0091,1,30.36,0.1,27.32,2.89,Standard,UPI
O003923,2025-07-02,C01839,P0093,2,18.06,0.05,34.31,10.17,Same Day,UPI
O011822,2025-07-02,C02114,P0133,1,14.29,0.1,12.86,1.33,Same Day,Credit Card
O007325,2025-07-02,C00577,P0082,2,35.95,0.0,71.9,20.38,Standard,Bank Transfer
O011386,2025-07-02,C00806,P0133,3,14.29,0.3,30.01,-4.58,Standard,Bank Transfer
O010922,2025-07-02,C02133,P0135,1,15.68,0.1,14.11,5.54,Second Class,Debit Card
O002347,2025-07-02,C00489,P0008,1,46.94,0.3,32.86,-4.9,First Class,UPI
O005372,2025-07-02,C01529,P0150,3,34.57,0.0,103.71,22.98,First Class,Bank Transfer
O007063,2025-07-02,C00026,P0134,2,38.78,0.05,73.68,12.58,Same Day,PayPal
O004974,2025-07-02,C02844,P0176,1,48.8,0.1,43.92,18.98,Standard,PayPal
O009262,2025-07-02,C02149,P0012,1,21.06,0.1,18.95,2.19,Standard,Credit Card
O002693,2025-07-02,C01652,P0023,1,29.78,0.05,28.29,4.52,Second Class,Credit Card
O009572,2025-07-02,C02058,P0020,5,11.38,0.1,51.21,17.76,Standard,Credit Card
O000368,2025-07-03,C01281,P0081,2,24.71,0.05,46.95,9.19,Second Class,Credit Card
O001449,2025-07-03,C00606,P0070,1,18.74,0.15,15.93,2.87,Same Day,Bank Transfer
O002404,2025-07-03,C03044,P0056,1,52.21,0.0,52.21,16.66,Standard,Bank Transfer
O011297,2025-07-03,C01176,P0051,1,35.19,0.0,35.19,11.38,Second Class,UPI
O004274,2025-07-03,C00990,P0158,1,38.78,0.1,34.9,10.85,Standard,Credit Card
O007296,2025-07-03,C01303,P0105,1,25.67,0.1,23.1,6.64,Second Class,UPI
O005362,2025-07-03,C03232,P0157,2,95.85,0.15,162.94,6.36,First Class,Debit Card
O004785,2025-07-03,C01078,P0095,4,22.09,0.0,88.36,33.36,Standard,Debit Card
O009973,2025-07-03,C02860,P0054,1,42.42,0.1,38.18,9.99,Standard,UPI
O001252,2025-07-03,C03070,P0061,1,20.87,0.15,17.74,6.82,Same Day,Credit Card
O010363,2025-07-03,C02539,P0039,3,12.02,0.0,36.06,8.13,Same Day,UPI
O005033,2025-07-03,C00626,P0007,2,79.56,0.1,143.21,15.95,Same Day,Credit Card
O003657,2025-07-03,C00995,P0014,4,8.22,0.1,29.59,2.99,First Class,PayPal
O008712,2025-07-03,C00492,P0144,1,32.14,0.0,32.14,16.46,Standard,Debit Card
O002829,2025-07-03,C00335,P0151,1,33.54,0.0,33.54,9.06,First Class,Debit Card
O005860,2025-07-03,C00661,P0086,3,20.57,0.2,49.37,14.51,Second Class,UPI
O003535,2025-07-03,C02685,P0025,1,20.01,0.15,17.01,3.53,Same Day,UPI
O009358,2025-07-04,C00070,P0058,1,23.31,0.0,23.31,11.83,Second Class,UPI
O009243,2025-07-04,C00491,P0134,1,38.78,0.1,34.9,4.35,First Class,PayPal
O003935,2025-07-04,C02918,P0116,1,34.67,0.2,27.74,3.72,First Class,Debit Card
O005045,2025-07-04,C02334,P0109,1,33.7,0.1,30.33,12.17,Second Class,PayPal
O001342,2025-07-04,C01233,P0136,3,78.06,0.15,199.05,81.12,Standard,Bank Transfer
O001176,2025-07-04,C02679,P0011,1,21.09,0.0,21.09,10.86,First Class,Credit Card
O002481,2025-07-04,C02286,P0154,1,33.15,0.0,33.15,15.24,First Class,UPI
O000789,2025-07-04,C00122,P0113,2,29.64,0.0,59.28,18.02,Second Class,Debit Card
O011812,2025-07-04,C01313,P0033,1,28.25,0.0,28.25,8.0,First Class,Credit Card
O006615,2025-07-04,C00121,P0117,1,27.87,0.15,23.69,5.54,Second Class,Credit Card
O001116,2025-07-04,C03224,P0158,2,38.78,0.1,69.8,21.7,Same Day,Credit Card
O010659,2025-07-04,C00830,P0092,4,53.5,0.15,181.9,25.5,Standard,UPI
O009278,2025-07-04,C03003,P0140,1,12.81,0.1,11.53,2.41,First Class,PayPal
O002221,2025-07-04,C01913,P0171,1,15.99,0.0,15.99,6.57,Same Day,Debit Card
O010899,2025-07-04,C01066,P0091,1,30.36,0.15,25.81,1.38,Standard,Bank Transfer
O008040,2025-07-04,C03126,P0109,1,33.7,0.1,30.33,12.17,Second Class,PayPal
O006096,2025-07-05,C00906,P0160,1,43.67,0.0,43.67,11.18,Same Day,Bank Transfer
O004824,2025-07-05,C02511,P0025,1,20.01,0.2,16.01,2.53,Standard,PayPal
O004147,2025-07-05,C02095,P0056,1,52.21,0.1,46.99,11.44,First Class,Bank Transfer
O004792,2025-07-05,C02214,P0028,2,36.39,0.0,72.78,13.34,Same Day,PayPal
O001918,2025-07-05,C02024,P0174,1,35.58,0.15,30.24,13.03,Standard,PayPal
O007376,2025-07-05,C01227,P0093,1,18.06,0.3,12.64,0.57,Second Class,Credit Card
O003894,2025-07-05,C01964,P0005,1,24.48,0.1,22.03,4.91,Standard,Bank Transfer
O007353,2025-07-05,C03206,P0131,3,10.4,0.15,26.52,1.56,Same Day,PayPal
O001455,2025-07-05,C02903,P0095,2,22.09,0.0,44.18,16.68,Standard,Credit Card
O007893,2025-07-05,C00802,P0014,1,8.22,0.05,7.81,1.16,Second Class,Bank Transfer
O001364,2025-07-05,C02457,P0073,1,27.85,0.05,26.46,8.2,Same Day,PayPal
O006619,2025-07-05,C02260,P0175,2,34.12,0.05,64.83,11.07,Same Day,UPI
O001066,2025-07-05,C03462,P0100,2,24.47,0.2,39.15,13.73,First Class,Debit Card
O003918,2025-07-05,C01412,P0030,3,23.58,0.1,63.67,17.26,Standard,Debit Card
O004742,2025-07-05,C01927,P0178,1,73.32,0.1,65.99,7.11,Standard,UPI
O009930,2025-07-05,C02088,P0165,2,53.31,0.1,95.96,17.56,First Class,UPI
O011592,2025-07-05,C00090,P0144,1,32.14,0.05,30.53,14.85,Same Day,Bank Transfer
O001034,2025-07-05,C03170,P0039,2,12.02,0.2,19.23,0.61,Second Class,Debit Card
O006913,2025-07-05,C01712,P0003,1,43.42,0.05,41.25,16.26,First Class,UPI
O003768,2025-07-06,C01785,P0155,3,34.48,0.1,93.1,17.05,First Class,PayPal
O004036,2025-07-06,C00948,P0102,1,21.68,0.3,15.18,4.47,Same Day,Debit Card
O001665,2025-07-06,C03410,P0105,1,25.67,0.15,21.82,5.36,First Class,UPI
O011304,2025-07-06,C02707,P0125,2,41.74,0.2,66.78,0.02,Standard,Bank Transfer
O010868,2025-07-06,C00766,P0029,3,19.29,0.15,49.19,18.65,Same Day,Debit Card
O006466,2025-07-06,C00096,P0026,1,30.63,0.0,30.63,14.92,Second Class,Debit Card
O000433,2025-07-06,C00933,P0058,1,23.31,0.1,20.98,9.5,Same Day,PayPal
O009145,2025-07-06,C02836,P0178,1,73.32,0.2,58.66,-0.22,Standard,Debit Card
O007952,2025-07-06,C00163,P0159,4,13.14,0.15,44.68,12.8,First Class,UPI
O007426,2025-07-06,C02997,P0169,1,24.3,0.0,24.3,8.46,Second Class,Bank Transfer
O007942,2025-07-06,C00452,P0013,1,33.36,0.1,30.02,9.15,Same Day,Debit Card
O007466,2025-07-06,C00483,P0006,4,24.48,0.0,97.92,45.04,Second Class,Credit Card
O005593,2025-07-06,C02113,P0055,2,55.71,0.2,89.14,24.8,Standard,UPI
O006764,2025-07-06,C01800,P0144,3,32.14,0.15,81.96,34.92,Standard,Credit Card
O000817,2025-07-06,C03401,P0068,1,54.72,0.15,46.51,10.36,First Class,UPI
O011340,2025-07-06,C01611,P0127,1,14.97,0.2,11.98,2.82,First Class,UPI
O004320,2025-07-06,C02419,P0089,1,20.2,0.05,19.19,4.96,First Class,Debit Card
O000169,2025-07-07,C00184,P0067,1,27.2,0.15,23.12,9.59,Second Class,Credit Card
O004330,2025-07-07,C02460,P0070,1,18.74,0.0,18.74,5.68,First Class,Debit Card
O001975,2025-07-07,C01181,P0046,2,17.85,0.2,28.56,1.76,Same Day,Debit Card
O006492,2025-07-07,C02359,P0063,1,13.89,0.0,13.89,3.59,Standard,Debit Card
O001486,2025-07-07,C01509,P0103,1,22.81,0.2,18.25,0.67,Same Day,UPI
O004751,2025-07-07,C02548,P0147,2,12.76,0.1,22.97,9.69,Same Day,PayPal
O007730,2025-07-07,C01940,P0110,1,27.16,0.1,24.44,7.4,First Class,UPI
O000822,2025-07-07,C00583,P0158,1,38.78,0.1,34.9,10.85,Second Class,Bank Transfer
O004699,2025-07-07,C02994,P0001,2,39.36,0.15,66.91,23.89,First Class,UPI
O009012,2025-07-07,C02484,P0064,5,13.1,0.1,58.95,22.7,Second Class,PayPal
O003502,2025-07-07,C02241,P0113,1,29.64,0.0,29.64,9.01,Standard,Bank Transfer
O008842,2025-07-07,C02488,P0051,1,35.19,0.15,29.91,6.1,Standard,UPI
O007975,2025-07-07,C02235,P0111,1,8.19,0.1,7.37,2.33,Second Class,Bank Transfer
O011135,2025-07-07,C03354,P0134,1,38.78,0.0,38.78,8.23,Second Class,Bank Transfer
O000755,2025-07-07,C02993,P0147,2,12.76,0.1,22.97,9.69,Second Class,PayPal
O005367,2025-07-07,C01203,P0098,1,33.77,0.1,30.39,5.48,First Class,Bank Transfer
O005350,2025-07-07,C01155,P0133,1,14.29,0.3,10.0,-1.53,Same Day,Credit Card
O008025,2025-07-07,C00340,P0088,1,35.29,0.1,31.76,6.25,Standard,Credit Card
O005426,2025-07-07,C03400,P0169,2,24.3,0.0,48.6,16.92,Standard,UPI
O002250,2025-07-07,C00454,P0113,3,29.64,0.1,80.03,18.14,Standard,Debit Card
O011187,2025-07-07,C00127,P0025,2,20.01,0.1,36.02,9.06,Standard,UPI
O003615,2025-07-07,C03365,P0107,2,97.13,0.1,174.83,49.11,Second Class,Bank Transfer
O009080,2025-07-07,C02638,P0135,1,15.68,0.2,12.54,3.97,Same Day,PayPal
O002001,2025-07-07,C02126,P0083,2,74.49,0.15,126.63,34.41,First Class,PayPal
O005258,2025-07-07,C00759,P0179,2,24.0,0.15,40.8,2.24,Second Class,Debit Card
O004119,2025-07-07,C02735,P0136,1,78.06,0.0,78.06,38.75,Standard,Credit Card
O010445,2025-07-07,C01862,P0033,2,28.25,0.0,56.5,16.0,Second Class,Credit Card
O003655,2025-07-08,C00208,P0160,4,43.67,0.15,148.48,18.52,Same Day,PayPal
O006101,2025-07-08,C00151,P0159,1,13.14,0.1,11.83,3.86,First Class,PayPal
O008262,2025-07-08,C01048,P0094,2,23.04,0.0,46.08,14.38,Second Class,Bank Transfer
O001629,2025-07-08,C00575,P0014,2,8.22,0.3,11.51,-1.79,Standard,UPI
O004172,2025-07-08,C03047,P0079,3,30.25,0.1,81.67,37.33,Standard,Bank Transfer
O001962,2025-07-08,C00925,P0061,3,20.87,0.2,50.09,17.33,Same Day,Debit Card
O005508,2025-07-08,C03382,P0090,1,39.79,0.15,33.82,10.93,First Class,Bank Transfer
O006809,2025-07-08,C02766,P0156,2,17.92,0.0,35.84,8.8,Same Day,PayPal
O010690,2025-07-08,C01785,P0128,4,19.73,0.2,63.14,7.98,Second Class,Credit Card
O010355,2025-07-08,C00926,P0120,1,46.47,0.0,46.47,21.59,Same Day,PayPal
O004454,2025-07-08,C01839,P0148,2,12.08,0.15,20.54,3.22,Same Day,UPI
O004372,2025-07-08,C03373,P0034,1,14.33,0.1,12.9,2.6,Same Day,PayPal
O008728,2025-07-08,C02575,P0021,1,73.9,0.0,73.9,34.17,Standard,PayPal
O002508,2025-07-08,C02160,P0090,1,39.79,0.15,33.82,10.93,First Class,UPI
O001040,2025-07-08,C02956,P0001,1,39.36,0.1,35.42,13.91,Standard,PayPal
O001741,2025-07-08,C01620,P0166,3,37.27,0.1,100.63,18.28,Second Class,PayPal
O008598,2025-07-08,C00751,P0087,2,51.68,0.1,93.02,24.1,First Class,UPI
O010276,2025-07-09,C00495,P0045,5,10.9,0.3,38.15,-1.0,Second Class,Credit Card
O009054,2025-07-09,C03194,P0131,3,10.4,0.2,24.96,0.0,Second Class,PayPal
O004095,2025-07-09,C01338,P0027,1,13.49,0.05,12.82,3.52,First Class,PayPal
O001834,2025-07-09,C00742,P0074,3,78.81,0.1,212.79,73.35,Second Class,Bank Transfer
O011766,2025-07-09,C00486,P0067,2,27.2,0.05,51.68,24.62,Second Class,Credit Card
O000939,2025-07-09,C00305,P0144,1,32.14,0.05,30.53,14.85,Second Class,UPI
O008376,2025-07-09,C03384,P0097,2,34.55,0.2,55.28,13.74,Standard,Credit Card
O001373,2025-07-09,C01447,P0092,2,53.5,0.05,101.65,23.45,First Class,PayPal
O007132,2025-07-09,C00856,P0121,1,47.66,0.2,38.13,14.11,Same Day,PayPal
O006770,2025-07-09,C02816,P0123,2,70.94,0.2,113.5,44.12,Second Class,PayPal
O002131,2025-07-09,C02562,P0088,1,35.29,0.15,30.0,4.49,Standard,Bank Transfer
O003466,2025-07-09,C02611,P0117,1,27.87,0.15,23.69,5.54,Second Class,PayPal
O006795,2025-07-09,C01937,P0136,1,78.06,0.0,78.06,38.75,First Class,PayPal
O006561,2025-07-09,C02606,P0173,4,27.11,0.15,92.17,25.77,Second Class,Bank Transfer
O011984,2025-07-09,C01435,P0008,1,46.94,0.2,37.55,-0.21,First Class,UPI
O003834,2025-07-09,C02783,P0036,1,12.89,0.15,10.96,3.49,Same Day,Credit Card
O011674,2025-07-10,C00468,P0148,2,12.08,0.1,21.74,4.42,Same Day,UPI
O000662,2025-07-10,C02710,P0034,1,14.33,0.15,12.18,1.88,Standard,Bank Transfer
O003921,2025-07-10,C01483,P0100,1,24.47,0.05,23.25,10.54,First Class,UPI
O004610,2025-07-10,C01788,P0087,2,51.68,0.0,103.36,34.44,Same Day,Debit Card
O000050,2025-07-10,C00487,P0174,2,35.58,0.05,67.6,33.18,Same Day,Debit Card
O006390,2025-07-10,C00394,P0001,3,39.36,0.1,106.27,41.74,First Class,Bank Transfer
O005511,2025-07-10,C01329,P0073,1,27.85,0.0,27.85,9.59,Second Class,Debit Card
O007724,2025-07-10,C03227,P0140,5,12.81,0.0,64.05,18.45,First Class,Bank Transfer
O010540,2025-07-10,C02557,P0095,1,22.09,0.05,20.99,7.24,Same Day,PayPal
O008738,2025-07-10,C01511,P0045,1,10.9,0.05,10.36,2.53,Same Day,Bank Transfer
O002274,2025-07-10,C01254,P0056,2,52.21,0.15,88.76,17.66,Standard,PayPal
O011122,2025-07-10,C01744,P0102,1,21.68,0.15,18.43,7.72,Standard,Bank Transfer
O005225,2025-07-10,C02848,P0006,1,24.48,0.1,22.03,8.81,Same Day,Credit Card
O010161,2025-07-10,C03411,P0053,1,18.36,0.15,15.61,3.89,First Class,UPI
O004903,2025-07-11,C00321,P0005,1,24.48,0.1,22.03,4.91,Standard,Credit Card
O004944,2025-07-11,C03403,P0080,1,7.83,0.05,7.44,1.12,Second Class,Bank Transfer
O003229,2025-07-11,C00015,P0118,1,13.33,0.1,12.0,1.72,Second Class,Debit Card
O003170,2025-07-11,C02555,P0129,3,30.41,0.05,86.67,28.68,Standard,PayPal
O009478,2025-07-11,C03016,P0073,3,27.85,0.1,75.2,20.42,First Class,UPI
O002734,2025-07-11,C00859,P0062,4,25.26,0.0,101.04,34.6,Same Day,PayPal
O007911,2025-07-11,C03406,P0006,1,24.48,0.0,24.48,11.26,First Class,Credit Card
O011771,2025-07-11,C01849,P0132,2,29.8,0.0,59.6,23.16,Same Day,UPI
O009379,2025-07-11,C02375,P0176,1,48.8,0.05,46.36,21.42,Second Class,Bank Transfer
O005156,2025-07-11,C00951,P0140,4,12.81,0.15,43.55,7.07,First Class,Debit Card
O007964,2025-07-11,C02421,P0040,3,32.39,0.05,92.31,15.51,Same Day,UPI
O011382,2025-07-11,C00027,P0053,1,18.36,0.0,18.36,6.64,Same Day,Credit Card
O004039,2025-07-11,C03036,P0118,3,13.33,0.1,35.99,5.15,Standard,UPI
O004309,2025-07-11,C02078,P0047,1,21.13,0.0,21.13,4.59,First Class,Credit Card
O010523,2025-07-11,C01104,P0149,2,40.02,0.15,68.03,12.49,Standard,Credit Card
O009079,2025-07-11,C00817,P0073,1,27.85,0.15,23.67,5.41,Same Day,Bank Transfer
O000546,2025-07-11,C03331,P0096,3,11.01,0.0,33.03,14.4,Second Class,Bank Transfer
O010127,2025-07-11,C00128,P0107,2,97.13,0.0,194.26,68.54,First Class,Credit Card
O010101,2025-07-11,C00202,P0134,1,38.78,0.15,32.96,2.41,Same Day,Debit Card
O006756,2025-07-12,C00043,P0063,3,13.89,0.0,41.67,10.77,First Class,Bank Transfer
O011313,2025-07-12,C00341,P0151,1,33.54,0.0,33.54,9.06,Standard,Bank Transfer
O000771,2025-07-12,C02156,P0080,5,7.83,0.0,39.15,7.55,First Class,Credit Card
O006543,2025-07-12,C01254,P0079,4,30.25,0.05,114.95,55.83,Second Class,UPI
O005102,2025-07-12,C03249,P0089,1,20.2,0.1,18.18,3.95,Same Day,Bank Transfer
O007270,2025-07-12,C01198,P0103,1,22.81,0.05,21.67,4.09,Same Day,PayPal
O008154,2025-07-12,C01072,P0068,1,54.72,0.05,51.98,15.83,Standard,UPI
O002142,2025-07-12,C02062,P0058,5,23.31,0.05,110.72,53.32,Same Day,PayPal
O001951,2025-07-12,C01852,P0130,3,20.55,0.1,55.49,14.45,Second Class,UPI
O005766,2025-07-12,C02325,P0026,1,30.63,0.0,30.63,14.92,Standard,Credit Card
O001389,2025-07-12,C02181,P0158,1,38.78,0.05,36.84,12.79,Same Day,Bank Transfer
O007768,2025-07-12,C00073,P0056,3,52.21,0.05,148.8,42.15,Same Day,Debit Card
O010088,2025-07-12,C00028,P0142,2,66.66,0.1,119.99,41.53,Same Day,Debit Card
O004503,2025-07-12,C01743,P0119,1,59.91,0.1,53.92,11.75,Second Class,Debit Card
O007948,2025-07-13,C00340,P0147,1,12.76,0.2,10.21,3.57,First Class,PayPal
O005834,2025-07-13,C01679,P0065,4,48.33,0.0,193.32,59.6,Standard,PayPal
O001062,2025-07-13,C00422,P0115,5,25.15,0.05,119.46,43.06,Same Day,Bank Transfer
O000912,2025-07-13,C02640,P0010,1,40.56,0.05,38.53,13.96,First Class,Bank Transfer
O006162,2025-07-13,C01920,P0081,3,24.71,0.1,66.72,10.08,Second Class,UPI
O000940,2025-07-13,C00537,P0170,3,17.46,0.0,52.38,12.51,Standard,PayPal
O003635,2025-07-13,C00852,P0005,2,24.48,0.0,48.96,14.72,Same Day,Credit Card
O000798,2025-07-13,C02317,P0097,2,34.55,0.3,48.37,6.83,Second Class,PayPal
O002170,2025-07-13,C00893,P0137,1,17.13,0.05,16.27,7.46,Second Class,Credit Card
O008686,2025-07-13,C01794,P0149,2,40.02,0.05,76.04,20.5,Same Day,Debit Card
O001039,2025-07-13,C01920,P0010,2,40.56,0.1,73.01,23.87,First Class,Credit Card
O006532,2025-07-13,C01176,P0045,1,10.9,0.3,7.63,-0.2,Second Class,PayPal
O001036,2025-07-13,C02697,P0126,2,118.37,0.1,213.07,53.11,Second Class,Credit Card
O008692,2025-07-13,C01897,P0166,4,37.27,0.0,149.08,39.28,First Class,PayPal
O005204,2025-07-13,C01970,P0110,2,27.16,0.2,43.46,9.38,Second Class,Debit Card
O007579,2025-07-13,C03238,P0045,1,10.9,0.1,9.81,1.98,First Class,Debit Card
O011609,2025-07-13,C01298,P0076,1,48.63,0.0,48.63,20.81,Second Class,Debit Card
O004986,2025-07-13,C00207,P0045,3,10.9,0.1,29.43,5.94,Standard,Debit Card
O009140,2025-07-13,C03129,P0100,1,24.47,0.15,20.8,8.09,First Class,PayPal
O009940,2025-07-13,C00914,P0088,1,35.29,0.05,33.53,8.02,First Class,UPI
O006427,2025-07-13,C00443,P0063,4,13.89,0.15,47.23,6.03,Same Day,UPI
O001555,2025-07-14,C02682,P0007,3,79.56,0.0,238.68,47.79,Standard,Bank Transfer
O002377,2025-07-14,C02086,P0144,2,32.14,0.05,61.07,29.71,First Class,Bank Transfer
O005803,2025-07-14,C01739,P0099,1,28.6,0.3,20.02,6.15,First Class,Debit Card
O010834,2025-07-14,C02024,P0061,1,20.87,0.1,18.78,7.86,Second Class,Debit Card
O010850,2025-07-14,C03241,P0136,1,78.06,0.0,78.06,38.75,Second Class,PayPal
O006018,2025-07-14,C03500,P0113,3,29.64,0.05,84.47,22.58,Same Day,Debit Card
O009554,2025-07-14,C01255,P0001,2,39.36,0.05,74.78,31.76,Same Day,Bank Transfer
O005282,2025-07-14,C03482,P0117,1,27.87,0.1,25.08,6.93,First Class,Bank Transfer
O001965,2025-07-14,C02826,P0051,1,35.19,0.15,29.91,6.1,First Class,Debit Card
O009139,2025-07-14,C02644,P0151,4,33.54,0.0,134.16,36.24,Second Class,Debit Card
O002167,2025-07-14,C01918,P0100,3,24.47,0.0,73.41,35.28,Same Day,Debit Card
O008364,2025-07-14,C02779,P0124,1,11.46,0.15,9.74,1.96,First Class,Credit Card
O003103,2025-07-14,C01718,P0091,1,30.36,0.1,27.32,2.89,First Class,Debit Card
O009911,2025-07-14,C02893,P0031,1,19.28,0.15,16.39,1.38,First Class,Bank Transfer
O005513,2025-07-14,C00411,P0053,1,18.36,0.3,12.85,1.13,First Class,Bank Transfer
O005073,2025-07-15,C01796,P0072,3,77.46,0.0,232.38,43.74,Second Class,Credit Card
O011344,2025-07-15,C01275,P0077,1,30.16,0.05,28.65,9.67,Standard,UPI
O008634,2025-07-15,C00451,P0111,4,8.19,0.15,27.85,7.69,First Class,UPI
O007650,2025-07-15,C01191,P0046,1,17.85,0.2,14.28,0.88,First Class,UPI
O000234,2025-07-15,C02261,P0152,3,35.7,0.05,101.75,21.08,First Class,Debit Card
O007207,2025-07-15,C00967,P0155,1,34.48,0.1,31.03,5.68,Standard,Bank Transfer
O008982,2025-07-15,C00997,P0056,2,52.21,0.1,93.98,22.88,Second Class,UPI
O009024,2025-07-15,C01965,P0046,2,17.85,0.15,30.35,3.55,First Class,PayPal
O008227,2025-07-15,C00611,P0167,1,48.63,0.1,43.77,18.72,First Class,Bank Transfer
O001647,2025-07-15,C02461,P0174,1,35.58,0.0,35.58,18.37,Standard,UPI
O001958,2025-07-15,C01173,P0137,1,17.13,0.0,17.13,8.32,Same Day,Debit Card
O011722,2025-07-15,C01590,P0045,1,10.9,0.2,8.72,0.89,Standard,UPI
O008904,2025-07-15,C01796,P0131,1,10.4,0.0,10.4,2.08,Second Class,Debit Card
O009919,2025-07-15,C02089,P0130,3,20.55,0.15,52.4,11.36,First Class,Bank Transfer
O009656,2025-07-15,C00310,P0137,1,17.13,0.1,15.42,6.61,Same Day,PayPal
O005463,2025-07-15,C01560,P0089,4,20.2,0.15,68.68,11.76,Second Class,Debit Card
O009676,2025-07-15,C01021,P0179,1,24.0,0.2,19.2,-0.08,Standard,Credit Card
O006278,2025-07-15,C00903,P0057,4,16.52,0.05,62.78,30.38,First Class,UPI
O009658,2025-07-15,C00637,P0131,1,10.4,0.3,7.28,-1.04,Standard,UPI
O010255,2025-07-15,C03270,P0065,3,48.33,0.15,123.24,22.95,First Class,Debit Card
O002769,2025-07-16,C03302,P0035,2,48.65,0.1,87.57,28.97,Same Day,PayPal
O011245,2025-07-16,C01860,P0074,1,78.81,0.05,74.87,28.39,Standard,Debit Card
O001074,2025-07-16,C01057,P0034,1,14.33,0.2,11.46,1.16,Same Day,Debit Card
O000120,2025-07-16,C02370,P0010,2,40.56,0.0,81.12,31.98,Standard,Debit Card
O009566,2025-07-16,C03049,P0137,1,17.13,0.05,16.27,7.46,Second Class,PayPal
O000431,2025-07-16,C01589,P0072,1,77.46,0.05,73.59,10.71,Same Day,Debit Card
O011839,2025-07-16,C02578,P0171,1,15.99,0.05,15.19,5.77,First Class,PayPal
O009522,2025-07-16,C01985,P0077,2,30.16,0.2,48.26,10.3,First Class,UPI
O001509,2025-07-16,C00835,P0019,3,15.8,0.1,42.66,6.18,Second Class,UPI
O012000,2025-07-16,C03348,P0054,4,42.42,0.15,144.23,31.47,Standard,Bank Transfer
O005643,2025-07-16,C03500,P0058,1,23.31,0.0,23.31,11.83,Same Day,Debit Card
O006415,2025-07-16,C02057,P0132,1,29.8,0.05,28.31,10.09,Same Day,Credit Card
O004019,2025-07-16,C02971,P0150,1,34.57,0.05,32.84,5.93,First Class,UPI
O006021,2025-07-16,C01341,P0034,3,14.33,0.2,34.39,3.49,Same Day,Credit Card
O009354,2025-07-17,C01216,P0137,1,17.13,0.15,14.56,5.75,Second Class,UPI
O009111,2025-07-17,C02466,P0022,1,24.61,0.1,22.15,5.68,Second Class,UPI
O009824,2025-07-17,C01491,P0089,4,20.2,0.1,72.72,15.8,Same Day,PayPal
O006478,2025-07-17,C00010,P0139,1,48.37,0.1,43.53,18.76,Same Day,Credit Card
O003467,2025-07-17,C01734,P0133,1,14.29,0.15,12.15,0.62,Second Class,PayPal
O000159,2025-07-17,C01740,P0173,1,27.11,0.15,23.04,6.44,First Class,PayPal
O010473,2025-07-17,C02278,P0127,1,14.97,0.2,11.98,2.82,Second Class,Bank Transfer
O010045,2025-07-17,C03436,P0156,4,17.92,0.05,68.1,14.02,First Class,UPI
O004053,2025-07-17,C01376,P0170,3,17.46,0.0,52.38,12.51,Second Class,PayPal
O007022,2025-07-17,C00787,P0140,1,12.81,0.0,12.81,3.69,Second Class,PayPal
O009107,2025-07-17,C00825,P0178,1,73.32,0.0,73.32,14.44,Standard,Credit Card
O007859,2025-07-17,C00362,P0048,1,56.66,0.05,53.83,20.12,Second Class,Debit Card
O005835,2025-07-17,C00564,P0021,2,73.9,0.1,133.02,53.56,First Class,PayPal
O002317,2025-07-17,C03002,P0094,1,23.04,0.15,19.58,3.73,Second Class,PayPal
O002350,2025-07-17,C00380,P0033,2,28.25,0.05,53.67,13.17,Same Day,Debit Card
O002351,2025-07-17,C01303,P0144,1,32.14,0.0,32.14,16.46,Same Day,Debit Card
O005909,2025-07-17,C02800,P0071,1,36.05,0.0,36.05,9.85,Standard,Credit Card
O007439,2025-07-17,C01419,P0098,2,33.77,0.1,60.79,10.97,Same Day,UPI
O011046,2025-07-17,C00735,P0110,2,27.16,0.2,43.46,9.38,Second Class,Debit Card
O001578,2025-07-17,C01964,P0096,1,11.01,0.1,9.91,3.7,First Class,Bank Transfer
O006137,2025-07-17,C01069,P0090,1,39.79,0.15,33.82,10.93,Standard,PayPal
O011808,2025-07-17,C00750,P0095,1,22.09,0.15,18.78,5.03,Standard,UPI
O006124,2025-07-17,C02265,P0068,4,54.72,0.1,196.99,52.39,Same Day,Credit Card
O002092,2025-07-17,C03403,P0047,1,21.13,0.05,20.07,3.53,Standard,PayPal
O005586,2025-07-17,C00601,P0003,4,43.42,0.0,173.68,73.72,Second Class,Bank Transfer
O009887,2025-07-18,C02448,P0113,4,29.64,0.1,106.7,24.18,Standard,PayPal
O002400,2025-07-18,C00331,P0174,4,35.58,0.05,135.2,66.36,First Class,UPI
O008487,2025-07-18,C01462,P0173,2,27.11,0.05,51.51,18.31,Standard,Credit Card
O011856,2025-07-18,C02633,P0073,1,27.85,0.1,25.07,6.81,First Class,UPI
O004331,2025-07-18,C00069,P0174,1,35.58,0.05,33.8,16.59,Standard,Bank Transfer
O002934,2025-07-18,C02402,P0031,1,19.28,0.0,19.28,4.27,Second Class,Credit Card
O001744,2025-07-18,C01142,P0148,1,12.08,0.15,10.27,1.61,Same Day,UPI
O005143,2025-07-18,C01097,P0069,2,36.06,0.05,68.51,20.63,Second Class,Credit Card
O003886,2025-07-18,C03011,P0095,3,22.09,0.05,62.96,21.71,Second Class,Bank Transfer
O005639,2025-07-18,C01117,P0071,2,36.05,0.0,72.1,19.7,First Class,Credit Card
O001044,2025-07-18,C02005,P0055,4,55.71,0.15,189.41,60.73,First Class,Debit Card
O006047,2025-07-18,C00500,P0079,1,30.25,0.05,28.74,13.96,First Class,Debit Card
O007537,2025-07-18,C02392,P0149,1,40.02,0.3,28.01,0.24,First Class,UPI
O000663,2025-07-19,C01619,P0102,4,21.68,0.1,78.05,35.21,Second Class,UPI
O010379,2025-07-19,C03299,P0126,3,118.37,0.2,284.09,44.15,Standard,Bank Transfer
O001436,2025-07-19,C01020,P0023,1,29.78,0.05,28.29,4.52,First Class,PayPal
O010513,2025-07-19,C01694,P0121,2,47.66,0.05,90.55,42.51,Same Day,UPI
O003454,2025-07-19,C03049,P0105,1,25.67,0.15,21.82,5.36,Same Day,UPI
O005987,2025-07-19,C03376,P0094,1,23.04,0.1,20.74,4.89,First Class,Credit Card
O000879,2025-07-19,C02835,P0055,1,55.71,0.2,44.57,12.4,Standard,UPI
O003505,2025-07-19,C02468,P0144,1,32.14,0.05,30.53,14.85,First Class,PayPal
O006395,2025-07-19,C02200,P0058,1,23.31,0.0,23.31,11.83,Same Day,Bank Transfer
O010571,2025-07-19,C02148,P0149,2,40.02,0.1,72.04,16.5,Same Day,Bank Transfer
O006855,2025-07-19,C00589,P0096,2,11.01,0.05,20.92,8.5,Standard,UPI
O006157,2025-07-19,C01280,P0163,1,60.53,0.15,51.45,4.73,First Class,Debit Card
O009060,2025-07-19,C00381,P0003,4,43.42,0.0,173.68,73.72,Same Day,Debit Card
O009402,2025-07-19,C00076,P0028,1,36.39,0.1,32.75,3.03,First Class,Debit Card
O004103,2025-07-19,C00481,P0147,1,12.76,0.15,10.85,4.21,Second Class,Debit Card
O003706,2025-07-20,C02427,P0141,2,33.04,0.1,59.47,26.15,Second Class,UPI
O000887,2025-07-20,C00951,P0027,1,13.49,0.0,13.49,4.19,Second Class,PayPal
O004057,2025-07-20,C02752,P0152,1,35.7,0.15,30.35,3.46,Standard,Credit Card
O000076,2025-07-20,C00331,P0066,2,68.82,0.0,137.64,67.58,Standard,PayPal
O010142,2025-07-20,C02050,P0104,2,16.92,0.15,28.76,4.42,Standard,Bank Transfer
O009173,2025-07-20,C00376,P0179,2,24.0,0.3,33.6,-4.96,Same Day,Bank Transfer
O004240,2025-07-20,C00205,P0116,2,34.67,0.1,62.41,14.37,Same Day,Bank Transfer
O008042,2025-07-20,C02336,P0065,1,48.33,0.1,43.5,10.07,Second Class,PayPal
O011657,2025-07-20,C01274,P0002,1,26.05,0.2,20.84,1.94,Same Day,Bank Transfer
O001772,2025-07-20,C00840,P0057,2,16.52,0.1,29.74,13.54,Second Class,Credit Card
O004338,2025-07-20,C00866,P0094,3,23.04,0.0,69.12,21.57,First Class,Bank Transfer
O005056,2025-07-20,C01246,P0011,3,21.09,0.1,56.94,26.25,Standard,Debit Card
O001565,2025-07-20,C03453,P0177,1,28.74,0.0,28.74,11.82,Second Class,Credit Card
O002957,2025-07-20,C03099,P0002,1,26.05,0.0,26.05,7.15,First Class,PayPal
O000158,2025-07-20,C01149,P0168,2,97.8,0.0,195.6,41.68,Standard,PayPal
O006398,2025-07-20,C03199,P0073,1,27.85,0.15,23.67,5.41,Second Class,Credit Card
O007654,2025-07-20,C01310,P0105,2,25.67,0.2,41.07,8.15,First Class,Debit Card
O001714,2025-07-20,C01951,P0160,1,43.67,0.0,43.67,11.18,Same Day,Debit Card
O007145,2025-07-20,C02794,P0056,2,52.21,0.1,93.98,22.88,Standard,UPI
O004305,2025-07-20,C02525,P0036,3,12.89,0.15,32.87,10.46,Same Day,Bank Transfer
O006516,2025-07-20,C01489,P0091,1,30.36,0.0,30.36,5.93,Standard,PayPal
O000534,2025-07-21,C00751,P0177,1,28.74,0.1,25.87,8.95,Second Class,UPI
O001650,2025-07-21,C01655,P0147,1,12.76,0.1,11.48,4.84,First Class,Bank Transfer
O000115,2025-07-21,C02351,P0055,1,55.71,0.15,47.35,15.18,Standard,PayPal
O004684,2025-07-21,C02728,P0126,2,118.37,0.0,236.74,76.78,Second Class,PayPal
O009484,2025-07-21,C03458,P0039,5,12.02,0.2,48.08,1.53,Same Day,PayPal
O006597,2025-07-21,C01626,P0119,1,59.91,0.05,56.91,14.74,Standard,UPI
O007965,2025-07-21,C02762,P0094,1,23.04,0.1,20.74,4.89,First Class,PayPal
O004512,2025-07-21,C00456,P0089,1,20.2,0.0,20.2,5.97,Second Class,Debit Card
O010217,2025-07-21,C00633,P0091,1,30.36,0.3,21.25,-3.18,Same Day,UPI
O010404,2025-07-21,C02296,P0039,2,12.02,0.15,20.43,1.81,Standard,Bank Transfer
O008351,2025-07-21,C02634,P0134,1,38.78,0.0,38.78,8.23,Same Day,Credit Card
O000240,2025-07-21,C01502,P0020,1,11.38,0.0,11.38,4.69,Second Class,UPI
O010828,2025-07-21,C03065,P0009,3,21.01,0.0,63.03,13.17,Same Day,PayPal
O001300,2025-07-21,C01769,P0053,1,18.36,0.05,17.44,5.72,Same Day,PayPal
O010928,2025-07-21,C00378,P0027,1,13.49,0.1,12.14,2.84,Standard,Credit Card
O009977,2025-07-21,C01307,P0057,4,16.52,0.1,59.47,27.07,Standard,Debit Card
O006464,2025-07-22,C00547,P0046,2,17.85,0.2,28.56,1.76,Standard,Credit Card
O005931,2025-07-22,C03216,P0113,1,29.64,0.05,28.16,7.53,Second Class,UPI
O001668,2025-07-22,C00632,P0103,1,22.81,0.15,19.39,1.81,First Class,Credit Card
O004615,2025-07-22,C01792,P0109,2,33.7,0.05,64.03,27.71,Same Day,Debit Card
O003444,2025-07-22,C00690,P0144,4,32.14,0.0,128.56,65.84,First Class,PayPal
O010187,2025-07-22,C03385,P0135,2,15.68,0.0,31.36,14.22,First Class,PayPal
O010480,2025-07-22,C00929,P0169,2,24.3,0.2,38.88,7.2,First Class,Credit Card
O001363,2025-07-22,C00158,P0005,1,24.48,0.15,20.81,3.69,First Class,UPI
O011076,2025-07-22,C01854,P0100,1,24.47,0.1,22.02,9.31,Second Class,Credit Card
O001899,2025-07-22,C00688,P0125,1,41.74,0.0,41.74,8.36,Same Day,PayPal
O005542,2025-07-22,C03008,P0144,1,32.14,0.0,32.14,16.46,First Class,Bank Transfer
O002588,2025-07-22,C01453,P0128,2,19.73,0.1,35.51,7.93,First Class,PayPal
O006838,2025-07-22,C03292,P0173,1,27.11,0.05,25.75,9.15,Standard,Bank Transfer
O006256,2025-07-22,C00294,P0008,1,46.94,0.0,46.94,9.18,Same Day,Credit Card
O011394,2025-07-22,C03107,P0115,3,25.15,0.0,75.45,29.61,Same Day,Bank Transfer
O004322,2025-07-22,C00532,P0002,2,26.05,0.0,52.1,14.3,Standard,PayPal
O008124,2025-07-22,C02296,P0099,4,28.6,0.3,80.08,24.6,Same Day,Debit Card
O008869,2025-07-22,C00052,P0061,1,20.87,0.0,20.87,9.95,Second Class,UPI
O001117,2025-07-22,C01700,P0075,3,5.19,0.15,13.23,1.56,First Class,Bank Transfer
O000525,2025-07-22,C01767,P0042,2,31.86,0.1,57.35,15.89,Second Class,PayPal
O009170,2025-07-22,C02310,P0147,2,12.76,0.0,25.52,12.24,Standard,Bank Transfer
O000009,2025-07-22,C00130,P0092,1,53.5,0.15,45.48,6.38,First Class,UPI
O011544,2025-07-23,C02792,P0149,1,40.02,0.05,38.02,10.25,First Class,Debit Card
O002251,2025-07-23,C01709,P0156,1,17.92,0.05,17.02,3.5,Standard,UPI
O000996,2025-07-23,C01765,P0123,4,70.94,0.05,269.57,130.81,Same Day,Debit Card
O004319,2025-07-23,C02495,P0161,3,15.13,0.15,38.58,11.52,Standard,PayPal
O000708,2025-07-23,C02232,P0090,1,39.79,0.0,39.79,16.9,Second Class,Credit Card
O010467,2025-07-23,C01358,P0160,2,43.67,0.1,78.61,13.63,Same Day,Bank Transfer
O005376,2025-07-23,C03114,P0059,2,35.35,0.3,49.49,-4.21,Same Day,Bank Transfer
O002273,2025-07-23,C03442,P0034,2,14.33,0.1,25.79,5.19,First Class,Credit Card
O002364,2025-07-23,C01833,P0078,2,23.47,0.15,39.9,16.12,Standard,Debit Card
O010383,2025-07-23,C00090,P0024,2,11.29,0.2,18.06,1.88,First Class,Credit Card
O009980,2025-07-23,C02212,P0117,1,27.87,0.0,27.87,9.72,Same Day,UPI
O004079,2025-07-23,C01257,P0060,1,53.74,0.15,45.68,13.3,Same Day,PayPal
O000172,2025-07-23,C02643,P0103,2,22.81,0.1,41.06,5.9,Same Day,PayPal
O004507,2025-07-23,C03104,P0112,1,28.02,0.05,26.62,7.3,Second Class,Bank Transfer
O003604,2025-07-23,C02680,P0026,1,30.63,0.15,26.04,10.33,Second Class,Bank Transfer
O007657,2025-07-23,C02551,P0009,2,21.01,0.3,29.41,-3.83,Standard,Bank Transfer
O003934,2025-07-23,C02863,P0109,1,33.7,0.05,32.02,13.86,Standard,Bank Transfer
O010437,2025-07-23,C02812,P0038,3,7.97,0.0,23.91,5.85,Standard,UPI
O003744,2025-07-24,C02376,P0093,1,18.06,0.0,18.06,5.99,First Class,Credit Card
O001157,2025-07-24,C03232,P0034,2,14.33,0.1,25.79,5.19,Standard,PayPal
O002527,2025-07-24,C02066,P0167,3,48.63,0.0,145.89,70.74,Same Day,Debit Card
O011841,2025-07-24,C01812,P0053,1,18.36,0.1,16.52,4.8,First Class,PayPal
O001312,2025-07-24,C00130,P0048,2,56.66,0.0,113.32,45.9,Same Day,Bank Transfer
O005398,2025-07-24,C02373,P0143,3,10.03,0.0,30.09,6.99,Second Class,UPI
O001522,2025-07-24,C01837,P0083,1,74.49,0.05,70.77,24.66,Standard,Credit Card
O005341,2025-07-24,C02832,P0083,1,74.49,0.05,70.77,24.66,Second Class,Bank Transfer
O001494,2025-07-24,C00820,P0016,2,19.78,0.2,31.65,1.19,Same Day,Bank Transfer
O007481,2025-07-24,C02383,P0170,1,17.46,0.05,16.59,3.3,First Class,Bank Transfer
O008222,2025-07-24,C02944,P0160,1,43.67,0.0,43.67,11.18,Same Day,Debit Card
O002772,2025-07-24,C01316,P0061,1,20.87,0.0,20.87,9.95,Standard,PayPal
O004605,2025-07-24,C01693,P0086,1,20.57,0.15,17.48,5.86,Standard,PayPal
O000454,2025-07-24,C00827,P0042,1,31.86,0.15,27.08,6.35,Second Class,Credit Card
O008212,2025-07-24,C00853,P0077,2,30.16,0.0,60.32,22.36,Standard,Bank Transfer
O007885,2025-07-24,C01053,P0159,1,13.14,0.05,12.48,4.51,First Class,Bank Transfer
O005733,2025-07-25,C00978,P0125,1,41.74,0.15,35.48,2.1,Second Class,Bank Transfer
O002959,2025-07-25,C01573,P0071,2,36.05,0.15,61.28,8.88,Second Class,PayPal
O009096,2025-07-25,C02189,P0104,1,16.92,0.15,14.38,2.21,First Class,Credit Card
O009448,2025-07-25,C01292,P0012,2,21.06,0.1,37.91,4.39,Standard,Debit Card
O011738,2025-07-25,C02507,P0052,1,22.19,0.1,19.97,9.05,Second Class,Bank Transfer
O005160,2025-07-25,C01112,P0053,1,18.36,0.0,18.36,6.64,Standard,Debit Card
O000222,2025-07-25,C00881,P0115,2,25.15,0.05,47.78,17.22,Same Day,Credit Card
O004367,2025-07-25,C00914,P0063,4,13.89,0.1,50.0,8.8,Second Class,PayPal
O006785,2025-07-25,C00212,P0156,3,17.92,0.2,43.01,2.45,First Class,PayPal
O001549,2025-07-25,C00443,P0116,1,34.67,0.0,34.67,10.65,Standard,Bank Transfer
O007905,2025-07-25,C00227,P0042,1,31.86,0.05,30.27,9.54,Same Day,PayPal
O008013,2025-07-25,C02734,P0044,1,23.44,0.15,19.92,3.49,First Class,Debit Card
O008522,2025-07-25,C00244,P0010,1,40.56,0.05,38.53,13.96,Same Day,Credit Card
O005969,2025-07-25,C00568,P0069,2,36.06,0.05,68.51,20.63,Same Day,Bank Transfer
O000385,2025-07-25,C00652,P0097,1,34.55,0.0,34.55,13.78,Same Day,Bank Transfer
O001667,2025-07-25,C01289,P0054,1,42.42,0.15,36.06,7.87,First Class,Bank Transfer
O010495,2025-07-25,C02465,P0021,3,73.9,0.1,199.53,80.34,Second Class,UPI
O000888,2025-07-25,C02604,P0077,1,30.16,0.0,30.16,11.18,Same Day,Debit Card
O007069,2025-07-26,C02002,P0041,1,46.06,0.1,41.45,11.33,Second Class,Debit Card
O010488,2025-07-26,C01243,P0099,1,28.6,0.0,28.6,14.73,Same Day,Credit Card
O003040,2025-07-26,C01734,P0167,1,48.63,0.05,46.2,21.15,Same Day,PayPal
O001708,2025-07-26,C00169,P0004,1,76.71,0.0,76.71,39.26,Same Day,Debit Card
O008361,2025-07-26,C03234,P0066,2,68.82,0.15,116.99,46.93,Same Day,PayPal
O011335,2025-07-26,C02668,P0138,1,23.12,0.3,16.18,4.94,Same Day,Bank Transfer
O003540,2025-07-26,C03352,P0150,2,34.57,0.15,58.77,4.95,Second Class,PayPal
O007763,2025-07-26,C02828,P0049,2,35.64,0.05,67.72,24.4,Same Day,UPI
O009331,2025-07-26,C02588,P0031,4,19.28,0.15,65.55,5.51,Standard,Bank Transfer
O009339,2025-07-26,C02311,P0049,1,35.64,0.0,35.64,13.98,Same Day,Credit Card
O011259,2025-07-26,C03164,P0118,1,13.33,0.2,10.66,0.38,Same Day,Credit Card
O011622,2025-07-26,C00118,P0032,5,95.01,0.15,403.79,56.14,First Class,UPI
O004414,2025-07-26,C02538,P0139,4,48.37,0.1,174.13,75.05,Standard,Credit Card
O001262,2025-07-26,C02673,P0140,2,12.81,0.0,25.62,7.38,Same Day,Debit Card
O004248,2025-07-26,C03208,P0024,1,11.29,0.05,10.73,2.64,Same Day,Debit Card
O011362,2025-07-27,C00661,P0077,1,30.16,0.1,27.14,8.16,Same Day,Credit Card
O005637,2025-07-27,C02371,P0018,3,34.96,0.15,89.15,25.07,Same Day,PayPal
O006598,2025-07-27,C02365,P0128,1,19.73,0.0,19.73,5.94,Same Day,UPI
O004985,2025-07-27,C02517,P0161,1,15.13,0.1,13.62,4.6,Same Day,Debit Card
O001812,2025-07-27,C03385,P0079,3,30.25,0.15,77.14,32.8,Same Day,Debit Card
O011535,2025-07-27,C03114,P0092,2,53.5,0.15,90.95,12.75,Standard,Bank Transfer
O006013,2025-07-27,C01333,P0020,1,11.38,0.15,9.67,2.98,Standard,UPI
O004812,2025-07-27,C00493,P0056,2,52.21,0.15,88.76,17.66,Same Day,UPI
O000852,2025-07-27,C02186,P0030,2,23.58,0.2,37.73,6.79,Standard,Bank Transfer
O007038,2025-07-27,C02746,P0017,1,14.76,0.15,12.55,3.99,First Class,Bank Transfer
O010567,2025-07-27,C02490,P0026,2,30.63,0.15,52.07,20.65,Same Day,PayPal
O002998,2025-07-27,C02483,P0108,4,31.93,0.0,127.72,45.84,Standard,UPI
O002622,2025-07-27,C01982,P0116,2,34.67,0.05,65.87,17.83,First Class,Credit Card
O003309,2025-07-27,C00591,P0134,1,38.78,0.05,36.84,6.29,Standard,UPI
O002961,2025-07-27,C00209,P0163,3,60.53,0.05,172.51,32.35,Second Class,Credit Card
O005057,2025-07-27,C03417,P0091,1,30.36,0.1,27.32,2.89,Standard,Bank Transfer
O011892,2025-07-28,C03327,P0172,1,16.77,0.05,15.93,2.77,Standard,PayPal
O000927,2025-07-28,C00243,P0022,1,24.61,0.15,20.92,4.45,Second Class,Debit Card
O004722,2025-07-28,C00647,P0066,1,68.82,0.0,68.82,33.79,Second Class,Debit Card
O008044,2025-07-28,C01910,P0123,1,70.94,0.1,63.85,29.16,First Class,Credit Card
O003355,2025-07-28,C02379,P0048,2,56.66,0.0,113.32,45.9,Same Day,Bank Transfer
O001928,2025-07-28,C00256,P0060,2,53.74,0.1,96.73,31.97,Same Day,PayPal
O008225,2025-07-28,C01003,P0086,3,20.57,0.0,61.71,26.85,Same Day,Debit Card
O009878,2025-07-28,C03273,P0081,1,24.71,0.2,19.77,0.89,Standard,Bank Transfer
O003224,2025-07-28,C01727,P0167,1,48.63,0.0,48.63,23.58,Same Day,Bank Transfer
O000609,2025-07-28,C03228,P0032,2,95.01,0.0,190.02,50.96,Same Day,Credit Card
O008409,2025-07-28,C02397,P0180,4,167.02,0.0,668.08,217.16,Same Day,Bank Transfer
O007266,2025-07-28,C02597,P0176,1,48.8,0.15,41.48,16.54,First Class,UPI
O011938,2025-07-28,C01999,P0013,2,33.36,0.05,63.38,21.64,Second Class,PayPal
O007364,2025-07-28,C01188,P0060,1,53.74,0.0,53.74,21.36,Second Class,PayPal
O005673,2025-07-29,C00699,P0084,2,20.35,0.15,34.59,12.65,Second Class,Debit Card
O008645,2025-07-29,C00206,P0107,2,97.13,0.0,194.26,68.54,Second Class,Credit Card
O004238,2025-07-29,C03050,P0172,2,16.77,0.1,30.19,3.87,Same Day,Credit Card
O010122,2025-07-29,C02755,P0010,1,40.56,0.15,34.48,9.91,Standard,Bank Transfer
O003044,2025-07-29,C00597,P0124,1,11.46,0.05,10.89,3.11,Same Day,Credit Card
O001643,2025-07-29,C03299,P0005,4,24.48,0.1,88.13,19.65,Same Day,Credit Card
O000097,2025-07-29,C00116,P0072,1,77.46,0.1,69.71,6.83,Second Class,PayPal
O007174,2025-07-29,C00813,P0135,1,15.68,0.15,13.33,4.76,Second Class,PayPal
O009418,2025-07-29,C02626,P0107,3,97.13,0.2,233.11,44.53,Second Class,Debit Card
O001841,2025-07-29,C01614,P0065,3,48.33,0.05,137.74,37.45,First Class,UPI
O007300,2025-07-29,C02999,P0170,2,17.46,0.1,31.43,4.85,Standard,Bank Transfer
O001886,2025-07-29,C01622,P0044,1,23.44,0.1,21.1,4.67,Same Day,Bank Transfer
O011155,2025-07-29,C01106,P0026,1,30.63,0.0,30.63,14.92,Same Day,Bank Transfer
O009020,2025-07-30,C03111,P0069,1,36.06,0.0,36.06,12.12,First Class,UPI
O006245,2025-07-30,C01163,P0123,1,70.94,0.15,60.3,25.61,Second Class,PayPal
O002272,2025-07-30,C01788,P0133,2,14.29,0.1,25.72,2.66,Second Class,UPI
O000833,2025-07-30,C00081,P0134,1,38.78,0.2,31.02,0.47,Standard,PayPal
O006172,2025-07-30,C00225,P0142,4,66.66,0.15,226.64,69.72,Second Class,Debit Card
O000665,2025-07-30,C00098,P0160,4,43.67,0.05,165.95,35.99,Standard,Credit Card
O010634,2025-07-30,C00442,P0088,3,35.29,0.15,89.99,13.46,Same Day,Debit Card
O010087,2025-07-30,C03123,P0017,2,14.76,0.0,29.52,12.4,Standard,Credit Card
O003213,2025-07-30,C01856,P0177,2,28.74,0.15,48.86,15.02,Same Day,PayPal
O005241,2025-07-30,C03209,P0054,1,42.42,0.1,38.18,9.99,Second Class,Debit Card
O009842,2025-07-30,C01381,P0128,2,19.73,0.1,35.51,7.93,Second Class,PayPal
O006468,2025-07-30,C02121,P0036,1,12.89,0.2,10.31,2.84,Standard,Bank Transfer
O006503,2025-07-30,C02832,P0104,2,16.92,0.2,27.07,2.73,Standard,PayPal
O006459,2025-07-30,C03380,P0077,1,30.16,0.05,28.65,9.67,Same Day,UPI
O007627,2025-07-31,C02495,P0114,1,141.33,0.2,113.06,43.04,Same Day,UPI
O008935,2025-07-31,C03103,P0095,1,22.09,0.2,17.67,3.92,First Class,Credit Card
O011387,2025-07-31,C00149,P0069,1,36.06,0.3,25.24,1.3,First Class,PayPal
O002674,2025-07-31,C01692,P0113,2,29.64,0.0,59.28,18.02,First Class,Debit Card
O007711,2025-07-31,C00876,P0005,1,24.48,0.15,20.81,3.69,Standard,UPI
O000497,2025-07-31,C02588,P0096,3,11.01,0.15,28.08,9.45,Standard,PayPal
O006618,2025-07-31,C01511,P0142,1,66.66,0.3,46.66,7.43,First Class,Bank Transfer
O002657,2025-07-31,C03424,P0134,1,38.78,0.15,32.96,2.41,First Class,UPI
O008382,2025-07-31,C02334,P0078,1,23.47,0.0,23.47,11.58,Second Class,PayPal
O011168,2025-07-31,C01100,P0056,1,52.21,0.15,44.38,8.83,Second Class,Credit Card
O004064,2025-08-01,C00527,P0180,1,167.02,0.1,150.32,37.59,Second Class,Debit Card
O004638,2025-08-01,C02549,P0063,1,13.89,0.15,11.81,1.51,Second Class,PayPal
O007456,2025-08-01,C02815,P0170,1,17.46,0.15,14.84,1.55,Standard,Debit Card
O000591,2025-08-01,C00926,P0005,1,24.48,0.3,17.14,0.02,First Class,Credit Card
O005137,2025-08-01,C02091,P0070,2,18.74,0.05,35.61,9.49,Same Day,Credit Card
O005400,2025-08-01,C01162,P0158,1,38.78,0.1,34.9,10.85,Standard,Credit Card
O007029,2025-08-01,C01216,P0172,2,16.77,0.05,31.86,5.54,Second Class,Credit Card
O009401,2025-08-01,C01445,P0108,1,31.93,0.0,31.93,11.46,Standard,Bank Transfer
O009336,2025-08-01,C00436,P0007,1,79.56,0.05,75.58,11.95,Same Day,Credit Card
O001655,2025-08-01,C00233,P0006,1,24.48,0.0,24.48,11.26,Same Day,UPI
O006547,2025-08-01,C03095,P0150,1,34.57,0.1,31.11,4.2,Standard,Debit Card
O010900,2025-08-01,C02801,P0003,1,43.42,0.2,34.74,9.75,First Class,UPI
O005653,2025-08-01,C01750,P0178,1,73.32,0.3,51.32,-7.56,Second Class,Bank Transfer
O000134,2025-08-01,C02579,P0072,3,77.46,0.0,232.38,43.74,Second Class,Credit Card
O001996,2025-08-01,C03484,P0119,2,59.91,0.15,101.85,17.51,Same Day,Bank Transfer
O003264,2025-08-01,C00001,P0123,1,70.94,0.1,63.85,29.16,Second Class,UPI
O004369,2025-08-01,C02512,P0177,1,28.74,0.05,27.3,10.38,First Class,UPI
O010154,2025-08-02,C00682,P0046,1,17.85,0.0,17.85,4.45,Standard,Debit Card
O004203,2025-08-02,C01766,P0026,1,30.63,0.0,30.63,14.92,First Class,Debit Card
O003142,2025-08-02,C00611,P0149,1,40.02,0.2,32.02,4.25,Same Day,Credit Card
O003273,2025-08-02,C02093,P0173,2,27.11,0.3,37.95,4.75,Same Day,UPI
O009727,2025-08-02,C00569,P0100,4,24.47,0.0,97.88,47.04,Same Day,Bank Transfer
O003086,2025-08-02,C02212,P0168,3,97.8,0.2,234.72,3.84,Standard,PayPal
O009933,2025-08-02,C02865,P0171,2,15.99,0.1,28.78,9.94,Standard,PayPal
O006662,2025-08-02,C01691,P0091,1,30.36,0.1,27.32,2.89,Standard,Credit Card
O005260,2025-08-02,C02321,P0121,1,47.66,0.15,40.51,16.49,Same Day,Bank Transfer
O002056,2025-08-02,C01790,P0146,1,47.38,0.1,42.64,15.36,Second Class,UPI
O011821,2025-08-02,C00331,P0111,3,8.19,0.0,24.57,9.45,Second Class,Bank Transfer
O003000,2025-08-02,C00778,P0012,2,21.06,0.0,42.12,8.6,Second Class,UPI
O008403,2025-08-02,C01516,P0142,1,66.66,0.2,53.33,14.1,Standard,Credit Card
O001671,2025-08-02,C00943,P0090,1,39.79,0.15,33.82,10.93,First Class,Debit Card
O002339,2025-08-02,C01573,P0113,1,29.64,0.3,20.75,0.12,First Class,Credit Card
O005789,2025-08-02,C01978,P0094,4,23.04,0.2,73.73,10.33,Second Class,Bank Transfer
O007342,2025-08-02,C02939,P0028,3,36.39,0.15,92.79,3.63,Same Day,Debit Card
O002277,2025-08-02,C01187,P0144,4,32.14,0.0,128.56,65.84,Standard,PayPal
O009143,2025-08-03,C02893,P0008,2,46.94,0.2,75.1,-0.42,Same Day,UPI
O007295,2025-08-03,C00501,P0066,1,68.82,0.1,61.94,26.91,Standard,PayPal
O001079,2025-08-03,C00140,P0053,2,18.36,0.0,36.72,13.28,Second Class,Debit Card
O011055,2025-08-03,C00581,P0125,1,41.74,0.05,39.65,6.27,Standard,Credit Card
O001022,2025-08-03,C03068,P0100,1,24.47,0.05,23.25,10.54,Second Class,Credit Card
O008316,2025-08-03,C01292,P0171,1,15.99,0.2,12.79,3.37,Second Class,Debit Card
O003827,2025-08-03,C02039,P0159,1,13.14,0.1,11.83,3.86,Same Day,PayPal
O003419,2025-08-03,C02509,P0015,3,9.29,0.0,27.87,5.37,Second Class,Credit Card
O001514,2025-08-03,C00764,P0157,1,95.85,0.0,95.85,17.56,Standard,PayPal
O003411,2025-08-03,C01850,P0085,1,16.85,0.15,14.32,5.34,First Class,UPI
O000144,2025-08-03,C02742,P0172,1,16.77,0.15,14.25,1.09,Second Class,UPI
O007613,2025-08-03,C02452,P0155,1,34.48,0.1,31.03,5.68,Second Class,UPI
O002747,2025-08-03,C00864,P0118,2,13.33,0.1,23.99,3.43,Second Class,Bank Transfer
O010035,2025-08-03,C01936,P0169,2,24.3,0.05,46.17,14.49,Second Class,Credit Card
O010531,2025-08-03,C02216,P0016,1,19.78,0.05,18.79,3.56,Same Day,UPI
O002148,2025-08-03,C01744,P0141,2,33.04,0.1,59.47,26.15,Second Class,Credit Card
O008724,2025-08-03,C00138,P0077,1,30.16,0.15,25.64,6.66,Same Day,Bank Transfer
O003137,2025-08-03,C00999,P0014,2,8.22,0.05,15.62,2.32,Same Day,Debit Card
O005407,2025-08-03,C00236,P0148,1,12.08,0.1,10.87,2.21,First Class,Credit Card
O011086,2025-08-04,C03161,P0020,1,11.38,0.0,11.38,4.69,Second Class,UPI
O004892,2025-08-04,C00444,P0146,5,47.38,0.0,236.9,100.5,First Class,Bank Transfer
O011001,2025-08-04,C02009,P0107,4,97.13,0.0,388.52,137.08,Second Class,UPI
O004921,2025-08-04,C02668,P0087,2,51.68,0.0,103.36,34.44,Same Day,Bank Transfer
O002561,2025-08-04,C02578,P0039,1,12.02,0.0,12.02,2.71,First Class,Credit Card
O007070,2025-08-04,C01694,P0096,2,11.01,0.05,20.92,8.5,First Class,PayPal
O005479,2025-08-04,C03167,P0105,2,25.67,0.15,43.64,10.72,Same Day,UPI
O010063,2025-08-04,C03327,P0018,1,34.96,0.1,31.46,10.1,Second Class,UPI
O002516,2025-08-04,C02428,P0172,1,16.77,0.3,11.74,-1.42,Second Class,Debit Card
O005490,2025-08-04,C00576,P0159,2,13.14,0.0,26.28,10.34,Second Class,PayPal
O005684,2025-08-04,C02308,P0158,3,38.78,0.3,81.44,9.29,First Class,UPI
O003995,2025-08-04,C01227,P0094,2,23.04,0.3,32.26,0.56,First Class,Bank Transfer
O001894,2025-08-04,C02258,P0001,1,39.36,0.1,35.42,13.91,Second Class,Debit Card
O001654,2025-08-04,C02090,P0032,1,95.01,0.05,90.26,20.73,Standard,PayPal
O009530,2025-08-04,C01779,P0054,1,42.42,0.15,36.06,7.87,Same Day,Bank Transfer
O001458,2025-08-04,C00044,P0070,1,18.74,0.0,18.74,5.68,Second Class,UPI
O011159,2025-08-04,C02611,P0159,1,13.14,0.15,11.17,3.2,First Class,Credit Card
O001503,2025-08-04,C03056,P0095,1,22.09,0.0,22.09,8.34,Second Class,Debit Card
O006414,2025-08-05,C03264,P0041,2,46.06,0.05,87.51,27.27,Same Day,Credit Card
O008481,2025-08-05,C01843,P0058,1,23.31,0.05,22.14,10.66,Same Day,Bank Transfer
O003277,2025-08-05,C03454,P0153,1,18.32,0.1,16.49,5.94,First Class,Credit Card
O007767,2025-08-05,C01282,P0153,2,18.32,0.3,25.65,4.55,First Class,PayPal
O003511,2025-08-05,C01033,P0103,2,22.81,0.1,41.06,5.9,Standard,PayPal
O007636,2025-08-05,C00664,P0149,1,40.02,0.1,36.02,8.25,Standard,UPI
O000248,2025-08-05,C02935,P0011,2,21.09,0.3,29.53,9.07,Standard,UPI
O011277,2025-08-05,C01163,P0038,1,7.97,0.05,7.57,1.55,First Class,PayPal
O002355,2025-08-05,C01371,P0056,1,52.21,0.3,36.55,1.0,Same Day,Debit Card
O008180,2025-08-05,C00489,P0018,1,34.96,0.0,34.96,13.6,Second Class,PayPal
O008561,2025-08-05,C00058,P0157,1,95.85,0.0,95.85,17.56,Second Class,Bank Transfer
O000414,2025-08-05,C00704,P0103,2,22.81,0.0,45.62,10.46,Standard,PayPal
O000737,2025-08-05,C03347,P0084,1,20.35,0.15,17.3,6.33,Second Class,PayPal
O003074,2025-08-05,C00421,P0145,2,33.75,0.05,64.12,13.02,Standard,Credit Card
O007583,2025-08-06,C00315,P0001,1,39.36,0.1,35.42,13.91,Standard,UPI
O010898,2025-08-06,C02531,P0064,2,13.1,0.15,22.27,7.77,Same Day,UPI
O010934,2025-08-06,C01782,P0168,1,97.8,0.1,88.02,11.06,Standard,PayPal
O005029,2025-08-06,C00433,P0137,1,17.13,0.05,16.27,7.46,Second Class,Debit Card
O011796,2025-08-06,C00033,P0139,1,48.37,0.1,43.53,18.76,First Class,PayPal
O002187,2025-08-06,C00572,P0108,2,31.93,0.2,51.09,10.15,Standard,Credit Card
O007539,2025-08-06,C02530,P0012,1,21.06,0.1,18.95,2.19,Second Class,PayPal
O010289,2025-08-06,C00916,P0168,2,97.8,0.1,176.04,22.12,First Class,PayPal
O004377,2025-08-06,C02417,P0034,3,14.33,0.0,42.99,12.09,First Class,Bank Transfer
O001865,2025-08-06,C02233,P0020,1,11.38,0.1,10.24,3.55,Second Class,Bank Transfer
O002159,2025-08-06,C02476,P0071,1,36.05,0.0,36.05,9.85,First Class,Bank Transfer
O007058,2025-08-06,C00218,P0121,4,47.66,0.2,152.51,56.43,Same Day,PayPal
O003093,2025-08-06,C02740,P0056,1,52.21,0.05,49.6,14.05,First Class,Debit Card
O003333,2025-08-06,C01026,P0170,1,17.46,0.0,17.46,4.17,Standard,Credit Card
O011563,2025-08-06,C00437,P0103,1,22.81,0.15,19.39,1.81,First Class,Bank Transfer
O001690,2025-08-06,C00634,P0118,2,13.33,0.05,25.33,4.77,Second Class,PayPal
O005280,2025-08-06,C00522,P0049,2,35.64,0.1,64.15,20.83,First Class,UPI
O007755,2025-08-06,C00790,P0038,2,7.97,0.0,15.94,3.9,Standard,Credit Card
O006870,2025-08-06,C03263,P0061,2,20.87,0.15,35.48,13.64,Same Day,Bank Transfer
O003946,2025-08-06,C01056,P0127,1,14.97,0.3,10.48,1.32,Same Day,PayPal
O003310,2025-08-06,C00977,P0136,2,78.06,0.0,156.12,77.5,First Class,Debit Card
O004252,2025-08-07,C01544,P0140,1,12.81,0.0,12.81,3.69,Same Day,Debit Card
O005221,2025-08-07,C00274,P0013,1,33.36,0.0,33.36,12.49,Standard,UPI
O002165,2025-08-07,C02314,P0115,2,25.15,0.15,42.75,12.19,Standard,Debit Card
O007257,2025-08-07,C01806,P0039,2,12.02,0.0,24.04,5.42,Same Day,UPI
O011278,2025-08-07,C02136,P0017,1,14.76,0.1,13.28,4.72,Same Day,UPI
O000811,2025-08-07,C01860,P0014,1,8.22,0.1,7.4,0.75,First Class,PayPal
O000283,2025-08-07,C02084,P0131,1,10.4,0.2,8.32,0.0,First Class,PayPal
O001178,2025-08-07,C01471,P0117,4,27.87,0.3,78.04,5.44,Same Day,PayPal
O010058,2025-08-07,C03110,P0073,3,27.85,0.1,75.2,20.42,First Class,Credit Card
O004569,2025-08-07,C03143,P0040,1,32.39,0.1,29.15,3.55,Second Class,Bank Transfer
O002539,2025-08-07,C01139,P0164,1,16.72,0.0,16.72,6.26,Same Day,Credit Card
O005415,2025-08-07,C00721,P0016,1,19.78,0.1,17.8,2.57,Second Class,Credit Card
O007156,2025-08-07,C03159,P0172,2,16.77,0.0,33.54,7.22,Same Day,PayPal
O008594,2025-08-07,C03246,P0089,1,20.2,0.15,17.17,2.94,Standard,PayPal
O011560,2025-08-07,C00804,P0001,1,39.36,0.05,37.39,15.88,Standard,UPI
O002616,2025-08-07,C03083,P0076,2,48.63,0.0,97.26,41.62,First Class,UPI
O000721,2025-08-07,C00906,P0032,1,95.01,0.2,76.01,6.48,Same Day,Bank Transfer
O004728,2025-08-07,C03136,P0038,3,7.97,0.1,21.52,3.46,First Class,Credit Card
O000104,2025-08-07,C02853,P0150,2,34.57,0.2,55.31,1.49,Standard,PayPal
O003061,2025-08-07,C00575,P0111,2,8.19,0.2,13.1,3.02,Standard,UPI
O003380,2025-08-07,C02504,P0167,2,48.63,0.1,87.53,37.43,Second Class,PayPal
O000202,2025-08-07,C01891,P0110,1,27.16,0.05,25.8,8.76,Second Class,PayPal
O008971,2025-08-07,C03087,P0010,1,40.56,0.2,32.45,7.88,First Class,UPI
O000187,2025-08-07,C00229,P0175,3,34.12,0.1,92.12,11.48,Same Day,PayPal
O006704,2025-08-07,C02094,P0031,2,19.28,0.2,30.85,0.83,First Class,Bank Transfer
O007790,2025-08-08,C01015,P0010,1,40.56,0.15,34.48,9.91,Second Class,Debit Card
O003178,2025-08-08,C00945,P0016,1,19.78,0.05,18.79,3.56,Same Day,Credit Card
O002240,2025-08-08,C02799,P0071,1,36.05,0.0,36.05,9.85,Second Class,UPI
O000362,2025-08-08,C02343,P0088,5,35.29,0.1,158.81,31.26,Second Class,PayPal
O011859,2025-08-08,C00785,P0081,1,24.71,0.1,22.24,3.36,Second Class,UPI
O010519,2025-08-08,C03483,P0077,2,30.16,0.2,48.26,10.3,First Class,Credit Card
O001716,2025-08-08,C03040,P0080,1,7.83,0.0,7.83,1.51,Second Class,PayPal
O005478,2025-08-08,C01260,P0069,1,36.06,0.1,32.45,8.51,Standard,PayPal
O011536,2025-08-08,C03177,P0060,1,53.74,0.15,45.68,13.3,Standard,Debit Card
O011708,2025-08-08,C01095,P0076,1,48.63,0.0,48.63,20.81,Standard,Debit Card
O008302,2025-08-08,C01343,P0015,2,9.29,0.1,16.72,1.72,First Class,Debit Card
O005402,2025-08-08,C02195,P0180,1,167.02,0.2,133.62,20.89,Second Class,Credit Card
O011921,2025-08-08,C01943,P0170,1,17.46,0.15,14.84,1.55,Standard,Bank Transfer
O003130,2025-08-08,C03262,P0003,4,43.42,0.15,147.63,47.67,Standard,UPI
O000778,2025-08-08,C00357,P0036,4,12.89,0.15,43.83,13.95,Same Day,UPI
O004321,2025-08-09,C00547,P0141,2,33.04,0.1,59.47,26.15,First Class,Credit Card
O002696,2025-08-09,C00122,P0063,4,13.89,0.1,50.0,8.8,Same Day,UPI
O009823,2025-08-09,C03454,P0052,3,22.19,0.0,66.57,33.81,Standard,PayPal
O001900,2025-08-09,C00768,P0009,3,21.01,0.0,63.03,13.17,First Class,Bank Transfer
O004801,2025-08-09,C00955,P0144,1,32.14,0.05,30.53,14.85,Second Class,PayPal
O007236,2025-08-09,C02315,P0108,1,31.93,0.05,30.33,9.86,Second Class,PayPal
O003842,2025-08-09,C01392,P0013,2,33.36,0.0,66.72,24.98,Second Class,Credit Card
O001035,2025-08-09,C01980,P0044,2,23.44,0.15,39.85,6.99,First Class,PayPal
O008094,2025-08-09,C01644,P0039,4,12.02,0.15,40.87,3.63,Standard,PayPal
O008334,2025-08-09,C01257,P0093,1,18.06,0.0,18.06,5.99,First Class,UPI
O009377,2025-08-09,C02245,P0054,1,42.42,0.15,36.06,7.87,Standard,UPI
O001143,2025-08-09,C00388,P0139,1,48.37,0.05,45.95,21.18,Standard,PayPal
O007055,2025-08-09,C01293,P0022,1,24.61,0.0,24.61,8.14,Second Class,PayPal
O002229,2025-08-09,C00963,P0097,1,34.55,0.3,24.18,3.41,Second Class,Bank Transfer
O006562,2025-08-09,C01585,P0065,1,48.33,0.15,41.08,7.65,Same Day,Credit Card
O009574,2025-08-09,C02491,P0014,3,8.22,0.05,23.43,3.48,First Class,UPI
O000274,2025-08-09,C01210,P0086,1,20.57,0.15,17.48,5.86,Standard,UPI
O009047,2025-08-09,C01410,P0120,2,46.47,0.05,88.29,38.53,Standard,Bank Transfer
O003235,2025-08-09,C02930,P0151,1,33.54,0.2,26.83,2.35,Standard,UPI
O006495,2025-08-09,C00873,P0006,2,24.48,0.05,46.51,20.07,Same Day,Debit Card
O008891,2025-08-09,C01257,P0079,1,30.25,0.0,30.25,15.47,First Class,UPI
O002334,2025-08-09,C03306,P0120,5,46.47,0.1,209.12,84.72,Standard,Debit Card
O006956,2025-08-09,C02202,P0173,4,27.11,0.05,103.02,36.62,Standard,PayPal
O010022,2025-08-09,C01854,P0168,2,97.8,0.2,156.48,2.56,Standard,Bank Transfer
O008897,2025-08-09,C02726,P0015,2,9.29,0.0,18.58,3.58,First Class,UPI
O006871,2025-08-10,C03205,P0178,1,73.32,0.1,65.99,7.11,Same Day,PayPal
O005550,2025-08-10,C01631,P0142,1,66.66,0.1,59.99,20.76,First Class,PayPal
O008740,2025-08-10,C01690,P0133,1,14.29,0.15,12.15,0.62,Same Day,Debit Card
O001884,2025-08-10,C00432,P0012,1,21.06,0.2,16.85,0.09,First Class,Bank Transfer
O000944,2025-08-10,C00246,P0053,1,18.36,0.15,15.61,3.89,Second Class,PayPal
O008580,2025-08-10,C01354,P0085,1,16.85,0.05,16.01,7.03,Standard,PayPal
O009984,2025-08-10,C02253,P0054,4,42.42,0.15,144.23,31.47,First Class,Debit Card
O011958,2025-08-10,C01572,P0085,3,16.85,0.15,42.97,16.03,Same Day,PayPal
O004856,2025-08-10,C02648,P0153,1,18.32,0.1,16.49,5.94,First Class,Bank Transfer
O000275,2025-08-10,C02773,P0132,3,29.8,0.15,75.99,21.33,Standard,Debit Card
O002858,2025-08-10,C01750,P0157,1,95.85,0.0,95.85,17.56,Second Class,Debit Card
O004233,2025-08-10,C00498,P0115,2,25.15,0.15,42.75,12.19,First Class,Debit Card
O003689,2025-08-10,C01518,P0082,2,35.95,0.1,64.71,13.19,Standard,Debit Card
O003563,2025-08-10,C02388,P0146,2,47.38,0.1,85.28,30.72,Same Day,Debit Card
O003898,2025-08-10,C02645,P0065,1,48.33,0.15,41.08,7.65,Second Class,Debit Card
O003447,2025-08-10,C02948,P0121,1,47.66,0.0,47.66,23.64,Second Class,Bank Transfer
O005437,2025-08-10,C01883,P0031,2,19.28,0.05,36.63,6.61,Second Class,Debit Card
O004845,2025-08-10,C02416,P0053,1,18.36,0.15,15.61,3.89,First Class,Debit Card
O000671,2025-08-10,C03493,P0104,1,16.92,0.0,16.92,4.75,Second Class,Credit Card
O001791,2025-08-11,C02853,P0049,5,35.64,0.15,151.47,43.17,Second Class,Debit Card
O006908,2025-08-11,C01548,P0105,3,25.67,0.3,53.91,4.53,First Class,UPI
O006778,2025-08-11,C00448,P0090,3,39.79,0.05,113.4,44.73,Second Class,UPI
O008597,2025-08-11,C03257,P0067,1,27.2,0.0,27.2,13.67,Second Class,Credit Card
O005017,2025-08-11,C00675,P0025,1,20.01,0.15,17.01,3.53,First Class,Bank Transfer
O005165,2025-08-11,C02882,P0173,2,27.11,0.15,46.09,12.89,Second Class,UPI
O007719,2025-08-11,C03139,P0051,1,35.19,0.05,33.43,9.62,First Class,Credit Card
O005817,2025-08-11,C00469,P0160,1,43.67,0.05,41.49,9.0,First Class,PayPal
O009293,2025-08-11,C00707,P0088,2,35.29,0.15,59.99,8.97,Second Class,PayPal
O005358,2025-08-11,C00536,P0151,3,33.54,0.1,90.56,17.12,Second Class,UPI
O004193,2025-08-11,C00944,P0051,2,35.19,0.05,66.86,19.24,Standard,UPI
O003346,2025-08-11,C00281,P0131,2,10.4,0.0,20.8,4.16,Second Class,UPI
O004675,2025-08-11,C02999,P0126,2,118.37,0.05,224.9,64.94,Standard,Debit Card
O008710,2025-08-11,C01439,P0142,1,66.66,0.0,66.66,27.43,Standard,Credit Card
O005571,2025-08-11,C02843,P0074,1,78.81,0.05,74.87,28.39,First Class,PayPal
O007214,2025-08-11,C00338,P0014,1,8.22,0.2,6.58,-0.07,First Class,Debit Card
O009441,2025-08-11,C01715,P0063,1,13.89,0.1,12.5,2.2,Second Class,Credit Card
O008187,2025-08-11,C03357,P0058,2,23.31,0.2,37.3,14.34,Same Day,UPI
O001847,2025-08-11,C00895,P0049,1,35.64,0.05,33.86,12.2,Standard,Credit Card
O003368,2025-08-12,C02648,P0133,1,14.29,0.05,13.58,2.05,First Class,Debit Card
O008704,2025-08-12,C01030,P0083,1,74.49,0.0,74.49,28.38,Second Class,Bank Transfer
O010509,2025-08-12,C02779,P0142,2,66.66,0.1,119.99,41.53,First Class,Bank Transfer
O010526,2025-08-12,C00864,P0173,4,27.11,0.0,108.44,42.04,First Class,Bank Transfer
O002886,2025-08-12,C03301,P0027,2,13.49,0.0,26.98,8.38,First Class,Debit Card
O004009,2025-08-12,C03169,P0139,3,48.37,0.05,137.85,63.54,Second Class,Bank Transfer
O004665,2025-08-12,C03138,P0085,2,16.85,0.0,33.7,15.74,Standard,Credit Card
O008339,2025-08-12,C00611,P0149,1,40.02,0.15,34.02,6.25,First Class,PayPal
O008440,2025-08-12,C00067,P0151,2,33.54,0.05,63.73,14.77,Standard,Credit Card
O009768,2025-08-12,C01750,P0158,2,38.78,0.15,65.93,17.83,Standard,PayPal
O008863,2025-08-12,C01768,P0069,3,36.06,0.15,91.95,20.13,Same Day,PayPal
O010826,2025-08-12,C00815,P0044,1,23.44,0.1,21.1,4.67,Second Class,PayPal
O005015,2025-08-12,C01426,P0023,1,29.78,0.15,25.31,1.54,First Class,PayPal
O011033,2025-08-12,C00499,P0065,3,48.33,0.0,144.99,44.7,Standard,Debit Card
O004837,2025-08-12,C00014,P0061,1,20.87,0.0,20.87,9.95,Standard,UPI
O000964,2025-08-12,C02418,P0010,1,40.56,0.0,40.56,15.99,Second Class,Debit Card
O007832,2025-08-12,C00764,P0027,3,13.49,0.15,34.4,6.5,Standard,PayPal
O002709,2025-08-12,C01775,P0070,2,18.74,0.05,35.61,9.49,Same Day,Credit Card
O009886,2025-08-13,C02993,P0153,1,18.32,0.15,15.57,5.02,First Class,Bank Transfer
O008097,2025-08-13,C02135,P0112,1,28.02,0.0,28.02,8.7,First Class,PayPal
O003096,2025-08-13,C02546,P0165,1,53.31,0.1,47.98,8.78,Same Day,PayPal
O008109,2025-08-13,C00827,P0020,1,11.38,0.05,10.81,4.12,First Class,Debit Card
O006397,2025-08-13,C00620,P0030,4,23.58,0.1,84.89,23.01,Same Day,UPI
O000306,2025-08-13,C02202,P0118,4,13.33,0.0,53.32,12.2,Standard,UPI
O003164,2025-08-13,C00436,P0132,2,29.8,0.15,50.66,14.22,Same Day,Bank Transfer
O011129,2025-08-13,C03130,P0108,2,31.93,0.0,63.86,22.92,Same Day,Credit Card
O000143,2025-08-13,C01189,P0069,1,36.06,0.15,30.65,6.71,First Class,Debit Card
O004796,2025-08-13,C00453,P0117,1,27.87,0.0,27.87,9.72,Same Day,UPI
O007164,2025-08-13,C02824,P0026,1,30.63,0.05,29.1,13.39,Same Day,Bank Transfer
O004807,2025-08-13,C01820,P0002,1,26.05,0.1,23.45,4.55,Same Day,Debit Card
O010729,2025-08-13,C00032,P0087,3,51.68,0.2,124.03,20.65,First Class,Bank Transfer
O011192,2025-08-13,C01894,P0097,1,34.55,0.0,34.55,13.78,Standard,Bank Transfer
O000393,2025-08-13,C02200,P0072,3,77.46,0.2,185.9,-2.74,First Class,PayPal
O002160,2025-08-14,C01549,P0128,1,19.73,0.0,19.73,5.94,Standard,Debit Card
O004788,2025-08-14,C01653,P0142,1,66.66,0.15,56.66,17.43,Standard,UPI
O007283,2025-08-14,C02580,P0037,1,32.65,0.0,32.65,7.99,Second Class,PayPal
O005502,2025-08-14,C00968,P0160,1,43.67,0.1,39.3,6.81,First Class,UPI
O001784,2025-08-14,C00551,P0152,2,35.7,0.1,64.26,10.48,Second Class,PayPal
O010228,2025-08-14,C03187,P0137,3,17.13,0.0,51.39,24.96,Same Day,Bank Transfer
O010986,2025-08-14,C02583,P0060,3,53.74,0.15,137.04,39.9,Same Day,Credit Card
O006454,2025-08-14,C00981,P0083,1,74.49,0.05,70.77,24.66,Second Class,Debit Card
O000191,2025-08-14,C00213,P0172,1,16.77,0.05,15.93,2.77,First Class,Debit Card
O002426,2025-08-14,C02940,P0107,2,97.13,0.0,194.26,68.54,Second Class,Bank Transfer
O000168,2025-08-14,C01322,P0154,1,33.15,0.2,26.52,8.61,Same Day,UPI
O001267,2025-08-14,C02534,P0041,2,46.06,0.05,87.51,27.27,Standard,Credit Card
O000288,2025-08-14,C00327,P0148,2,12.08,0.0,24.16,6.84,Standard,Debit Card
O001521,2025-08-14,C02550,P0165,1,53.31,0.3,37.32,-1.88,Second Class,UPI
O001707,2025-08-14,C01714,P0149,1,40.02,0.15,34.02,6.25,First Class,Credit Card
O004688,2025-08-14,C03208,P0074,1,78.81,0.3,55.17,8.69,First Class,Bank Transfer
O006098,2025-08-14,C00901,P0085,2,16.85,0.0,33.7,15.74,Standard,UPI
O006321,2025-08-14,C00076,P0099,4,28.6,0.05,108.68,53.2,Same Day,PayPal
O006066,2025-08-14,C00232,P0116,3,34.67,0.1,93.61,21.55,Second Class,Debit Card
O002809,2025-08-14,C01052,P0019,2,15.8,0.15,26.86,2.54,Same Day,PayPal
O009925,2025-08-14,C02378,P0126,3,118.37,0.2,284.09,44.15,First Class,Credit Card
O003194,2025-08-15,C01029,P0179,1,24.0,0.15,20.4,1.12,First Class,PayPal
O003342,2025-08-15,C01649,P0060,1,53.74,0.15,45.68,13.3,Standard,Bank Transfer
O010107,2025-08-15,C03040,P0003,1,43.42,0.0,43.42,18.43,Standard,Bank Transfer
O011319,2025-08-15,C00549,P0032,1,95.01,0.1,85.51,15.98,Second Class,Bank Transfer
O001471,2025-08-15,C00028,P0148,1,12.08,0.0,12.08,3.42,Standard,PayPal
O009681,2025-08-15,C03161,P0119,2,59.91,0.3,83.87,-0.47,First Class,PayPal
O000857,2025-08-15,C01642,P0044,1,23.44,0.0,23.44,7.01,First Class,PayPal
O005009,2025-08-15,C02426,P0004,1,76.71,0.05,72.87,35.42,Standard,Bank Transfer
O006405,2025-08-15,C01312,P0042,1,31.86,0.05,30.27,9.54,Same Day,Credit Card
O010001,2025-08-15,C01035,P0151,1,33.54,0.05,31.86,7.38,Second Class,Credit Card
O008853,2025-08-15,C02159,P0023,1,29.78,0.0,29.78,6.01,Second Class,Credit Card
O005777,2025-08-15,C03422,P0009,1,21.01,0.0,21.01,4.39,Same Day,UPI
O010999,2025-08-15,C02239,P0122,1,15.78,0.15,13.41,2.39,Same Day,Debit Card
O002115,2025-08-15,C02593,P0177,1,28.74,0.15,24.43,7.51,Second Class,Debit Card
O000221,2025-08-16,C00330,P0023,1,29.78,0.15,25.31,1.54,First Class,Bank Transfer
O004168,2025-08-16,C03338,P0180,5,167.02,0.15,709.84,146.19,Same Day,Credit Card
O010771,2025-08-16,C02018,P0028,1,36.39,0.0,36.39,6.67,Same Day,Debit Card
O011494,2025-08-16,C00770,P0134,2,38.78,0.05,73.68,12.58,First Class,PayPal
O004218,2025-08-16,C01206,P0023,1,29.78,0.05,28.29,4.52,Standard,Bank Transfer
O000934,2025-08-16,C03142,P0118,1,13.33,0.05,12.66,2.38,Same Day,UPI
O011446,2025-08-16,C02327,P0113,2,29.64,0.0,59.28,18.02,Standard,Bank Transfer
O006628,2025-08-16,C02660,P0042,1,31.86,0.0,31.86,11.13,Same Day,Bank Transfer
O011283,2025-08-16,C02073,P0168,1,97.8,0.0,97.8,20.84,Same Day,Debit Card
O003495,2025-08-16,C02384,P0007,3,79.56,0.0,238.68,47.79,First Class,Debit Card
O001129,2025-08-16,C00460,P0048,3,56.66,0.15,144.48,43.35,Same Day,Credit Card
O009040,2025-08-16,C00101,P0042,4,31.86,0.05,121.07,38.15,Same Day,UPI
O007454,2025-08-16,C01003,P0038,4,7.97,0.05,30.29,6.21,Second Class,Bank Transfer
O005487,2025-08-16,C03232,P0171,2,15.99,0.1,28.78,9.94,First Class,PayPal
O007394,2025-08-16,C01923,P0030,1,23.58,0.0,23.58,8.11,Second Class,Credit Card
O001459,2025-08-16,C02883,P0180,3,167.02,0.0,501.06,162.87,Second Class,Debit Card
O002190,2025-08-17,C01411,P0020,1,11.38,0.05,10.81,4.12,Same Day,PayPal
O008345,2025-08-17,C02451,P0094,1,23.04,0.1,20.74,4.89,Standard,PayPal
O009064,2025-08-17,C00150,P0109,2,33.7,0.1,60.66,24.34,Same Day,Credit Card
O011817,2025-08-17,C01593,P0045,1,10.9,0.1,9.81,1.98,Same Day,Credit Card
O009591,2025-08-17,C01002,P0062,2,25.26,0.1,45.47,12.25,First Class,Credit Card
O004760,2025-08-17,C02070,P0148,4,12.08,0.0,48.32,13.68,Second Class,Bank Transfer
O001148,2025-08-17,C01979,P0002,1,26.05,0.1,23.45,4.55,Second Class,Bank Transfer
O000895,2025-08-17,C02092,P0085,1,16.85,0.05,16.01,7.03,First Class,PayPal
O007288,2025-08-17,C03292,P0096,2,11.01,0.0,22.02,9.6,Standard,UPI
O000872,2025-08-17,C01974,P0141,3,33.04,0.15,84.25,34.27,Second Class,Credit Card
O007400,2025-08-17,C00752,P0071,1,36.05,0.05,34.25,8.05,Standard,Credit Card
O009097,2025-08-17,C02807,P0119,1,59.91,0.0,59.91,17.74,First Class,PayPal
O003782,2025-08-17,C02849,P0171,3,15.99,0.15,40.77,12.51,Second Class,PayPal
O006892,2025-08-17,C00489,P0069,1,36.06,0.15,30.65,6.71,Same Day,Debit Card
O006595,2025-08-17,C01812,P0110,1,27.16,0.2,21.73,4.69,First Class,Debit Card
O009879,2025-08-17,C01672,P0029,3,19.29,0.0,57.87,27.33,Second Class,UPI
O004566,2025-08-17,C03210,P0072,1,77.46,0.15,65.84,2.96,Second Class,UPI
O003603,2025-08-18,C00437,P0068,1,54.72,0.1,49.25,13.1,Standard,Credit Card
O006731,2025-08-18,C00097,P0078,1,23.47,0.15,19.95,8.06,Second Class,PayPal
O007104,2025-08-18,C00993,P0051,2,35.19,0.0,70.38,22.76,First Class,PayPal
O005945,2025-08-18,C01238,P0165,1,53.31,0.1,47.98,8.78,Second Class,PayPal
O007611,2025-08-18,C00784,P0089,2,20.2,0.0,40.4,11.94,Second Class,Credit Card
O001070,2025-08-18,C01905,P0103,2,22.81,0.05,43.34,8.18,Second Class,UPI
O005576,2025-08-18,C02084,P0106,4,37.06,0.0,148.24,72.16,First Class,UPI
O002382,2025-08-18,C00093,P0074,4,78.81,0.1,283.72,97.8,Standard,UPI
O010749,2025-08-18,C00261,P0090,5,39.79,0.1,179.06,64.61,Standard,Bank Transfer
O005499,2025-08-18,C00869,P0145,1,33.75,0.1,30.38,4.83,Second Class,Bank Transfer
O009864,2025-08-18,C02048,P0155,3,34.48,0.1,93.1,17.05,Same Day,Debit Card
O007289,2025-08-18,C00096,P0171,2,15.99,0.0,31.98,13.14,Second Class,UPI
O003619,2025-08-18,C02864,P0064,1,13.1,0.05,12.44,5.19,Second Class,PayPal
O005363,2025-08-18,C00692,P0111,2,8.19,0.0,16.38,6.3,Second Class,UPI
O004143,2025-08-18,C02007,P0104,1,16.92,0.1,15.23,3.06,Second Class,UPI
O003859,2025-08-18,C00828,P0154,4,33.15,0.1,119.34,47.7,Standard,Debit Card
O004273,2025-08-18,C02549,P0173,1,27.11,0.1,24.4,7.8,Same Day,Bank Transfer
O002546,2025-08-18,C00438,P0082,1,35.95,0.0,35.95,10.19,Same Day,Credit Card
O003929,2025-08-19,C02128,P0116,1,34.67,0.2,27.74,3.72,Second Class,UPI
O002501,2025-08-19,C02251,P0164,1,16.72,0.05,15.88,5.42,First Class,Credit Card
O002224,2025-08-19,C03152,P0004,1,76.71,0.0,76.71,39.26,Same Day,UPI
O011447,2025-08-19,C01013,P0023,2,29.78,0.0,59.56,12.02,Same Day,UPI
O003438,2025-08-19,C00217,P0176,1,48.8,0.05,46.36,21.42,Same Day,UPI
O009539,2025-08-19,C01552,P0132,1,29.8,0.15,25.33,7.11,Second Class,Credit Card
O009315,2025-08-19,C01049,P0044,1,23.44,0.1,21.1,4.67,Second Class,Bank Transfer
O003514,2025-08-19,C00611,P0077,2,30.16,0.05,57.3,19.34,First Class,Credit Card
O009640,2025-08-19,C00272,P0078,1,23.47,0.1,21.12,9.23,Second Class,Credit Card
O003373,2025-08-19,C02782,P0148,1,12.08,0.1,10.87,2.21,Standard,UPI
O009272,2025-08-19,C03034,P0113,2,29.64,0.15,50.39,9.13,Standard,Credit Card
O000736,2025-08-19,C01492,P0012,2,21.06,0.0,42.12,8.6,First Class,Debit Card
O011857,2025-08-19,C02538,P0148,2,12.08,0.15,20.54,3.22,First Class,UPI
O000136,2025-08-19,C01715,P0103,1,22.81,0.0,22.81,5.23,Second Class,Debit Card
O010176,2025-08-19,C01183,P0154,1,33.15,0.2,26.52,8.61,Standard,Bank Transfer
O000198,2025-08-19,C02084,P0154,1,33.15,0.15,28.18,10.27,Second Class,Debit Card
O004718,2025-08-19,C03496,P0106,4,37.06,0.1,133.42,57.34,Second Class,Bank Transfer
O009613,2025-08-20,C03359,P0022,2,24.61,0.05,46.76,13.82,Same Day,UPI
O006444,2025-08-20,C00851,P0064,1,13.1,0.0,13.1,5.85,Second Class,Credit Card
O007637,2025-08-20,C00149,P0028,1,36.39,0.15,30.93,1.21,Second Class,Bank Transfer
O009360,2025-08-20,C03372,P0041,1,46.06,0.0,46.06,15.94,First Class,Bank Transfer
O004740,2025-08-20,C00140,P0003,1,43.42,0.0,43.42,18.43,Same Day,UPI
O008855,2025-08-20,C02396,P0060,2,53.74,0.2,85.98,21.22,Second Class,Debit Card
O002735,2025-08-20,C02042,P0036,1,12.89,0.15,10.96,3.49,Second Class,Bank Transfer
O000419,2025-08-20,C00981,P0084,3,20.35,0.1,54.95,22.04,First Class,UPI
O010275,2025-08-20,C01201,P0066,2,68.82,0.0,137.64,67.58,Standard,PayPal
O011818,2025-08-20,C02137,P0118,1,13.33,0.1,12.0,1.72,Second Class,Bank Transfer
O009811,2025-08-20,C00532,P0132,3,29.8,0.1,80.46,25.8,First Class,Debit Card
O005226,2025-08-20,C02502,P0093,1,18.06,0.2,14.45,2.38,Standard,Credit Card
O008329,2025-08-20,C02733,P0180,2,167.02,0.1,300.64,75.18,Same Day,Credit Card
O007840,2025-08-20,C02127,P0168,1,97.8,0.15,83.13,6.17,Second Class,PayPal
O005314,2025-08-20,C02914,P0007,2,79.56,0.1,143.21,15.95,Second Class,Credit Card
O009090,2025-08-20,C02413,P0173,2,27.11,0.0,54.22,21.02,Same Day,PayPal
O009803,2025-08-20,C02165,P0136,2,78.06,0.1,140.51,61.89,Standard,PayPal
O003672,2025-08-21,C01524,P0010,1,40.56,0.15,34.48,9.91,Second Class,Debit Card
O008902,2025-08-21,C00611,P0054,1,42.42,0.0,42.42,14.23,Standard,PayPal
O011025,2025-08-21,C01919,P0172,3,16.77,0.2,40.25,0.77,Standard,Bank Transfer
O002478,2025-08-21,C01474,P0128,1,19.73,0.15,16.77,2.98,Standard,Bank Transfer
O006564,2025-08-21,C00711,P0173,1,27.11,0.3,18.98,2.38,First Class,UPI
O010629,2025-08-21,C02589,P0153,1,18.32,0.1,16.49,5.94,Standard,PayPal
O006408,2025-08-21,C00789,P0088,1,35.29,0.1,31.76,6.25,Second Class,Debit Card
O004516,2025-08-21,C02821,P0079,1,30.25,0.05,28.74,13.96,Standard,Debit Card
O006826,2025-08-21,C02310,P0016,2,19.78,0.05,37.58,7.12,Same Day,Bank Transfer
O004919,2025-08-21,C01160,P0162,1,47.54,0.05,45.16,7.3,Second Class,Bank Transfer
O004279,2025-08-21,C01414,P0085,2,16.85,0.0,33.7,15.74,Standard,Credit Card
O011739,2025-08-21,C01490,P0097,1,34.55,0.1,31.09,10.32,Same Day,Debit Card
O004839,2025-08-21,C01964,P0060,1,53.74,0.0,53.74,21.36,Same Day,PayPal
O009531,2025-08-21,C02146,P0143,1,10.03,0.05,9.53,1.83,First Class,UPI
O000782,2025-08-21,C01737,P0157,1,95.85,0.0,95.85,17.56,Second Class,UPI
O005349,2025-08-21,C01062,P0157,3,95.85,0.1,258.79,23.92,Same Day,Debit Card
O010066,2025-08-22,C00890,P0002,2,26.05,0.2,41.68,3.88,Standard,UPI
O010496,2025-08-22,C00236,P0067,1,27.2,0.3,19.04,5.51,Standard,PayPal
O003402,2025-08-22,C01837,P0094,1,23.04,0.1,20.74,4.89,Same Day,Debit Card
O009443,2025-08-22,C00492,P0037,1,32.65,0.0,32.65,7.99,Second Class,Debit Card
O010726,2025-08-22,C01941,P0009,1,21.01,0.1,18.91,2.29,Standard,Debit Card
O000660,2025-08-22,C00417,P0076,2,48.63,0.1,87.53,31.89,First Class,UPI
O010870,2025-08-22,C01426,P0022,5,24.61,0.1,110.75,28.4,Standard,Bank Transfer
O000626,2025-08-22,C02476,P0059,1,35.35,0.0,35.35,8.5,Second Class,PayPal
O000153,2025-08-22,C03070,P0148,2,12.08,0.0,24.16,6.84,Second Class,Debit Card
O007528,2025-08-22,C00230,P0105,2,25.67,0.0,51.34,18.42,First Class,PayPal
O010015,2025-08-22,C00583,P0077,1,30.16,0.0,30.16,11.18,Standard,Credit Card
O004815,2025-08-22,C03056,P0125,1,41.74,0.05,39.65,6.27,Same Day,Bank Transfer
O004676,2025-08-22,C00589,P0071,2,36.05,0.1,64.89,12.49,First Class,Bank Transfer
O007607,2025-08-22,C01377,P0085,1,16.85,0.1,15.17,6.19,Second Class,UPI
O006041,2025-08-22,C00295,P0107,3,97.13,0.05,276.82,88.24,First Class,UPI
O006151,2025-08-22,C00783,P0172,1,16.77,0.1,15.09,1.93,Standard,Bank Transfer
O008635,2025-08-22,C01409,P0019,1,15.8,0.2,12.64,0.48,Standard,Debit Card
O006835,2025-08-22,C03455,P0025,1,20.01,0.0,20.01,6.53,Second Class,Debit Card
O009164,2025-08-23,C02102,P0175,4,34.12,0.1,122.83,15.31,Same Day,Debit Card
O006350,2025-08-23,C01684,P0126,4,118.37,0.0,473.48,153.56,Standard,Debit Card
O000021,2025-08-23,C00583,P0062,2,25.26,0.1,45.47,12.25,First Class,Debit Card
O002664,2025-08-23,C00474,P0013,1,33.36,0.05,31.69,10.82,Standard,Bank Transfer
O008587,2025-08-23,C03036,P0175,2,34.12,0.0,68.24,14.48,Second Class,Bank Transfer
O003204,2025-08-23,C01713,P0037,2,32.65,0.2,52.24,2.92,Standard,PayPal
O005858,2025-08-23,C02317,P0117,1,27.87,0.05,26.48,8.33,Same Day,Bank Transfer
O005849,2025-08-23,C01817,P0124,4,11.46,0.15,38.96,7.84,Second Class,Credit Card
O001461,2025-08-23,C02168,P0028,1,36.39,0.1,32.75,3.03,First Class,Credit Card
O006526,2025-08-23,C00811,P0066,1,68.82,0.05,65.38,30.35,Standard,Bank Transfer
O010712,2025-08-23,C00835,P0120,1,46.47,0.2,37.18,12.3,Standard,Bank Transfer
O006668,2025-08-23,C01317,P0001,4,39.36,0.3,110.21,24.17,Standard,Debit Card
O011515,2025-08-23,C00143,P0031,2,19.28,0.0,38.56,8.54,First Class,UPI
O000290,2025-08-23,C02295,P0044,4,23.44,0.1,84.38,18.66,First Class,Credit Card
O000975,2025-08-23,C00482,P0101,1,11.36,0.0,11.36,5.73,Same Day,Bank Transfer
O008159,2025-08-23,C00407,P0140,2,12.81,0.2,20.5,2.26,Same Day,Bank Transfer
O008592,2025-08-24,C01651,P0150,1,34.57,0.1,31.11,4.2,Second Class,Bank Transfer
O007935,2025-08-24,C01813,P0028,1,36.39,0.05,34.57,4.85,Same Day,UPI
O010570,2025-08-24,C02280,P0051,2,35.19,0.2,56.3,8.68,Standard,PayPal
O008155,2025-08-24,C02030,P0149,1,40.02,0.0,40.02,12.25,Standard,Bank Transfer
O005308,2025-08-24,C01418,P0007,2,79.56,0.1,143.21,15.95,Second Class,UPI
O003724,2025-08-24,C01246,P0065,1,48.33,0.2,38.66,5.23,Standard,Credit Card
O004674,2025-08-24,C02903,P0088,3,35.29,0.2,84.7,8.17,First Class,Credit Card
O000792,2025-08-24,C02750,P0002,4,26.05,0.05,98.99,23.39,First Class,UPI
O007318,2025-08-24,C01307,P0087,3,51.68,0.1,139.54,36.16,Second Class,PayPal
O004663,2025-08-24,C02288,P0165,2,53.31,0.1,95.96,17.56,First Class,Debit Card
O009745,2025-08-24,C01372,P0049,2,35.64,0.0,71.28,27.96,Standard,UPI
O005159,2025-08-24,C03122,P0088,2,35.29,0.1,63.52,12.5,Second Class,Debit Card
O001762,2025-08-24,C01014,P0114,1,141.33,0.0,141.33,71.31,First Class,Bank Transfer
O000650,2025-08-25,C02845,P0040,1,32.39,0.1,29.15,3.55,Second Class,Debit Card
O001295,2025-08-25,C01668,P0154,1,33.15,0.3,23.2,5.29,Standard,UPI
O011306,2025-08-25,C00851,P0127,1,14.97,0.3,10.48,1.32,First Class,Credit Card
O003261,2025-08-25,C02727,P0020,3,11.38,0.2,27.31,7.24,Standard,Debit Card
O009599,2025-08-25,C01115,P0165,3,53.31,0.1,143.94,26.34,Second Class,UPI
O006521,2025-08-25,C01129,P0159,1,13.14,0.2,10.51,2.54,Same Day,UPI
O010016,2025-08-25,C03383,P0083,3,74.49,0.0,223.47,85.14,Standard,PayPal
O006650,2025-08-25,C00850,P0062,1,25.26,0.2,20.21,3.6,First Class,Bank Transfer
O005998,2025-08-25,C02079,P0101,3,11.36,0.05,32.38,15.49,Same Day,Credit Card
O002723,2025-08-25,C01342,P0160,1,43.67,0.1,39.3,6.81,Same Day,UPI
O001957,2025-08-25,C02061,P0103,2,22.81,0.0,45.62,10.46,First Class,PayPal
O007956,2025-08-25,C00722,P0009,1,21.01,0.1,18.91,2.29,Same Day,PayPal
O002074,2025-08-25,C02532,P0033,3,28.25,0.15,72.04,11.29,Same Day,UPI
O007648,2025-08-25,C00720,P0019,2,15.8,0.15,26.86,2.54,Second Class,PayPal
O008803,2025-08-25,C03345,P0023,1,29.78,0.0,29.78,6.01,First Class,Bank Transfer
O001585,2025-08-25,C02509,P0018,1,34.96,0.0,34.96,13.6,Same Day,Debit Card
O001256,2025-08-25,C01057,P0043,1,26.44,0.0,26.44,6.57,Second Class,Credit Card
O000865,2025-08-25,C02666,P0071,2,36.05,0.2,57.68,5.28,Standard,Credit Card
O002353,2025-08-25,C02726,P0089,1,20.2,0.0,20.2,5.97,Same Day,UPI
O004004,2025-08-25,C02322,P0026,2,30.63,0.0,61.26,29.84,Standard,PayPal
O009726,2025-08-25,C00434,P0170,1,17.46,0.15,14.84,1.55,Standard,Debit Card
O009477,2025-08-25,C01170,P0015,2,9.29,0.2,14.86,-0.14,Same Day,Debit Card
O010981,2025-08-25,C02343,P0004,1,76.71,0.2,61.37,23.92,Second Class,UPI
O011654,2025-08-25,C02233,P0100,1,24.47,0.0,24.47,11.76,Same Day,Debit Card
O001600,2025-08-25,C00110,P0061,3,20.87,0.1,56.35,23.59,Standard,Debit Card
O004656,2025-08-25,C01019,P0162,2,47.54,0.05,90.33,14.61,Standard,Credit Card
O001085,2025-08-25,C01212,P0095,3,22.09,0.05,62.96,21.71,First Class,Debit Card
O009604,2025-08-26,C00355,P0162,1,47.54,0.15,40.41,2.55,First Class,Bank Transfer
O011903,2025-08-26,C01662,P0112,1,28.02,0.1,25.22,5.9,Same Day,Bank Transfer
O006858,2025-08-26,C00678,P0073,1,27.85,0.2,22.28,4.02,Same Day,Credit Card
O003335,2025-08-26,C00772,P0089,3,20.2,0.1,54.54,11.85,Standard,PayPal
O005523,2025-08-26,C00213,P0031,1,19.28,0.0,19.28,4.27,Second Class,PayPal
O011620,2025-08-26,C02546,P0121,1,47.66,0.0,47.66,23.64,First Class,PayPal
O006783,2025-08-26,C02238,P0083,1,74.49,0.15,63.32,17.21,Same Day,Bank Transfer
O000644,2025-08-26,C02992,P0105,5,25.67,0.2,102.68,20.38,First Class,Debit Card
O006784,2025-08-26,C01100,P0084,2,20.35,0.1,36.63,14.69,First Class,PayPal
O009169,2025-08-26,C00102,P0087,1,51.68,0.05,49.1,14.64,First Class,Bank Transfer
O011650,2025-08-26,C03350,P0159,1,13.14,0.0,13.14,5.17,Second Class,Bank Transfer
O000686,2025-08-26,C01235,P0176,1,48.8,0.15,41.48,16.54,Second Class,PayPal
O001572,2025-08-26,C03183,P0118,1,13.33,0.05,12.66,2.38,Standard,PayPal
O005928,2025-08-26,C01764,P0066,1,68.82,0.05,65.38,30.35,First Class,Bank Transfer
O008609,2025-08-26,C02238,P0127,1,14.97,0.2,11.98,2.82,First Class,Debit Card
O009416,2025-08-27,C02558,P0101,1,11.36,0.0,11.36,5.73,First Class,Bank Transfer
O009001,2025-08-27,C02190,P0065,1,48.33,0.1,43.5,10.07,Second Class,Credit Card
O009935,2025-08-27,C01565,P0101,2,11.36,0.0,22.72,11.46,Same Day,PayPal
O008312,2025-08-27,C01122,P0149,1,40.02,0.1,36.02,8.25,Same Day,Bank Transfer
O011862,2025-08-27,C00029,P0007,2,79.56,0.15,135.25,7.99,Same Day,UPI
O004229,2025-08-27,C02481,P0069,4,36.06,0.15,122.6,26.84,Same Day,Bank Transfer
O000466,2025-08-27,C00541,P0094,1,23.04,0.0,23.04,7.19,Same Day,Bank Transfer
O000846,2025-08-27,C02455,P0109,1,33.7,0.2,26.96,8.8,Same Day,UPI
O010110,2025-08-27,C01080,P0175,1,34.12,0.0,34.12,7.24,Same Day,Credit Card
O005066,2025-08-27,C02591,P0158,1,38.78,0.1,34.9,10.85,Standard,UPI
O010696,2025-08-27,C02638,P0057,2,16.52,0.2,26.43,10.23,Second Class,Debit Card
O002096,2025-08-27,C03382,P0129,3,30.41,0.0,91.23,33.24,Standard,Bank Transfer
O000701,2025-08-27,C01610,P0168,1,97.8,0.1,88.02,11.06,Standard,Debit Card
O007644,2025-08-27,C02367,P0156,1,17.92,0.05,17.02,3.5,Same Day,Bank Transfer
O007843,2025-08-27,C02325,P0175,1,34.12,0.2,27.3,0.42,Second Class,Credit Card
O007100,2025-08-27,C03250,P0174,1,35.58,0.1,32.02,14.81,First Class,UPI
O008627,2025-08-27,C02642,P0152,1,35.7,0.1,32.13,5.24,Second Class,Debit Card
O008207,2025-08-27,C01421,P0102,1,21.68,0.0,21.68,10.97,Same Day,UPI
O000507,2025-08-27,C01542,P0093,1,18.06,0.05,17.16,5.09,Same Day,UPI
O006766,2025-08-27,C02671,P0059,2,35.35,0.0,70.7,17.0,Standard,PayPal
O010396,2025-08-28,C01157,P0133,3,14.29,0.1,38.58,3.99,First Class,Bank Transfer
O006741,2025-08-28,C02296,P0082,3,35.95,0.15,91.67,14.39,Second Class,Debit Card
O003761,2025-08-28,C02633,P0118,1,13.33,0.05,12.66,2.38,Second Class,UPI
O000733,2025-08-28,C02062,P0141,1,33.04,0.1,29.74,13.08,Same Day,UPI
O007728,2025-08-28,C03473,P0150,1,34.57,0.1,31.11,4.2,Same Day,UPI
O001634,2025-08-28,C03273,P0028,2,36.39,0.0,72.78,13.34,Standard,PayPal
O000403,2025-08-28,C00422,P0129,1,30.41,0.1,27.37,8.04,Standard,Debit Card
O009426,2025-08-28,C02662,P0023,1,29.78,0.2,23.82,0.05,First Class,PayPal
O001684,2025-08-28,C02471,P0112,1,28.02,0.15,23.82,4.5,Standard,Bank Transfer
O003854,2025-08-28,C02543,P0083,1,74.49,0.1,67.04,20.93,Same Day,Credit Card
O007324,2025-08-28,C03498,P0062,1,25.26,0.0,25.26,8.65,Same Day,PayPal
O003100,2025-08-28,C00441,P0174,3,35.58,0.1,96.07,44.44,Second Class,Bank Transfer
O008661,2025-08-28,C00230,P0168,2,97.8,0.1,176.04,22.12,Same Day,PayPal
O005133,2025-08-28,C02714,P0017,1,14.76,0.15,12.55,3.99,Second Class,PayPal
O010296,2025-08-28,C00773,P0097,3,34.55,0.0,103.65,41.34,Second Class,UPI
O008461,2025-08-28,C01271,P0017,2,14.76,0.0,29.52,12.4,First Class,Credit Card
O010158,2025-08-28,C01638,P0079,1,30.25,0.3,21.17,6.39,Same Day,Debit Card
O006302,2025-08-28,C03237,P0021,2,73.9,0.1,133.02,53.56,Second Class,UPI
O005910,2025-08-29,C00122,P0080,2,7.83,0.1,14.09,1.45,Second Class,UPI
O011595,2025-08-29,C00606,P0020,1,11.38,0.15,9.67,2.98,Same Day,PayPal
O005011,2025-08-29,C01635,P0127,3,14.97,0.05,42.66,15.18,Second Class,PayPal
O006922,2025-08-29,C00800,P0077,4,30.16,0.1,108.58,32.66,Same Day,Credit Card
O004654,2025-08-29,C01532,P0025,5,20.01,0.0,100.05,32.65,First Class,Debit Card
O010518,2025-08-29,C01247,P0158,4,38.78,0.0,155.12,58.92,First Class,Bank Transfer
O011361,2025-08-29,C00613,P0056,1,52.21,0.05,49.6,14.05,Standard,UPI
O007191,2025-08-29,C02737,P0130,1,20.55,0.2,16.44,2.76,First Class,Bank Transfer
O003098,2025-08-29,C02413,P0160,1,43.67,0.15,37.12,4.63,Same Day,Bank Transfer
O006170,2025-08-29,C03427,P0126,3,118.37,0.05,337.35,97.41,Second Class,Debit Card
O009896,2025-08-29,C00318,P0081,1,24.71,0.15,21.0,2.12,First Class,Bank Transfer
O003845,2025-08-29,C02351,P0074,2,78.81,0.15,133.98,41.02,First Class,Debit Card
O004357,2025-08-29,C03402,P0130,4,20.55,0.0,82.2,27.48,Standard,UPI
O001497,2025-08-29,C00872,P0161,1,15.13,0.15,12.86,3.84,Same Day,Bank Transfer
O011785,2025-08-29,C01484,P0124,5,11.46,0.2,45.84,6.94,Second Class,Debit Card
O006611,2025-08-29,C01933,P0168,3,97.8,0.15,249.39,18.51,Standard,Bank Transfer
O009992,2025-08-29,C00171,P0013,1,33.36,0.1,30.02,9.15,Standard,Credit Card
O001750,2025-08-29,C01924,P0054,4,42.42,0.15,144.23,31.47,Standard,Debit Card
O000555,2025-08-29,C00539,P0003,3,43.42,0.0,130.26,55.29,Same Day,Credit Card
O007469,2025-08-29,C03130,P0022,1,24.61,0.3,17.23,0.76,Same Day,Debit Card
O004734,2025-08-29,C00118,P0080,1,7.83,0.1,7.05,0.73,Second Class,UPI
O008161,2025-08-29,C01921,P0146,1,47.38,0.15,40.27,12.99,Second Class,PayPal
O010426,2025-08-29,C02410,P0039,4,12.02,0.0,48.08,10.84,Second Class,Bank Transfer
O001898,2025-08-30,C02781,P0018,1,34.96,0.0,34.96,13.6,Second Class,Credit Card
O007894,2025-08-30,C00142,P0163,1,60.53,0.05,57.5,10.78,Second Class,Credit Card
O008418,2025-08-30,C02415,P0156,2,17.92,0.0,35.84,8.8,Second Class,UPI
O003360,2025-08-30,C00820,P0102,1,21.68,0.05,20.6,9.89,Second Class,Debit Card
O001873,2025-08-30,C01796,P0130,1,20.55,0.05,19.52,5.84,Same Day,PayPal
O000312,2025-08-30,C02960,P0003,3,43.42,0.0,130.26,55.29,Second Class,UPI
O005471,2025-08-30,C02981,P0024,1,11.29,0.15,9.6,1.51,Second Class,Credit Card
O009025,2025-08-30,C01641,P0133,1,14.29,0.05,13.58,2.05,Same Day,UPI
O009126,2025-08-30,C00728,P0024,1,11.29,0.1,10.16,2.07,First Class,UPI
O004166,2025-08-30,C00599,P0082,1,35.95,0.0,35.95,10.19,Second Class,Debit Card
O009076,2025-08-30,C01464,P0087,4,51.68,0.0,206.72,68.88,Standard,Bank Transfer
O006705,2025-08-30,C03112,P0098,1,33.77,0.0,33.77,8.86,Same Day,UPI
O003237,2025-08-30,C01921,P0146,4,47.38,0.05,180.04,70.92,Same Day,Bank Transfer
O003286,2025-08-30,C02960,P0121,1,47.66,0.2,38.13,14.11,Same Day,UPI
O002281,2025-08-30,C00902,P0003,1,43.42,0.1,39.08,14.09,First Class,Debit Card
O002282,2025-08-30,C02456,P0094,1,23.04,0.15,19.58,3.73,Same Day,Credit Card
O011321,2025-08-30,C02292,P0116,3,34.67,0.15,88.41,16.35,First Class,PayPal
O004202,2025-08-30,C03223,P0058,1,23.31,0.15,19.81,8.33,Same Day,Credit Card
O006873,2025-08-31,C00089,P0141,2,33.04,0.05,62.78,29.46,Second Class,Credit Card
O004700,2025-08-31,C03028,P0166,2,37.27,0.0,74.54,19.64,First Class,Bank Transfer
O011886,2025-08-31,C01034,P0066,2,68.82,0.1,123.88,53.82,First Class,UPI
O008054,2025-08-31,C00543,P0151,2,33.54,0.0,67.08,18.12,First Class,PayPal
O001999,2025-08-31,C02629,P0122,1,15.78,0.1,14.2,3.18,Second Class,Bank Transfer
O002602,2025-08-31,C03264,P0044,1,23.44,0.0,23.44,7.01,First Class,Debit Card
O005214,2025-08-31,C00404,P0177,1,28.74,0.1,25.87,8.95,Second Class,Bank Transfer
O004006,2025-08-31,C00297,P0130,3,20.55,0.05,58.57,17.53,Same Day,Bank Transfer
O001695,2025-08-31,C01800,P0028,1,36.39,0.0,36.39,6.67,Second Class,UPI
O004945,2025-08-31,C01831,P0157,2,95.85,0.15,162.94,6.36,Same Day,UPI
O005907,2025-08-31,C02146,P0175,1,34.12,0.15,29.0,2.12,Second Class,PayPal
O001140,2025-08-31,C01286,P0081,2,24.71,0.15,42.01,4.25,Standard,Debit Card
O001033,2025-08-31,C02563,P0164,3,16.72,0.15,42.64,11.26,First Class,UPI
O002679,2025-08-31,C00691,P0076,2,48.63,0.3,68.08,12.44,First Class,PayPal
O004241,2025-09-01,C03326,P0156,1,17.92,0.0,17.92,4.4,Standard,Bank Transfer
O006340,2025-09-01,C02391,P0047,2,21.13,0.0,42.26,9.18,Same Day,PayPal
O007501,2025-09-01,C02580,P0161,1,15.13,0.15,12.86,3.84,Same Day,PayPal
O006658,2025-09-01,C00390,P0004,1,76.71,0.1,69.04,31.59,Second Class,UPI
O008584,2025-09-01,C02443,P0091,2,30.36,0.15,51.61,2.75,First Class,Debit Card
O003434,2025-09-01,C01585,P0125,1,41.74,0.1,37.57,4.19,Same Day,Bank Transfer
O007085,2025-09-01,C02223,P0151,1,33.54,0.05,31.86,7.38,Same Day,Debit Card
O006549,2025-09-01,C00136,P0131,2,10.4,0.3,14.56,-2.08,Second Class,Debit Card
O010397,2025-09-01,C03462,P0180,1,167.02,0.0,167.02,54.29,Standard,Debit Card
O011653,2025-09-01,C01662,P0159,1,13.14,0.0,13.14,5.17,Same Day,Debit Card
O001905,2025-09-01,C03482,P0080,1,7.83,0.05,7.44,1.12,Second Class,Bank Transfer
O000734,2025-09-01,C00963,P0090,4,39.79,0.15,135.29,43.73,First Class,PayPal
O002091,2025-09-01,C02027,P0161,1,15.13,0.15,12.86,3.84,Same Day,Bank Transfer
O002471,2025-09-01,C01299,P0149,2,40.02,0.05,76.04,20.5,Same Day,PayPal
O004683,2025-09-01,C03227,P0023,1,29.78,0.15,25.31,1.54,Same Day,Credit Card
O008228,2025-09-01,C02015,P0080,1,7.83,0.05,7.44,1.12,First Class,PayPal
O001268,2025-09-01,C00011,P0135,4,15.68,0.0,62.72,28.44,Same Day,UPI
O000836,2025-09-01,C01931,P0074,1,78.81,0.0,78.81,32.33,Same Day,Bank Transfer
O000780,2025-09-01,C01167,P0160,1,43.67,0.05,41.49,9.0,Standard,Debit Card
O004406,2025-09-01,C00801,P0049,1,35.64,0.1,32.08,10.42,Standard,Bank Transfer
O004334,2025-09-01,C01348,P0009,2,21.01,0.05,39.92,6.68,First Class,Credit Card
O000415,2025-09-02,C02341,P0007,2,79.56,0.1,143.21,15.95,First Class,UPI
O000603,2025-09-02,C01706,P0022,1,24.61,0.1,22.15,5.68,First Class,Bank Transfer
O004481,2025-09-02,C01388,P0063,3,13.89,0.0,41.67,10.77,Same Day,Credit Card
O004358,2025-09-02,C01155,P0133,1,14.29,0.15,12.15,0.62,Second Class,UPI
O009159,2025-09-02,C02330,P0074,1,78.81,0.05,74.87,28.39,Same Day,Credit Card
O002307,2025-09-02,C02020,P0032,1,95.01,0.1,85.51,15.98,First Class,UPI
O001446,2025-09-02,C02580,P0095,1,22.09,0.05,20.99,7.24,First Class,Credit Card
O008016,2025-09-02,C01300,P0048,3,56.66,0.1,152.98,51.85,Same Day,Debit Card
O007526,2025-09-02,C00965,P0143,1,10.03,0.2,8.02,0.32,Same Day,Credit Card
O006325,2025-09-02,C00278,P0128,1,19.73,0.15,16.77,2.98,Same Day,PayPal
O002705,2025-09-02,C00225,P0058,1,23.31,0.2,18.65,7.17,First Class,Credit Card
O008861,2025-09-02,C00042,P0060,1,53.74,0.1,48.37,15.99,Standard,Credit Card
O005603,2025-09-02,C02798,P0116,1,34.67,0.0,34.67,10.65,First Class,Bank Transfer
O003964,2025-09-02,C01477,P0110,1,27.16,0.15,23.09,6.05,First Class,Bank Transfer
O005997,2025-09-02,C00219,P0131,4,10.4,0.2,33.28,0.0,Second Class,Debit Card
O000398,2025-09-02,C01920,P0124,1,11.46,0.1,10.31,2.53,Same Day,PayPal
O000211,2025-09-02,C01824,P0090,1,39.79,0.0,39.79,16.9,First Class,PayPal
O010508,2025-09-02,C02383,P0167,2,48.63,0.2,77.81,27.71,Standard,PayPal
O001115,2025-09-02,C01488,P0162,4,47.54,0.0,190.16,38.72,Same Day,Credit Card
O005522,2025-09-03,C00075,P0030,1,23.58,0.0,23.58,8.11,First Class,Debit Card
O004427,2025-09-03,C00306,P0100,1,24.47,0.0,24.47,11.76,Second Class,Credit Card
O004459,2025-09-03,C00743,P0082,1,35.95,0.15,30.56,4.8,Standard,UPI
O008242,2025-09-03,C02645,P0048,1,56.66,0.2,45.33,11.62,Same Day,UPI
O005573,2025-09-03,C01633,P0104,1,16.92,0.1,15.23,3.06,Standard,PayPal
O008615,2025-09-03,C02622,P0060,1,53.74,0.15,45.68,13.3,Standard,Credit Card
O008183,2025-09-03,C02330,P0033,2,28.25,0.0,56.5,16.0,First Class,Credit Card
O007841,2025-09-03,C00638,P0038,3,7.97,0.0,23.91,5.85,Second Class,Bank Transfer
O011976,2025-09-03,C00455,P0040,1,32.39,0.05,30.77,5.17,Second Class,Bank Transfer
O001547,2025-09-03,C02381,P0049,2,35.64,0.05,67.72,24.4,Second Class,PayPal
O011018,2025-09-03,C01903,P0153,1,18.32,0.05,17.4,6.85,Same Day,Credit Card
O010277,2025-09-03,C00644,P0087,1,51.68,0.0,51.68,17.22,Standard,PayPal
O010247,2025-09-03,C00152,P0105,4,25.67,0.2,82.14,16.3,Second Class,Credit Card
O011642,2025-09-04,C00688,P0104,1,16.92,0.2,13.54,1.37,Standard,Debit Card
O010011,2025-09-04,C00335,P0069,2,36.06,0.05,68.51,20.63,Same Day,Credit Card
O006632,2025-09-04,C00018,P0171,1,15.99,0.1,14.39,4.97,Same Day,UPI
O001485,2025-09-04,C03349,P0043,1,26.44,0.05,25.12,5.25,Standard,Debit Card
O007231,2025-09-04,C01526,P0082,1,35.95,0.05,34.15,8.39,First Class,UPI
O008601,2025-09-04,C00183,P0035,5,48.65,0.05,231.09,84.59,First Class,Bank Transfer
O006184,2025-09-04,C03213,P0041,3,46.06,0.0,138.18,47.82,First Class,Debit Card
O003720,2025-09-04,C02509,P0145,2,33.75,0.05,64.12,13.02,Same Day,Bank Transfer
O003814,2025-09-04,C01756,P0173,2,27.11,0.05,51.51,18.31,Second Class,Debit Card
O010290,2025-09-04,C02599,P0016,1,19.78,0.0,19.78,4.55,Second Class,PayPal
O011542,2025-09-04,C00979,P0141,1,33.04,0.0,33.04,16.38,Second Class,PayPal
O000689,2025-09-04,C02899,P0134,1,38.78,0.1,34.9,4.35,Same Day,Credit Card
O003731,2025-09-04,C01564,P0062,1,25.26,0.0,25.26,8.65,Standard,UPI
O002489,2025-09-04,C02130,P0063,1,13.89,0.0,13.89,3.59,Standard,Bank Transfer
O009782,2025-09-04,C01598,P0167,2,48.63,0.05,92.4,42.3,Same Day,Debit Card
O010912,2025-09-05,C01819,P0051,1,35.19,0.0,35.19,11.38,First Class,UPI
O001466,2025-09-05,C02412,P0055,5,55.71,0.05,264.62,103.77,Same Day,Credit Card
O000459,2025-09-05,C01605,P0083,2,74.49,0.1,134.08,41.86,Standard,Debit Card
O010439,2025-09-05,C02384,P0168,3,97.8,0.1,264.06,33.18,Same Day,Credit Card
O003670,2025-09-05,C01822,P0160,1,43.67,0.0,43.67,11.18,First Class,Bank Transfer
O011152,2025-09-05,C00145,P0083,5,74.49,0.1,335.2,104.65,Standard,PayPal
O003781,2025-09-05,C01672,P0163,1,60.53,0.3,42.37,-4.35,First Class,Credit Card
O001094,2025-09-05,C03269,P0093,2,18.06,0.15,30.7,6.56,Standard,Debit Card
O008021,2025-09-05,C01859,P0165,1,53.31,0.05,50.64,11.44,Second Class,Credit Card
O007685,2025-09-05,C02273,P0026,4,30.63,0.0,122.52,59.68,First Class,Bank Transfer
O008604,2025-09-05,C02467,P0032,1,95.01,0.0,95.01,25.48,Standard,PayPal
O004544,2025-09-05,C02037,P0077,2,30.16,0.0,60.32,22.36,First Class,UPI
O007348,2025-09-05,C02853,P0038,3,7.97,0.1,21.52,3.46,Standard,UPI
O007414,2025-09-05,C02753,P0032,2,95.01,0.0,190.02,50.96,Same Day,UPI
O005978,2025-09-05,C00272,P0141,1,33.04,0.15,28.08,11.42,Same Day,Bank Transfer
O001133,2025-09-05,C01808,P0071,1,36.05,0.15,30.64,4.44,Standard,Credit Card
O008711,2025-09-05,C02218,P0122,2,15.78,0.2,25.25,3.21,Second Class,Debit Card
O004890,2025-09-05,C02487,P0021,2,73.9,0.05,140.41,60.95,Same Day,Bank Transfer
O010356,2025-09-05,C02011,P0131,4,10.4,0.2,33.28,0.0,Second Class,UPI
O002012,2025-09-06,C00234,P0023,1,29.78,0.0,29.78,6.01,Second Class,Debit Card
O009455,2025-09-06,C00929,P0031,1,19.28,0.05,18.32,3.31,Second Class,Bank Transfer
O010050,2025-09-06,C00614,P0031,1,19.28,0.1,17.35,2.34,Same Day,Bank Transfer
O010674,2025-09-06,C03373,P0024,1,11.29,0.15,9.6,1.51,Standard,Debit Card
O010621,2025-09-06,C03416,P0066,1,68.82,0.1,61.94,26.91,Same Day,Bank Transfer
O010682,2025-09-06,C02139,P0095,2,22.09,0.0,44.18,16.68,First Class,UPI
O007990,2025-09-06,C01653,P0078,1,23.47,0.3,16.43,4.54,Second Class,PayPal
O004125,2025-09-06,C00142,P0072,3,77.46,0.2,185.9,-2.74,Second Class,PayPal
O011675,2025-09-06,C03068,P0070,1,18.74,0.1,16.87,3.81,First Class,PayPal
O000849,2025-09-06,C01806,P0075,1,5.19,0.15,4.41,0.52,First Class,Credit Card
O008921,2025-09-06,C02015,P0064,2,13.1,0.05,24.89,10.39,Standard,PayPal
O000979,2025-09-06,C01739,P0103,3,22.81,0.0,68.43,15.69,First Class,Bank Transfer
O011556,2025-09-06,C02330,P0041,3,46.06,0.1,124.36,34.0,Same Day,Debit Card
O010096,2025-09-06,C01269,P0016,1,19.78,0.0,19.78,4.55,Same Day,PayPal
O007472,2025-09-06,C00024,P0107,4,97.13,0.2,310.82,59.38,Same Day,Bank Transfer
O010767,2025-09-06,C00561,P0035,4,48.65,0.1,175.14,57.94,Standard,Bank Transfer
O010651,2025-09-06,C02464,P0162,1,47.54,0.15,40.41,2.55,Second Class,Credit Card
O002022,2025-09-07,C03166,P0044,3,23.44,0.2,56.26,6.97,Second Class,Bank Transfer
O009321,2025-09-07,C00821,P0010,1,40.56,0.1,36.5,11.93,Same Day,PayPal
O007437,2025-09-07,C02218,P0088,1,35.29,0.3,24.7,-0.81,Second Class,Credit Card
O003648,2025-09-07,C02694,P0158,1,38.78,0.05,36.84,12.79,First Class,PayPal
O007645,2025-09-07,C03144,P0116,1,34.67,0.0,34.67,10.65,Same Day,UPI
O002883,2025-09-07,C01545,P0159,4,13.14,0.05,49.93,18.05,Second Class,UPI
O006636,2025-09-07,C01779,P0013,1,33.36,0.05,31.69,10.82,Standard,Debit Card
O006111,2025-09-07,C03321,P0165,1,53.31,0.0,53.31,14.11,Same Day,PayPal
O007336,2025-09-07,C02164,P0096,2,11.01,0.05,20.92,8.5,Second Class,Debit Card
O004596,2025-09-07,C01579,P0066,1,68.82,0.2,55.06,20.03,First Class,Credit Card
O004405,2025-09-07,C03053,P0168,3,97.8,0.05,278.73,47.85,Second Class,UPI
O008067,2025-09-07,C02600,P0167,2,48.63,0.1,87.53,37.43,Same Day,Credit Card
O002615,2025-09-07,C02600,P0075,2,5.19,0.1,9.34,1.56,Same Day,PayPal
O004461,2025-09-07,C02764,P0153,1,18.32,0.0,18.32,7.77,Second Class,Debit Card
O011926,2025-09-07,C01600,P0031,1,19.28,0.15,16.39,1.38,Standard,UPI
O009269,2025-09-08,C02947,P0118,1,13.33,0.1,12.0,1.72,Same Day,Bank Transfer
O009094,2025-09-08,C01360,P0167,2,48.63,0.0,97.26,47.16,Same Day,Credit Card
O004306,2025-09-08,C01870,P0001,1,39.36,0.0,39.36,17.85,First Class,PayPal
O007923,2025-09-08,C03319,P0082,1,35.95,0.2,28.76,3.0,Second Class,Credit Card
O000963,2025-09-08,C01238,P0093,1,18.06,0.0,18.06,5.99,Standard,Bank Transfer
O011810,2025-09-08,C01100,P0148,2,12.08,0.1,21.74,4.42,Second Class,UPI
O003153,2025-09-08,C02813,P0111,5,8.19,0.1,36.85,11.65,First Class,Bank Transfer
O001737,2025-09-08,C02478,P0052,3,22.19,0.2,53.26,20.5,Standard,PayPal
O006044,2025-09-08,C00596,P0136,2,78.06,0.1,140.51,61.89,Same Day,Credit Card
O002427,2025-09-08,C01334,P0159,2,13.14,0.15,22.34,6.4,First Class,Bank Transfer
O010064,2025-09-08,C02203,P0157,1,95.85,0.15,81.47,3.18,First Class,UPI
O005662,2025-09-08,C03149,P0073,3,27.85,0.2,66.84,12.06,Same Day,Bank Transfer
O010131,2025-09-08,C00188,P0027,2,13.49,0.1,24.28,5.68,First Class,Credit Card
O004208,2025-09-08,C02716,P0176,1,48.8,0.15,41.48,16.54,Second Class,Bank Transfer
O002910,2025-09-09,C00736,P0080,1,7.83,0.05,7.44,1.12,Standard,PayPal
O011834,2025-09-09,C00261,P0032,3,95.01,0.0,285.03,76.44,Same Day,PayPal
O004574,2025-09-09,C03387,P0099,1,28.6,0.1,25.74,11.87,Second Class,Bank Transfer
O000707,2025-09-09,C00704,P0163,1,60.53,0.15,51.45,4.73,First Class,UPI
O009134,2025-09-09,C01413,P0074,3,78.81,0.0,236.43,96.99,First Class,PayPal
O003184,2025-09-09,C01075,P0160,3,43.67,0.3,91.71,-5.76,Same Day,PayPal
O009231,2025-09-09,C02326,P0056,1,52.21,0.05,49.6,14.05,Standard,Bank Transfer
O001431,2025-09-09,C01279,P0002,2,26.05,0.1,46.89,9.09,First Class,Credit Card
O007682,2025-09-09,C01671,P0028,1,36.39,0.05,34.57,4.85,Same Day,Debit Card
O011414,2025-09-09,C01719,P0095,1,22.09,0.1,19.88,6.13,Second Class,Credit Card
O007649,2025-09-09,C02473,P0008,2,46.94,0.0,93.88,18.36,First Class,PayPal
O007101,2025-09-09,C03004,P0164,1,16.72,0.0,16.72,6.26,Second Class,Credit Card
O011882,2025-09-09,C00865,P0077,1,30.16,0.0,30.16,11.18,First Class,UPI
O001758,2025-09-09,C01386,P0168,1,97.8,0.1,88.02,11.06,First Class,PayPal
O003334,2025-09-09,C00893,P0020,1,11.38,0.05,10.81,4.12,First Class,Credit Card
O008386,2025-09-09,C02421,P0039,1,12.02,0.05,11.42,2.11,First Class,Bank Transfer
O010529,2025-09-09,C02660,P0075,2,5.19,0.15,8.82,1.04,Second Class,UPI
O005339,2025-09-09,C01814,P0109,1,33.7,0.05,32.02,13.86,Standard,Credit Card
O005541,2025-09-10,C02336,P0158,5,38.78,0.1,174.51,54.26,Same Day,PayPal
O006482,2025-09-10,C02866,P0125,2,41.74,0.0,83.48,16.72,First Class,UPI
O010738,2025-09-10,C01394,P0175,1,34.12,0.1,30.71,3.83,Same Day,Debit Card
O010741,2025-09-10,C00885,P0013,2,33.36,0.05,63.38,21.64,Second Class,PayPal
O008396,2025-09-10,C03426,P0161,2,15.13,0.1,27.23,9.19,Second Class,Credit Card
O007602,2025-09-10,C03266,P0142,2,66.66,0.05,126.65,48.19,Standard,PayPal
O000197,2025-09-10,C00884,P0065,1,48.33,0.05,45.91,12.48,First Class,PayPal
O010700,2025-09-10,C02633,P0088,3,35.29,0.15,89.99,13.46,Same Day,Bank Transfer
O006285,2025-09-10,C01930,P0140,1,12.81,0.3,8.97,-0.15,Same Day,Credit Card
O007946,2025-09-10,C01826,P0046,3,17.85,0.0,53.55,13.35,First Class,Bank Transfer
O007009,2025-09-10,C03268,P0052,1,22.19,0.15,18.86,7.94,First Class,Bank Transfer
O001206,2025-09-10,C00447,P0168,1,97.8,0.0,97.8,20.84,Same Day,Debit Card
O006317,2025-09-10,C01997,P0176,1,48.8,0.0,48.8,23.86,Same Day,PayPal
O002374,2025-09-10,C01836,P0109,2,33.7,0.0,67.4,31.08,Standard,Debit Card
O002855,2025-09-10,C00265,P0151,1,33.54,0.0,33.54,9.06,Same Day,Bank Transfer
O005912,2025-09-10,C02567,P0092,1,53.5,0.1,48.15,9.05,Same Day,Debit Card
O011934,2025-09-11,C03086,P0028,2,36.39,0.15,61.86,2.42,First Class,Bank Transfer
O011136,2025-09-11,C03185,P0137,3,17.13,0.15,43.68,17.25,Standard,Bank Transfer
O005812,2025-09-11,C01229,P0162,2,47.54,0.2,76.06,0.34,Standard,UPI
O010668,2025-09-11,C01860,P0139,2,48.37,0.0,96.74,47.2,Standard,Debit Card
O000904,2025-09-11,C01772,P0098,1,33.77,0.3,23.64,-1.27,Second Class,PayPal
O008213,2025-09-11,C02513,P0174,3,35.58,0.0,106.74,55.11,Second Class,Debit Card
O005091,2025-09-11,C00170,P0096,2,11.01,0.2,17.62,5.2,Same Day,UPI
O011731,2025-09-11,C00136,P0135,2,15.68,0.0,31.36,14.22,First Class,Bank Transfer
O011346,2025-09-11,C01948,P0065,1,48.33,0.15,41.08,7.65,Same Day,PayPal
O010286,2025-09-11,C01702,P0028,5,36.39,0.15,154.66,6.06,Same Day,Debit Card
O008012,2025-09-11,C01451,P0104,1,16.92,0.2,13.54,1.37,Standard,PayPal
O007621,2025-09-11,C00781,P0114,1,141.33,0.0,141.33,71.31,First Class,PayPal
O008000,2025-09-11,C00409,P0006,1,24.48,0.15,20.81,7.59,Same Day,Credit Card
O007903,2025-09-11,C00986,P0174,1,35.58,0.0,35.58,18.37,Standard,Debit Card
O004286,2025-09-11,C00026,P0177,1,28.74,0.15,24.43,7.51,Second Class,PayPal
O004664,2025-09-11,C00272,P0046,3,17.85,0.2,42.84,2.64,Standard,Bank Transfer
O010407,2025-09-11,C01900,P0091,2,30.36,0.1,54.65,5.79,Second Class,Bank Transfer
O002567,2025-09-11,C02261,P0078,1,23.47,0.1,21.12,9.23,Second Class,Debit Card
O006484,2025-09-11,C01392,P0134,1,38.78,0.05,36.84,6.29,Standard,UPI
O005232,2025-09-11,C02701,P0122,1,15.78,0.05,14.99,3.97,Same Day,Debit Card
O010214,2025-09-11,C00350,P0121,1,47.66,0.0,47.66,23.64,Second Class,PayPal
O006747,2025-09-11,C03398,P0123,2,70.94,0.0,141.88,72.5,First Class,Credit Card
O003365,2025-09-11,C02200,P0020,1,11.38,0.1,10.24,3.55,Second Class,PayPal
O003837,2025-09-11,C00111,P0146,1,47.38,0.1,42.64,15.36,Same Day,PayPal
O002558,2025-09-11,C01345,P0177,3,28.74,0.15,73.29,22.53,Standard,Credit Card
O008460,2025-09-11,C00600,P0003,1,43.42,0.1,39.08,14.09,Same Day,Bank Transfer
O011745,2025-09-12,C03461,P0019,3,15.8,0.15,40.29,3.81,Second Class,UPI
O010395,2025-09-12,C03142,P0165,1,53.31,0.0,53.31,14.11,First Class,Bank Transfer
O000692,2025-09-12,C01460,P0148,1,12.08,0.0,12.08,3.42,First Class,PayPal
O008962,2025-09-12,C03083,P0011,2,21.09,0.15,35.85,15.39,Second Class,Credit Card
O011256,2025-09-12,C02697,P0030,2,23.58,0.1,42.44,11.5,Same Day,Debit Card
O000336,2025-09-12,C02068,P0017,1,14.76,0.05,14.02,5.46,Standard,Debit Card
O006876,2025-09-12,C00970,P0006,4,24.48,0.1,88.13,35.25,First Class,UPI
O010888,2025-09-12,C01655,P0126,1,118.37,0.1,106.53,26.55,Same Day,Debit Card
O005572,2025-09-13,C00249,P0045,1,10.9,0.2,8.72,0.89,First Class,UPI
O008356,2025-09-13,C02825,P0172,5,16.77,0.15,71.27,5.47,Same Day,Bank Transfer
O005025,2025-09-13,C03179,P0100,3,24.47,0.0,73.41,35.28,Standard,PayPal
O006380,2025-09-13,C00577,P0060,1,53.74,0.1,48.37,15.99,Standard,Bank Transfer
O006292,2025-09-13,C01212,P0078,3,23.47,0.15,59.85,24.18,Standard,PayPal
O011463,2025-09-13,C01476,P0162,1,47.54,0.05,45.16,7.3,First Class,Credit Card
O002940,2025-09-13,C00723,P0172,2,16.77,0.05,31.86,5.54,Same Day,Debit Card
O004157,2025-09-13,C01010,P0064,4,13.1,0.15,44.54,15.54,Second Class,Debit Card
O008859,2025-09-13,C00388,P0108,1,31.93,0.3,22.35,1.88,Same Day,PayPal
O000242,2025-09-13,C02190,P0021,1,73.9,0.3,51.73,12.0,First Class,Debit Card
O000615,2025-09-13,C03096,P0018,1,34.96,0.0,34.96,13.6,Standard,UPI
O009174,2025-09-13,C00384,P0057,1,16.52,0.3,11.56,3.46,Standard,Credit Card
O011149,2025-09-13,C03015,P0156,3,17.92,0.2,43.01,2.45,Standard,UPI
O001660,2025-09-13,C00114,P0098,1,33.77,0.0,33.77,8.86,Same Day,Bank Transfer
O001376,2025-09-13,C02085,P0014,2,8.22,0.15,13.97,0.67,First Class,Credit Card
O000057,2025-09-13,C03166,P0007,1,79.56,0.1,71.6,7.97,Same Day,PayPal
O007359,2025-09-13,C02138,P0086,2,20.57,0.2,32.91,9.67,Standard,Credit Card
O005371,2025-09-13,C02367,P0072,3,77.46,0.0,232.38,43.74,Same Day,Credit Card
O007677,2025-09-14,C03456,P0104,2,16.92,0.1,30.46,6.12,Standard,PayPal
O011249,2025-09-14,C01675,P0035,1,48.65,0.1,43.78,14.48,Same Day,PayPal
O010539,2025-09-14,C00847,P0007,1,79.56,0.2,63.65,0.02,Standard,Credit Card
O005419,2025-09-14,C01715,P0026,3,30.63,0.2,73.51,26.38,Standard,PayPal
O008172,2025-09-14,C02721,P0138,1,23.12,0.05,21.96,10.72,Standard,PayPal
O002498,2025-09-14,C01673,P0059,1,35.35,0.1,31.82,4.97,Second Class,Debit Card
O007981,2025-09-14,C00532,P0060,2,53.74,0.05,102.11,37.35,First Class,Credit Card
O003337,2025-09-14,C01890,P0098,4,33.77,0.0,135.08,35.44,Same Day,Debit Card
O001207,2025-09-14,C01273,P0042,4,31.86,0.05,121.07,38.15,Same Day,Bank Transfer
O008464,2025-09-14,C02108,P0151,1,33.54,0.3,23.48,-1.0,Second Class,Bank Transfer
O002993,2025-09-14,C02710,P0146,1,47.38,0.15,40.27,12.99,First Class,Credit Card
O004219,2025-09-14,C01445,P0101,1,11.36,0.1,10.22,4.59,Standard,Debit Card
O007879,2025-09-14,C01203,P0119,4,59.91,0.0,239.64,70.96,Standard,PayPal
O004259,2025-09-14,C01167,P0176,2,48.8,0.2,78.08,28.2,Standard,PayPal
O010203,2025-09-14,C02727,P0091,1,30.36,0.2,24.29,-0.14,Second Class,Debit Card
O002326,2025-09-14,C01799,P0111,1,8.19,0.3,5.73,0.69,Standard,PayPal
O009184,2025-09-14,C00705,P0168,1,97.8,0.05,92.91,15.95,Same Day,PayPal
O009550,2025-09-14,C02803,P0067,2,27.2,0.2,43.52,16.46,Second Class,PayPal
O002911,2025-09-14,C02420,P0068,2,54.72,0.15,93.02,20.72,Same Day,Credit Card
O007759,2025-09-15,C00834,P0127,1,14.97,0.1,13.47,4.31,Second Class,Credit Card
O008847,2025-09-15,C02512,P0010,1,40.56,0.15,34.48,9.91,Standard,Credit Card
O004754,2025-09-15,C00055,P0090,2,39.79,0.1,71.62,25.84,Same Day,Bank Transfer
O009939,2025-09-15,C03456,P0082,1,35.95,0.1,32.36,6.6,Second Class,PayPal
O004437,2025-09-15,C03413,P0053,1,18.36,0.3,12.85,1.13,First Class,PayPal
O001185,2025-09-15,C00348,P0031,2,19.28,0.05,36.63,6.61,Same Day,PayPal
O000683,2025-09-15,C00417,P0045,1,10.9,0.1,9.81,1.98,Same Day,Bank Transfer
O011813,2025-09-15,C03275,P0094,2,23.04,0.15,39.17,7.47,Second Class,PayPal
O001748,2025-09-15,C03285,P0131,3,10.4,0.05,29.64,4.68,Second Class,PayPal
O004743,2025-09-15,C00444,P0065,1,48.33,0.2,38.66,5.23,Same Day,Bank Transfer
O007155,2025-09-15,C00425,P0170,1,17.46,0.1,15.71,2.42,Same Day,UPI
O002379,2025-09-15,C01003,P0058,1,23.31,0.15,19.81,8.33,Same Day,UPI
O000315,2025-09-15,C01948,P0167,2,48.63,0.0,97.26,47.16,First Class,Debit Card
O004115,2025-09-15,C03236,P0176,1,48.8,0.1,43.92,18.98,Second Class,Debit Card
O009101,2025-09-15,C00688,P0024,2,11.29,0.15,19.19,3.01,Second Class,Bank Transfer
O001386,2025-09-15,C02899,P0056,4,52.21,0.1,187.96,45.76,Same Day,Bank Transfer
O007860,2025-09-15,C00807,P0164,2,16.72,0.3,23.41,2.49,Same Day,Credit Card
O008483,2025-09-15,C01259,P0002,2,26.05,0.0,52.1,14.3,Second Class,PayPal
O010481,2025-09-16,C02702,P0107,1,97.13,0.2,77.7,14.84,Second Class,UPI
O008875,2025-09-16,C00624,P0178,1,73.32,0.0,73.32,14.44,Second Class,Bank Transfer
O000909,2025-09-16,C00746,P0171,1,15.99,0.15,13.59,4.17,First Class,UPI
O003589,2025-09-16,C01812,P0065,1,48.33,0.3,33.83,0.4,Same Day,UPI
O003448,2025-09-16,C02572,P0045,5,10.9,0.05,51.77,12.62,Same Day,Bank Transfer
O009386,2025-09-16,C00263,P0004,2,76.71,0.15,130.41,55.51,Standard,UPI
O008945,2025-09-16,C00139,P0082,1,35.95,0.05,34.15,8.39,Second Class,UPI
O004790,2025-09-16,C02231,P0030,1,23.58,0.15,20.04,4.57,Standard,Credit Card
O009797,2025-09-16,C02519,P0051,1,35.19,0.05,33.43,9.62,Second Class,UPI
O004673,2025-09-16,C00557,P0127,3,14.97,0.1,40.42,12.94,Second Class,Credit Card
O004005,2025-09-16,C03336,P0103,1,22.81,0.15,19.39,1.81,First Class,Debit Card
O007545,2025-09-16,C01548,P0052,1,22.19,0.15,18.86,7.94,Second Class,Bank Transfer
O003588,2025-09-16,C01649,P0058,1,23.31,0.05,22.14,10.66,Standard,Bank Transfer
O011464,2025-09-16,C01988,P0158,1,38.78,0.1,34.9,10.85,Standard,Bank Transfer
O003541,2025-09-16,C02168,P0073,1,27.85,0.2,22.28,4.02,First Class,Debit Card
O011454,2025-09-16,C02462,P0114,3,141.33,0.05,402.79,192.73,Second Class,Credit Card
O007643,2025-09-16,C02798,P0046,3,17.85,0.1,48.2,8.0,Standard,PayPal
O004082,2025-09-16,C00692,P0126,2,118.37,0.1,213.07,53.11,First Class,PayPal
O004426,2025-09-17,C02617,P0024,2,11.29,0.1,20.32,4.14,First Class,Bank Transfer
O005887,2025-09-17,C00445,P0086,2,20.57,0.0,41.14,17.9,Second Class,Credit Card
O002480,2025-09-17,C01447,P0106,2,37.06,0.1,66.71,28.67,First Class,UPI
O003417,2025-09-17,C01717,P0058,4,23.31,0.1,83.92,38.0,First Class,UPI
O001850,2025-09-17,C01827,P0085,1,16.85,0.05,16.01,7.03,Same Day,Credit Card
O007314,2025-09-17,C01074,P0072,1,77.46,0.1,69.71,6.83,Same Day,PayPal
O011070,2025-09-17,C01084,P0145,1,33.75,0.2,27.0,1.45,First Class,Credit Card
O000682,2025-09-17,C01407,P0036,2,12.89,0.1,23.2,8.26,Same Day,PayPal
O000739,2025-09-17,C00338,P0114,1,141.33,0.1,127.2,57.18,Second Class,Credit Card
O003972,2025-09-17,C01126,P0036,3,12.89,0.1,34.8,12.39,Second Class,Bank Transfer
O008926,2025-09-17,C00851,P0111,2,8.19,0.05,15.56,5.48,Standard,Debit Card
O005116,2025-09-17,C00858,P0068,2,54.72,0.05,103.97,31.67,Same Day,UPI
O007663,2025-09-17,C03011,P0042,1,31.86,0.15,27.08,6.35,Same Day,Debit Card
O001930,2025-09-17,C02665,P0116,1,34.67,0.1,31.2,7.18,Standard,UPI
O001813,2025-09-17,C00617,P0010,1,40.56,0.05,38.53,13.96,Same Day,Debit Card
O000193,2025-09-17,C02250,P0148,1,12.08,0.05,11.48,2.82,Second Class,Credit Card
O007343,2025-09-17,C00197,P0124,2,11.46,0.1,20.63,5.07,Same Day,PayPal
O000303,2025-09-18,C01334,P0148,1,12.08,0.0,12.08,3.42,Second Class,UPI
O005473,2025-09-18,C01608,P0010,1,40.56,0.05,38.53,13.96,Standard,UPI
O004191,2025-09-18,C00892,P0082,2,35.95,0.15,61.12,9.6,First Class,Debit Card
O006635,2025-09-18,C02765,P0054,1,42.42,0.2,33.94,5.75,Same Day,Credit Card
O003330,2025-09-18,C03321,P0178,1,73.32,0.1,65.99,7.11,Same Day,Credit Card
O000915,2025-09-18,C00093,P0080,2,7.83,0.15,13.31,0.67,Standard,Debit Card
O008804,2025-09-18,C00427,P0031,1,19.28,0.15,16.39,1.38,Second Class,UPI
O004065,2025-09-18,C02659,P0036,1,12.89,0.1,11.6,4.13,First Class,Debit Card
O003312,2025-09-18,C03412,P0145,1,33.75,0.15,28.69,3.14,Standard,Bank Transfer
O003798,2025-09-18,C01878,P0011,2,21.09,0.05,40.07,19.61,Second Class,Credit Card
O003987,2025-09-18,C02353,P0086,2,20.57,0.15,34.97,11.73,Second Class,Bank Transfer
O008843,2025-09-18,C00408,P0119,1,59.91,0.15,50.92,8.75,First Class,Credit Card
O002126,2025-09-18,C02881,P0100,1,24.47,0.1,22.02,9.31,First Class,UPI
O010458,2025-09-19,C00171,P0137,1,17.13,0.3,11.99,3.18,Same Day,Bank Transfer
O010918,2025-09-19,C01324,P0093,1,18.06,0.15,15.35,3.28,Same Day,Debit Card
O011727,2025-09-19,C02548,P0154,1,33.15,0.1,29.84,11.93,Second Class,PayPal
O009305,2025-09-19,C02242,P0159,2,13.14,0.05,24.97,9.03,Standard,Bank Transfer
O005831,2025-09-19,C00517,P0088,4,35.29,0.05,134.1,32.06,Second Class,Credit Card
O010587,2025-09-19,C00248,P0053,1,18.36,0.1,16.52,4.8,Standard,Credit Card
O006477,2025-09-19,C01184,P0062,1,25.26,0.0,25.26,8.65,First Class,Debit Card
O007729,2025-09-19,C01962,P0071,5,36.05,0.0,180.25,49.25,Second Class,Bank Transfer
O009535,2025-09-19,C01542,P0164,1,16.72,0.0,16.72,6.26,Same Day,UPI
O004007,2025-09-19,C02934,P0011,1,21.09,0.3,14.76,4.53,First Class,Debit Card
O001232,2025-09-19,C02911,P0034,1,14.33,0.1,12.9,2.6,Second Class,PayPal
O010973,2025-09-20,C00895,P0148,2,12.08,0.15,20.54,3.22,Standard,PayPal
O001092,2025-09-20,C00329,P0178,1,73.32,0.0,73.32,14.44,Standard,Bank Transfer
O010584,2025-09-20,C02352,P0103,1,22.81,0.15,19.39,1.81,Second Class,Debit Card
O001633,2025-09-20,C02901,P0152,2,35.7,0.1,64.26,10.48,Second Class,Debit Card
O000450,2025-09-20,C01542,P0058,1,23.31,0.1,20.98,9.5,Same Day,Credit Card
O003791,2025-09-20,C02998,P0018,2,34.96,0.0,69.92,27.2,First Class,UPI
O009196,2025-09-20,C01990,P0110,2,27.16,0.05,51.6,17.52,First Class,Credit Card
O003305,2025-09-20,C01064,P0119,2,59.91,0.05,113.83,29.49,Second Class,UPI
O003708,2025-09-20,C02778,P0164,4,16.72,0.0,66.88,25.04,First Class,Credit Card
O009758,2025-09-20,C02208,P0168,1,97.8,0.3,68.46,-8.5,Same Day,Bank Transfer
O004932,2025-09-20,C00567,P0010,2,40.56,0.05,77.06,27.92,Second Class,Debit Card
O005035,2025-09-20,C03014,P0180,1,167.02,0.0,167.02,54.29,Standard,Credit Card
O000953,2025-09-20,C01036,P0023,1,29.78,0.2,23.82,0.05,Second Class,Debit Card
O009974,2025-09-20,C01508,P0178,1,73.32,0.2,58.66,-0.22,Standard,Debit Card
O011023,2025-09-20,C02538,P0083,3,74.49,0.05,212.3,73.97,First Class,UPI
O001158,2025-09-20,C02425,P0095,4,22.09,0.05,83.94,28.94,Same Day,Credit Card
O009476,2025-09-20,C00431,P0120,1,46.47,0.15,39.5,14.62,Same Day,UPI
O002134,2025-09-20,C03100,P0049,1,35.64,0.0,35.64,13.98,Standard,Bank Transfer
O010279,2025-09-20,C01056,P0072,1,77.46,0.05,73.59,10.71,Second Class,PayPal
O008023,2025-09-21,C02533,P0102,1,21.68,0.3,15.18,4.47,First Class,Credit Card
O001343,2025-09-21,C00973,P0015,3,9.29,0.05,26.48,3.98,First Class,PayPal
O008529,2025-09-21,C02741,P0099,2,28.6,0.05,54.34,26.6,Standard,UPI
O009494,2025-09-21,C00344,P0169,1,24.3,0.15,20.66,4.82,Second Class,Bank Transfer
O006904,2025-09-21,C00222,P0064,3,13.1,0.1,35.37,13.62,First Class,UPI
O000777,2025-09-21,C02271,P0086,2,20.57,0.0,41.14,17.9,Second Class,Debit Card
O010804,2025-09-21,C02604,P0098,1,33.77,0.05,32.08,7.17,First Class,PayPal
O010223,2025-09-21,C01346,P0158,1,38.78,0.15,32.96,8.91,Same Day,PayPal
O009662,2025-09-21,C01882,P0011,1,21.09,0.0,21.09,10.86,Same Day,Debit Card
O006133,2025-09-21,C01309,P0047,1,21.13,0.1,19.02,2.48,Standard,Debit Card
O006637,2025-09-21,C01815,P0073,4,27.85,0.15,94.69,21.65,Same Day,Credit Card
O001679,2025-09-21,C01220,P0140,1,12.81,0.3,8.97,-0.15,Same Day,UPI
O007218,2025-09-21,C01667,P0180,3,167.02,0.0,501.06,162.87,Second Class,PayPal
O000145,2025-09-21,C00030,P0179,2,24.0,0.1,43.2,4.64,First Class,Credit Card
O002402,2025-09-21,C01863,P0058,2,23.31,0.1,41.96,19.0,First Class,Credit Card
O004000,2025-09-21,C02441,P0127,1,14.97,0.05,14.22,5.06,First Class,UPI
O011474,2025-09-21,C02234,P0117,3,27.87,0.15,71.07,16.62,Standard,Bank Transfer
O001640,2025-09-21,C00336,P0134,1,38.78,0.3,27.15,-3.4,Second Class,PayPal
O004716,2025-09-21,C00631,P0040,1,32.39,0.1,29.15,3.55,Second Class,Bank Transfer
O004532,2025-09-21,C03287,P0095,1,22.09,0.1,19.88,6.13,Standard,Credit Card
O010799,2025-09-21,C00313,P0112,1,28.02,0.1,25.22,5.9,Second Class,Bank Transfer
O005149,2025-09-22,C01191,P0028,2,36.39,0.1,65.5,6.06,Second Class,Debit Card
O006476,2025-09-22,C01290,P0070,1,18.74,0.05,17.8,4.74,Same Day,Credit Card
O007784,2025-09-22,C02762,P0021,4,73.9,0.15,251.26,92.34,Second Class,UPI
O008643,2025-09-22,C01840,P0041,1,46.06,0.15,39.15,9.03,Second Class,Debit Card
O002893,2025-09-22,C01128,P0146,1,47.38,0.2,37.9,10.62,Same Day,UPI
O002907,2025-09-22,C03264,P0127,5,14.97,0.1,67.37,21.57,Same Day,Credit Card
O009938,2025-09-22,C02225,P0179,3,24.0,0.05,68.4,10.56,First Class,Bank Transfer
O000493,2025-09-22,C00489,P0144,1,32.14,0.15,27.32,11.64,First Class,Debit Card
O010583,2025-09-22,C01779,P0141,1,33.04,0.05,31.39,14.73,First Class,Bank Transfer
O005991,2025-09-22,C02225,P0113,1,29.64,0.0,29.64,9.01,Second Class,Debit Card
O005246,2025-09-22,C01941,P0161,2,15.13,0.1,27.23,9.19,Standard,Credit Card
O002139,2025-09-22,C02256,P0141,1,33.04,0.0,33.04,16.38,Standard,Bank Transfer
O007028,2025-09-22,C02863,P0063,2,13.89,0.15,23.61,3.01,Standard,UPI
O007292,2025-09-22,C02319,P0015,2,9.29,0.0,18.58,3.58,Standard,PayPal
O004061,2025-09-22,C00464,P0028,2,36.39,0.05,69.14,9.7,First Class,Credit Card
O002140,2025-09-23,C02531,P0110,1,27.16,0.1,24.44,7.4,Second Class,PayPal
O009506,2025-09-23,C01934,P0108,4,31.93,0.1,114.95,33.07,Same Day,Bank Transfer
O008248,2025-09-23,C01489,P0050,1,9.06,0.0,9.06,4.42,First Class,Credit Card
O000018,2025-09-23,C00860,P0088,1,35.29,0.0,35.29,9.78,Same Day,Bank Transfer
O007703,2025-09-23,C02272,P0019,1,15.8,0.05,15.01,2.85,First Class,Bank Transfer
O001011,2025-09-23,C01695,P0165,4,53.31,0.0,213.24,56.44,Second Class,Debit Card
O008447,2025-09-23,C03157,P0063,3,13.89,0.0,41.67,10.77,Standard,Credit Card
O002265,2025-09-23,C02345,P0177,1,28.74,0.0,28.74,11.82,Standard,PayPal
O005321,2025-09-23,C00868,P0168,2,97.8,0.05,185.82,31.9,Standard,PayPal
O004200,2025-09-23,C01202,P0153,2,18.32,0.0,36.64,15.54,First Class,UPI
O001064,2025-09-23,C01368,P0034,2,14.33,0.0,28.66,8.06,Same Day,Debit Card
O007351,2025-09-23,C02535,P0016,2,19.78,0.0,39.56,9.1,Same Day,PayPal
O003266,2025-09-23,C02308,P0013,1,33.36,0.05,31.69,10.82,First Class,PayPal
O005940,2025-09-23,C01239,P0084,1,20.35,0.1,18.32,7.35,Second Class,PayPal
O008911,2025-09-23,C02670,P0110,3,27.16,0.15,69.26,18.14,First Class,Credit Card
O006389,2025-09-23,C00261,P0003,1,43.42,0.1,39.08,14.09,Standard,PayPal
O004226,2025-09-24,C01998,P0178,1,73.32,0.05,69.65,10.77,Second Class,Bank Transfer
O001067,2025-09-24,C01521,P0114,1,141.33,0.0,141.33,71.31,Standard,PayPal
O005504,2025-09-24,C02805,P0023,1,29.78,0.0,29.78,6.01,First Class,PayPal
O004251,2025-09-24,C02512,P0127,1,14.97,0.15,12.72,3.56,First Class,UPI
O002078,2025-09-24,C01455,P0175,1,34.12,0.2,27.3,0.42,Same Day,Bank Transfer
O009276,2025-09-24,C00981,P0109,3,33.7,0.3,70.77,16.29,Standard,Debit Card
O007245,2025-09-24,C02464,P0125,3,41.74,0.1,112.7,12.56,First Class,Debit Card
O008417,2025-09-24,C02372,P0004,3,76.71,0.0,230.13,117.78,First Class,Debit Card
O006978,2025-09-24,C01265,P0003,2,43.42,0.05,82.5,32.52,Second Class,Bank Transfer
O009489,2025-09-24,C01043,P0063,1,13.89,0.05,13.2,2.9,Second Class,UPI
O010673,2025-09-24,C00886,P0119,4,59.91,0.3,167.75,-0.93,Second Class,Bank Transfer
O003726,2025-09-24,C03203,P0083,1,74.49,0.15,63.32,17.21,Standard,PayPal
O003012,2025-09-24,C02289,P0002,2,26.05,0.2,41.68,3.88,First Class,UPI
O004505,2025-09-24,C00254,P0012,4,21.06,0.2,67.39,0.35,Same Day,Debit Card
O004799,2025-09-24,C02039,P0128,1,19.73,0.05,18.74,4.95,First Class,Bank Transfer
O006790,2025-09-24,C03314,P0060,1,53.74,0.15,45.68,13.3,Same Day,Credit Card
O002604,2025-09-24,C00809,P0037,3,32.65,0.1,88.15,14.17,Second Class,Credit Card
O000348,2025-09-24,C00450,P0032,4,95.01,0.1,342.04,63.92,Same Day,PayPal
O008093,2025-09-24,C01018,P0102,1,21.68,0.0,21.68,10.97,First Class,PayPal
O009230,2025-09-24,C01935,P0106,3,37.06,0.3,77.83,20.77,Second Class,UPI
O004897,2025-09-25,C01365,P0053,1,18.36,0.2,14.69,2.97,Standard,Debit Card
O002698,2025-09-25,C01191,P0034,2,14.33,0.15,24.36,3.76,Same Day,Bank Transfer
O004234,2025-09-25,C00349,P0080,3,7.83,0.15,19.97,1.01,First Class,Debit Card
O007813,2025-09-25,C02283,P0150,3,34.57,0.15,88.15,7.42,Same Day,Credit Card
O004333,2025-09-25,C02336,P0010,3,40.56,0.1,109.51,35.8,Second Class,UPI
O011733,2025-09-25,C01204,P0149,1,40.02,0.1,36.02,8.25,Second Class,PayPal
O001636,2025-09-25,C03150,P0159,1,13.14,0.15,11.17,3.2,Standard,Credit Card
O010735,2025-09-25,C00778,P0089,2,20.2,0.0,40.4,11.94,Standard,PayPal
O000108,2025-09-25,C03497,P0105,2,25.67,0.3,35.94,3.02,First Class,Bank Transfer
O011441,2025-09-25,C01090,P0104,1,16.92,0.1,15.23,3.06,First Class,Bank Transfer
O001073,2025-09-25,C02460,P0054,1,42.42,0.1,38.18,9.99,Second Class,Debit Card
O006586,2025-09-25,C01297,P0075,1,5.19,0.0,5.19,1.3,Second Class,UPI
O006914,2025-09-26,C00712,P0046,3,17.85,0.1,48.2,8.0,First Class,Credit Card
O001432,2025-09-26,C00905,P0011,1,21.09,0.0,21.09,10.86,Second Class,Debit Card
O000460,2025-09-26,C02072,P0088,1,35.29,0.15,30.0,4.49,Standard,Credit Card
O006095,2025-09-26,C02049,P0126,2,118.37,0.1,213.07,53.11,First Class,PayPal
O004714,2025-09-26,C01655,P0008,2,46.94,0.2,75.1,-0.42,First Class,Debit Card
O006557,2025-09-26,C01809,P0060,2,53.74,0.0,107.48,42.72,Standard,PayPal
O009853,2025-09-26,C00072,P0035,2,48.65,0.0,97.3,38.7,Second Class,UPI
O003725,2025-09-26,C01864,P0081,1,24.71,0.05,23.47,4.59,Same Day,UPI
O005406,2025-09-26,C01140,P0006,1,24.48,0.0,24.48,11.26,Same Day,Credit Card
O000022,2025-09-26,C01643,P0092,1,53.5,0.1,48.15,9.05,First Class,Debit Card
O001988,2025-09-26,C02126,P0126,2,118.37,0.15,201.23,41.27,Standard,PayPal
O002511,2025-09-26,C03459,P0145,1,33.75,0.05,32.06,6.51,First Class,PayPal
O007628,2025-09-26,C01821,P0019,1,15.8,0.1,14.22,2.06,Standard,Debit Card
O007918,2025-09-26,C01014,P0119,1,59.91,0.0,59.91,17.74,Same Day,Bank Transfer
O005635,2025-09-26,C01719,P0046,1,17.85,0.3,12.5,-0.9,Same Day,Bank Transfer
O007027,2025-09-26,C01461,P0158,3,38.78,0.0,116.34,44.19,Same Day,UPI
O006062,2025-09-26,C00389,P0060,1,53.74,0.05,51.05,18.67,Second Class,Debit Card
O010038,2025-09-27,C01303,P0054,2,42.42,0.0,84.84,28.46,Same Day,Debit Card
O006697,2025-09-27,C00254,P0124,3,11.46,0.1,30.94,7.6,First Class,PayPal
O007764,2025-09-27,C01674,P0158,1,38.78,0.05,36.84,12.79,First Class,PayPal
O002040,2025-09-27,C02583,P0155,3,34.48,0.0,103.44,27.39,Same Day,Bank Transfer
O003308,2025-09-27,C02377,P0149,3,40.02,0.1,108.05,24.74,Standard,Credit Card
O003133,2025-09-27,C01517,P0108,3,31.93,0.15,81.42,20.01,Same Day,UPI
O008731,2025-09-27,C02008,P0066,1,68.82,0.05,65.38,30.35,Standard,PayPal
O007744,2025-09-27,C02645,P0070,1,18.74,0.0,18.74,5.68,First Class,Debit Card
O008610,2025-09-27,C02353,P0026,1,30.63,0.05,29.1,13.39,Standard,Bank Transfer
O010648,2025-09-27,C02390,P0007,3,79.56,0.0,238.68,47.79,Standard,Credit Card
O010503,2025-09-27,C03335,P0110,2,27.16,0.0,54.32,20.24,Second Class,PayPal
O001346,2025-09-27,C03404,P0085,2,16.85,0.05,32.02,14.06,Standard,UPI
O010130,2025-09-27,C01538,P0018,1,34.96,0.2,27.97,6.61,Standard,Credit Card
O007839,2025-09-28,C00218,P0015,1,9.29,0.05,8.83,1.33,Same Day,UPI
O002109,2025-09-28,C02059,P0021,1,73.9,0.15,62.82,23.09,Standard,Debit Card
O003167,2025-09-28,C00266,P0085,1,16.85,0.15,14.32,5.34,First Class,Debit Card
O009829,2025-09-28,C01855,P0047,2,21.13,0.05,40.15,7.07,Second Class,Debit Card
O008426,2025-09-28,C02593,P0132,1,29.8,0.15,25.33,7.11,Same Day,Bank Transfer
O010772,2025-09-28,C03291,P0157,2,95.85,0.15,162.94,6.36,First Class,UPI
O005147,2025-09-28,C03080,P0019,1,15.8,0.0,15.8,3.64,Second Class,Bank Transfer
O005188,2025-09-28,C03479,P0115,1,25.15,0.15,21.38,6.1,Standard,UPI
O001656,2025-09-28,C00811,P0040,1,32.39,0.05,30.77,5.17,Same Day,UPI
O011680,2025-09-28,C03059,P0088,2,35.29,0.05,67.05,16.03,First Class,Debit Card
O004154,2025-09-28,C01183,P0116,3,34.67,0.1,93.61,21.55,Second Class,Bank Transfer
O005763,2025-09-28,C01380,P0148,1,12.08,0.2,9.66,1.0,Standard,Bank Transfer
O010451,2025-09-28,C03360,P0009,1,21.01,0.2,16.81,0.19,Standard,Credit Card
O011165,2025-09-28,C02848,P0085,1,16.85,0.15,14.32,5.34,Same Day,Bank Transfer
O005718,2025-09-28,C02914,P0108,1,31.93,0.0,31.93,11.46,Same Day,UPI
O003647,2025-09-29,C03124,P0169,2,24.3,0.05,46.17,14.49,First Class,Debit Card
O002874,2025-09-29,C00040,P0046,3,17.85,0.1,48.2,8.0,Second Class,Credit Card
O008828,2025-09-29,C02729,P0026,1,30.63,0.0,30.63,14.92,Second Class,Debit Card
O008484,2025-09-29,C00123,P0040,2,32.39,0.1,58.3,7.1,Standard,Credit Card
O011827,2025-09-29,C01837,P0087,1,51.68,0.0,51.68,17.22,Second Class,Bank Transfer
O005093,2025-09-29,C00671,P0030,1,23.58,0.1,21.22,5.75,Second Class,Bank Transfer
O003870,2025-09-29,C02967,P0098,1,33.77,0.15,28.7,3.79,First Class,PayPal
O000358,2025-09-29,C00687,P0062,1,25.26,0.15,21.47,4.86,First Class,PayPal
O007761,2025-09-29,C00202,P0178,2,73.32,0.1,131.98,14.22,First Class,PayPal
O009023,2025-09-29,C02083,P0115,2,25.15,0.2,40.24,9.68,Second Class,Debit Card
O001457,2025-09-29,C01847,P0115,1,25.15,0.1,22.63,7.35,Standard,PayPal
O006666,2025-09-29,C00859,P0111,4,8.19,0.0,32.76,12.6,First Class,Debit Card
O003119,2025-09-29,C01332,P0115,2,25.15,0.15,42.75,12.19,First Class,UPI
O001056,2025-09-29,C03078,P0149,1,40.02,0.0,40.02,12.25,Standard,Bank Transfer
O005911,2025-09-29,C01647,P0010,3,40.56,0.0,121.68,47.97,Second Class,Bank Transfer
O008984,2025-09-29,C02227,P0002,3,26.05,0.05,74.24,17.54,First Class,UPI
O002606,2025-09-29,C00297,P0003,2,43.42,0.05,82.5,32.52,Second Class,UPI
O000503,2025-09-29,C00729,P0077,2,30.16,0.3,42.22,4.26,Same Day,PayPal
O005770,2025-09-30,C00139,P0074,1,78.81,0.1,70.93,24.45,Same Day,UPI
O011498,2025-09-30,C00085,P0087,5,51.68,0.0,258.4,86.1,Same Day,UPI
O006524,2025-09-30,C02001,P0150,4,34.57,0.0,138.28,30.64,Second Class,PayPal
O007012,2025-09-30,C02353,P0047,4,21.13,0.15,71.84,5.68,Second Class,Debit Card
O004967,2025-09-30,C03086,P0003,2,43.42,0.05,82.5,32.52,Standard,UPI
O008722,2025-09-30,C00920,P0159,3,13.14,0.05,37.45,13.54,Standard,Debit Card
O003555,2025-09-30,C00433,P0001,2,39.36,0.2,62.98,19.96,Same Day,PayPal
O008193,2025-09-30,C02243,P0024,1,11.29,0.05,10.73,2.64,First Class,Bank Transfer
O008153,2025-09-30,C02463,P0099,1,28.6,0.1,25.74,11.87,Standard,Bank Transfer
O003805,2025-09-30,C01591,P0030,1,23.58,0.05,22.4,6.93,Standard,Credit Card
O006602,2025-09-30,C02372,P0177,1,28.74,0.0,28.74,11.82,First Class,Debit Card
O003881,2025-09-30,C02201,P0088,1,35.29,0.0,35.29,9.78,Same Day,Credit Card
O008532,2025-09-30,C02477,P0044,2,23.44,0.15,39.85,6.99,Same Day,Credit Card
O000968,2025-09-30,C00349,P0003,3,43.42,0.0,130.26,55.29,Standard,Bank Transfer
O001393,2025-10-01,C01197,P0124,1,11.46,0.15,9.74,1.96,Same Day,UPI
O011488,2025-10-01,C01251,P0069,1,36.06,0.0,36.06,12.12,Second Class,PayPal
O009038,2025-10-01,C00225,P0139,5,48.37,0.2,193.48,69.63,First Class,Debit Card
O009081,2025-10-01,C00353,P0015,4,9.29,0.15,31.59,1.59,Same Day,UPI
O010839,2025-10-01,C01330,P0045,1,10.9,0.1,9.81,1.98,First Class,Debit Card
O007487,2025-10-01,C00988,P0104,1,16.92,0.0,16.92,4.75,Standard,Credit Card
O011677,2025-10-01,C02278,P0145,1,33.75,0.05,32.06,6.51,Standard,UPI
O000063,2025-10-01,C00194,P0061,2,20.87,0.0,41.74,19.9,Standard,Bank Transfer
O011232,2025-10-01,C02358,P0138,2,23.12,0.1,41.62,19.14,Standard,Bank Transfer
O007603,2025-10-01,C03368,P0106,2,37.06,0.0,74.12,36.08,First Class,PayPal
O001912,2025-10-01,C03430,P0053,1,18.36,0.05,17.44,5.72,Standard,Credit Card
O011916,2025-10-02,C00671,P0006,1,24.48,0.1,22.03,8.81,Second Class,Credit Card
O010994,2025-10-02,C01800,P0055,2,55.71,0.15,94.71,30.37,Second Class,UPI
O005725,2025-10-02,C01162,P0060,4,53.74,0.2,171.97,42.45,First Class,UPI
O008500,2025-10-02,C02998,P0114,1,141.33,0.1,127.2,57.18,Second Class,PayPal
O007090,2025-10-02,C02349,P0108,1,31.93,0.15,27.14,6.67,Standard,UPI
O009910,2025-10-02,C00557,P0103,1,22.81,0.15,19.39,1.81,First Class,Debit Card
O009826,2025-10-02,C02859,P0040,3,32.39,0.2,77.74,0.94,Same Day,Bank Transfer
O000388,2025-10-02,C01525,P0180,1,167.02,0.05,158.67,45.94,First Class,UPI
O005328,2025-10-02,C02860,P0163,1,60.53,0.05,57.5,10.78,Standard,Bank Transfer
O005420,2025-10-02,C02060,P0069,1,36.06,0.05,34.26,10.32,Same Day,PayPal
O009819,2025-10-02,C00447,P0057,1,16.52,0.05,15.69,7.59,First Class,PayPal
O000791,2025-10-02,C01582,P0076,1,48.63,0.1,43.77,15.95,First Class,Debit Card
O002406,2025-10-02,C01729,P0164,1,16.72,0.15,14.21,3.75,Same Day,PayPal
O005026,2025-10-03,C02879,P0028,1,36.39,0.15,30.93,1.21,First Class,PayPal
O010849,2025-10-03,C00765,P0004,1,76.71,0.05,72.87,35.42,Same Day,UPI
O000061,2025-10-03,C02025,P0143,2,10.03,0.2,16.05,0.65,First Class,UPI
O006525,2025-10-03,C00717,P0092,1,53.5,0.05,50.82,11.72,Second Class,PayPal
O000643,2025-10-03,C01733,P0115,1,25.15,0.0,25.15,9.87,First Class,Bank Transfer
O010914,2025-10-03,C00234,P0100,1,24.47,0.05,23.25,10.54,First Class,Bank Transfer
O004901,2025-10-03,C01453,P0022,1,24.61,0.1,22.15,5.68,Same Day,Debit Card
O001059,2025-10-03,C01679,P0089,1,20.2,0.1,18.18,3.95,First Class,UPI
O002133,2025-10-03,C02112,P0049,1,35.64,0.0,35.64,13.98,First Class,Bank Transfer
O009356,2025-10-03,C02454,P0029,5,19.29,0.15,81.98,31.08,Same Day,PayPal
O003077,2025-10-03,C02606,P0067,1,27.2,0.0,27.2,13.67,Second Class,PayPal
O011898,2025-10-03,C00037,P0034,1,14.33,0.1,12.9,2.6,Same Day,UPI
O002864,2025-10-04,C02512,P0031,1,19.28,0.15,16.39,1.38,First Class,PayPal
O009055,2025-10-04,C00070,P0174,1,35.58,0.15,30.24,13.03,Same Day,PayPal
O004223,2025-10-04,C02195,P0180,2,167.02,0.05,317.34,91.88,Standard,Bank Transfer
O010784,2025-10-04,C02480,P0112,3,28.02,0.15,71.45,13.49,First Class,PayPal
O009069,2025-10-04,C00610,P0084,1,20.35,0.1,18.32,7.35,Second Class,Credit Card
O003686,2025-10-04,C01200,P0049,1,35.64,0.1,32.08,10.42,First Class,Debit Card
O008359,2025-10-04,C01396,P0153,3,18.32,0.15,46.72,15.07,First Class,PayPal
O002434,2025-10-04,C00181,P0141,2,33.04,0.0,66.08,32.76,Standard,Credit Card
O009284,2025-10-04,C00793,P0051,4,35.19,0.0,140.76,45.52,Same Day,Debit Card
O000098,2025-10-04,C02986,P0059,2,35.35,0.0,70.7,17.0,First Class,Bank Transfer
O005685,2025-10-04,C00280,P0160,1,43.67,0.1,39.3,6.81,First Class,Bank Transfer
O009266,2025-10-04,C00919,P0099,2,28.6,0.1,51.48,23.74,Second Class,Bank Transfer
O009383,2025-10-04,C03332,P0164,4,16.72,0.2,53.5,11.66,Standard,Bank Transfer
O009103,2025-10-04,C00308,P0101,1,11.36,0.05,10.79,5.16,Same Day,Credit Card
O002226,2025-10-04,C02339,P0021,2,73.9,0.1,133.02,53.56,Second Class,UPI
O005491,2025-10-04,C02941,P0015,1,9.29,0.0,9.29,1.79,Standard,UPI
O000768,2025-10-04,C03035,P0014,1,8.22,0.1,7.4,0.75,Same Day,UPI
O004212,2025-10-05,C01578,P0177,1,28.74,0.3,20.12,3.2,Standard,Credit Card
O006760,2025-10-05,C01953,P0013,1,33.36,0.2,26.69,5.82,First Class,Credit Card
O003440,2025-10-05,C01408,P0039,1,12.02,0.05,11.42,2.11,Standard,Bank Transfer
O004820,2025-10-05,C01275,P0141,1,33.04,0.0,33.04,16.38,Same Day,Credit Card
O010471,2025-10-05,C02431,P0021,2,73.9,0.1,133.02,53.56,Same Day,Debit Card
O007969,2025-10-05,C02569,P0153,1,18.32,0.1,16.49,5.94,Same Day,Credit Card
O007781,2025-10-05,C01760,P0054,1,42.42,0.1,38.18,9.99,First Class,Debit Card
O010297,2025-10-05,C02367,P0145,2,33.75,0.1,60.75,9.65,Same Day,PayPal
O008903,2025-10-05,C00323,P0133,1,14.29,0.05,13.58,2.05,Same Day,Debit Card
O005954,2025-10-05,C01731,P0080,2,7.83,0.1,14.09,1.45,Second Class,PayPal
O005648,2025-10-05,C03255,P0150,1,34.57,0.1,31.11,4.2,Same Day,Credit Card
O004668,2025-10-06,C00892,P0020,1,11.38,0.15,9.67,2.98,Second Class,UPI
O007425,2025-10-06,C03079,P0022,2,24.61,0.1,44.3,11.36,Second Class,UPI
O007882,2025-10-06,C00822,P0004,1,76.71,0.05,72.87,35.42,Same Day,Debit Card
O002007,2025-10-06,C00019,P0072,3,77.46,0.0,232.38,43.74,Standard,Debit Card
O008027,2025-10-06,C01663,P0095,2,22.09,0.0,44.18,16.68,Second Class,Credit Card
O003718,2025-10-06,C01370,P0094,4,23.04,0.05,87.55,24.15,First Class,Bank Transfer
O008231,2025-10-06,C02345,P0124,2,11.46,0.3,16.04,0.48,First Class,Credit Card
O004141,2025-10-06,C00536,P0156,1,17.92,0.05,17.02,3.5,First Class,Credit Card
O003662,2025-10-06,C01953,P0089,1,20.2,0.0,20.2,5.97,Same Day,Bank Transfer
O002824,2025-10-06,C03289,P0066,3,68.82,0.1,185.81,80.72,Second Class,PayPal
O006689,2025-10-06,C00820,P0109,3,33.7,0.0,101.1,46.62,First Class,Bank Transfer
O010855,2025-10-06,C00187,P0085,1,16.85,0.15,14.32,5.34,Second Class,Debit Card
O010017,2025-10-07,C02178,P0146,3,47.38,0.3,99.5,17.66,Second Class,Credit Card
O008224,2025-10-07,C01867,P0090,3,39.79,0.15,101.46,32.79,First Class,Bank Transfer
O004269,2025-10-07,C02317,P0180,1,167.02,0.05,158.67,45.94,Standard,Debit Card
O007417,2025-10-07,C00685,P0058,2,23.31,0.05,44.29,21.33,Second Class,UPI
O001971,2025-10-07,C02628,P0074,1,78.81,0.15,66.99,20.51,First Class,Debit Card
O003396,2025-10-07,C03367,P0141,4,33.04,0.1,118.94,52.3,Same Day,UPI
O005935,2025-10-07,C02591,P0096,2,11.01,0.2,17.62,5.2,First Class,Debit Card
O000766,2025-10-07,C00447,P0177,1,28.74,0.2,22.99,6.07,First Class,Debit Card
O003186,2025-10-07,C01732,P0130,1,20.55,0.1,18.5,4.82,First Class,UPI
O008536,2025-10-07,C02953,P0074,1,78.81,0.1,70.93,24.45,Second Class,Bank Transfer
O001037,2025-10-07,C00568,P0107,3,97.13,0.05,276.82,88.24,Same Day,PayPal
O007503,2025-10-07,C01336,P0177,2,28.74,0.05,54.61,20.77,First Class,PayPal
O004802,2025-10-07,C01758,P0069,1,36.06,0.05,34.26,10.32,Standard,Bank Transfer
O008206,2025-10-07,C01164,P0105,2,25.67,0.0,51.34,18.42,Standard,PayPal
O011100,2025-10-07,C00481,P0057,1,16.52,0.1,14.87,6.77,Standard,Credit Card
O000936,2025-10-07,C02027,P0088,2,35.29,0.1,63.52,12.5,First Class,UPI
O002968,2025-10-07,C00675,P0129,1,30.41,0.0,30.41,11.08,Second Class,UPI
O009132,2025-10-08,C01901,P0056,1,52.21,0.0,52.21,16.66,Second Class,UPI
O009665,2025-10-08,C02026,P0109,1,33.7,0.0,33.7,15.54,First Class,Bank Transfer
O007461,2025-10-08,C03265,P0086,2,20.57,0.0,41.14,17.9,Same Day,UPI
O003176,2025-10-08,C02779,P0003,1,43.42,0.1,39.08,14.09,Same Day,Bank Transfer
O005650,2025-10-08,C00773,P0180,4,167.02,0.3,467.66,16.74,First Class,PayPal
O004045,2025-10-08,C00312,P0165,4,53.31,0.3,149.27,-7.53,Same Day,UPI
O002887,2025-10-08,C03223,P0177,1,28.74,0.0,28.74,11.82,Second Class,PayPal
O011448,2025-10-08,C01473,P0062,1,25.26,0.1,22.73,6.12,Same Day,Bank Transfer
O001705,2025-10-08,C02864,P0068,1,54.72,0.15,46.51,10.36,Same Day,Debit Card
O000481,2025-10-08,C02041,P0159,1,13.14,0.2,10.51,2.54,Standard,Credit Card
O003004,2025-10-08,C01654,P0118,1,13.33,0.3,9.33,-0.95,Second Class,Bank Transfer
O004392,2025-10-08,C03490,P0135,2,15.68,0.05,29.79,12.65,Standard,Debit Card
O004094,2025-10-08,C02829,P0033,1,28.25,0.05,26.84,6.59,First Class,Debit Card
O001546,2025-10-08,C03341,P0132,4,29.8,0.15,101.32,28.44,Same Day,Bank Transfer
O004746,2025-10-08,C01649,P0157,3,95.85,0.2,230.04,-4.83,Standard,UPI
O009652,2025-10-08,C03419,P0005,1,24.48,0.0,24.48,7.36,First Class,UPI
O000668,2025-10-08,C02302,P0067,2,27.2,0.3,38.08,11.02,Standard,Debit Card
O010857,2025-10-09,C03030,P0121,1,47.66,0.15,40.51,16.49,First Class,Debit Card
O002962,2025-10-09,C01077,P0121,1,47.66,0.1,42.89,18.87,Standard,Debit Card
O001204,2025-10-09,C03098,P0039,1,12.02,0.0,12.02,2.71,Second Class,Debit Card
O010196,2025-10-09,C00017,P0124,1,11.46,0.3,8.02,0.24,First Class,Bank Transfer
O009217,2025-10-09,C00272,P0029,1,19.29,0.2,15.43,5.25,Standard,PayPal
O001795,2025-10-09,C00629,P0146,1,47.38,0.05,45.01,17.73,First Class,Debit Card
O009376,2025-10-09,C01687,P0150,1,34.57,0.05,32.84,5.93,Standard,PayPal
O009136,2025-10-09,C02276,P0010,1,40.56,0.1,36.5,11.93,Standard,UPI
O002206,2025-10-10,C00635,P0046,2,17.85,0.3,24.99,-1.81,Standard,Debit Card
O011910,2025-10-10,C01452,P0035,1,48.65,0.0,48.65,19.35,First Class,Credit Card
O002077,2025-10-10,C03115,P0144,2,32.14,0.1,57.85,26.49,First Class,Credit Card
O011686,2025-10-10,C00908,P0049,1,35.64,0.1,32.08,10.42,First Class,UPI
O004908,2025-10-10,C02324,P0071,2,36.05,0.0,72.1,19.7,Standard,Debit Card
O005999,2025-10-10,C01277,P0058,1,23.31,0.05,22.14,10.66,First Class,Bank Transfer
O000320,2025-10-10,C03251,P0053,1,18.36,0.05,17.44,5.72,Standard,Credit Card
O011571,2025-10-10,C03014,P0084,2,20.35,0.05,38.66,16.72,First Class,Debit Card
O000007,2025-10-10,C00652,P0167,1,48.63,0.15,41.34,16.29,Second Class,UPI
O004495,2025-10-10,C03460,P0133,2,14.29,0.15,24.29,1.23,First Class,UPI
O001195,2025-10-10,C00034,P0161,1,15.13,0.15,12.86,3.84,Second Class,UPI
O010268,2025-10-10,C02802,P0135,1,15.68,0.0,15.68,7.11,Standard,Credit Card
O005002,2025-10-10,C01159,P0072,2,77.46,0.05,147.17,21.41,First Class,PayPal
O008149,2025-10-10,C02208,P0108,1,31.93,0.0,31.93,11.46,Second Class,Credit Card
O009536,2025-10-10,C01143,P0057,2,16.52,0.05,31.39,15.19,Second Class,Credit Card
O000006,2025-10-10,C02149,P0121,1,47.66,0.1,42.89,18.87,First Class,Debit Card
O010002,2025-10-10,C00726,P0125,3,41.74,0.2,100.18,0.04,Standard,UPI
O001401,2025-10-11,C00803,P0158,1,38.78,0.2,31.02,6.97,Same Day,Bank Transfer
O005152,2025-10-11,C00721,P0041,4,46.06,0.1,165.82,45.34,Same Day,Debit Card
O005713,2025-10-11,C02217,P0173,3,27.11,0.05,77.26,27.46,Second Class,Credit Card
O003810,2025-10-11,C03479,P0179,1,24.0,0.0,24.0,4.72,Standard,Debit Card
O008574,2025-10-11,C01907,P0164,1,16.72,0.15,14.21,3.75,Same Day,UPI
O002991,2025-10-11,C00983,P0173,2,27.11,0.0,54.22,21.02,Standard,UPI
O004971,2025-10-11,C03015,P0124,2,11.46,0.15,19.48,3.92,Standard,Credit Card
O007383,2025-10-11,C01499,P0008,3,46.94,0.15,119.7,6.42,Second Class,PayPal
O002438,2025-10-11,C02865,P0102,1,21.68,0.1,19.51,8.8,Standard,Bank Transfer
O002037,2025-10-11,C01005,P0052,5,22.19,0.15,94.31,39.71,Second Class,Credit Card
O009885,2025-10-11,C02443,P0032,1,95.01,0.0,95.01,25.48,Second Class,Debit Card
O011216,2025-10-11,C03287,P0106,3,37.06,0.15,94.5,37.44,First Class,Credit Card
O011937,2025-10-11,C00472,P0071,3,36.05,0.1,97.33,18.73,Second Class,Debit Card
O009438,2025-10-11,C00704,P0045,1,10.9,0.0,10.9,3.07,Second Class,Credit Card
O006776,2025-10-11,C02115,P0145,3,33.75,0.15,86.06,9.41,First Class,Debit Card
O009498,2025-10-12,C00522,P0143,1,10.03,0.0,10.03,2.33,Second Class,PayPal
O003020,2025-10-12,C01824,P0135,1,15.68,0.3,10.98,2.41,First Class,Debit Card
O011963,2025-10-12,C02565,P0102,1,21.68,0.0,21.68,10.97,Second Class,Debit Card
O004975,2025-10-12,C00625,P0038,1,7.97,0.15,6.77,0.75,Second Class,UPI
O007723,2025-10-12,C00940,P0072,3,77.46,0.15,197.52,8.88,Standard,PayPal
O008291,2025-10-12,C00102,P0089,2,20.2,0.1,36.36,7.9,Second Class,PayPal
O004146,2025-10-12,C00196,P0132,1,29.8,0.15,25.33,7.11,Second Class,PayPal
O001302,2025-10-12,C03054,P0010,1,40.56,0.2,32.45,7.88,Second Class,PayPal
O001670,2025-10-12,C00750,P0050,1,9.06,0.05,8.61,3.97,First Class,Bank Transfer
O002667,2025-10-12,C02813,P0146,1,47.38,0.3,33.17,5.89,First Class,Debit Card
O011703,2025-10-12,C01019,P0170,2,17.46,0.0,34.92,8.34,Standard,PayPal
O010576,2025-10-12,C02063,P0174,4,35.58,0.15,120.97,52.13,Standard,Credit Card
O004442,2025-10-12,C02447,P0110,1,27.16,0.3,19.01,1.97,First Class,UPI
O006849,2025-10-12,C01663,P0024,1,11.29,0.1,10.16,2.07,Same Day,Credit Card
O004092,2025-10-12,C00620,P0121,1,47.66,0.05,45.28,21.26,Second Class,Credit Card
O007116,2025-10-12,C00062,P0173,2,27.11,0.0,54.22,21.02,Same Day,PayPal
O003272,2025-10-12,C02366,P0066,2,68.82,0.2,110.11,40.05,First Class,UPI
O007491,2025-10-12,C01759,P0035,1,48.65,0.3,34.05,4.75,Second Class,Debit Card
O004726,2025-10-12,C01234,P0006,1,24.48,0.2,19.58,6.36,Same Day,Debit Card
O001382,2025-10-12,C02145,P0148,4,12.08,0.2,38.66,4.02,First Class,Credit Card
O000861,2025-10-12,C02872,P0133,1,14.29,0.15,12.15,0.62,Standard,Bank Transfer
O010875,2025-10-13,C02742,P0124,1,11.46,0.1,10.31,2.53,First Class,UPI
O006803,2025-10-13,C00029,P0137,5,17.13,0.1,77.08,33.03,Same Day,PayPal
O004213,2025-10-13,C02489,P0037,2,32.65,0.05,62.03,12.71,Standard,PayPal
O002598,2025-10-13,C00554,P0006,2,24.48,0.15,41.62,15.18,Second Class,PayPal
O005555,2025-10-13,C01147,P0105,2,25.67,0.15,43.64,10.72,Same Day,Bank Transfer
O005948,2025-10-13,C02580,P0121,2,47.66,0.05,90.55,42.51,Standard,Credit Card
O003640,2025-10-13,C02524,P0031,1,19.28,0.0,19.28,4.27,First Class,UPI
O009816,2025-10-13,C00095,P0139,1,48.37,0.05,45.95,21.18,Standard,Credit Card
O008338,2025-10-14,C01845,P0121,1,47.66,0.15,40.51,16.49,Same Day,Debit Card
O007255,2025-10-14,C00073,P0169,1,24.3,0.0,24.3,8.46,Standard,PayPal
O007251,2025-10-14,C02733,P0077,2,30.16,0.1,54.29,16.33,Standard,UPI
O003174,2025-10-14,C00009,P0105,3,25.67,0.1,69.31,19.93,Standard,UPI
O004540,2025-10-14,C01132,P0028,1,36.39,0.3,25.47,-4.25,Second Class,PayPal
O010220,2025-10-14,C00441,P0108,3,31.93,0.1,86.21,24.8,Second Class,Credit Card
O005809,2025-10-14,C00836,P0056,2,52.21,0.0,104.42,33.32,First Class,PayPal
O002249,2025-10-14,C03221,P0168,1,97.8,0.1,88.02,11.06,First Class,Debit Card
O006831,2025-10-14,C02479,P0084,5,20.35,0.05,96.66,41.81,First Class,PayPal
O005098,2025-10-14,C01498,P0108,1,31.93,0.1,28.74,8.27,First Class,PayPal
O000030,2025-10-14,C00556,P0122,1,15.78,0.15,13.41,2.39,Same Day,PayPal
O009825,2025-10-14,C00285,P0062,1,25.26,0.0,25.26,8.65,Second Class,Credit Card
O003195,2025-10-14,C03243,P0148,3,12.08,0.05,34.43,8.45,Same Day,Debit Card
O008668,2025-10-14,C00119,P0116,1,34.67,0.05,32.94,8.92,Same Day,Bank Transfer
O010532,2025-10-14,C01705,P0076,2,48.63,0.0,97.26,41.62,First Class,Credit Card
O009432,2025-10-14,C01133,P0137,2,17.13,0.0,34.26,16.64,Same Day,Credit Card
O005622,2025-10-14,C00510,P0180,1,167.02,0.1,150.32,37.59,Standard,Debit Card
O000261,2025-10-14,C00626,P0015,1,9.29,0.15,7.9,0.4,Standard,Credit Card
O011888,2025-10-15,C01454,P0092,3,53.5,0.3,112.35,-4.95,Standard,UPI
O011197,2025-10-15,C02482,P0004,1,76.71,0.1,69.04,31.59,Same Day,PayPal
O004554,2025-10-15,C02436,P0046,3,17.85,0.0,53.55,13.35,First Class,Debit Card
O009056,2025-10-15,C03257,P0031,1,19.28,0.05,18.32,3.31,Second Class,PayPal
O003950,2025-10-15,C01293,P0039,2,12.02,0.0,24.04,5.42,Standard,Bank Transfer
O011139,2025-10-15,C02023,P0128,1,19.73,0.0,19.73,5.94,Same Day,Bank Transfer
O001278,2025-10-15,C02769,P0128,1,19.73,0.15,16.77,2.98,Same Day,Credit Card
O006743,2025-10-15,C03442,P0148,1,12.08,0.1,10.87,2.21,Same Day,PayPal
O004778,2025-10-15,C01334,P0040,1,32.39,0.15,27.53,1.93,Same Day,Credit Card
O003958,2025-10-15,C00999,P0142,1,66.66,0.05,63.33,24.1,First Class,Debit Card
O011368,2025-10-15,C02816,P0035,1,48.65,0.05,46.22,16.92,Same Day,PayPal
O010313,2025-10-15,C00284,P0092,1,53.5,0.0,53.5,14.4,Standard,Bank Transfer
O008857,2025-10-15,C02913,P0123,3,70.94,0.0,212.82,108.75,Same Day,Debit Card
O010352,2025-10-15,C01260,P0151,1,33.54,0.15,28.51,4.03,Same Day,Bank Transfer
O009541,2025-10-16,C01671,P0139,1,48.37,0.15,41.11,16.34,First Class,Credit Card
O010432,2025-10-16,C02442,P0160,1,43.67,0.05,41.49,9.0,Standard,UPI
O011945,2025-10-16,C01187,P0168,1,97.8,0.2,78.24,1.28,Standard,UPI
O008895,2025-10-16,C02140,P0148,3,12.08,0.15,30.8,4.82,Same Day,Bank Transfer
O005779,2025-10-16,C03108,P0135,4,15.68,0.3,43.9,9.62,Second Class,Bank Transfer
O004753,2025-10-16,C00325,P0082,1,35.95,0.05,34.15,8.39,Standard,PayPal
O001248,2025-10-16,C01444,P0060,1,53.74,0.0,53.74,21.36,First Class,Debit Card
O009850,2025-10-16,C02700,P0143,3,10.03,0.15,25.58,2.48,Same Day,UPI
O000695,2025-10-16,C02193,P0002,1,26.05,0.05,24.75,5.85,Same Day,PayPal
O011193,2025-10-16,C02321,P0179,2,24.0,0.15,40.8,2.24,First Class,Bank Transfer
O011895,2025-10-16,C03145,P0002,1,26.05,0.0,26.05,7.15,Second Class,PayPal
O008166,2025-10-16,C00098,P0032,1,95.01,0.2,76.01,6.48,Standard,Bank Transfer
O009282,2025-10-16,C00009,P0112,2,28.02,0.05,53.24,14.6,First Class,UPI
O006181,2025-10-16,C02990,P0076,1,48.63,0.1,43.77,15.95,Same Day,UPI
O011233,2025-10-16,C01248,P0166,1,37.27,0.2,29.82,2.37,First Class,Credit Card
O009936,2025-10-16,C00915,P0171,2,15.99,0.0,31.98,13.14,Second Class,Bank Transfer
O002609,2025-10-16,C00705,P0179,1,24.0,0.0,24.0,4.72,Standard,Debit Card
O011391,2025-10-16,C03141,P0074,1,78.81,0.15,66.99,20.51,Second Class,PayPal
O009273,2025-10-16,C00100,P0051,1,35.19,0.0,35.19,11.38,First Class,Debit Card
O000907,2025-10-17,C00613,P0002,1,26.05,0.2,20.84,1.94,Same Day,Bank Transfer
O000155,2025-10-17,C00710,P0043,2,26.44,0.0,52.88,13.14,Same Day,Credit Card
O008269,2025-10-17,C00890,P0176,1,48.8,0.0,48.8,23.86,Second Class,Bank Transfer
O011780,2025-10-17,C02048,P0097,1,34.55,0.15,29.37,8.6,First Class,Debit Card
O008540,2025-10-17,C01372,P0001,1,39.36,0.1,35.42,13.91,Same Day,Credit Card
O004289,2025-10-17,C01464,P0030,1,23.58,0.0,23.58,8.11,Standard,Credit Card
O010658,2025-10-17,C00234,P0015,1,9.29,0.05,8.83,1.33,Same Day,Bank Transfer
O010586,2025-10-17,C02333,P0025,3,20.01,0.1,54.03,13.59,Standard,Debit Card
O004493,2025-10-17,C03498,P0078,2,23.47,0.1,42.25,18.47,First Class,UPI
O002902,2025-10-17,C01023,P0088,1,35.29,0.0,35.29,9.78,First Class,PayPal
O008085,2025-10-17,C02384,P0006,3,24.48,0.1,66.1,26.44,First Class,PayPal
O007429,2025-10-17,C00903,P0151,1,33.54,0.05,31.86,7.38,Standard,Credit Card
O008894,2025-10-17,C00689,P0133,1,14.29,0.1,12.86,1.33,Standard,PayPal
O000902,2025-10-17,C03337,P0158,1,38.78,0.2,31.02,6.97,Same Day,Credit Card
O011146,2025-10-17,C01536,P0077,1,30.16,0.0,30.16,11.18,Same Day,Bank Transfer
O011514,2025-10-17,C02499,P0169,1,24.3,0.1,21.87,6.03,Same Day,UPI
O006732,2025-10-17,C03128,P0032,2,95.01,0.0,190.02,50.96,Standard,PayPal
O000498,2025-10-17,C03451,P0055,3,55.71,0.1,150.42,53.91,Standard,UPI
O003654,2025-10-17,C02666,P0115,3,25.15,0.05,71.68,25.84,First Class,PayPal
O003214,2025-10-17,C01106,P0074,1,78.81,0.0,78.81,32.33,First Class,PayPal
O007335,2025-10-17,C00510,P0135,5,15.68,0.05,74.48,31.63,Standard,UPI
O000980,2025-10-17,C02489,P0072,1,77.46,0.1,69.71,6.83,Same Day,PayPal
O001677,2025-10-18,C03254,P0151,1,33.54,0.05,31.86,7.38,First Class,Credit Card
O010477,2025-10-18,C00810,P0091,1,30.36,0.2,24.29,-0.14,First Class,Bank Transfer
O000898,2025-10-18,C02888,P0139,1,48.37,0.1,43.53,18.76,First Class,Bank Transfer
O007458,2025-10-18,C00704,P0061,2,20.87,0.3,29.22,7.38,Standard,Credit Card
O008146,2025-10-18,C01173,P0122,1,15.78,0.1,14.2,3.18,Standard,Credit Card
O007385,2025-10-18,C00577,P0127,2,14.97,0.05,28.44,10.12,Same Day,UPI
O001570,2025-10-18,C02257,P0082,2,35.95,0.0,71.9,20.38,Standard,Bank Transfer
O010232,2025-10-18,C02243,P0092,1,53.5,0.0,53.5,14.4,First Class,UPI
O006218,2025-10-18,C01781,P0138,3,23.12,0.05,65.89,32.17,Same Day,UPI
O009904,2025-10-18,C02914,P0051,2,35.19,0.3,49.27,1.65,Standard,Bank Transfer
O008964,2025-10-18,C00741,P0071,1,36.05,0.15,30.64,4.44,First Class,Credit Card
O005327,2025-10-18,C02916,P0140,3,12.81,0.15,32.67,5.31,First Class,UPI
O001579,2025-10-18,C01158,P0169,2,24.3,0.1,43.74,12.06,Same Day,Debit Card
O006660,2025-10-18,C02297,P0050,1,9.06,0.0,9.06,4.42,First Class,PayPal
O011809,2025-10-18,C00624,P0012,1,21.06,0.0,21.06,4.3,Standard,Debit Card
O001842,2025-10-18,C00862,P0042,2,31.86,0.1,57.35,15.89,Same Day,Bank Transfer
O001356,2025-10-18,C00169,P0061,3,20.87,0.0,62.61,29.85,Same Day,Bank Transfer
O005054,2025-10-19,C00031,P0013,1,33.36,0.2,26.69,5.82,Same Day,UPI
O000482,2025-10-19,C01103,P0104,1,16.92,0.2,13.54,1.37,First Class,Credit Card
O003596,2025-10-19,C02905,P0135,4,15.68,0.1,56.45,22.17,Same Day,UPI
O007506,2025-10-19,C02518,P0072,5,77.46,0.1,348.57,34.17,First Class,UPI
O011185,2025-10-19,C01808,P0086,1,20.57,0.0,20.57,8.95,Same Day,UPI
O000880,2025-10-19,C02467,P0112,1,28.02,0.1,25.22,5.9,Standard,Bank Transfer
O009998,2025-10-19,C00010,P0164,2,16.72,0.0,33.44,12.52,Second Class,Credit Card
O009004,2025-10-19,C01878,P0127,1,14.97,0.0,14.97,5.81,Second Class,Credit Card
O010489,2025-10-19,C02475,P0088,3,35.29,0.0,105.87,29.34,First Class,Debit Card
O001439,2025-10-19,C01335,P0085,1,16.85,0.05,16.01,7.03,Second Class,Credit Card
O003371,2025-10-19,C01698,P0026,3,30.63,0.0,91.89,44.76,Same Day,Debit Card
O005896,2025-10-19,C01728,P0115,2,25.15,0.2,40.24,9.68,First Class,PayPal
O010030,2025-10-19,C02907,P0086,1,20.57,0.1,18.51,6.89,Second Class,Bank Transfer
O004502,2025-10-19,C03285,P0164,1,16.72,0.0,16.72,6.26,Same Day,PayPal
O003639,2025-10-19,C01345,P0068,4,54.72,0.0,218.88,74.28,Standard,Bank Transfer
O009772,2025-10-19,C00864,P0142,1,66.66,0.0,66.66,27.43,Second Class,Credit Card
O009344,2025-10-19,C01863,P0157,2,95.85,0.0,191.7,35.12,Standard,Bank Transfer
O009675,2025-10-19,C03185,P0020,4,11.38,0.0,45.52,18.76,Same Day,Debit Card
O003904,2025-10-19,C03259,P0164,2,16.72,0.15,28.42,7.5,Standard,Debit Card
O007795,2025-10-19,C03055,P0154,3,33.15,0.05,94.48,40.75,Same Day,Credit Card
O011971,2025-10-19,C01941,P0171,1,15.99,0.1,14.39,4.97,Standard,UPI
O008380,2025-10-19,C02508,P0017,1,14.76,0.0,14.76,6.2,Second Class,PayPal
O011900,2025-10-19,C03021,P0140,2,12.81,0.15,21.78,3.54,Same Day,UPI
O007215,2025-10-19,C00890,P0121,2,47.66,0.1,85.79,37.75,Same Day,PayPal
O007823,2025-10-19,C00646,P0164,1,16.72,0.1,15.05,4.59,Same Day,UPI
O008705,2025-10-19,C00231,P0061,1,20.87,0.0,20.87,9.95,First Class,Credit Card
O005825,2025-10-20,C01599,P0013,1,33.36,0.2,26.69,5.82,Standard,Credit Card
O002794,2025-10-20,C00480,P0101,2,11.36,0.15,19.31,8.05,Second Class,Credit Card
O008336,2025-10-20,C01341,P0109,1,33.7,0.15,28.65,10.49,First Class,Credit Card
O009533,2025-10-20,C02661,P0152,2,35.7,0.0,71.4,17.62,Second Class,UPI
O008685,2025-10-20,C00318,P0129,1,30.41,0.0,30.41,11.08,Second Class,Bank Transfer
O002242,2025-10-20,C02631,P0004,2,76.71,0.15,130.41,55.51,First Class,Credit Card
O004170,2025-10-20,C00921,P0052,2,22.19,0.05,42.16,20.32,Standard,UPI
O005144,2025-10-20,C00583,P0136,2,78.06,0.15,132.7,54.08,Standard,Bank Transfer
O010424,2025-10-20,C01268,P0095,1,22.09,0.05,20.99,7.24,First Class,Debit Card
O006369,2025-10-20,C02984,P0113,1,29.64,0.0,29.64,9.01,Second Class,PayPal
O004388,2025-10-20,C00974,P0153,1,18.32,0.15,15.57,5.02,Same Day,UPI
O000287,2025-10-20,C01566,P0003,4,43.42,0.1,156.31,56.35,First Class,PayPal
O011925,2025-10-20,C01684,P0067,3,27.2,0.1,73.44,32.85,Same Day,Bank Transfer
O011696,2025-10-20,C02110,P0097,1,34.55,0.0,34.55,13.78,First Class,Bank Transfer
O008834,2025-10-20,C02529,P0167,2,48.63,0.1,87.53,37.43,Second Class,PayPal
O008980,2025-10-20,C00695,P0166,1,37.27,0.1,33.54,6.09,Second Class,Debit Card
O010731,2025-10-20,C00315,P0015,1,9.29,0.1,8.36,0.86,First Class,UPI
O006977,2025-10-20,C01901,P0137,3,17.13,0.0,51.39,24.96,Same Day,Bank Transfer
O000033,2025-10-20,C03118,P0109,1,33.7,0.0,33.7,15.54,Same Day,Credit Card
O001445,2025-10-21,C03275,P0049,2,35.64,0.0,71.28,27.96,Second Class,Credit Card
O009226,2025-10-21,C00916,P0072,1,77.46,0.05,73.59,10.71,Standard,UPI
O004594,2025-10-21,C02112,P0093,2,18.06,0.05,34.31,10.17,Standard,PayPal
O011913,2025-10-21,C00655,P0074,2,78.81,0.1,141.86,48.9,Standard,UPI
O009147,2025-10-21,C02889,P0042,3,31.86,0.1,86.02,23.83,First Class,Credit Card
O006517,2025-10-21,C03475,P0174,4,35.58,0.2,113.86,45.02,Standard,UPI
O005589,2025-10-21,C00742,P0044,1,23.44,0.1,21.1,4.67,Standard,PayPal
O011667,2025-10-21,C02882,P0067,1,27.2,0.1,24.48,10.95,First Class,Debit Card
O002099,2025-10-21,C01709,P0121,1,47.66,0.15,40.51,16.49,Same Day,PayPal
O007732,2025-10-21,C02469,P0014,1,8.22,0.1,7.4,0.75,Same Day,Debit Card
O011801,2025-10-21,C01489,P0096,1,11.01,0.0,11.01,4.8,Second Class,UPI
O002162,2025-10-21,C01469,P0162,1,47.54,0.0,47.54,9.68,Standard,Debit Card
O011303,2025-10-21,C00956,P0068,1,54.72,0.1,49.25,13.1,Second Class,Credit Card
O000059,2025-10-22,C00805,P0015,1,9.29,0.05,8.83,1.33,Standard,Debit Card
O007392,2025-10-22,C03406,P0045,1,10.9,0.0,10.9,3.07,Standard,UPI
O011082,2025-10-22,C03384,P0169,1,24.3,0.2,19.44,3.6,First Class,Bank Transfer
O004360,2025-10-22,C01047,P0151,1,33.54,0.0,33.54,9.06,Standard,UPI
O001355,2025-10-22,C02091,P0147,1,12.76,0.05,12.12,5.48,Same Day,UPI
O007198,2025-10-22,C01715,P0090,1,39.79,0.2,31.83,8.94,Same Day,PayPal
O000124,2025-10-22,C01974,P0072,5,77.46,0.0,387.3,72.9,Second Class,Debit Card
O009906,2025-10-22,C01409,P0072,1,77.46,0.15,65.84,2.96,Same Day,UPI
O006620,2025-10-22,C02240,P0040,1,32.39,0.0,32.39,6.79,Same Day,UPI
O002956,2025-10-22,C01177,P0062,3,25.26,0.15,64.41,14.58,Second Class,Credit Card
O011633,2025-10-22,C00274,P0013,4,33.36,0.2,106.75,23.27,First Class,PayPal
O002884,2025-10-22,C00411,P0082,1,35.95,0.0,35.95,10.19,Standard,Debit Card
O000272,2025-10-22,C02290,P0087,2,51.68,0.15,87.86,18.94,First Class,Debit Card
O001743,2025-10-22,C02504,P0082,1,35.95,0.1,32.36,6.6,Standard,Debit Card
O000178,2025-10-22,C02982,P0084,1,20.35,0.05,19.33,8.36,Same Day,Credit Card
O011988,2025-10-23,C02783,P0111,4,8.19,0.2,26.21,6.05,Same Day,Bank Transfer
O003884,2025-10-23,C00364,P0006,1,24.48,0.2,19.58,6.36,First Class,Bank Transfer
O002758,2025-10-23,C03342,P0142,1,66.66,0.05,63.33,24.1,Standard,Bank Transfer
O003762,2025-10-23,C02265,P0060,1,53.74,0.1,48.37,15.99,First Class,Bank Transfer
O001507,2025-10-23,C03427,P0165,2,53.31,0.05,101.29,22.89,Same Day,PayPal
O006861,2025-10-23,C02509,P0052,2,22.19,0.1,39.94,18.1,Same Day,UPI
O004849,2025-10-23,C02499,P0144,2,32.14,0.1,57.85,26.49,Same Day,UPI
O011260,2025-10-23,C00283,P0067,1,27.2,0.2,21.76,8.23,First Class,Bank Transfer
O003867,2025-10-23,C01184,P0172,2,16.77,0.2,26.83,0.51,Standard,PayPal
O009442,2025-10-23,C03444,P0004,1,76.71,0.0,76.71,39.26,First Class,Debit Card
O001892,2025-10-23,C03036,P0049,1,35.64,0.05,33.86,12.2,Standard,Debit Card
O006511,2025-10-23,C01506,P0133,1,14.29,0.15,12.15,0.62,First Class,Debit Card
O002822,2025-10-23,C02296,P0129,1,30.41,0.0,30.41,11.08,Same Day,Debit Card
O011221,2025-10-23,C02387,P0121,1,47.66,0.15,40.51,16.49,Same Day,PayPal
O005180,2025-10-23,C02910,P0159,1,13.14,0.15,11.17,3.2,Standard,Bank Transfer
O010745,2025-10-23,C01398,P0142,1,66.66,0.05,63.33,24.1,Second Class,PayPal
O008586,2025-10-23,C00212,P0067,2,27.2,0.0,54.4,27.34,Standard,UPI
O009404,2025-10-23,C02812,P0003,2,43.42,0.1,78.16,28.18,First Class,Credit Card
O005543,2025-10-23,C01514,P0150,1,34.57,0.05,32.84,5.93,Standard,UPI
O003138,2025-10-24,C00481,P0080,2,7.83,0.1,14.09,1.45,Same Day,Credit Card
O007928,2025-10-24,C01578,P0032,1,95.01,0.1,85.51,15.98,Standard,PayPal
O008148,2025-10-24,C01124,P0026,4,30.63,0.2,98.02,35.18,Same Day,Debit Card
O000688,2025-10-24,C01267,P0057,1,16.52,0.05,15.69,7.59,Standard,Bank Transfer
O011363,2025-10-24,C00153,P0149,3,40.02,0.2,96.05,12.74,Same Day,UPI
O010878,2025-10-24,C01854,P0123,1,70.94,0.15,60.3,25.61,Same Day,Debit Card
O002325,2025-10-24,C00453,P0040,3,32.39,0.1,87.45,10.65,Same Day,Credit Card
O001617,2025-10-24,C03236,P0055,2,55.71,0.0,111.42,47.08,Second Class,Bank Transfer
O009702,2025-10-24,C02305,P0027,1,13.49,0.1,12.14,2.84,Same Day,Bank Transfer
O006900,2025-10-24,C00594,P0040,4,32.39,0.1,116.6,14.2,Standard,Credit Card
O007223,2025-10-24,C01601,P0177,1,28.74,0.05,27.3,10.38,First Class,Bank Transfer
O009144,2025-10-24,C01427,P0041,1,46.06,0.15,39.15,9.03,Second Class,Debit Card
O008975,2025-10-24,C02395,P0008,2,46.94,0.05,89.19,13.67,Same Day,Debit Card
O003519,2025-10-24,C03300,P0162,1,47.54,0.0,47.54,9.68,Same Day,Credit Card
O007459,2025-10-24,C02709,P0143,1,10.03,0.05,9.53,1.83,Standard,Credit Card
O002566,2025-10-24,C02718,P0168,1,97.8,0.0,97.8,20.84,First Class,UPI
O007115,2025-10-25,C01927,P0102,2,21.68,0.15,36.86,15.44,Same Day,Credit Card
O007265,2025-10-25,C02006,P0025,2,20.01,0.3,28.01,1.05,Same Day,Debit Card
O005301,2025-10-25,C01637,P0086,1,20.57,0.1,18.51,6.89,First Class,UPI
O001125,2025-10-25,C01307,P0159,1,13.14,0.0,13.14,5.17,Second Class,UPI
O000839,2025-10-25,C00376,P0009,4,21.01,0.1,75.64,9.16,Standard,Credit Card
O011871,2025-10-25,C00806,P0026,1,30.63,0.2,24.5,8.79,Same Day,Credit Card
O000697,2025-10-25,C03403,P0092,4,53.5,0.2,171.2,14.8,First Class,UPI
O011750,2025-10-25,C01943,P0129,2,30.41,0.1,54.74,16.08,Same Day,PayPal
O005946,2025-10-25,C02962,P0012,3,21.06,0.0,63.18,12.9,Second Class,Debit Card
O009257,2025-10-25,C01833,P0087,3,51.68,0.05,147.29,43.91,Second Class,Bank Transfer
O010831,2025-10-25,C02765,P0157,1,95.85,0.0,95.85,17.56,Same Day,UPI
O010341,2025-10-25,C01515,P0099,1,28.6,0.15,24.31,10.44,First Class,Bank Transfer
O004443,2025-10-25,C02476,P0116,1,34.67,0.05,32.94,8.92,Second Class,PayPal
O002796,2025-10-25,C00137,P0090,2,39.79,0.1,71.62,25.84,Same Day,PayPal
O003024,2025-10-25,C01163,P0043,4,26.44,0.0,105.76,26.28,Same Day,UPI
O010750,2025-10-25,C03152,P0066,2,68.82,0.1,123.88,53.82,First Class,PayPal
O008550,2025-10-25,C03131,P0026,1,30.63,0.1,27.57,11.86,Standard,UPI
O010821,2025-10-25,C01925,P0161,1,15.13,0.15,12.86,3.84,Second Class,Debit Card
O007746,2025-10-26,C02093,P0006,3,24.48,0.2,58.75,19.09,Standard,UPI
O008188,2025-10-26,C00540,P0170,1,17.46,0.0,17.46,4.17,Standard,Debit Card
O008687,2025-10-26,C02764,P0073,1,27.85,0.05,26.46,8.2,Same Day,UPI
O006086,2025-10-26,C00378,P0106,1,37.06,0.0,37.06,18.04,Second Class,Credit Card
O001495,2025-10-26,C00505,P0039,1,12.02,0.1,10.82,1.51,Standard,Bank Transfer
O003169,2025-10-26,C02809,P0042,1,31.86,0.15,27.08,6.35,Standard,Credit Card
O009154,2025-10-26,C02632,P0142,1,66.66,0.05,63.33,24.1,Second Class,Credit Card
O007770,2025-10-26,C01492,P0064,1,13.1,0.1,11.79,4.54,Standard,Debit Card
O002834,2025-10-26,C03263,P0152,2,35.7,0.15,60.69,6.91,Same Day,PayPal
O007547,2025-10-26,C01137,P0069,3,36.06,0.15,91.95,20.13,Standard,PayPal
O001015,2025-10-27,C01331,P0174,2,35.58,0.0,71.16,36.74,Second Class,UPI
O009381,2025-10-27,C03093,P0025,5,20.01,0.2,80.04,12.64,Second Class,Bank Transfer
O000474,2025-10-27,C01484,P0105,1,25.67,0.15,21.82,5.36,Same Day,Bank Transfer
O003274,2025-10-27,C02634,P0042,1,31.86,0.1,28.67,7.94,Standard,Debit Card
O011069,2025-10-27,C03358,P0167,1,48.63,0.2,38.9,13.85,First Class,Credit Card
O001568,2025-10-27,C01771,P0089,1,20.2,0.0,20.2,5.97,Second Class,Bank Transfer
O004947,2025-10-27,C00723,P0031,2,19.28,0.1,34.7,4.68,Same Day,UPI
O007173,2025-10-27,C01908,P0031,1,19.28,0.0,19.28,4.27,First Class,Bank Transfer
O004914,2025-10-28,C02930,P0042,4,31.86,0.15,108.32,25.4,Second Class,PayPal
O004707,2025-10-28,C03137,P0052,1,22.19,0.0,22.19,11.27,Second Class,Bank Transfer
O007441,2025-10-28,C01482,P0160,2,43.67,0.1,78.61,13.63,Second Class,Debit Card
O007504,2025-10-28,C02309,P0041,3,46.06,0.05,131.27,40.91,Standard,Debit Card
O010783,2025-10-28,C01771,P0027,1,13.49,0.05,12.82,3.52,First Class,UPI
O007398,2025-10-28,C00415,P0142,1,66.66,0.3,46.66,7.43,Standard,UPI
O001441,2025-10-28,C01863,P0081,1,24.71,0.0,24.71,5.83,First Class,PayPal
O001142,2025-10-28,C00128,P0018,1,34.96,0.05,33.21,11.85,First Class,PayPal
O006029,2025-10-28,C00572,P0137,2,17.13,0.05,32.55,14.93,Same Day,Debit Card
O009619,2025-10-28,C00531,P0145,1,33.75,0.05,32.06,6.51,Standard,UPI
O008915,2025-10-28,C02261,P0168,2,97.8,0.1,176.04,22.12,First Class,Credit Card
O004138,2025-10-28,C02479,P0019,2,15.8,0.0,31.6,7.28,Same Day,Bank Transfer
O006377,2025-10-28,C00220,P0124,3,11.46,0.0,34.38,11.04,Same Day,Debit Card
O002787,2025-10-28,C00651,P0009,2,21.01,0.1,37.82,4.58,Standard,Debit Card
O002733,2025-10-28,C02387,P0086,2,20.57,0.2,32.91,9.67,Second Class,Debit Card
O003506,2025-10-28,C03097,P0163,2,60.53,0.0,121.06,27.62,Same Day,UPI
O008638,2025-10-28,C02562,P0117,2,27.87,0.0,55.74,19.44,Second Class,Bank Transfer
O011952,2025-10-28,C01581,P0012,1,21.06,0.15,17.9,1.14,Standard,Credit Card
O000373,2025-10-28,C03192,P0022,4,24.61,0.0,98.44,32.56,First Class,Credit Card
O011878,2025-10-29,C02724,P0164,2,16.72,0.3,23.41,2.49,Second Class,Debit Card
O006581,2025-10-29,C01635,P0132,2,29.8,0.1,53.64,17.2,Standard,Credit Card
O001329,2025-10-29,C01095,P0011,2,21.09,0.1,37.96,17.5,First Class,Bank Transfer
O003120,2025-10-29,C01029,P0168,2,97.8,0.15,166.26,12.34,Standard,Bank Transfer
O003157,2025-10-29,C01576,P0116,3,34.67,0.15,88.41,16.35,Standard,Credit Card
O009252,2025-10-29,C00048,P0130,1,20.55,0.15,17.47,3.79,Same Day,PayPal
O008432,2025-10-29,C02890,P0084,1,20.35,0.0,20.35,9.38,Standard,Debit Card
O005337,2025-10-29,C00559,P0134,2,38.78,0.2,62.05,0.95,First Class,PayPal
O006215,2025-10-29,C02277,P0088,4,35.29,0.3,98.81,-3.23,Second Class,UPI
O009677,2025-10-29,C02553,P0075,4,5.19,0.15,17.65,2.09,Same Day,UPI
O001821,2025-10-29,C00755,P0132,1,29.8,0.1,26.82,8.6,Same Day,Credit Card
O002487,2025-10-29,C01985,P0041,1,46.06,0.1,41.45,11.33,Same Day,UPI
O011630,2025-10-29,C01227,P0102,2,21.68,0.1,39.02,17.6,Second Class,Debit Card
O004013,2025-10-29,C01454,P0053,2,18.36,0.1,33.05,9.61,Same Day,Bank Transfer
O007134,2025-10-29,C02150,P0133,3,14.29,0.05,40.73,6.14,Same Day,Credit Card
O007794,2025-10-29,C00542,P0027,2,13.49,0.15,22.93,4.33,Second Class,PayPal
O005930,2025-10-29,C00502,P0112,3,28.02,0.1,75.65,17.69,Same Day,PayPal
O006500,2025-10-29,C02860,P0040,2,32.39,0.15,55.06,3.86,Standard,Credit Card
O007706,2025-10-29,C00089,P0086,5,20.57,0.15,87.42,29.32,First Class,Debit Card
O005076,2025-10-29,C00069,P0075,1,5.19,0.05,4.93,1.04,Same Day,Debit Card
O005208,2025-10-30,C02452,P0023,3,29.78,0.0,89.34,18.03,Same Day,Debit Card
O007697,2025-10-30,C03144,P0125,1,41.74,0.05,39.65,6.27,First Class,Bank Transfer
O007082,2025-10-30,C02194,P0052,1,22.19,0.05,21.08,10.16,Same Day,Bank Transfer
O006267,2025-10-30,C01189,P0013,1,33.36,0.0,33.36,12.49,First Class,UPI
O000164,2025-10-30,C00548,P0142,1,66.66,0.0,66.66,27.43,First Class,Debit Card
O005599,2025-10-30,C00331,P0067,1,27.2,0.05,25.84,12.31,First Class,UPI
O003043,2025-10-30,C02670,P0021,2,73.9,0.15,125.63,46.17,Second Class,PayPal
O005118,2025-10-30,C00294,P0174,3,35.58,0.15,90.73,39.1,Second Class,Bank Transfer
O011172,2025-10-30,C00892,P0092,1,53.5,0.15,45.48,6.38,First Class,PayPal
O011409,2025-10-30,C01310,P0144,1,32.14,0.15,27.32,11.64,Standard,UPI
O001326,2025-10-30,C00041,P0049,1,35.64,0.1,32.08,10.42,Second Class,PayPal
O008419,2025-10-30,C01418,P0170,1,17.46,0.15,14.84,1.55,Second Class,UPI
O004150,2025-10-31,C00104,P0013,1,33.36,0.0,33.36,12.49,First Class,Credit Card
O000299,2025-10-31,C00895,P0040,1,32.39,0.0,32.39,6.79,Same Day,Bank Transfer
O009034,2025-10-31,C00910,P0005,1,24.48,0.15,20.81,3.69,Same Day,Debit Card
O007403,2025-10-31,C00880,P0139,2,48.37,0.1,87.07,37.53,Standard,Credit Card
O002137,2025-10-31,C00141,P0136,1,78.06,0.0,78.06,38.75,Same Day,Debit Card
O003517,2025-10-31,C00741,P0015,2,9.29,0.15,15.79,0.79,Same Day,Debit Card
O001881,2025-10-31,C03359,P0156,2,17.92,0.1,32.26,5.22,Standard,UPI
O010334,2025-10-31,C00955,P0039,1,12.02,0.15,10.22,0.91,Standard,PayPal
O004382,2025-10-31,C03332,P0099,1,28.6,0.2,22.88,9.01,First Class,UPI
O003840,2025-10-31,C01603,P0101,2,11.36,0.1,20.45,9.19,Same Day,PayPal
O010320,2025-10-31,C01951,P0076,3,48.63,0.0,145.89,62.43,Same Day,Debit Card
O005265,2025-11-01,C03441,P0153,1,18.32,0.1,16.49,5.94,First Class,Bank Transfer
O011217,2025-11-01,C03011,P0109,2,33.7,0.1,60.66,24.34,Same Day,Bank Transfer
O001372,2025-11-01,C01389,P0073,4,27.85,0.05,105.83,32.79,Second Class,UPI
O005707,2025-11-01,C00553,P0152,1,35.7,0.05,33.91,7.02,Standard,Credit Card
O010108,2025-11-01,C03242,P0171,1,15.99,0.0,15.99,6.57,First Class,Bank Transfer
O005251,2025-11-01,C01456,P0170,2,17.46,0.2,27.94,1.36,Standard,Bank Transfer
O005692,2025-11-01,C02528,P0064,3,13.1,0.15,33.4,11.65,Second Class,Debit Card
O003893,2025-11-01,C02907,P0058,3,23.31,0.05,66.43,31.99,Second Class,Credit Card
O009754,2025-11-01,C03130,P0086,1,20.57,0.3,14.4,2.78,Standard,PayPal
O002418,2025-11-01,C03324,P0005,2,24.48,0.15,41.62,7.38,First Class,PayPal
O010188,2025-11-01,C00510,P0020,3,11.38,0.0,34.14,14.07,First Class,UPI
O011778,2025-11-01,C02470,P0177,1,28.74,0.2,22.99,6.07,Same Day,Bank Transfer
O002071,2025-11-01,C01891,P0124,3,11.46,0.0,34.38,11.04,Same Day,Debit Card
O005112,2025-11-01,C01993,P0146,4,47.38,0.3,132.66,23.54,Same Day,Bank Transfer
O002587,2025-11-01,C02431,P0129,1,30.41,0.0,30.41,11.08,Second Class,Bank Transfer
O006878,2025-11-01,C01190,P0160,2,43.67,0.15,74.24,9.26,Second Class,Bank Transfer
O000410,2025-11-01,C00506,P0142,1,66.66,0.2,53.33,14.1,Standard,Debit Card
O000658,2025-11-01,C01389,P0007,1,79.56,0.15,67.63,4.0,Second Class,UPI
O009149,2025-11-02,C00343,P0043,3,26.44,0.15,67.42,7.81,First Class,Credit Card
O009953,2025-11-02,C00451,P0059,2,35.35,0.0,70.7,17.0,Same Day,Bank Transfer
O001141,2025-11-02,C02401,P0087,2,51.68,0.1,93.02,24.1,Standard,Credit Card
O006333,2025-11-02,C00974,P0006,2,24.48,0.05,46.51,20.07,Same Day,Debit Card
O002550,2025-11-02,C01964,P0062,1,25.26,0.2,20.21,3.6,Second Class,Bank Transfer
O003016,2025-11-02,C00246,P0047,1,21.13,0.0,21.13,4.59,Standard,PayPal
O011998,2025-11-02,C03224,P0092,1,53.5,0.2,42.8,3.7,Standard,Credit Card
O011320,2025-11-02,C00847,P0173,4,27.11,0.0,108.44,42.04,First Class,UPI
O010262,2025-11-02,C02513,P0127,1,14.97,0.0,14.97,5.81,Same Day,Debit Card
O011063,2025-11-02,C01158,P0049,1,35.64,0.0,35.64,13.98,Same Day,PayPal
O003488,2025-11-02,C00446,P0025,2,20.01,0.15,34.02,7.06,First Class,Bank Transfer
O010463,2025-11-02,C01039,P0067,1,27.2,0.2,21.76,8.23,First Class,Bank Transfer
O011639,2025-11-02,C02252,P0071,1,36.05,0.05,34.25,8.05,Second Class,Bank Transfer
O008055,2025-11-02,C00643,P0015,3,9.29,0.1,25.08,2.58,Second Class,Bank Transfer
O010117,2025-11-02,C01027,P0022,2,24.61,0.05,46.76,13.82,First Class,PayPal
O000135,2025-11-02,C01888,P0124,2,11.46,0.2,18.34,2.78,First Class,Credit Card
O010646,2025-11-03,C00495,P0065,2,48.33,0.1,86.99,20.13,First Class,Credit Card
O011253,2025-11-03,C02696,P0140,1,12.81,0.0,12.81,3.69,First Class,PayPal
O009682,2025-11-03,C03261,P0117,4,27.87,0.0,111.48,38.88,Standard,Bank Transfer
O003063,2025-11-03,C00335,P0106,1,37.06,0.1,33.35,14.33,First Class,Debit Card
O004800,2025-11-03,C02456,P0012,1,21.06,0.0,21.06,4.3,First Class,Debit Card
O009003,2025-11-03,C00574,P0110,1,27.16,0.1,24.44,7.4,Same Day,PayPal
O001854,2025-11-03,C01168,P0017,1,14.76,0.15,12.55,3.99,Second Class,UPI
O004821,2025-11-03,C02748,P0116,1,34.67,0.15,29.47,5.45,Same Day,UPI
O010079,2025-11-03,C00562,P0082,1,35.95,0.2,28.76,3.0,Same Day,UPI
O005876,2025-11-03,C02219,P0054,1,42.42,0.1,38.18,9.99,Same Day,Credit Card
O007809,2025-11-03,C01577,P0042,2,31.86,0.1,57.35,15.89,Same Day,Bank Transfer
O008948,2025-11-03,C03368,P0041,1,46.06,0.15,39.15,9.03,Standard,PayPal
O001226,2025-11-03,C03321,P0032,2,95.01,0.05,180.52,41.46,Second Class,Debit Card
O011037,2025-11-03,C01026,P0161,1,15.13,0.15,12.86,3.84,Standard,Debit Card
O007401,2025-11-04,C02167,P0134,1,38.78,0.0,38.78,8.23,First Class,PayPal
O003317,2025-11-04,C02611,P0122,1,15.78,0.05,14.99,3.97,Second Class,Credit Card
O002614,2025-11-04,C01780,P0158,1,38.78,0.1,34.9,10.85,Standard,Bank Transfer
O007518,2025-11-04,C02335,P0157,1,95.85,0.05,91.06,12.77,Same Day,Debit Card
O007646,2025-11-04,C03055,P0100,1,24.47,0.0,24.47,11.76,Standard,PayPal
O000152,2025-11-04,C02634,P0052,1,22.19,0.05,21.08,10.16,First Class,Debit Card
O002778,2025-11-04,C02551,P0020,4,11.38,0.0,45.52,18.76,Second Class,PayPal
O002750,2025-11-04,C00981,P0168,1,97.8,0.0,97.8,20.84,Same Day,UPI
O005397,2025-11-04,C01844,P0154,1,33.15,0.05,31.49,13.58,Second Class,PayPal
O011764,2025-11-04,C03338,P0161,2,15.13,0.05,28.75,10.71,First Class,Bank Transfer
O003500,2025-11-04,C02435,P0063,2,13.89,0.15,23.61,3.01,Second Class,Credit Card
O009211,2025-11-04,C02128,P0079,1,30.25,0.05,28.74,13.96,First Class,Bank Transfer
O003353,2025-11-04,C03180,P0165,1,53.31,0.15,45.31,6.11,First Class,Bank Transfer
O007522,2025-11-04,C02607,P0157,2,95.85,0.3,134.19,-22.39,Same Day,UPI
O009941,2025-11-04,C00709,P0077,1,30.16,0.05,28.65,9.67,First Class,Credit Card
O008907,2025-11-04,C00631,P0032,1,95.01,0.1,85.51,15.98,Standard,Bank Transfer
O010112,2025-11-04,C00549,P0150,2,34.57,0.1,62.23,8.41,Second Class,Debit Card
O000114,2025-11-04,C02445,P0079,2,30.25,0.0,60.5,30.94,Standard,Credit Card
O011606,2025-11-04,C03203,P0072,1,77.46,0.0,77.46,14.58,Standard,Debit Card
O011583,2025-11-04,C03219,P0122,1,15.78,0.0,15.78,4.76,Standard,Credit Card
O010225,2025-11-04,C03002,P0099,1,28.6,0.2,22.88,9.01,Standard,Credit Card
O007891,2025-11-04,C00576,P0175,1,34.12,0.1,30.71,3.83,Standard,Bank Transfer
O003811,2025-11-04,C00597,P0002,1,26.05,0.05,24.75,5.85,Standard,Bank Transfer
O008051,2025-11-04,C02214,P0143,1,10.03,0.2,8.02,0.32,Second Class,PayPal
O002390,2025-11-04,C01006,P0080,3,7.83,0.0,23.49,4.53,Second Class,UPI
O008691,2025-11-04,C00347,P0120,1,46.47,0.0,46.47,21.59,Second Class,PayPal
O007148,2025-11-05,C00254,P0089,2,20.2,0.15,34.34,5.88,First Class,UPI
O007778,2025-11-05,C00217,P0060,2,53.74,0.3,75.24,10.48,Same Day,Credit Card
O010913,2025-11-05,C02608,P0098,1,33.77,0.1,30.39,5.48,Standard,Bank Transfer
O006998,2025-11-05,C01425,P0071,3,36.05,0.0,108.15,29.55,Standard,PayPal
O003969,2025-11-05,C02947,P0080,3,7.83,0.1,21.14,2.18,Standard,Credit Card
O004487,2025-11-05,C02524,P0133,3,14.29,0.15,36.44,1.85,Standard,Credit Card
O010819,2025-11-05,C02562,P0164,1,16.72,0.0,16.72,6.26,Same Day,Bank Transfer
O007367,2025-11-05,C03193,P0174,1,35.58,0.15,30.24,13.03,Same Day,PayPal
O006967,2025-11-05,C01245,P0057,2,16.52,0.2,26.43,10.23,Standard,UPI
O006934,2025-11-05,C02236,P0024,1,11.29,0.1,10.16,2.07,Same Day,UPI
O007698,2025-11-05,C01779,P0008,2,46.94,0.05,89.19,13.67,Standard,Debit Card
O010927,2025-11-05,C00391,P0172,1,16.77,0.2,13.42,0.26,Second Class,Bank Transfer
O011434,2025-11-05,C02135,P0126,3,118.37,0.1,319.6,79.66,Second Class,Bank Transfer
O000896,2025-11-05,C01336,P0076,1,48.63,0.2,38.9,11.08,Second Class,Bank Transfer
O006825,2025-11-05,C02584,P0177,1,28.74,0.0,28.74,11.82,Second Class,Bank Transfer
O002836,2025-11-05,C01972,P0029,1,19.29,0.05,18.33,8.15,Same Day,PayPal
O005821,2025-11-06,C00354,P0096,2,11.01,0.1,19.82,7.4,Standard,PayPal
O008458,2025-11-06,C01333,P0036,1,12.89,0.0,12.89,5.42,Same Day,PayPal
O001508,2025-11-06,C02969,P0124,2,11.46,0.1,20.63,5.07,Same Day,UPI
O009916,2025-11-06,C02048,P0029,4,19.29,0.15,65.59,24.87,Same Day,Debit Card
O007972,2025-11-06,C02288,P0077,1,30.16,0.2,24.13,5.15,Second Class,Debit Card
O003078,2025-11-06,C01457,P0130,1,20.55,0.1,18.5,4.82,Standard,Debit Card
O003048,2025-11-06,C02447,P0028,1,36.39,0.05,34.57,4.85,First Class,UPI
O001088,2025-11-06,C02922,P0038,2,7.97,0.1,14.35,2.31,Same Day,Bank Transfer
O005024,2025-11-06,C02731,P0023,1,29.78,0.0,29.78,6.01,Standard,PayPal
O004934,2025-11-06,C02357,P0107,1,97.13,0.15,82.56,19.7,Standard,Debit Card
O002895,2025-11-06,C00425,P0180,5,167.02,0.15,709.84,146.19,Same Day,Debit Card
O004444,2025-11-06,C00341,P0159,3,13.14,0.3,27.59,3.68,Same Day,Credit Card
O006707,2025-11-06,C00323,P0053,1,18.36,0.1,16.52,4.8,Second Class,Bank Transfer
O007453,2025-11-06,C02662,P0054,1,42.42,0.0,42.42,14.23,Standard,Bank Transfer
O004063,2025-11-06,C00590,P0124,3,11.46,0.3,24.07,0.73,First Class,Debit Card
O010374,2025-11-06,C02216,P0141,2,33.04,0.1,59.47,26.15,First Class,Bank Transfer
O011328,2025-11-06,C03080,P0172,1,16.77,0.05,15.93,2.77,Same Day,PayPal
O000764,2025-11-06,C03393,P0044,2,23.44,0.0,46.88,14.02,First Class,UPI
O000332,2025-11-07,C01708,P0067,1,27.2,0.1,24.48,10.95,Same Day,PayPal
O000747,2025-11-07,C01025,P0084,2,20.35,0.15,34.59,12.65,Standard,PayPal
O007447,2025-11-07,C00936,P0139,5,48.37,0.2,193.48,69.63,Same Day,Credit Card
O010502,2025-11-07,C03040,P0098,1,33.77,0.15,28.7,3.79,Second Class,UPI
O000370,2025-11-07,C01646,P0174,1,35.58,0.3,24.91,7.7,Same Day,PayPal
O007812,2025-11-07,C01778,P0015,3,9.29,0.15,23.69,1.19,Standard,Bank Transfer
O003054,2025-11-07,C02045,P0051,1,35.19,0.05,33.43,9.62,Same Day,UPI
O000767,2025-11-07,C01397,P0149,2,40.02,0.1,72.04,16.5,First Class,Bank Transfer
O002327,2025-11-07,C03264,P0076,1,48.63,0.15,41.34,13.52,Second Class,Bank Transfer
O001676,2025-11-07,C01037,P0074,2,78.81,0.05,149.74,56.78,Same Day,UPI
O004744,2025-11-07,C02776,P0003,1,43.42,0.1,39.08,14.09,Standard,Debit Card
O000762,2025-11-07,C01281,P0119,2,59.91,0.1,107.84,23.5,First Class,UPI
O004176,2025-11-07,C00891,P0111,2,8.19,0.1,14.74,4.66,First Class,Credit Card
O003634,2025-11-07,C00335,P0170,2,17.46,0.05,33.17,6.59,Same Day,UPI
O004629,2025-11-07,C00678,P0087,2,51.68,0.1,93.02,24.1,Second Class,UPI
O001453,2025-11-07,C00205,P0156,1,17.92,0.05,17.02,3.5,First Class,Debit Card
O008640,2025-11-07,C01137,P0081,2,24.71,0.2,39.54,1.78,Standard,PayPal
O002228,2025-11-08,C00390,P0016,2,19.78,0.15,33.63,3.17,Same Day,PayPal
O009311,2025-11-08,C01043,P0033,1,28.25,0.1,25.43,5.18,First Class,Credit Card
O009182,2025-11-08,C00381,P0023,3,29.78,0.1,80.41,9.1,Same Day,Bank Transfer
O009822,2025-11-08,C00701,P0078,1,23.47,0.15,19.95,8.06,Same Day,Bank Transfer
O009342,2025-11-08,C01184,P0016,3,19.78,0.0,59.34,13.65,Same Day,Debit Card
O007707,2025-11-08,C00631,P0048,2,56.66,0.0,113.32,45.9,Second Class,PayPal
O008202,2025-11-08,C00161,P0158,1,38.78,0.0,38.78,14.73,Standard,Bank Transfer
O010250,2025-11-08,C01775,P0063,1,13.89,0.05,13.2,2.9,Same Day,Bank Transfer
O000794,2025-11-08,C01756,P0002,1,26.05,0.1,23.45,4.55,First Class,Debit Card
O003124,2025-11-08,C01846,P0059,2,35.35,0.05,67.17,13.47,First Class,Credit Card
O011924,2025-11-08,C01687,P0122,2,15.78,0.15,26.83,4.79,First Class,Bank Transfer
O000353,2025-11-08,C01916,P0055,2,55.71,0.05,105.85,41.51,Second Class,Debit Card
O000978,2025-11-08,C03112,P0147,2,12.76,0.2,20.42,7.14,Second Class,Credit Card
O008617,2025-11-08,C03008,P0093,2,18.06,0.15,30.7,6.56,Same Day,Credit Card
O007517,2025-11-08,C03442,P0093,3,18.06,0.0,54.18,17.97,First Class,Credit Card
O003625,2025-11-08,C03487,P0179,1,24.0,0.1,21.6,2.32,Standard,PayPal
O005775,2025-11-09,C00363,P0005,1,24.48,0.2,19.58,2.46,Same Day,Debit Card
O002409,2025-11-09,C03038,P0120,3,46.47,0.0,139.41,64.77,Standard,Credit Card
O010111,2025-11-09,C01707,P0180,2,167.02,0.0,334.04,108.58,First Class,PayPal
O003914,2025-11-09,C01689,P0174,1,35.58,0.0,35.58,18.37,First Class,Bank Transfer
O009325,2025-11-09,C01640,P0143,1,10.03,0.1,9.03,1.33,First Class,UPI
O009180,2025-11-09,C00517,P0014,1,8.22,0.05,7.81,1.16,Same Day,Credit Card
O004745,2025-11-09,C03120,P0010,1,40.56,0.2,32.45,7.88,Standard,Credit Card
O002185,2025-11-09,C02845,P0080,1,7.83,0.1,7.05,0.73,Second Class,UPI
O002850,2025-11-09,C02214,P0008,2,46.94,0.0,93.88,18.36,Same Day,PayPal
O010837,2025-11-09,C03158,P0030,1,23.58,0.1,21.22,5.75,Second Class,Credit Card
O008572,2025-11-09,C01371,P0110,1,27.16,0.1,24.44,7.4,Same Day,UPI
O004288,2025-11-09,C01860,P0045,2,10.9,0.15,18.53,2.87,Same Day,UPI
O005540,2025-11-09,C00751,P0167,2,48.63,0.15,82.67,32.57,Standard,PayPal
O003520,2025-11-09,C02616,P0101,1,11.36,0.05,10.79,5.16,Same Day,Credit Card
O011437,2025-11-09,C01370,P0049,2,35.64,0.2,57.02,13.7,Same Day,UPI
O010303,2025-11-10,C00936,P0072,1,77.46,0.0,77.46,14.58,Standard,PayPal
O010330,2025-11-10,C00736,P0025,4,20.01,0.1,72.04,18.12,First Class,UPI
O011287,2025-11-10,C03430,P0116,3,34.67,0.0,104.01,31.95,Standard,Bank Transfer
O011975,2025-11-10,C01153,P0013,1,33.36,0.1,30.02,9.15,Standard,PayPal
O001065,2025-11-10,C01627,P0157,5,95.85,0.0,479.25,87.8,Second Class,Debit Card
O003493,2025-11-10,C00676,P0054,1,42.42,0.05,40.3,12.11,Standard,PayPal
O010248,2025-11-10,C02715,P0055,1,55.71,0.15,47.35,15.18,Standard,UPI
O001929,2025-11-10,C02499,P0126,1,118.37,0.0,118.37,38.39,Second Class,Credit Card
O007833,2025-11-10,C01719,P0036,1,12.89,0.0,12.89,5.42,Same Day,Debit Card
O004702,2025-11-10,C02013,P0113,1,29.64,0.0,29.64,9.01,Second Class,Bank Transfer
O003058,2025-11-10,C02619,P0038,1,7.97,0.3,5.58,-0.44,Same Day,UPI
O003879,2025-11-10,C01254,P0114,1,141.33,0.0,141.33,71.31,Second Class,UPI
O009757,2025-11-10,C01945,P0027,1,13.49,0.0,13.49,4.19,Second Class,PayPal
O006848,2025-11-10,C00586,P0113,1,29.64,0.1,26.68,6.05,First Class,Debit Card
O004110,2025-11-10,C01004,P0048,1,56.66,0.05,53.83,20.12,Same Day,UPI
O000292,2025-11-10,C00956,P0079,1,30.25,0.1,27.23,12.45,First Class,Credit Card
O010566,2025-11-10,C01546,P0149,2,40.02,0.1,72.04,16.5,Second Class,Credit Card
O007387,2025-11-10,C00469,P0147,3,12.76,0.3,26.8,6.88,First Class,UPI
O011773,2025-11-11,C00094,P0096,1,11.01,0.05,10.46,4.25,Second Class,UPI
O003857,2025-11-11,C03496,P0053,2,18.36,0.05,34.88,11.44,Standard,UPI
O009748,2025-11-11,C02772,P0162,1,47.54,0.0,47.54,9.68,Second Class,Bank Transfer
O000394,2025-11-11,C02748,P0035,1,48.65,0.2,38.92,9.62,First Class,Bank Transfer
O007327,2025-11-11,C02399,P0070,1,18.74,0.05,17.8,4.74,Same Day,Credit Card
O006221,2025-11-11,C03048,P0025,1,20.01,0.15,17.01,3.53,Second Class,Credit Card
O004373,2025-11-11,C01166,P0163,2,60.53,0.1,108.95,15.51,Second Class,PayPal
O010025,2025-11-11,C02480,P0085,1,16.85,0.0,16.85,7.87,First Class,Debit Card
O010434,2025-11-11,C00057,P0174,1,35.58,0.1,32.02,14.81,First Class,PayPal
O005557,2025-11-11,C00969,P0102,1,21.68,0.3,15.18,4.47,Standard,Credit Card
O009398,2025-11-11,C02023,P0169,2,24.3,0.15,41.31,9.63,Standard,Credit Card
O003002,2025-11-11,C02145,P0178,4,73.32,0.0,293.28,57.76,Standard,Bank Transfer
O001353,2025-11-11,C00424,P0173,2,27.11,0.0,54.22,21.02,First Class,Bank Transfer
O009431,2025-11-11,C01715,P0113,2,29.64,0.0,59.28,18.02,Second Class,PayPal
O008937,2025-11-11,C02928,P0158,1,38.78,0.0,38.78,14.73,First Class,Debit Card
O003872,2025-11-11,C02216,P0130,3,20.55,0.2,49.32,8.28,Second Class,Debit Card
O011611,2025-11-11,C02457,P0099,1,28.6,0.05,27.17,13.3,First Class,UPI
O000860,2025-11-11,C03018,P0152,1,35.7,0.2,28.56,1.67,Standard,Credit Card
O005312,2025-11-11,C01226,P0159,2,13.14,0.0,26.28,10.34,Second Class,PayPal
O010076,2025-11-12,C03438,P0075,2,5.19,0.1,9.34,1.56,First Class,PayPal
O006545,2025-11-12,C00497,P0064,1,13.1,0.0,13.1,5.85,First Class,Debit Card
O002584,2025-11-12,C00393,P0094,1,23.04,0.05,21.89,6.04,First Class,UPI
O005656,2025-11-12,C00264,P0022,2,24.61,0.0,49.22,16.28,Same Day,PayPal
O004411,2025-11-12,C02694,P0133,2,14.29,0.1,25.72,2.66,Second Class,UPI
O007200,2025-11-12,C03380,P0014,2,8.22,0.2,13.15,-0.15,First Class,UPI
O004324,2025-11-12,C00326,P0074,3,78.81,0.05,224.61,85.17,Second Class,PayPal
O004911,2025-11-12,C02952,P0159,2,13.14,0.05,24.97,9.03,First Class,Credit Card
O000374,2025-11-12,C03086,P0050,2,9.06,0.0,18.12,8.84,Second Class,Credit Card
O000087,2025-11-12,C01880,P0026,1,30.63,0.15,26.04,10.33,Same Day,UPI
O008760,2025-11-12,C03244,P0156,1,17.92,0.15,15.23,1.71,First Class,PayPal
O000763,2025-11-12,C01136,P0029,3,19.29,0.0,57.87,27.33,Same Day,Bank Transfer
O006796,2025-11-12,C00014,P0131,2,10.4,0.05,19.76,3.12,First Class,UPI
O003230,2025-11-12,C02884,P0103,1,22.81,0.15,19.39,1.81,Same Day,Bank Transfer
O000210,2025-11-13,C00093,P0123,1,70.94,0.05,67.39,32.7,First Class,Bank Transfer
O007924,2025-11-13,C01530,P0096,4,11.01,0.2,35.23,10.39,Second Class,UPI
O007615,2025-11-13,C00779,P0084,3,20.35,0.0,61.05,28.14,Same Day,Credit Card
O002011,2025-11-13,C00071,P0125,1,41.74,0.0,41.74,8.36,Second Class,Credit Card
O003116,2025-11-13,C02767,P0099,2,28.6,0.0,57.2,29.46,Same Day,UPI
O006052,2025-11-13,C00576,P0123,4,70.94,0.05,269.57,130.81,Second Class,PayPal
O002051,2025-11-13,C01771,P0036,3,12.89,0.05,36.74,14.33,Same Day,PayPal
O004329,2025-11-13,C03181,P0134,1,38.78,0.2,31.02,0.47,First Class,UPI
O011774,2025-11-13,C01434,P0164,2,16.72,0.05,31.77,10.85,Second Class,UPI
O000413,2025-11-13,C02451,P0064,2,13.1,0.05,24.89,10.39,Second Class,UPI
O006736,2025-11-13,C02877,P0068,1,54.72,0.05,51.98,15.83,First Class,UPI
O002630,2025-11-13,C03315,P0023,3,29.78,0.1,80.41,9.1,Standard,Credit Card
O002102,2025-11-13,C03050,P0041,1,46.06,0.0,46.06,15.94,Second Class,UPI
O011615,2025-11-13,C00473,P0069,1,36.06,0.1,32.45,8.51,Standard,UPI
O000828,2025-11-13,C02827,P0165,1,53.31,0.05,50.64,11.44,Same Day,Bank Transfer
O002967,2025-11-13,C01159,P0047,1,21.13,0.0,21.13,4.59,Second Class,Bank Transfer
O009874,2025-11-13,C02310,P0055,2,55.71,0.1,100.28,35.94,First Class,UPI
O000652,2025-11-13,C02709,P0063,3,13.89,0.0,41.67,10.77,Same Day,PayPal
O011743,2025-11-14,C00991,P0070,3,18.74,0.05,53.41,14.23,First Class,UPI
O009133,2025-11-14,C02575,P0055,1,55.71,0.1,50.14,17.97,First Class,Credit Card
O010498,2025-11-14,C00443,P0022,1,24.61,0.05,23.38,6.91,Standard,PayPal
O010027,2025-11-14,C01214,P0036,1,12.89,0.15,10.96,3.49,Second Class,Credit Card
O002731,2025-11-14,C02183,P0168,1,97.8,0.1,88.02,11.06,Second Class,Credit Card
O000675,2025-11-14,C02241,P0035,3,48.65,0.0,145.95,58.05,Second Class,Credit Card
O006687,2025-11-14,C02982,P0029,2,19.29,0.0,38.58,18.22,First Class,Bank Transfer
O010944,2025-11-14,C00381,P0104,2,16.92,0.1,30.46,6.12,Standard,Credit Card
O009410,2025-11-14,C01509,P0028,1,36.39,0.1,32.75,3.03,Same Day,PayPal
O005359,2025-11-14,C00356,P0006,1,24.48,0.1,22.03,8.81,Second Class,Debit Card
O010416,2025-11-14,C01825,P0138,2,23.12,0.05,43.93,21.45,Second Class,Bank Transfer
O007738,2025-11-14,C01698,P0104,2,16.92,0.3,23.69,-0.65,Standard,PayPal
O000256,2025-11-14,C00043,P0116,1,34.67,0.0,34.67,10.65,Standard,Credit Card
O006132,2025-11-14,C01262,P0034,1,14.33,0.0,14.33,4.03,Second Class,UPI
O004828,2025-11-15,C00282,P0004,2,76.71,0.1,138.08,63.18,First Class,PayPal
O003885,2025-11-15,C02547,P0115,1,25.15,0.0,25.15,9.87,First Class,Debit Card
O009924,2025-11-15,C02934,P0097,4,34.55,0.0,138.2,55.12,Second Class,PayPal
O011049,2025-11-15,C02532,P0127,1,14.97,0.1,13.47,4.31,Same Day,Debit Card
O003865,2025-11-15,C01641,P0103,1,22.81,0.0,22.81,5.23,Same Day,UPI
O002646,2025-11-15,C01630,P0011,1,21.09,0.1,18.98,8.75,First Class,PayPal
O006045,2025-11-15,C00955,P0118,2,13.33,0.1,23.99,3.43,First Class,Bank Transfer
O005746,2025-11-15,C00825,P0095,1,22.09,0.05,20.99,7.24,Second Class,PayPal
O008852,2025-11-15,C02509,P0095,4,22.09,0.15,75.11,20.11,First Class,PayPal
O000840,2025-11-15,C02771,P0121,1,47.66,0.0,47.66,23.64,First Class,Credit Card
O005842,2025-11-15,C01140,P0178,1,73.32,0.2,58.66,-0.22,Same Day,UPI
O004517,2025-11-15,C02989,P0008,2,46.94,0.0,93.88,18.36,Standard,UPI
O001610,2025-11-15,C00817,P0032,1,95.01,0.05,90.26,20.73,Same Day,Bank Transfer
O003710,2025-11-16,C01079,P0169,1,24.3,0.05,23.09,7.25,Same Day,Credit Card
O006031,2025-11-16,C02633,P0160,1,43.67,0.15,37.12,4.63,Second Class,Bank Transfer
O003037,2025-11-16,C00671,P0113,2,29.64,0.2,47.42,6.16,Same Day,Bank Transfer
O003369,2025-11-16,C02432,P0082,1,35.95,0.15,30.56,4.8,Second Class,Debit Card
O001442,2025-11-16,C02253,P0125,1,41.74,0.1,37.57,4.19,First Class,PayPal
O000732,2025-11-16,C00546,P0170,2,17.46,0.1,31.43,4.85,Standard,UPI
O010183,2025-11-16,C03107,P0008,1,46.94,0.05,44.59,6.83,First Class,Credit Card
O011538,2025-11-16,C01019,P0058,2,23.31,0.0,46.62,23.66,First Class,PayPal
O007920,2025-11-16,C00695,P0063,2,13.89,0.3,19.45,-1.15,Same Day,Credit Card
O011598,2025-11-16,C00130,P0124,1,11.46,0.1,10.31,2.53,Same Day,PayPal
O004984,2025-11-16,C01566,P0136,1,78.06,0.1,70.25,30.94,First Class,Bank Transfer
O000111,2025-11-16,C00997,P0025,5,20.01,0.0,100.05,32.65,Standard,Debit Card
O009323,2025-11-16,C02879,P0169,2,24.3,0.1,43.74,12.06,First Class,PayPal
O003579,2025-11-17,C01996,P0038,1,7.97,0.15,6.77,0.75,Standard,PayPal
O002999,2025-11-17,C00841,P0125,1,41.74,0.0,41.74,8.36,Second Class,Debit Card
O000550,2025-11-17,C02526,P0121,1,47.66,0.15,40.51,16.49,First Class,UPI
O000858,2025-11-17,C01047,P0068,1,54.72,0.1,49.25,13.1,Same Day,Debit Card
O000897,2025-11-17,C02788,P0134,1,38.78,0.0,38.78,8.23,Second Class,Bank Transfer
O000850,2025-11-17,C00769,P0062,1,25.26,0.15,21.47,4.86,Second Class,PayPal
O010808,2025-11-17,C01504,P0140,1,12.81,0.1,11.53,2.41,Second Class,Debit Card
O004715,2025-11-17,C02435,P0158,2,38.78,0.0,77.56,29.46,Same Day,PayPal
O001418,2025-11-17,C01025,P0117,2,27.87,0.2,44.59,8.29,Second Class,Credit Card
O008360,2025-11-17,C00665,P0120,1,46.47,0.1,41.82,16.94,Standard,Bank Transfer
O003476,2025-11-17,C01760,P0017,1,14.76,0.1,13.28,4.72,Standard,Debit Card
O003094,2025-11-17,C00533,P0110,1,27.16,0.0,27.16,10.12,Same Day,Bank Transfer
O005829,2025-11-17,C00343,P0149,2,40.02,0.15,68.03,12.49,Second Class,Debit Card
O009817,2025-11-17,C03163,P0010,1,40.56,0.1,36.5,11.93,First Class,PayPal
O007254,2025-11-17,C02595,P0042,1,31.86,0.0,31.86,11.13,Same Day,Credit Card
O002291,2025-11-18,C01406,P0121,1,47.66,0.2,38.13,14.11,Standard,Credit Card
O009663,2025-11-18,C02992,P0126,1,118.37,0.0,118.37,38.39,Same Day,Bank Transfer
O004210,2025-11-18,C02272,P0111,1,8.19,0.0,8.19,3.15,Standard,PayPal
O010155,2025-11-18,C00482,P0090,4,39.79,0.0,159.16,67.6,First Class,Credit Card
O006240,2025-11-18,C00600,P0178,2,73.32,0.05,139.31,21.55,Second Class,PayPal
O006183,2025-11-18,C03442,P0015,5,9.29,0.2,37.16,-0.34,First Class,UPI
O011507,2025-11-18,C03041,P0003,1,43.42,0.05,41.25,16.26,Same Day,UPI
O000613,2025-11-18,C02975,P0125,1,41.74,0.1,37.57,4.19,Second Class,UPI
O007734,2025-11-18,C02599,P0124,1,11.46,0.0,11.46,3.68,Standard,Bank Transfer
O011102,2025-11-18,C00596,P0126,4,118.37,0.0,473.48,153.56,Standard,UPI
O001732,2025-11-18,C01689,P0160,1,43.67,0.05,41.49,9.0,Same Day,Debit Card
O006295,2025-11-18,C02265,P0017,1,14.76,0.05,14.02,5.46,Same Day,Bank Transfer
O001311,2025-11-18,C00094,P0089,2,20.2,0.15,34.34,5.88,Second Class,PayPal
O009059,2025-11-18,C00509,P0139,1,48.37,0.1,43.53,18.76,Standard,Bank Transfer
O010725,2025-11-18,C01442,P0089,3,20.2,0.0,60.6,17.91,Same Day,PayPal
O001548,2025-11-18,C01317,P0040,1,32.39,0.0,32.39,6.79,Second Class,Credit Card
O010358,2025-11-19,C02239,P0124,2,11.46,0.0,22.92,7.36,Same Day,PayPal
O011009,2025-11-19,C03131,P0024,1,11.29,0.05,10.73,2.64,Standard,Debit Card
O007495,2025-11-19,C01852,P0108,1,31.93,0.15,27.14,6.67,Standard,Debit Card
O010969,2025-11-19,C02012,P0113,1,29.64,0.05,28.16,7.53,First Class,UPI
O008466,2025-11-19,C02758,P0057,1,16.52,0.0,16.52,8.42,First Class,Debit Card
O003193,2025-11-19,C00613,P0175,5,34.12,0.0,170.6,36.2,First Class,Debit Card
O010041,2025-11-19,C03015,P0139,1,48.37,0.0,48.37,23.6,Same Day,PayPal
O008061,2025-11-19,C01450,P0081,1,24.71,0.15,21.0,2.12,Second Class,UPI
O007110,2025-11-19,C00363,P0045,1,10.9,0.3,7.63,-0.2,Same Day,UPI
O008496,2025-11-20,C02396,P0075,2,5.19,0.1,9.34,1.56,Second Class,PayPal
O003087,2025-11-20,C00858,P0177,2,28.74,0.0,57.48,23.64,Second Class,Credit Card
O002432,2025-11-20,C01197,P0145,4,33.75,0.2,108.0,5.8,Same Day,Bank Transfer
O004084,2025-11-20,C02869,P0033,1,28.25,0.0,28.25,8.0,Second Class,Credit Card
O005500,2025-11-20,C00648,P0133,4,14.29,0.1,51.44,5.32,Standard,Bank Transfer
O001742,2025-11-20,C01187,P0024,1,11.29,0.1,10.16,2.07,Same Day,Bank Transfer
O007294,2025-11-20,C00441,P0154,1,33.15,0.05,31.49,13.58,Standard,UPI
O005181,2025-11-20,C03366,P0104,2,16.92,0.15,28.76,4.42,Second Class,Debit Card
O003941,2025-11-20,C02332,P0177,3,28.74,0.05,81.91,31.15,Same Day,Credit Card
O006970,2025-11-20,C00643,P0138,2,23.12,0.05,43.93,21.45,Standard,Bank Transfer
O000337,2025-11-20,C02346,P0174,2,35.58,0.05,67.6,33.18,First Class,Bank Transfer
O002592,2025-11-20,C01086,P0065,1,48.33,0.2,38.66,5.23,First Class,Credit Card
O004832,2025-11-20,C00149,P0120,1,46.47,0.05,44.15,19.27,Standard,Bank Transfer
O006020,2025-11-20,C03221,P0119,3,59.91,0.05,170.74,44.23,Standard,PayPal
O010492,2025-11-20,C03266,P0008,1,46.94,0.15,39.9,2.14,Second Class,PayPal
O004118,2025-11-20,C02215,P0102,1,21.68,0.1,19.51,8.8,Same Day,PayPal
O009947,2025-11-20,C02166,P0152,2,35.7,0.0,71.4,17.62,Same Day,Bank Transfer
O011481,2025-11-21,C00900,P0016,1,19.78,0.15,16.81,1.58,Same Day,Debit Card
O000885,2025-11-21,C02889,P0034,2,14.33,0.0,28.66,8.06,Standard,PayPal
O003499,2025-11-21,C01576,P0089,2,20.2,0.1,36.36,7.9,Second Class,Debit Card
O005379,2025-11-21,C00335,P0149,1,40.02,0.1,36.02,8.25,Same Day,Credit Card
O000845,2025-11-21,C02656,P0118,2,13.33,0.1,23.99,3.43,First Class,Debit Card
O002097,2025-11-21,C01487,P0171,1,15.99,0.15,13.59,4.17,Standard,PayPal
O011702,2025-11-21,C03066,P0143,2,10.03,0.1,18.05,2.65,Standard,Debit Card
O010479,2025-11-21,C02012,P0027,2,13.49,0.05,25.63,7.03,Standard,UPI
O007330,2025-11-21,C01885,P0164,2,16.72,0.0,33.44,12.52,Standard,UPI
O003298,2025-11-21,C00284,P0126,1,118.37,0.1,106.53,26.55,Standard,PayPal
O011724,2025-11-21,C03037,P0089,1,20.2,0.3,14.14,-0.09,Second Class,UPI
O005324,2025-11-21,C00577,P0157,4,95.85,0.2,306.72,-6.44,Second Class,Debit Card
O001213,2025-11-22,C00277,P0120,4,46.47,0.1,167.29,67.77,Second Class,Bank Transfer
O009232,2025-11-22,C03201,P0052,2,22.19,0.1,39.94,18.1,Standard,UPI
O011128,2025-11-22,C02552,P0065,3,48.33,0.15,123.24,22.95,Same Day,Credit Card
O006761,2025-11-22,C03285,P0178,1,73.32,0.3,51.32,-7.56,Second Class,UPI
O003159,2025-11-22,C00073,P0138,1,23.12,0.1,20.81,9.57,First Class,PayPal
O004510,2025-11-22,C03402,P0083,2,74.49,0.15,126.63,34.41,First Class,PayPal
O011427,2025-11-22,C01492,P0028,3,36.39,0.2,87.34,-1.82,First Class,UPI
O011605,2025-11-22,C01823,P0119,1,59.91,0.0,59.91,17.74,Standard,Debit Card
O004179,2025-11-22,C02398,P0114,1,141.33,0.15,120.13,50.11,Second Class,Debit Card
O000228,2025-11-22,C02630,P0159,1,13.14,0.15,11.17,3.2,Second Class,Debit Card
O010650,2025-11-22,C02488,P0001,5,39.36,0.0,196.8,89.25,Standard,Credit Card
O009707,2025-11-22,C00100,P0173,1,27.11,0.05,25.75,9.15,Same Day,PayPal
O002658,2025-11-22,C02656,P0005,1,24.48,0.2,19.58,2.46,Second Class,Bank Transfer
O010599,2025-11-22,C03116,P0002,1,26.05,0.2,20.84,1.94,Standard,PayPal
O008549,2025-11-22,C00593,P0101,1,11.36,0.0,11.36,5.73,Standard,PayPal
O010845,2025-11-22,C03499,P0151,1,33.54,0.1,30.19,5.71,Standard,PayPal
O011811,2025-11-23,C02816,P0033,1,28.25,0.1,25.43,5.18,Standard,Credit Card
O001550,2025-11-23,C02073,P0166,1,37.27,0.05,35.41,7.96,Same Day,PayPal
O000597,2025-11-23,C01525,P0098,2,33.77,0.1,60.79,10.97,Standard,Debit Card
O001587,2025-11-23,C02444,P0106,1,37.06,0.05,35.21,16.19,Second Class,PayPal
O005004,2025-11-23,C03179,P0016,3,19.78,0.15,50.44,4.75,Standard,UPI
O011114,2025-11-23,C00430,P0156,1,17.92,0.2,14.34,0.82,Standard,PayPal
O001322,2025-11-23,C02789,P0166,1,37.27,0.1,33.54,6.09,First Class,Bank Transfer
O007230,2025-11-23,C01310,P0079,1,30.25,0.0,30.25,15.47,Same Day,Credit Card
O005971,2025-11-23,C00882,P0150,1,34.57,0.1,31.11,4.2,Second Class,Credit Card
O003352,2025-11-23,C03050,P0002,1,26.05,0.0,26.05,7.15,Second Class,Credit Card
O007284,2025-11-23,C01435,P0033,4,28.25,0.0,113.0,32.0,Standard,Credit Card
O009222,2025-11-23,C00257,P0136,2,78.06,0.05,148.31,69.69,Standard,PayPal
O002797,2025-11-23,C00079,P0147,1,12.76,0.05,12.12,5.48,First Class,PayPal
O003660,2025-11-24,C02571,P0173,1,27.11,0.0,27.11,10.51,First Class,Debit Card
O011147,2025-11-24,C02506,P0013,3,33.36,0.05,95.08,32.47,Standard,PayPal
O003441,2025-11-24,C01369,P0065,1,48.33,0.1,43.5,10.07,Same Day,UPI
O010803,2025-11-24,C02716,P0101,1,11.36,0.0,11.36,5.73,Standard,PayPal
O010759,2025-11-24,C00995,P0066,2,68.82,0.3,96.35,26.29,Second Class,Credit Card
O002244,2025-11-24,C03443,P0109,1,33.7,0.0,33.7,15.54,First Class,Debit Card
O002108,2025-11-24,C02661,P0171,3,15.99,0.15,40.77,12.51,Standard,Debit Card
O005996,2025-11-24,C01789,P0045,1,10.9,0.1,9.81,1.98,First Class,PayPal
O005343,2025-11-24,C03092,P0060,1,53.74,0.05,51.05,18.67,First Class,UPI
O000508,2025-11-24,C00913,P0133,3,14.29,0.1,38.58,3.99,Second Class,Bank Transfer
O008899,2025-11-24,C02879,P0035,1,48.65,0.0,48.65,19.35,Same Day,UPI
O005848,2025-11-24,C01135,P0085,1,16.85,0.0,16.85,7.87,Second Class,Debit Card
O007389,2025-11-25,C00174,P0067,1,27.2,0.15,23.12,9.59,Standard,PayPal
O011431,2025-11-25,C00239,P0047,2,21.13,0.1,38.03,4.95,Second Class,UPI
O011445,2025-11-25,C01408,P0126,2,118.37,0.2,189.39,29.43,Standard,Credit Card
O008069,2025-11-25,C02602,P0091,1,30.36,0.05,28.84,4.41,Standard,Credit Card
O002268,2025-11-25,C01623,P0085,2,16.85,0.1,30.33,12.37,Second Class,PayPal
O001357,2025-11-25,C01480,P0089,2,20.2,0.1,36.36,7.9,Second Class,UPI
O008727,2025-11-25,C00526,P0012,1,21.06,0.0,21.06,4.3,Same Day,Credit Card
O006420,2025-11-25,C00002,P0107,1,97.13,0.3,67.99,5.13,First Class,Debit Card
O007373,2025-11-25,C03448,P0112,1,28.02,0.05,26.62,7.3,First Class,Credit Card
O002960,2025-11-25,C01528,P0160,2,43.67,0.05,82.97,17.99,Same Day,Bank Transfer
O011979,2025-11-25,C00661,P0091,2,30.36,0.1,54.65,5.79,First Class,Debit Card
O006303,2025-11-26,C00160,P0149,1,40.02,0.3,28.01,0.24,Same Day,UPI
O002788,2025-11-26,C01286,P0179,4,24.0,0.05,91.2,14.08,Standard,Bank Transfer
O004351,2025-11-26,C02953,P0060,1,53.74,0.1,48.37,15.99,First Class,Debit Card
O008019,2025-11-26,C02153,P0027,2,13.49,0.1,24.28,5.68,Standard,UPI
O005743,2025-11-26,C00589,P0127,2,14.97,0.15,25.45,7.13,First Class,Credit Card
O008716,2025-11-26,C02616,P0113,4,29.64,0.05,112.63,30.11,Standard,Bank Transfer
O004354,2025-11-26,C02006,P0129,1,30.41,0.1,27.37,8.04,Second Class,Debit Card
O003757,2025-11-26,C01276,P0087,4,51.68,0.0,206.72,68.88,Second Class,UPI
O008290,2025-11-26,C03288,P0002,2,26.05,0.15,44.28,6.48,Same Day,Debit Card
O009786,2025-11-26,C02994,P0104,2,16.92,0.15,28.76,4.42,Second Class,UPI
O007141,2025-11-26,C00940,P0169,2,24.3,0.1,43.74,12.06,First Class,PayPal
O008082,2025-11-26,C01550,P0074,4,78.81,0.0,315.24,129.32,Second Class,PayPal
O007572,2025-11-26,C03170,P0057,5,16.52,0.05,78.47,37.97,First Class,PayPal
O004931,2025-11-26,C01888,P0047,2,21.13,0.0,42.26,9.18,Standard,PayPal
O002595,2025-11-26,C03243,P0107,2,97.13,0.05,184.55,58.83,First Class,UPI
O001095,2025-11-26,C01359,P0003,1,43.42,0.1,39.08,14.09,Same Day,Credit Card
O008083,2025-11-26,C01932,P0167,1,48.63,0.2,38.9,13.85,Second Class,Credit Card
O008595,2025-11-26,C00918,P0087,2,51.68,0.0,103.36,34.44,Second Class,UPI
O009046,2025-11-26,C01176,P0135,1,15.68,0.0,15.68,7.11,First Class,Credit Card
O011574,2025-11-26,C01248,P0141,1,33.04,0.05,31.39,14.73,Same Day,Bank Transfer
O011077,2025-11-27,C00839,P0173,2,27.11,0.0,54.22,21.02,Same Day,Bank Transfer
O002182,2025-11-27,C03112,P0153,1,18.32,0.2,14.66,4.11,Same Day,UPI
O007240,2025-11-27,C01415,P0052,1,22.19,0.05,21.08,10.16,First Class,Bank Transfer
O009472,2025-11-27,C00223,P0003,2,43.42,0.0,86.84,36.86,Standard,Credit Card
O010851,2025-11-27,C01627,P0164,1,16.72,0.2,13.38,2.92,Second Class,PayPal
O002786,2025-11-27,C03306,P0113,2,29.64,0.0,59.28,18.02,Standard,PayPal
O007510,2025-11-27,C00317,P0061,1,20.87,0.1,18.78,7.86,Second Class,Credit Card
O008325,2025-11-27,C00776,P0027,2,13.49,0.05,25.63,7.03,Standard,Bank Transfer
O001875,2025-11-27,C02786,P0145,2,33.75,0.0,67.5,16.4,Same Day,Bank Transfer
O004245,2025-11-27,C02917,P0017,1,14.76,0.1,13.28,4.72,Second Class,Debit Card
O009219,2025-11-28,C02537,P0113,3,29.64,0.05,84.47,22.58,Same Day,PayPal
O011465,2025-11-28,C00415,P0162,1,47.54,0.1,42.79,4.93,Second Class,Credit Card
O009128,2025-11-28,C00752,P0045,1,10.9,0.1,9.81,1.98,Standard,Credit Card
O004520,2025-11-28,C01020,P0079,2,30.25,0.05,57.47,27.91,Second Class,Debit Card
O011721,2025-11-28,C00713,P0010,1,40.56,0.0,40.56,15.99,Standard,Credit Card
O008033,2025-11-28,C02297,P0158,1,38.78,0.15,32.96,8.91,Standard,Bank Transfer
O007954,2025-11-28,C00193,P0083,2,74.49,0.05,141.53,49.31,Standard,Bank Transfer
O001478,2025-11-28,C00201,P0051,5,35.19,0.1,158.35,39.3,Same Day,Debit Card
O008285,2025-11-28,C03339,P0174,1,35.58,0.1,32.02,14.81,Standard,PayPal
O001774,2025-11-28,C00568,P0170,2,17.46,0.05,33.17,6.59,First Class,Bank Transfer
O011338,2025-11-28,C03184,P0161,2,15.13,0.05,28.75,10.71,Second Class,Credit Card
O009005,2025-11-28,C00544,P0149,3,40.02,0.05,114.06,30.75,Same Day,PayPal
O002754,2025-11-28,C00697,P0009,2,21.01,0.15,35.72,2.48,First Class,PayPal
O011483,2025-11-29,C03197,P0065,1,48.33,0.15,41.08,7.65,Standard,Debit Card
O006057,2025-11-29,C00966,P0169,1,24.3,0.15,20.66,4.82,Same Day,Debit Card
O010044,2025-11-29,C02676,P0065,1,48.33,0.15,41.08,7.65,Same Day,Credit Card
O002468,2025-11-29,C03438,P0129,1,30.41,0.0,30.41,11.08,First Class,Debit Card
O002030,2025-11-29,C01975,P0097,2,34.55,0.05,65.64,24.1,First Class,PayPal
O002047,2025-11-29,C00837,P0147,1,12.76,0.0,12.76,6.12,Standard,Bank Transfer
O000011,2025-11-29,C01103,P0103,1,22.81,0.15,19.39,1.81,Standard,Credit Card
O001675,2025-11-29,C00741,P0072,2,77.46,0.1,139.43,13.67,Same Day,PayPal
O002812,2025-11-29,C02392,P0118,1,13.33,0.0,13.33,3.05,First Class,UPI
O002842,2025-11-29,C03001,P0087,2,51.68,0.1,93.02,24.1,Same Day,PayPal
O001345,2025-11-29,C01832,P0053,2,18.36,0.1,33.05,9.61,Second Class,UPI
O001155,2025-11-29,C02935,P0115,1,25.15,0.0,25.15,9.87,Same Day,Credit Card
O003801,2025-11-29,C01701,P0004,2,76.71,0.1,138.08,63.18,First Class,Credit Card
O006332,2025-11-29,C02225,P0097,3,34.55,0.15,88.1,25.79,Second Class,Credit Card
O010177,2025-11-29,C00445,P0049,1,35.64,0.2,28.51,6.85,Same Day,PayPal
O008400,2025-11-29,C01555,P0107,1,97.13,0.2,77.7,14.84,Standard,PayPal
O001112,2025-11-30,C02248,P0133,1,14.29,0.15,12.15,0.62,Standard,PayPal
O000386,2025-11-30,C02325,P0038,3,7.97,0.15,20.32,2.26,First Class,PayPal
O002896,2025-11-30,C01857,P0055,1,55.71,0.1,50.14,17.97,Standard,Credit Card
O002492,2025-11-30,C02224,P0029,2,19.29,0.05,36.65,16.29,Standard,Credit Card
O004962,2025-11-30,C00386,P0139,1,48.37,0.05,45.95,21.18,Same Day,UPI
O011678,2025-11-30,C01683,P0165,2,53.31,0.1,95.96,17.56,Second Class,Credit Card
O002617,2025-11-30,C02487,P0157,1,95.85,0.0,95.85,17.56,Same Day,PayPal
O009564,2025-11-30,C00614,P0136,1,78.06,0.05,74.16,34.85,Same Day,Credit Card
O007272,2025-11-30,C02569,P0079,2,30.25,0.15,51.42,21.86,Standard,Debit Card
O003792,2025-11-30,C02146,P0003,1,43.42,0.1,39.08,14.09,First Class,Debit Card
O006058,2025-11-30,C02000,P0163,2,60.53,0.05,115.01,21.57,Standard,Bank Transfer
O008786,2025-11-30,C01943,P0032,1,95.01,0.05,90.26,20.73,First Class,Credit Card
O006269,2025-11-30,C03130,P0105,1,25.67,0.1,23.1,6.64,Standard,Bank Transfer
O006591,2025-11-30,C00906,P0133,2,14.29,0.15,24.29,1.23,Second Class,Credit Card
O010930,2025-11-30,C00064,P0107,1,97.13,0.1,87.42,24.56,First Class,Debit Card
O002485,2025-12-01,C00589,P0140,3,12.81,0.1,34.59,7.23,Same Day,Credit Card
O010865,2025-12-01,C00824,P0141,4,33.04,0.15,112.34,45.7,First Class,Bank Transfer
O008754,2025-12-01,C02268,P0157,1,95.85,0.0,95.85,17.56,Same Day,UPI
O005939,2025-12-01,C01652,P0030,2,23.58,0.0,47.16,16.22,Same Day,UPI
O000775,2025-12-01,C02392,P0041,1,46.06,0.0,46.06,15.94,First Class,UPI
O005526,2025-12-01,C00094,P0054,2,42.42,0.05,80.6,24.22,Second Class,Debit Card
O000480,2025-12-01,C01219,P0094,4,23.04,0.0,92.16,28.76,First Class,Bank Transfer
O008060,2025-12-01,C03234,P0166,2,37.27,0.05,70.81,15.91,First Class,PayPal
O004619,2025-12-01,C01161,P0103,1,22.81,0.1,20.53,2.95,Same Day,Bank Transfer
O000251,2025-12-01,C03126,P0014,3,8.22,0.15,20.96,1.01,Standard,Debit Card
O003030,2025-12-01,C01361,P0114,1,141.33,0.05,134.26,64.24,Same Day,Debit Card
O003795,2025-12-01,C00695,P0179,1,24.0,0.0,24.0,4.72,First Class,Bank Transfer
O007967,2025-12-01,C01466,P0108,3,31.93,0.15,81.42,20.01,First Class,Debit Card
O004692,2025-12-01,C01650,P0129,1,30.41,0.1,27.37,8.04,Second Class,PayPal
O010694,2025-12-01,C02850,P0097,1,34.55,0.3,24.18,3.41,First Class,Credit Card
O011028,2025-12-02,C01763,P0076,4,48.63,0.3,136.16,24.88,Standard,Debit Card
O004456,2025-12-02,C00873,P0099,1,28.6,0.15,24.31,10.44,First Class,PayPal
O006250,2025-12-02,C03419,P0150,2,34.57,0.15,58.77,4.95,Same Day,PayPal
O001933,2025-12-02,C02970,P0036,1,12.89,0.1,11.6,4.13,Standard,Bank Transfer
O005495,2025-12-02,C01809,P0045,3,10.9,0.0,32.7,9.21,Same Day,PayPal
O008654,2025-12-02,C02634,P0157,1,95.85,0.1,86.27,7.98,Same Day,Credit Card
O000703,2025-12-02,C00126,P0004,1,76.71,0.05,72.87,35.42,Second Class,Credit Card
O002556,2025-12-02,C01191,P0026,3,30.63,0.05,87.3,40.17,Same Day,PayPal
O009120,2025-12-02,C02019,P0027,1,13.49,0.0,13.49,4.19,First Class,Bank Transfer
O003003,2025-12-02,C02077,P0170,2,17.46,0.15,29.68,3.1,Same Day,Debit Card
O006941,2025-12-02,C01170,P0086,1,20.57,0.05,19.54,7.92,Same Day,Debit Card
O003759,2025-12-02,C02893,P0059,3,35.35,0.15,90.14,9.59,First Class,Credit Card
O001366,2025-12-02,C02700,P0126,1,118.37,0.05,112.45,32.47,Second Class,UPI
O007470,2025-12-02,C03057,P0144,2,32.14,0.2,51.42,20.06,Second Class,Credit Card
O006440,2025-12-02,C00576,P0063,4,13.89,0.0,55.56,14.36,First Class,PayPal
O009082,2025-12-02,C01067,P0011,1,21.09,0.2,16.87,6.64,Standard,Debit Card
O009544,2025-12-02,C02223,P0150,1,34.57,0.2,27.66,0.75,Same Day,Credit Card
O003177,2025-12-02,C02877,P0083,2,74.49,0.0,148.98,56.76,Standard,Credit Card
O002337,2025-12-03,C00265,P0061,1,20.87,0.15,17.74,6.82,Same Day,Debit Card
O002493,2025-12-03,C00007,P0144,3,32.14,0.1,86.78,39.74,Same Day,PayPal
O008243,2025-12-03,C03098,P0036,1,12.89,0.0,12.89,5.42,Second Class,Bank Transfer
O010081,2025-12-03,C02015,P0087,1,51.68,0.05,49.1,14.64,Standard,PayPal
O008437,2025-12-03,C03213,P0001,1,39.36,0.15,33.46,11.95,Second Class,Debit Card
O005451,2025-12-03,C01491,P0134,1,38.78,0.0,38.78,8.23,Same Day,Debit Card
O002147,2025-12-03,C02973,P0153,1,18.32,0.2,14.66,4.11,First Class,UPI
O002759,2025-12-03,C00027,P0159,5,13.14,0.1,59.13,19.28,Same Day,Credit Card
O000243,2025-12-03,C02842,P0031,1,19.28,0.1,17.35,2.34,First Class,Bank Transfer
O002072,2025-12-03,C01106,P0180,3,167.02,0.0,501.06,162.87,Second Class,Credit Card
O002073,2025-12-03,C01695,P0026,1,30.63,0.05,29.1,13.39,Same Day,Bank Transfer
O004244,2025-12-03,C03297,P0105,1,25.67,0.15,21.82,5.36,First Class,Credit Card
O004250,2025-12-03,C00519,P0062,1,25.26,0.0,25.26,8.65,Standard,UPI
O001440,2025-12-03,C02763,P0062,1,25.26,0.2,20.21,3.6,Standard,Debit Card
O004642,2025-12-03,C01093,P0122,1,15.78,0.1,14.2,3.18,Same Day,Bank Transfer
O002033,2025-12-04,C00838,P0068,3,54.72,0.0,164.16,55.71,Same Day,Bank Transfer
O005645,2025-12-04,C03452,P0044,1,23.44,0.3,16.41,-0.02,Second Class,Debit Card
O000129,2025-12-04,C02341,P0154,1,33.15,0.05,31.49,13.58,Second Class,Bank Transfer
O008367,2025-12-04,C00820,P0038,1,7.97,0.0,7.97,1.95,Second Class,Bank Transfer
O006315,2025-12-04,C00646,P0159,3,13.14,0.1,35.48,11.57,First Class,UPI
O001098,2025-12-04,C00583,P0144,2,32.14,0.15,54.64,23.28,Standard,Credit Card
O009588,2025-12-04,C02633,P0157,1,95.85,0.15,81.47,3.18,Same Day,Debit Card
O007334,2025-12-04,C00919,P0050,2,9.06,0.0,18.12,8.84,Second Class,UPI
O011211,2025-12-04,C02767,P0060,1,53.74,0.0,53.74,21.36,Standard,Bank Transfer
O008954,2025-12-04,C00397,P0123,1,70.94,0.1,63.85,29.16,Same Day,Credit Card
O002023,2025-12-04,C01122,P0145,2,33.75,0.15,57.38,6.28,Same Day,UPI
O007326,2025-12-04,C02627,P0002,3,26.05,0.2,62.52,5.82,First Class,Credit Card
O000327,2025-12-04,C02349,P0017,1,14.76,0.15,12.55,3.99,First Class,PayPal
O008720,2025-12-04,C02828,P0171,2,15.99,0.15,27.18,8.34,Same Day,Bank Transfer
O000311,2025-12-04,C01273,P0029,2,19.29,0.1,34.72,14.36,Same Day,Debit Card
O002603,2025-12-04,C01157,P0040,1,32.39,0.05,30.77,5.17,Standard,Bank Transfer
O004591,2025-12-05,C03333,P0098,1,33.77,0.0,33.77,8.86,Standard,Debit Card
O004027,2025-12-05,C01223,P0133,1,14.29,0.15,12.15,0.62,Standard,Credit Card
O009836,2025-12-05,C02880,P0064,3,13.1,0.05,37.33,15.58,Second Class,Bank Transfer
O007073,2025-12-05,C02922,P0169,2,24.3,0.0,48.6,16.92,Second Class,UPI
O003705,2025-12-05,C01007,P0094,1,23.04,0.0,23.04,7.19,Same Day,Debit Card
O003673,2025-12-05,C01976,P0011,1,21.09,0.2,16.87,6.64,Standard,Credit Card
O001428,2025-12-05,C02532,P0154,1,33.15,0.15,28.18,10.27,Same Day,Credit Card
O011798,2025-12-05,C02940,P0091,2,30.36,0.15,51.61,2.75,Second Class,Bank Transfer
O009609,2025-12-05,C02380,P0036,1,12.89,0.05,12.25,4.78,Standard,Debit Card
O004396,2025-12-05,C00661,P0061,2,20.87,0.2,33.39,11.55,Same Day,PayPal
O007884,2025-12-05,C02247,P0177,2,28.74,0.0,57.48,23.64,Same Day,Bank Transfer
O005197,2025-12-05,C03333,P0066,2,68.82,0.1,123.88,53.82,First Class,PayPal
O001825,2025-12-06,C01945,P0162,2,47.54,0.1,85.57,9.85,First Class,UPI
O011604,2025-12-06,C01191,P0103,1,22.81,0.2,18.25,0.67,Standard,Credit Card
O001606,2025-12-06,C00859,P0171,1,15.99,0.0,15.99,6.57,Second Class,UPI
O000730,2025-12-06,C02348,P0107,1,97.13,0.15,82.56,19.7,Second Class,Credit Card
O005595,2025-12-06,C00880,P0176,4,48.8,0.0,195.2,95.44,First Class,PayPal
O008176,2025-12-06,C03262,P0084,3,20.35,0.15,51.89,18.98,Same Day,Bank Transfer
O008443,2025-12-06,C01125,P0091,2,30.36,0.1,54.65,5.79,Standard,PayPal
O009881,2025-12-06,C01223,P0020,2,11.38,0.05,21.62,8.24,First Class,Debit Card
O001081,2025-12-06,C01151,P0094,1,23.04,0.15,19.58,3.73,Standard,Debit Card
O004058,2025-12-06,C00868,P0090,1,39.79,0.1,35.81,12.92,Same Day,UPI
O005616,2025-12-06,C00655,P0068,2,54.72,0.15,93.02,20.72,First Class,PayPal
O004887,2025-12-07,C01860,P0144,2,32.14,0.1,57.85,26.49,Second Class,PayPal
O007556,2025-12-07,C01608,P0085,1,16.85,0.15,14.32,5.34,Standard,Credit Card
O010672,2025-12-07,C01623,P0027,1,13.49,0.15,11.47,2.17,Standard,Debit Card
O005988,2025-12-07,C02073,P0077,2,30.16,0.1,54.29,16.33,First Class,Credit Card
O003982,2025-12-07,C00157,P0080,2,7.83,0.2,12.53,-0.11,Standard,UPI
O006063,2025-12-07,C01934,P0016,1,19.78,0.15,16.81,1.58,First Class,UPI
O008473,2025-12-07,C00554,P0018,1,34.96,0.1,31.46,10.1,Standard,PayPal
O008394,2025-12-07,C01407,P0077,1,30.16,0.1,27.14,8.16,Same Day,Debit Card
O004678,2025-12-07,C02500,P0102,1,21.68,0.1,19.51,8.8,First Class,UPI
O005925,2025-12-07,C02898,P0083,1,74.49,0.2,59.59,13.48,Same Day,Debit Card
O010534,2025-12-07,C00754,P0127,2,14.97,0.0,29.94,11.62,Standard,Bank Transfer
O002656,2025-12-07,C00712,P0070,2,18.74,0.0,37.48,11.36,Same Day,Bank Transfer
O011969,2025-12-07,C00886,P0146,1,47.38,0.0,47.38,20.1,Second Class,UPI
O011757,2025-12-07,C00465,P0173,2,27.11,0.1,48.8,15.6,Second Class,UPI
O002357,2025-12-07,C02558,P0127,1,14.97,0.0,14.97,5.81,Second Class,UPI
O000026,2025-12-07,C00329,P0067,2,27.2,0.1,48.96,21.9,Standard,Bank Transfer
O005132,2025-12-07,C02296,P0047,1,21.13,0.1,19.02,2.48,Second Class,Debit Card
O004858,2025-12-07,C01992,P0083,1,74.49,0.05,70.77,24.66,Same Day,PayPal
O002114,2025-12-07,C01140,P0008,3,46.94,0.1,126.74,13.46,Second Class,UPI
O002640,2025-12-07,C00754,P0109,1,33.7,0.05,32.02,13.86,First Class,Credit Card
O011047,2025-12-07,C02013,P0081,2,24.71,0.2,39.54,1.78,First Class,Bank Transfer
O005130,2025-12-07,C02949,P0137,1,17.13,0.3,11.99,3.18,First Class,UPI
O008482,2025-12-07,C01176,P0075,1,5.19,0.15,4.41,0.52,Same Day,PayPal
O002917,2025-12-08,C00192,P0068,1,54.72,0.05,51.98,15.83,First Class,UPI
O003641,2025-12-08,C03208,P0133,1,14.29,0.15,12.15,0.62,First Class,Bank Transfer
O003384,2025-12-08,C03037,P0096,1,11.01,0.0,11.01,4.8,First Class,UPI
O009203,2025-12-08,C00425,P0127,1,14.97,0.05,14.22,5.06,Standard,Bank Transfer
O011793,2025-12-08,C03463,P0132,2,29.8,0.1,53.64,17.2,Second Class,Credit Card
O003246,2025-12-08,C03326,P0043,1,26.44,0.0,26.44,6.57,First Class,Credit Card
O008886,2025-12-08,C02049,P0082,2,35.95,0.3,50.33,-1.19,Second Class,UPI
O009703,2025-12-08,C03194,P0024,1,11.29,0.15,9.6,1.51,Second Class,Credit Card
O002984,2025-12-08,C00355,P0036,2,12.89,0.1,23.2,8.26,Standard,Bank Transfer
O006720,2025-12-08,C02555,P0151,1,33.54,0.15,28.51,4.03,Second Class,PayPal
O005822,2025-12-08,C00295,P0129,1,30.41,0.0,30.41,11.08,Same Day,Credit Card
O002361,2025-12-08,C00161,P0174,1,35.58,0.3,24.91,7.7,Standard,Credit Card
O010089,2025-12-08,C01540,P0147,2,12.76,0.05,24.24,10.96,First Class,PayPal
O009968,2025-12-08,C01769,P0051,3,35.19,0.0,105.57,34.14,Same Day,Bank Transfer
O001465,2025-12-08,C03151,P0141,1,33.04,0.15,28.08,11.42,Standard,PayPal
O011134,2025-12-08,C02120,P0093,1,18.06,0.05,17.16,5.09,Standard,UPI
O011183,2025-12-08,C03154,P0044,3,23.44,0.1,63.29,14.0,Same Day,Bank Transfer
O000886,2025-12-08,C00116,P0169,1,24.3,0.1,21.87,6.03,Standard,UPI
O004010,2025-12-08,C02929,P0140,1,12.81,0.1,11.53,2.41,Second Class,PayPal
O003577,2025-12-09,C01783,P0136,1,78.06,0.3,54.64,15.33,Same Day,PayPal
O002859,2025-12-09,C00220,P0123,2,70.94,0.0,141.88,72.5,Standard,Debit Card
O007337,2025-12-09,C00338,P0064,2,13.1,0.3,18.34,3.84,First Class,UPI
O002799,2025-12-09,C00165,P0076,1,48.63,0.05,46.2,18.38,Same Day,UPI
O006282,2025-12-09,C00447,P0085,4,16.85,0.05,64.03,28.11,Standard,PayPal
O005027,2025-12-09,C01274,P0177,1,28.74,0.2,22.99,6.07,Standard,Bank Transfer
O007874,2025-12-09,C00853,P0011,1,21.09,0.2,16.87,6.64,Second Class,Bank Transfer
O003767,2025-12-09,C01975,P0002,2,26.05,0.2,41.68,3.88,Standard,Bank Transfer
O004625,2025-12-09,C01395,P0017,1,14.76,0.15,12.55,3.99,Same Day,UPI
O007987,2025-12-09,C02577,P0150,4,34.57,0.1,124.45,16.81,First Class,Bank Transfer
O005347,2025-12-09,C03243,P0001,1,39.36,0.05,37.39,15.88,Second Class,Debit Card
O001536,2025-12-09,C01636,P0018,1,34.96,0.0,34.96,13.6,First Class,PayPal
O011436,2025-12-09,C01700,P0072,1,77.46,0.1,69.71,6.83,Standard,Credit Card
O003180,2025-12-10,C02811,P0080,2,7.83,0.1,14.09,1.45,Same Day,PayPal
O003498,2025-12-10,C03355,P0038,3,7.97,0.05,22.71,4.65,Same Day,UPI
O011407,2025-12-10,C00409,P0028,4,36.39,0.2,116.45,-2.43,Same Day,Bank Transfer
O011581,2025-12-10,C02796,P0102,1,21.68,0.1,19.51,8.8,Standard,Bank Transfer
O001694,2025-12-10,C02971,P0050,2,9.06,0.1,16.31,7.03,First Class,Debit Card
O011504,2025-12-10,C00239,P0041,1,46.06,0.15,39.15,9.03,Second Class,Bank Transfer
O007006,2025-12-10,C02936,P0025,3,20.01,0.05,57.03,16.59,Standard,Debit Card
O008026,2025-12-10,C00054,P0174,1,35.58,0.1,32.02,14.81,First Class,Credit Card
O004173,2025-12-10,C00352,P0055,3,55.71,0.0,167.13,70.62,Standard,PayPal
O000253,2025-12-10,C00372,P0023,1,29.78,0.05,28.29,4.52,Second Class,Debit Card
O002903,2025-12-10,C00342,P0017,3,14.76,0.15,37.64,11.96,Standard,Credit Card
O006750,2025-12-10,C00209,P0061,2,20.87,0.0,41.74,19.9,Same Day,Debit Card
O009420,2025-12-11,C01543,P0061,2,20.87,0.05,39.65,17.81,Second Class,Bank Transfer
O005545,2025-12-11,C01158,P0163,1,60.53,0.0,60.53,13.81,First Class,PayPal
O008839,2025-12-11,C02187,P0151,2,33.54,0.0,67.08,18.12,Standard,Debit Card
O001225,2025-12-11,C01111,P0053,1,18.36,0.1,16.52,4.8,Same Day,Credit Card
O008372,2025-12-11,C03347,P0100,5,24.47,0.3,85.64,22.09,Second Class,Bank Transfer
O011258,2025-12-11,C00394,P0134,1,38.78,0.15,32.96,2.41,First Class,Credit Card
O008215,2025-12-11,C02928,P0078,1,23.47,0.1,21.12,9.23,Standard,UPI
O005179,2025-12-11,C02022,P0011,1,21.09,0.1,18.98,8.75,First Class,Bank Transfer
O011084,2025-12-11,C01642,P0153,1,18.32,0.2,14.66,4.11,Second Class,Bank Transfer
O007970,2025-12-11,C01948,P0168,3,97.8,0.1,264.06,33.18,Second Class,Debit Card
O003716,2025-12-11,C03464,P0163,1,60.53,0.05,57.5,10.78,Same Day,Credit Card
O007150,2025-12-11,C02378,P0028,1,36.39,0.0,36.39,6.67,Same Day,UPI
O007372,2025-12-11,C00479,P0178,1,73.32,0.1,65.99,7.11,Same Day,PayPal
O002918,2025-12-11,C03059,P0036,2,12.89,0.2,20.62,5.68,Second Class,PayPal
O002294,2025-12-11,C02923,P0042,3,31.86,0.2,76.46,14.27,Same Day,PayPal
O006296,2025-12-11,C02440,P0121,2,47.66,0.1,85.79,37.75,First Class,PayPal
O002865,2025-12-11,C01077,P0011,1,21.09,0.3,14.76,4.53,Second Class,Bank Transfer
O006307,2025-12-11,C02519,P0107,2,97.13,0.05,184.55,58.83,Same Day,Debit Card
O007244,2025-12-11,C02943,P0131,1,10.4,0.2,8.32,0.0,Standard,Debit Card
O006882,2025-12-11,C01425,P0110,1,27.16,0.2,21.73,4.69,Second Class,Credit Card
O005023,2025-12-12,C01134,P0093,1,18.06,0.05,17.16,5.09,First Class,Credit Card
O008327,2025-12-12,C00484,P0137,1,17.13,0.2,13.7,4.89,Standard,Debit Card
O007261,2025-12-12,C01225,P0055,2,55.71,0.15,94.71,30.37,Second Class,Bank Transfer
O006600,2025-12-12,C03146,P0133,1,14.29,0.15,12.15,0.62,Second Class,Bank Transfer
O011490,2025-12-12,C02265,P0041,2,46.06,0.0,92.12,31.88,First Class,Debit Card
O001212,2025-12-12,C03064,P0048,1,56.66,0.05,53.83,20.12,First Class,Credit Card
O001104,2025-12-12,C01484,P0112,2,28.02,0.1,50.44,11.8,Second Class,Credit Card
O006926,2025-12-12,C01731,P0179,1,24.0,0.1,21.6,2.32,First Class,Debit Card
O002306,2025-12-12,C02170,P0083,1,74.49,0.05,70.77,24.66,Same Day,Credit Card
O007837,2025-12-12,C02239,P0141,2,33.04,0.1,59.47,26.15,Standard,Credit Card
O005207,2025-12-12,C00322,P0011,2,21.09,0.0,42.18,21.72,Standard,UPI
O007889,2025-12-12,C03469,P0033,1,28.25,0.2,22.6,2.35,Second Class,Credit Card
O003728,2025-12-12,C00671,P0052,1,22.19,0.0,22.19,11.27,First Class,Debit Card
O001313,2025-12-12,C01927,P0086,1,20.57,0.1,18.51,6.89,Same Day,Credit Card
O000418,2025-12-12,C02796,P0160,2,43.67,0.0,87.34,22.36,First Class,PayPal
O004163,2025-12-12,C03396,P0033,1,28.25,0.05,26.84,6.59,First Class,Debit Card
O003284,2025-12-12,C00123,P0059,1,35.35,0.1,31.82,4.97,Second Class,UPI
O009955,2025-12-12,C02587,P0041,1,46.06,0.0,46.06,15.94,Same Day,Bank Transfer
O002181,2025-12-12,C02171,P0124,1,11.46,0.2,9.17,1.39,Second Class,UPI
O006093,2025-12-12,C00159,P0010,5,40.56,0.1,182.52,59.67,Second Class,Debit Card
O008182,2025-12-13,C01210,P0172,2,16.77,0.0,33.54,7.22,Second Class,Bank Transfer
O002589,2025-12-13,C01148,P0094,1,23.04,0.0,23.04,7.19,Same Day,Credit Card
O002176,2025-12-13,C03329,P0121,1,47.66,0.0,47.66,23.64,Same Day,PayPal
O003278,2025-12-13,C01870,P0088,1,35.29,0.3,24.7,-0.81,Second Class,PayPal
O009705,2025-12-13,C00502,P0016,2,19.78,0.05,37.58,7.12,Standard,UPI
O002451,2025-12-13,C00123,P0106,1,37.06,0.1,33.35,14.33,Standard,PayPal
O011634,2025-12-13,C02762,P0167,3,48.63,0.1,131.3,56.15,Same Day,PayPal
O003163,2025-12-13,C01922,P0138,1,23.12,0.0,23.12,11.88,Standard,UPI
O010152,2025-12-13,C02207,P0138,2,23.12,0.0,46.24,23.76,Standard,PayPal
O002442,2025-12-13,C01432,P0169,1,24.3,0.05,23.09,7.25,Second Class,Credit Card
O008674,2025-12-13,C00435,P0078,1,23.47,0.2,18.78,6.89,Second Class,Debit Card
O007162,2025-12-13,C01318,P0144,1,32.14,0.05,30.53,14.85,First Class,PayPal
O007323,2025-12-13,C01932,P0169,2,24.3,0.1,43.74,12.06,Second Class,Bank Transfer
O004186,2025-12-13,C02103,P0024,2,11.29,0.2,18.06,1.88,Standard,Debit Card
O003458,2025-12-13,C00423,P0034,1,14.33,0.1,12.9,2.6,Second Class,Credit Card
O009585,2025-12-13,C01971,P0176,1,48.8,0.1,43.92,18.98,Same Day,Bank Transfer
O001102,2025-12-14,C02444,P0155,1,34.48,0.05,32.76,7.41,First Class,Credit Card
O004968,2025-12-14,C02520,P0044,2,23.44,0.0,46.88,14.02,First Class,PayPal
O009633,2025-12-14,C01968,P0154,3,33.15,0.1,89.5,35.77,Same Day,PayPal
O010901,2025-12-14,C03363,P0068,1,54.72,0.0,54.72,18.57,Same Day,Credit Card
O008967,2025-12-14,C02649,P0035,1,48.65,0.05,46.22,16.92,Standard,Debit Card
O006068,2025-12-14,C02617,P0067,1,27.2,0.0,27.2,13.67,Second Class,PayPal
O003703,2025-12-14,C03402,P0076,1,48.63,0.0,48.63,20.81,Same Day,Credit Card
O001018,2025-12-14,C00986,P0071,3,36.05,0.1,97.33,18.73,First Class,Debit Card
O009598,2025-12-14,C03145,P0025,1,20.01,0.3,14.01,0.53,First Class,Credit Card
O001294,2025-12-14,C01524,P0104,2,16.92,0.0,33.84,9.5,Standard,Debit Card
O010201,2025-12-14,C02268,P0035,1,48.65,0.1,43.78,14.48,Same Day,Credit Card
O000669,2025-12-14,C00360,P0060,1,53.74,0.1,48.37,15.99,Second Class,Debit Card
O007242,2025-12-14,C01189,P0167,3,48.63,0.2,116.71,41.56,Same Day,Bank Transfer
O001072,2025-12-14,C02950,P0092,3,53.5,0.2,128.4,11.1,Same Day,PayPal
O004877,2025-12-14,C01677,P0060,2,53.74,0.05,102.11,37.35,Second Class,Credit Card
O000950,2025-12-14,C01027,P0024,1,11.29,0.15,9.6,1.51,Standard,UPI
O011141,2025-12-15,C02321,P0137,1,17.13,0.15,14.56,5.75,First Class,Debit Card
O009865,2025-12-15,C01983,P0046,1,17.85,0.0,17.85,4.45,First Class,PayPal
O002694,2025-12-15,C00465,P0027,2,13.49,0.1,24.28,5.68,Second Class,Credit Card
O007370,2025-12-15,C00809,P0021,3,73.9,0.2,177.36,58.17,Same Day,Credit Card
O009907,2025-12-15,C00707,P0149,4,40.02,0.15,136.07,24.99,Second Class,UPI
O007171,2025-12-15,C01745,P0035,1,48.65,0.05,46.22,16.92,Same Day,Credit Card
O008079,2025-12-15,C01308,P0085,2,16.85,0.15,28.65,10.69,First Class,Debit Card
O007982,2025-12-15,C02521,P0107,4,97.13,0.0,388.52,137.08,Second Class,UPI
O010521,2025-12-15,C01453,P0113,1,29.64,0.1,26.68,6.05,First Class,Credit Card
O008699,2025-12-15,C00742,P0158,2,38.78,0.05,73.68,25.58,First Class,UPI
O007033,2025-12-15,C00753,P0132,1,29.8,0.1,26.82,8.6,First Class,Bank Transfer
O011062,2025-12-15,C02186,P0069,4,36.06,0.1,129.82,34.06,Same Day,UPI
O007739,2025-12-15,C02301,P0084,1,20.35,0.15,17.3,6.33,Standard,Bank Transfer
O004071,2025-12-15,C02651,P0095,4,22.09,0.1,79.52,24.52,Standard,Debit Card
O010905,2025-12-15,C02851,P0123,1,70.94,0.1,63.85,29.16,Standard,Debit Card
O001843,2025-12-15,C00381,P0065,1,48.33,0.15,41.08,7.65,Standard,Credit Card
O011711,2025-12-15,C00344,P0080,2,7.83,0.05,14.88,2.24,Standard,Credit Card
O011966,2025-12-15,C01388,P0106,2,37.06,0.2,59.3,21.26,Second Class,PayPal
O008702,2025-12-15,C00344,P0051,1,35.19,0.05,33.43,9.62,First Class,Debit Card
O008397,2025-12-16,C00368,P0073,3,27.85,0.1,75.2,20.42,Second Class,Debit Card
O009413,2025-12-16,C01375,P0167,1,48.63,0.0,48.63,23.58,Standard,UPI
O002191,2025-12-16,C00152,P0167,1,48.63,0.1,43.77,18.72,Standard,Bank Transfer
O005904,2025-12-16,C02189,P0163,1,60.53,0.15,51.45,4.73,Standard,PayPal
O001889,2025-12-16,C02131,P0110,2,27.16,0.05,51.6,17.52,Standard,Debit Card
O009880,2025-12-16,C02895,P0134,3,38.78,0.15,98.89,7.24,First Class,Bank Transfer
O011050,2025-12-16,C00652,P0061,1,20.87,0.1,18.78,7.86,First Class,Debit Card
O006481,2025-12-16,C02775,P0098,2,33.77,0.0,67.54,17.72,Same Day,UPI
O002127,2025-12-16,C02902,P0145,2,33.75,0.0,67.5,16.4,Second Class,Bank Transfer
O003179,2025-12-16,C01833,P0089,2,20.2,0.1,36.36,7.9,Second Class,Debit Card
O002045,2025-12-16,C01025,P0130,1,20.55,0.05,19.52,5.84,First Class,Debit Card
O001069,2025-12-16,C01373,P0023,1,29.78,0.05,28.29,4.52,Second Class,UPI
O009473,2025-12-16,C00449,P0016,2,19.78,0.0,39.56,9.1,Second Class,Bank Transfer
O003256,2025-12-16,C01493,P0013,2,33.36,0.1,60.05,18.31,Standard,PayPal
O005757,2025-12-16,C03002,P0105,2,25.67,0.1,46.21,13.29,Second Class,Debit Card
O004016,2025-12-16,C02910,P0099,1,28.6,0.2,22.88,9.01,Standard,Credit Card
O007699,2025-12-16,C00327,P0006,1,24.48,0.05,23.26,10.04,Standard,Debit Card
O007562,2025-12-16,C02970,P0162,1,47.54,0.05,45.16,7.3,Standard,UPI
O011670,2025-12-16,C01078,P0039,1,12.02,0.0,12.02,2.71,Standard,Bank Transfer
O006126,2025-12-16,C01098,P0100,2,24.47,0.15,41.6,16.18,Same Day,PayPal
O011087,2025-12-16,C02303,P0061,4,20.87,0.1,75.13,31.45,First Class,Debit Card
O008593,2025-12-16,C00658,P0027,4,13.49,0.1,48.56,11.36,Same Day,Bank Transfer
O009626,2025-12-16,C02833,P0158,1,38.78,0.15,32.96,8.91,Standard,Credit Card
O008657,2025-12-16,C02334,P0027,2,13.49,0.05,25.63,7.03,Same Day,UPI
O011797,2025-12-17,C02926,P0092,2,53.5,0.05,101.65,23.45,Same Day,UPI
O002062,2025-12-17,C01132,P0081,3,24.71,0.05,70.42,13.78,First Class,UPI
O008022,2025-12-17,C03076,P0030,4,23.58,0.2,75.46,13.58,First Class,PayPal
O002008,2025-12-17,C01397,P0112,2,28.02,0.2,44.83,6.19,First Class,Bank Transfer
O008252,2025-12-17,C01611,P0028,1,36.39,0.0,36.39,6.67,Same Day,Debit Card
O002906,2025-12-17,C03402,P0039,1,12.02,0.1,10.82,1.51,Second Class,UPI
O008996,2025-12-17,C02739,P0139,1,48.37,0.05,45.95,21.18,First Class,Bank Transfer
O007268,2025-12-17,C01297,P0142,1,66.66,0.15,56.66,17.43,Second Class,Credit Card
O008512,2025-12-17,C02220,P0038,1,7.97,0.0,7.97,1.95,Same Day,Bank Transfer
O001400,2025-12-17,C00377,P0084,1,20.35,0.1,18.32,7.35,First Class,Debit Card
O003354,2025-12-17,C00459,P0168,1,97.8,0.05,92.91,15.95,Same Day,UPI
O007567,2025-12-17,C03053,P0164,2,16.72,0.2,26.75,5.83,Same Day,Debit Card
O000631,2025-12-17,C00110,P0137,2,17.13,0.1,30.83,13.21,First Class,PayPal
O002373,2025-12-17,C00562,P0163,1,60.53,0.2,48.42,1.7,First Class,PayPal
O011048,2025-12-17,C01941,P0083,1,74.49,0.0,74.49,28.38,First Class,UPI
O001031,2025-12-17,C01837,P0104,4,16.92,0.15,57.53,8.85,Second Class,Credit Card
O006812,2025-12-17,C01353,P0140,1,12.81,0.15,10.89,1.77,First Class,Credit Card
O003996,2025-12-17,C02019,P0054,1,42.42,0.0,42.42,14.23,Same Day,Credit Card
O010761,2025-12-17,C03093,P0147,3,12.76,0.3,26.8,6.88,Second Class,Credit Card
O008651,2025-12-17,C02753,P0033,1,28.25,0.2,22.6,2.35,Standard,Debit Card
O000666,2025-12-17,C00197,P0171,1,15.99,0.3,11.19,1.77,Standard,Credit Card
O009882,2025-12-17,C01785,P0083,2,74.49,0.1,134.08,41.86,First Class,Debit Card
O010805,2025-12-17,C01392,P0026,2,30.63,0.05,58.2,26.78,Second Class,Debit Card
O000328,2025-12-18,C01821,P0161,4,15.13,0.0,60.52,24.44,First Class,Credit Card
O003858,2025-12-18,C01018,P0067,2,27.2,0.3,38.08,11.02,Same Day,UPI
O002825,2025-12-18,C02176,P0012,1,21.06,0.05,20.01,3.25,Second Class,UPI
O011332,2025-12-18,C01209,P0063,2,13.89,0.05,26.39,5.79,First Class,PayPal
O002322,2025-12-18,C00647,P0090,1,39.79,0.15,33.82,10.93,Standard,UPI
O010346,2025-12-18,C01206,P0163,1,60.53,0.1,54.48,7.76,Second Class,Debit Card
O010298,2025-12-18,C02618,P0004,1,76.71,0.15,65.2,27.75,Same Day,UPI
O002535,2025-12-18,C01457,P0038,1,7.97,0.0,7.97,1.95,First Class,PayPal
O010830,2025-12-18,C02666,P0100,1,24.47,0.0,24.47,11.76,Second Class,Credit Card
O006488,2025-12-18,C02247,P0061,3,20.87,0.0,62.61,29.85,Standard,Bank Transfer
O002430,2025-12-18,C01151,P0118,1,13.33,0.1,12.0,1.72,Same Day,Debit Card
O000405,2025-12-18,C01052,P0158,1,38.78,0.05,36.84,12.79,Standard,PayPal
O010433,2025-12-18,C02898,P0009,1,21.01,0.15,17.86,1.24,First Class,Credit Card
O001880,2025-12-18,C01004,P0162,4,47.54,0.15,161.64,10.2,Same Day,Bank Transfer
O007205,2025-12-18,C00332,P0129,2,30.41,0.15,51.7,13.04,Standard,UPI
O010949,2025-12-18,C03348,P0124,1,11.46,0.15,9.74,1.96,Same Day,PayPal
O006763,2025-12-18,C02564,P0086,1,20.57,0.2,16.46,4.84,Standard,Debit Card
O001199,2025-12-18,C02477,P0022,3,24.61,0.2,59.06,9.65,First Class,UPI
O004131,2025-12-18,C01080,P0076,1,48.63,0.15,41.34,13.52,First Class,Debit Card
O001001,2025-12-18,C01800,P0046,1,17.85,0.15,15.17,1.77,Second Class,PayPal
O005640,2025-12-19,C00174,P0028,1,36.39,0.1,32.75,3.03,Same Day,Debit Card
O004480,2025-12-19,C03047,P0019,1,15.8,0.05,15.01,2.85,Standard,Bank Transfer
O009253,2025-12-19,C00561,P0169,3,24.3,0.0,72.9,25.38,Second Class,Debit Card
O011264,2025-12-19,C00061,P0153,2,18.32,0.1,32.98,11.88,Same Day,Bank Transfer
O004182,2025-12-19,C02785,P0065,4,48.33,0.05,183.65,49.93,Standard,PayPal
O007576,2025-12-19,C00269,P0080,4,7.83,0.15,26.62,1.34,Standard,Credit Card
O000485,2025-12-19,C01972,P0137,3,17.13,0.05,48.82,22.39,Second Class,Debit Card
O001702,2025-12-19,C03175,P0167,1,48.63,0.1,43.77,18.72,First Class,Debit Card
O003806,2025-12-19,C02906,P0112,1,28.02,0.15,23.82,4.5,Standard,UPI
O000906,2025-12-19,C01931,P0037,1,32.65,0.15,27.75,3.09,Standard,Debit Card
O011520,2025-12-19,C03045,P0129,1,30.41,0.0,30.41,11.08,Standard,Debit Card
O000776,2025-12-19,C00056,P0061,3,20.87,0.05,59.48,26.72,First Class,Debit Card
O011957,2025-12-19,C00051,P0046,2,17.85,0.1,32.13,5.33,Second Class,Debit Card
O010168,2025-12-19,C02120,P0135,2,15.68,0.15,26.66,9.52,Standard,Bank Transfer
O006695,2025-12-19,C00578,P0051,3,35.19,0.1,95.01,23.58,Same Day,Bank Transfer
O006092,2025-12-20,C02358,P0105,2,25.67,0.0,51.34,18.42,Same Day,Debit Card
O006877,2025-12-20,C01479,P0040,2,32.39,0.0,64.78,13.58,First Class,UPI
O000166,2025-12-20,C01115,P0123,3,70.94,0.2,170.26,66.19,Second Class,Bank Transfer
O008108,2025-12-20,C03468,P0010,1,40.56,0.05,38.53,13.96,Second Class,Debit Card
O007303,2025-12-20,C02161,P0085,1,16.85,0.0,16.85,7.87,First Class,UPI
O011021,2025-12-20,C00422,P0148,1,12.08,0.05,11.48,2.82,Same Day,UPI
O008616,2025-12-20,C01711,P0072,4,77.46,0.15,263.36,11.84,Same Day,Bank Transfer
O002034,2025-12-20,C02032,P0049,1,35.64,0.1,32.08,10.42,Same Day,UPI
O004568,2025-12-20,C00816,P0173,2,27.11,0.2,43.38,10.18,Same Day,Credit Card
O006674,2025-12-20,C00620,P0178,1,73.32,0.1,65.99,7.11,Same Day,Credit Card
O005369,2025-12-20,C03198,P0048,1,56.66,0.2,45.33,11.62,Same Day,PayPal
O010005,2025-12-20,C00015,P0026,1,30.63,0.0,30.63,14.92,Same Day,PayPal
O001472,2025-12-20,C02204,P0166,1,37.27,0.0,37.27,9.82,Second Class,PayPal
O010904,2025-12-20,C02394,P0129,1,30.41,0.2,24.33,5.0,First Class,Debit Card
O002230,2025-12-20,C01123,P0093,3,18.06,0.05,51.47,15.26,First Class,Credit Card
O010032,2025-12-20,C00507,P0173,2,27.11,0.15,46.09,12.89,Second Class,UPI
O001624,2025-12-21,C02089,P0085,2,16.85,0.2,26.96,9.0,Standard,Bank Transfer
O000040,2025-12-21,C03116,P0056,1,52.21,0.0,52.21,16.66,Standard,UPI
O009322,2025-12-21,C02947,P0165,3,53.31,0.1,143.94,26.34,Second Class,UPI
O009066,2025-12-21,C00777,P0067,1,27.2,0.1,24.48,10.95,Second Class,Credit Card
O011887,2025-12-21,C03148,P0015,2,9.29,0.0,18.58,3.58,Standard,PayPal
O011088,2025-12-21,C01325,P0129,1,30.41,0.0,30.41,11.08,Same Day,Debit Card
O011261,2025-12-21,C00022,P0073,1,27.85,0.1,25.07,6.81,Same Day,UPI
O008636,2025-12-21,C02001,P0004,1,76.71,0.0,76.71,39.26,First Class,Bank Transfer
O000601,2025-12-21,C00891,P0149,1,40.02,0.1,36.02,8.25,First Class,UPI
O008663,2025-12-21,C03460,P0004,1,76.71,0.1,69.04,31.59,Standard,Credit Card
O005577,2025-12-21,C01436,P0060,2,53.74,0.2,85.98,21.22,Standard,Bank Transfer
O002360,2025-12-21,C00620,P0037,1,32.65,0.1,29.38,4.72,First Class,PayPal
O011499,2025-12-21,C02198,P0103,4,22.81,0.1,82.12,11.8,Second Class,Credit Card
O000587,2025-12-21,C03468,P0127,1,14.97,0.1,13.47,4.31,Same Day,Debit Card
O005754,2025-12-21,C00473,P0082,3,35.95,0.0,107.85,30.57,Same Day,PayPal
O002028,2025-12-22,C01700,P0145,2,33.75,0.1,60.75,9.65,First Class,Debit Card
O002087,2025-12-22,C02627,P0110,3,27.16,0.1,73.33,22.21,First Class,Bank Transfer
O006351,2025-12-22,C02092,P0100,4,24.47,0.15,83.2,32.36,Second Class,Bank Transfer
O004697,2025-12-22,C00710,P0089,4,20.2,0.05,76.76,19.84,First Class,Credit Card
O000254,2025-12-22,C00344,P0086,3,20.57,0.05,58.62,23.76,Second Class,Credit Card
O001798,2025-12-22,C01869,P0023,2,29.78,0.05,56.58,9.04,Same Day,PayPal
O001983,2025-12-22,C02192,P0164,2,16.72,0.3,23.41,2.49,Second Class,UPI
O000559,2025-12-22,C02070,P0011,2,21.09,0.1,37.96,17.5,Standard,Credit Card
O004899,2025-12-22,C01773,P0137,1,17.13,0.1,15.42,6.61,First Class,Debit Card
O004961,2025-12-22,C00495,P0155,2,34.48,0.0,68.96,18.26,First Class,Bank Transfer
O003901,2025-12-22,C02156,P0035,1,48.65,0.0,48.65,19.35,First Class,Credit Card
O001435,2025-12-22,C00180,P0073,1,27.85,0.1,25.07,6.81,Same Day,UPI
O010278,2025-12-22,C00625,P0058,3,23.31,0.05,66.43,31.99,First Class,UPI
O007542,2025-12-22,C02136,P0163,4,60.53,0.0,242.12,55.24,Same Day,Credit Card
O005134,2025-12-22,C01599,P0149,3,40.02,0.3,84.04,0.73,Second Class,UPI
O010412,2025-12-22,C01736,P0065,1,48.33,0.0,48.33,14.9,Same Day,UPI
O009415,2025-12-23,C02833,P0035,1,48.65,0.3,34.05,4.75,First Class,Credit Card
O009341,2025-12-23,C01960,P0123,1,70.94,0.2,56.75,22.06,Same Day,PayPal
O003339,2025-12-23,C01279,P0031,1,19.28,0.3,13.5,-1.51,First Class,PayPal
O006238,2025-12-23,C00694,P0022,2,24.61,0.05,46.76,13.82,Same Day,Credit Card
O007186,2025-12-23,C02001,P0053,1,18.36,0.0,18.36,6.64,Same Day,UPI
O010174,2025-12-23,C02377,P0025,4,20.01,0.05,76.04,22.12,First Class,UPI
O006716,2025-12-23,C02386,P0047,1,21.13,0.15,17.96,1.42,First Class,Bank Transfer
O011311,2025-12-23,C01332,P0004,1,76.71,0.0,76.71,39.26,First Class,Bank Transfer
O003452,2025-12-23,C01654,P0060,2,53.74,0.15,91.36,26.6,Same Day,Debit Card
O005042,2025-12-24,C01719,P0118,1,13.33,0.1,12.0,1.72,Standard,Credit Card
O009178,2025-12-24,C02500,P0006,1,24.48,0.1,22.03,8.81,Second Class,UPI
O002644,2025-12-24,C01150,P0051,2,35.19,0.0,70.38,22.76,Standard,Bank Transfer
O006274,2025-12-24,C03491,P0024,1,11.29,0.1,10.16,2.07,Same Day,UPI
O008568,2025-12-24,C01664,P0125,4,41.74,0.15,141.92,8.4,Same Day,Bank Transfer
O007079,2025-12-24,C00052,P0057,2,16.52,0.15,28.08,11.88,First Class,PayPal
O003433,2025-12-24,C01831,P0104,2,16.92,0.3,23.69,-0.65,Second Class,PayPal
O008395,2025-12-24,C01141,P0070,2,18.74,0.1,33.73,7.61,Second Class,Bank Transfer
O001730,2025-12-24,C02408,P0087,2,51.68,0.0,103.36,34.44,First Class,Credit Card
O002964,2025-12-24,C02809,P0013,1,33.36,0.1,30.02,9.15,Standard,Credit Card
O000085,2025-12-24,C01452,P0103,1,22.81,0.15,19.39,1.81,Same Day,PayPal
O009689,2025-12-24,C03275,P0001,1,39.36,0.1,35.42,13.91,First Class,UPI
O009319,2025-12-24,C00849,P0089,1,20.2,0.0,20.2,5.97,Same Day,PayPal
O005964,2025-12-24,C02785,P0144,2,32.14,0.1,57.85,26.49,Standard,Credit Card
O006366,2025-12-24,C00766,P0081,1,24.71,0.1,22.24,3.36,Second Class,PayPal
O005592,2025-12-24,C01062,P0036,1,12.89,0.2,10.31,2.84,Same Day,Credit Card
O011684,2025-12-24,C02955,P0123,3,70.94,0.0,212.82,108.75,Same Day,Debit Card
O008605,2025-12-24,C00253,P0064,1,13.1,0.1,11.79,4.54,Second Class,PayPal
O004029,2025-12-24,C01720,P0117,2,27.87,0.05,52.95,16.65,First Class,PayPal
O000667,2025-12-25,C00341,P0084,1,20.35,0.05,19.33,8.36,Same Day,Debit Card
O009445,2025-12-25,C00089,P0103,1,22.81,0.2,18.25,0.67,Second Class,UPI
O001766,2025-12-25,C01958,P0126,2,118.37,0.15,201.23,41.27,First Class,UPI
O000049,2025-12-25,C02809,P0168,3,97.8,0.1,264.06,33.18,Same Day,PayPal
O005129,2025-12-25,C00206,P0016,1,19.78,0.15,16.81,1.58,Standard,Credit Card
O000218,2025-12-25,C01066,P0120,1,46.47,0.3,32.53,7.65,Standard,Credit Card
O010273,2025-12-25,C02526,P0153,1,18.32,0.1,16.49,5.94,Second Class,Debit Card
O009893,2025-12-25,C00591,P0042,1,31.86,0.0,31.86,11.13,Second Class,UPI
O000676,2025-12-25,C02156,P0102,3,21.68,0.0,65.04,32.91,Same Day,Credit Card
O003509,2025-12-25,C02132,P0116,3,34.67,0.0,104.01,31.95,Standard,Debit Card
O002970,2025-12-25,C01478,P0019,1,15.8,0.05,15.01,2.85,Standard,Credit Card
O010748,2025-12-26,C01967,P0063,2,13.89,0.1,25.0,4.4,Standard,Bank Transfer
O004130,2025-12-26,C01940,P0172,1,16.77,0.0,16.77,3.61,Same Day,UPI
O006950,2025-12-26,C00993,P0033,3,28.25,0.1,76.28,15.53,First Class,UPI
O011525,2025-12-26,C00316,P0030,1,23.58,0.0,23.58,8.11,First Class,Credit Card
O002367,2025-12-26,C03493,P0168,3,97.8,0.1,264.06,33.18,Standard,UPI
O005883,2025-12-26,C01737,P0124,2,11.46,0.15,19.48,3.92,First Class,Bank Transfer
O008542,2025-12-26,C02876,P0082,1,35.95,0.05,34.15,8.39,Standard,UPI
O001622,2025-12-26,C02371,P0169,1,24.3,0.05,23.09,7.25,Standard,Debit Card
O011184,2025-12-26,C03036,P0060,1,53.74,0.1,48.37,15.99,Standard,UPI
O010988,2025-12-26,C02152,P0114,1,141.33,0.1,127.2,57.18,Same Day,PayPal
O004693,2025-12-26,C01504,P0096,4,11.01,0.15,37.43,12.59,Same Day,Bank Transfer
O008599,2025-12-26,C01818,P0054,2,42.42,0.0,84.84,28.46,Same Day,UPI
O002095,2025-12-26,C01999,P0100,1,24.47,0.0,24.47,11.76,Standard,Bank Transfer
O009050,2025-12-26,C03395,P0020,1,11.38,0.3,7.97,1.28,First Class,Credit Card
O006758,2025-12-26,C01528,P0023,1,29.78,0.1,26.8,3.03,First Class,Bank Transfer
O004054,2025-12-27,C01943,P0007,4,79.56,0.0,318.24,63.72,Standard,UPI
O003326,2025-12-27,C03097,P0011,1,21.09,0.2,16.87,6.64,Standard,Bank Transfer
O010613,2025-12-27,C01548,P0170,1,17.46,0.05,16.59,3.3,Same Day,Bank Transfer
O007989,2025-12-27,C02520,P0086,1,20.57,0.05,19.54,7.92,Same Day,UPI
O002877,2025-12-27,C02484,P0038,1,7.97,0.15,6.77,0.75,First Class,Bank Transfer
O009370,2025-12-27,C02024,P0007,3,79.56,0.15,202.88,11.99,Same Day,PayPal
O005274,2025-12-27,C01019,P0056,1,52.21,0.05,49.6,14.05,Same Day,Bank Transfer
O008319,2025-12-27,C01868,P0125,1,41.74,0.1,37.57,4.19,First Class,Debit Card
O001124,2025-12-27,C01121,P0063,3,13.89,0.05,39.59,8.69,Same Day,Bank Transfer
O001240,2025-12-27,C01648,P0004,1,76.71,0.3,53.7,16.25,Same Day,Debit Card
O003397,2025-12-27,C01307,P0031,1,19.28,0.05,18.32,3.31,Standard,Bank Transfer
O011453,2025-12-27,C01966,P0171,1,15.99,0.1,14.39,4.97,Same Day,PayPal
O008427,2025-12-27,C00055,P0143,1,10.03,0.15,8.53,0.83,Same Day,Bank Transfer
O007745,2025-12-27,C02136,P0138,1,23.12,0.05,21.96,10.72,Same Day,Bank Transfer
O003508,2025-12-28,C00015,P0054,3,42.42,0.1,114.53,29.96,Same Day,UPI
O004727,2025-12-28,C01084,P0120,1,46.47,0.0,46.47,21.59,First Class,PayPal
O011568,2025-12-28,C01752,P0073,2,27.85,0.0,55.7,19.18,First Class,Bank Transfer
O002428,2025-12-28,C00554,P0017,1,14.76,0.1,13.28,4.72,Same Day,Debit Card
O001790,2025-12-28,C00665,P0023,1,29.78,0.0,29.78,6.01,Standard,Bank Transfer
O007660,2025-12-28,C02105,P0123,2,70.94,0.1,127.69,58.31,Standard,PayPal
O009333,2025-12-28,C02809,P0058,3,23.31,0.1,62.94,28.5,Second Class,UPI
O010490,2025-12-28,C01954,P0081,1,24.71,0.3,17.3,-1.58,Second Class,PayPal
O007804,2025-12-28,C01085,P0034,2,14.33,0.1,25.79,5.19,Standard,UPI
O005830,2025-12-28,C02035,P0027,1,13.49,0.15,11.47,2.17,Same Day,Debit Card
O006814,2025-12-28,C01085,P0111,3,8.19,0.1,22.11,6.99,Second Class,Bank Transfer
O011953,2025-12-28,C03083,P0024,1,11.29,0.1,10.16,2.07,Standard,Credit Card
O009236,2025-12-28,C01747,P0164,2,16.72,0.1,30.1,9.18,Second Class,PayPal
O011370,2025-12-28,C03476,P0026,1,30.63,0.1,27.57,11.86,Same Day,Credit Card
O006343,2025-12-28,C01551,P0172,1,16.77,0.0,16.77,3.61,First Class,Credit Card
O010239,2025-12-28,C02852,P0070,3,18.74,0.0,56.22,17.04,Same Day,Credit Card
O011848,2025-12-28,C02457,P0135,1,15.68,0.1,14.11,5.54,Same Day,Debit Card
O010109,2025-12-28,C01755,P0001,3,39.36,0.1,106.27,41.74,First Class,UPI
O001488,2025-12-28,C00200,P0127,1,14.97,0.05,14.22,5.06,First Class,Bank Transfer
O000486,2025-12-28,C00055,P0147,4,12.76,0.1,45.94,19.38,Same Day,Debit Card
O009978,2025-12-29,C02021,P0119,3,59.91,0.3,125.81,-0.7,Standard,PayPal
O003916,2025-12-29,C01941,P0123,1,70.94,0.05,67.39,32.7,Standard,Debit Card
O010813,2025-12-29,C01412,P0145,3,33.75,0.15,86.06,9.41,Same Day,UPI
O003219,2025-12-29,C02336,P0152,2,35.7,0.0,71.4,17.62,First Class,UPI
O001260,2025-12-29,C00855,P0080,1,7.83,0.05,7.44,1.12,Standard,Bank Transfer
O001887,2025-12-29,C00694,P0070,4,18.74,0.1,67.46,15.22,First Class,Credit Card
O011442,2025-12-29,C01024,P0055,2,55.71,0.05,105.85,41.51,Second Class,Credit Card
O000743,2025-12-29,C02707,P0094,2,23.04,0.0,46.08,14.38,First Class,UPI
O011015,2025-12-29,C02635,P0152,1,35.7,0.0,35.7,8.81,Same Day,UPI
O008075,2025-12-29,C02885,P0179,1,24.0,0.1,21.6,2.32,Same Day,UPI
O002612,2025-12-29,C01666,P0121,1,47.66,0.0,47.66,23.64,Second Class,PayPal
O007947,2025-12-29,C01026,P0010,1,40.56,0.15,34.48,9.91,First Class,Debit Card
O001520,2025-12-29,C00006,P0028,3,36.39,0.15,92.79,3.63,Same Day,Bank Transfer
O002988,2025-12-30,C01724,P0142,2,66.66,0.05,126.65,48.19,First Class,Credit Card
O010453,2025-12-30,C02450,P0027,1,13.49,0.0,13.49,4.19,First Class,Credit Card
O011643,2025-12-30,C02712,P0024,1,11.29,0.1,10.16,2.07,First Class,Debit Card
O001749,2025-12-30,C02856,P0151,1,33.54,0.0,33.54,9.06,Second Class,Debit Card
O003679,2025-12-30,C01809,P0179,2,24.0,0.05,45.6,7.04,Second Class,PayPal
O004523,2025-12-30,C02478,P0163,1,60.53,0.0,60.53,13.81,Second Class,Bank Transfer
O009102,2025-12-30,C03036,P0056,2,52.21,0.05,99.2,28.1,Second Class,Credit Card
O006981,2025-12-30,C02822,P0136,1,78.06,0.0,78.06,38.75,First Class,UPI
O002665,2025-12-30,C02774,P0052,5,22.19,0.2,88.76,34.16,First Class,Debit Card
O011484,2025-12-30,C00258,P0063,1,13.89,0.1,12.5,2.2,First Class,Debit Card
O011284,2025-12-30,C03100,P0101,1,11.36,0.0,11.36,5.73,Same Day,Debit Card
O004509,2025-12-30,C01053,P0127,1,14.97,0.05,14.22,5.06,First Class,UPI
O007590,2025-12-30,C00429,P0148,1,12.08,0.05,11.48,2.82,Standard,PayPal
O000572,2025-12-30,C02628,P0066,1,68.82,0.05,65.38,30.35,Second Class,PayPal
O001339,2025-12-31,C00383,P0143,4,10.03,0.05,38.11,7.31,Standard,UPI
O002316,2025-12-31,C01671,P0162,3,47.54,0.05,135.49,21.91,First Class,PayPal
O009188,2025-12-31,C01389,P0123,1,70.94,0.0,70.94,36.25,Same Day,PayPal
O005895,2025-12-31,C00921,P0022,2,24.61,0.0,49.22,16.28,Same Day,Bank Transfer
O010923,2025-12-31,C01884,P0151,2,33.54,0.05,63.73,14.77,Second Class,UPI
O000868,2025-12-31,C01215,P0140,3,12.81,0.15,32.67,5.31,Same Day,Bank Transfer
O008355,2025-12-31,C02369,P0052,1,22.19,0.1,19.97,9.05,Same Day,Debit Card
O011551,2025-12-31,C00788,P0165,1,53.31,0.1,47.98,8.78,Same Day,Debit Card
O011475,2025-12-31,C03239,P0075,1,5.19,0.0,5.19,1.3,Second Class,Credit Card
O006952,2025-12-31,C00278,P0001,4,39.36,0.15,133.82,47.78,Same Day,Bank Transfer
O006129,2025-12-31,C00952,P0030,2,23.58,0.0,47.16,16.22,Standard,PayPal
